ts_utc,open,high,low,close,volume,amount,source
1786528200,1904.28,1905.72,1902.9,1903.63,59.741514,113791.894087028995,kucoin_legacy
1786528500,1903.45,1905.72,1903.43,1905.52,54.9220527,104612.580976476005,kucoin_legacy
1786528800,1905.56,1915.09,1905.56,1910.53,264.597677,505542.547576115991,kucoin_legacy
1786529100,1910.3,1911.51,1908.95,1910.63,44.6044235,85213.003982716997,kucoin_legacy
1786529400,1910.01,1912.74,1909.86,1911.37,64.0464725,122404.519987098,kucoin_legacy
1786529700,1911.38,1914.74,1911.27,1911.56,157.4371069,301123.864968820009,kucoin_legacy
1786530000,1911.75,1914.83,1911.75,1912.37,144.8120566,277066.887695821002,kucoin_legacy
1786530300,1912.37,1912.98,1910.88,1910.88,58.595791,112018.335034817996,kucoin_legacy
1786530600,1910.88,1913.03,1910.39,1911.67,65.2820156,124784.913588462005,kucoin_legacy
1786530900,1911.67,1912.38,1910.08,1911.13,31.9969989,61148.785906794001,kucoin_legacy
1786531200,1911.14,1913.2,1911.13,1911.51,141.8813627,271286.188976995007,kucoin_legacy
1786531500,1911.7,1911.94,1907.46,1908.43,137.6171588,262806.900137830991,kucoin_legacy
1786531800,1908.62,1910,1908.39,1910,19.3352534,36908.743634186001,kucoin_legacy
1786532100,1909.8,1909.92,1908.61,1909.08,45.5913211,87034.436544747005,kucoin_legacy
1786532400,1909.21,1911.21,1907.59,1907.8,53.1167662,101444.645697860004,kucoin_legacy
1786532700,1907.59,1909.19,1907.23,1908.67,74.2743173,141717.547581343999,kucoin_legacy
1786533000,1908.46,1910.8,1908.46,1908.68,15.3847218,29380.417457888001,kucoin_legacy
1786533300,1908.68,1911.08,1908.68,1910.85,51.6693563,98706.181226508997,kucoin_legacy
1786533600,1910.85,1911.9,1910.65,1911.65,84.2534655,161020.513830832992,kucoin_legacy
1786533900,1911.64,1913.4,1911.64,1913.4,57.5282718,110030.307838683002,kucoin_legacy
1786534200,1913.5,1915.27,1912.7,1912.7,60.5153344,115868.168760967994,kucoin_legacy
1786534500,1912.7,1913.55,1911.64,1913.55,65.2756919,124828.161200685994,kucoin_legacy
1786534800,1913.83,1914.11,1913.25,1913.25,18.4226795,35254.367531823002,kucoin_legacy
1786535100,1913.24,1914.46,1913.15,1914.18,49.5092439,94763.042972937998,kucoin_legacy
1786535400,1914.6,1915.79,1914.08,1914.41,179.7295296,344163.47175714199,kucoin_legacy
1786535700,1914.77,1915.36,1914.38,1915.36,34.667485,66377.769842904003,kucoin_legacy
1786536000,1915.55,1917.86,1915.31,1916.78,224.7956246,430784.716791521001,kucoin_legacy
1786536300,1916.77,1917.12,1915.11,1916.42,141.1772906,270545.24995000998,kucoin_legacy
1786536600,1915.88,1915.88,1914.46,1914.46,338.4013673,648194.607193030999,kucoin_legacy
1786536900,1914.47,1919,1914.47,1916,145.0814165,278148.723381482996,kucoin_legacy
1786537200,1915.93,1917.29,1914.17,1914.59,18.57326437,35575.671048202501,kucoin_legacy
1786537500,1914.24,1925.83,1913.9,1922.31,440.7870649,847103.290956925019,kucoin_legacy
1786537800,1922.59,1925.68,1907.31,1913.98,903.2000081,1729112.456556167919,kucoin_legacy
1786538100,1913.67,1915.02,1908.36,1909.74,245.1619647,468607.415347890987,kucoin_legacy
1786538400,1909.74,1910.95,1907.31,1909.51,274.8949365,524826.068433854962,kucoin_legacy
1786538700,1909.37,1909.8,1905.5,1906.04,146.1680748,278850.806130311976,kucoin_legacy
1786539000,1905.92,1913.17,1905.92,1911.96,127.9009362,244085.540165574988,kucoin_legacy
1786539300,1911.81,1912.11,1910.04,1911.4,64.3704935,123020.037258405006,kucoin_legacy
1786539600,1911.28,1912.5,1907.83,1909.51,38.2236898,72974.077156582993,kucoin_legacy
1786539900,1909.52,1910.59,1907.82,1910.36,152.9546962,292009.872505302017,kucoin_legacy
1786540200,1911.04,1911.15,1905.54,1908.49,173.1723052,330411.159199767979,kucoin_legacy
1786540500,1908.49,1910.52,1908.31,1909.04,107.3505051,204967.140479369991,kucoin_legacy
1786540800,1908.71,1909.36,1907.9,1908.22,64.1461481,122438.154496114003,kucoin_legacy
1786541100,1907.91,1907.91,1906,1907.38,92.7642343,176842.678405898012,kucoin_legacy
1786541400,1907.38,1907.95,1903.25,1904.27,150.53431,286993.919805847981,kucoin_legacy
1786541700,1904.53,1906.65,1902.41,1904.93,162.4418895,309397.298831488995,kucoin_legacy
1786542000,1905.18,1905.6,1901.44,1904.5,122.9673987,234029.373506008997,kucoin_legacy
1786542300,1904.61,1908.01,1904.23,1905.35,107.5002308,205014.427662388014,kucoin_legacy
1786542600,1905.14,1905.57,1901.15,1902.1,67.1753986,127842.054615419998,kucoin_legacy
1786542900,1902.81,1904.09,1899.82,1901.39,110.3461887,209875.795809030998,kucoin_legacy
1786543200,1900.81,1900.81,1892.13,1892.64,256.1643714,485713.748803117021,kucoin_legacy
1786543500,1892.56,1895.48,1889.3,1895.48,175.203015,331268.185861418024,kucoin_legacy
1786543800,1895.08,1903.48,1895.08,1899.73,101.9427555,193777.098114146997,kucoin_legacy
1786544100,1899.63,1899.7,1896.68,1896.93,50.3597301,95578.546177890996,kucoin_legacy
1786544400,1896.62,1897.07,1893.48,1894.16,160.2251464,303626.851505695027,kucoin_legacy
1786544700,1893.58,1897.57,1891.92,1892.18,80.3387317,152145.14039362999,kucoin_legacy
1786545000,1891.85,1894.04,1887.77,1890.2,284.391942,537686.311471007997,kucoin_legacy
1786545300,1889.76,1891.76,1887.6,1890.67,88.6871436,167641.64677713401,kucoin_legacy
1786545600,1890.75,1893.18,1889.08,1891.94,127.934259,241798.906203913997,kucoin_legacy
1786545900,1891.52,1895.36,1891.37,1894.95,34.9472589,66164.883347769006,kucoin_legacy
1786546200,1895.3,1895.3,1888.5,1888.5,120.6065499,228146.768774394994,kucoin_legacy
1786546500,1888.5,1889.1,1885.21,1887.86,116.1626923,219209.754866537987,kucoin_legacy
1786546800,1887.67,1891.54,1884.43,1890.91,157.4465345,297197.993973082979,kucoin_legacy
1786547100,1890.91,1891.83,1889.84,1890.57,38.2207878,72276.195297904997,kucoin_legacy
1786547400,1890.8,1893.89,1890.8,1892.71,61.5214277,116454.944761634004,kucoin_legacy
1786547700,1892.81,1895.72,1892.28,1894.55,62.4725535,118372.545679600007,kucoin_legacy
1786548000,1894.76,1895.13,1891.66,1893.73,21.1294125,40007.199468209998,kucoin_legacy
1786548300,1892.94,1893.9,1891.07,1893.9,73.7572638,139616.388861452986,kucoin_legacy
1786548600,1894.72,1895.96,1891.21,1892.95,61.9760033,117377.526241768996,kucoin_legacy
1786548900,1893.6,1896.17,1893.6,1893.97,35.1308278,66572.345212590997,kucoin_legacy
1786549200,1893.7,1896.06,1892.59,1894.26,75.5310167,143080.885174555006,kucoin_legacy
1786549500,1894.58,1895.47,1892.84,1893.25,50.9067025,96413.789182930996,kucoin_legacy
1786549800,1893.24,1893.81,1892.91,1892.98,14.3709475,27207.468832076,kucoin_legacy
1786550100,1892.91,1894.27,1892.25,1892.65,55.930554,105896.443458848997,kucoin_legacy
1786550400,1892.43,1893.58,1890,1892.55,64.4501805,121956.717144798007,kucoin_legacy
1786550700,1892.55,1893.15,1889.82,1889.83,43.28427626,81865.916902316196,kucoin_legacy
1786551000,1890.46,1892.94,1889.47,1892.84,50.4220765,95346.711407854003,kucoin_legacy
1786551300,1893.16,1895.83,1892.36,1893.99,77.1148528,146022.733547151001,kucoin_legacy
1786551600,1894,1894.63,1893.25,1894.63,79.4675934,150503.793899056007,kucoin_legacy
1786551900,1894.62,1894.94,1894.3,1894.72,59.5288082,112782.513130952997,kucoin_legacy
1786552200,1894.71,1895.09,1893.44,1893.44,46.3178116,87718.620377494997,kucoin_legacy
1786552500,1893.31,1894.02,1892.8,1894.02,52.4709681,99348.595596123007,kucoin_legacy
1786552800,1894.01,1894.02,1892.17,1892.45,43.6812162,82670.611884544007,kucoin_legacy
1786553100,1892.45,1892.46,1890.71,1890.86,83.5386721,157998.080660793988,kucoin_legacy
1786553400,1890.78,1891.76,1890.17,1891.1,48.6074657,91926.119069263004,kucoin_legacy
1786553700,1891.1,1892.07,1890.4,1890.55,11.8649809,22438.32736892,kucoin_legacy
1786554000,1890.55,1891.06,1890.17,1890.44,57.4929963,108695.566325701002,kucoin_legacy
1786554300,1890.31,1891.71,1890.31,1890.56,15.2075015,28753.064270273,kucoin_legacy
1786554600,1889.92,1890.43,1889.43,1890.11,63.4953101,120007.315230848995,kucoin_legacy
1786554900,1889.55,1890.16,1888.32,1889.42,36.9874105,69877.289591113004,kucoin_legacy
1786555200,1889.42,1889.42,1886.12,1887.58,113.5998966,214387.759101159987,kucoin_legacy
1786555500,1887.37,1887.39,1885.37,1886.67,57.5686695,108568.733833866005,kucoin_legacy
1786555800,1886.56,1888.51,1885.27,1888.5,21.556197,40669.672428503,kucoin_legacy
1786556100,1888.46,1890.45,1888.27,1888.8,23.0626734,43575.269724835001,kucoin_legacy
1786556400,1888.45,1889.32,1888.06,1888.06,43.304203,81790.553028780996,kucoin_legacy
1786556700,1888.06,1888.35,1887.29,1888.35,16.5682868,31277.444702449,kucoin_legacy
1786557000,1888.74,1889.93,1887.54,1887.66,79.4570628,150012.295024630002,kucoin_legacy
1786557300,1887.58,1888.82,1887.48,1887.99,41.2580931,77909.603523414,kucoin_legacy
1786557600,1887.47,1889.36,1886.75,1889.14,24.4685758,46194.276720326001,kucoin_legacy
1786557900,1888.96,1889.5,1888.27,1888.53,20.5204788,38757.926892998999,kucoin_legacy
1786558200,1888.32,1890.26,1887.7,1889.61,33.6117072,63470.119854721997,kucoin_legacy
1786558500,1889.37,1889.37,1886.72,1887.2,54.0402703,102012.494080971999,kucoin_legacy
1786558800,1887.2,1887.64,1885.92,1886.46,36.1518025,68197.578492949993,kucoin_legacy
1786559100,1886.56,1887.43,1886.21,1887.19,9.8837807,18645.037423709,kucoin_legacy
1786559400,1887.53,1891.38,1886.89,1889.44,49.1412012,92826.583030365,kucoin_legacy
1786559700,1889.45,1889.5,1887.93,1887.93,19.0965948,36071.550627024,kucoin_legacy
1786560000,1887.94,1888.34,1886.71,1887.59,38.0776602,71862.449197593,kucoin_legacy
1786560300,1887.59,1887.75,1886.6,1887.16,30.1918359,56978.267188828999,kucoin_legacy
1786560600,1887.16,1887.31,1885.61,1886.18,55.625177,104914.196154978999,kucoin_legacy
1786560900,1885.98,1886.49,1885.46,1885.47,26.2931551,49586.741322984002,kucoin_legacy
1786561200,1885.47,1886.4,1885.12,1885.97,24.5532299,46298.722471907997,kucoin_legacy
1786561500,1886.31,1886.39,1885.54,1886.09,40.9033296,77151.072585460002,kucoin_legacy
1786561800,1886.37,1886.4,1883.81,1884.09,58.4896165,110252.697749668005,kucoin_legacy
1786562100,1883.82,1886.67,1883.71,1885.25,28.269186,53302.548679334999,kucoin_legacy
1786562400,1885.61,1885.61,1882.42,1882.57,43.29526107,81542.427978096806,kucoin_legacy
1786562700,1882.7,1884.59,1882.04,1884.5,70.1467031,132089.236333762994,kucoin_legacy
1786563000,1884.56,1885.32,1883.88,1884.99,42.4340565,79967.495312116007,kucoin_legacy
1786563300,1884.28,1884.54,1882.42,1882.42,33.3694942,62862.73733063,kucoin_legacy
1786563600,1882.42,1883.19,1878.65,1879.96,98.4785711,185200.117668480991,kucoin_legacy
1786563900,1880.12,1880.6,1878.13,1879.21,75.4351923,141791.69994786501,kucoin_legacy
1786564200,1879.2,1879.2,1878,1878.83,92.060951,172928.461813013011,kucoin_legacy
1786564500,1878.49,1880.25,1878.2,1879.57,35.5437583,66786.717436061997,kucoin_legacy
1786564800,1879.21,1882.28,1878.99,1881.12,42.7450446,80387.482095215004,kucoin_legacy
1786565100,1881.13,1881.52,1877.85,1878.22,62.8309514,118107.276645934995,kucoin_legacy
1786565400,1878.22,1880.56,1878.22,1880.55,13.9074917,26138.529860825001,kucoin_legacy
1786565700,1880.6,1881.95,1879.21,1881.95,13.7883852,25935.501708568001,kucoin_legacy
1786566000,1881.95,1882.89,1881.31,1882.89,29.904357,56282.511692066,kucoin_legacy
1786566300,1882.89,1884.12,1882.89,1884.11,45.0107309,84765.023179283002,kucoin_legacy
1786566600,1884.12,1886.03,1884.12,1884.93,89.6021695,168895.734131366014,kucoin_legacy
1786566900,1884.93,1887.31,1884.93,1887.21,62.8973872,118622.606493899002,kucoin_legacy
1786567200,1886.9,1887.19,1886.32,1886.33,13.3903329,25263.156608747999,kucoin_legacy
1786567500,1886.33,1887.6,1886.24,1886.7,21.1223849,39856.107378631998,kucoin_legacy
1786567800,1886.7,1887.14,1885.71,1885.71,27.9103203,52660.609294832997,kucoin_legacy
1786568100,1885.72,1886.61,1885.59,1886.49,25.2551785,47630.73831714,kucoin_legacy
1786568400,1886.65,1889.33,1886.65,1887.93,47.1922507,89108.380155595994,kucoin_legacy
1786568700,1887.93,1887.93,1885.71,1886.62,15.3439822,28947.191405502999,kucoin_legacy
1786569000,1887.17,1889.01,1885.86,1885.86,43.1672887,81486.153968336002,kucoin_legacy
1786569300,1885.86,1886.82,1885.39,1885.82,19.3194733,36437.347499484997,kucoin_legacy
1786569600,1885.58,1885.72,1882.16,1882.52,37.1873021,70048.000553200007,kucoin_legacy
1786569900,1882.52,1882.52,1873.25,1878.06,243.6731768,457488.314815120015,kucoin_legacy
1786570200,1878.05,1879.04,1875.25,1878.98,259.2903659,486816.579411638028,kucoin_legacy
1786570500,1878.99,1880,1877.53,1879.72,48.9183219,91904.167191650995,kucoin_legacy
1786570800,1879.72,1883.25,1879.63,1883.25,78.3841139,147478.88269455501,kucoin_legacy
1786571100,1883.24,1884.03,1882.27,1882.78,101.6557499,191409.870667015988,kucoin_legacy
1786571400,1882.78,1883.52,1882.59,1883.02,26.2414799,49414.607021636002,kucoin_legacy
1786571700,1882.79,1882.79,1877.07,1878.02,86.1459762,162008.279165627988,kucoin_legacy
1786572000,1878.02,1880.14,1875.59,1879.21,143.3171167,269095.662897360977,kucoin_legacy
1786572300,1879.54,1880.53,1878.73,1879.37,44.8154,84224.835950573994,kucoin_legacy
1786572600,1879.58,1881.29,1878.78,1878.98,29.7808054,55982.468055771998,kucoin_legacy
1786572900,1879.12,1880.38,1879.12,1879.46,9.9928286,18781.620077526,kucoin_legacy
1786573200,1879.76,1880.64,1878.75,1880.63,20.5711489,38664.896338555001,kucoin_legacy
1786573500,1880.63,1881.1,1879.61,1879.72,22.3600716,42050.776867818997,kucoin_legacy
1786573800,1879.71,1879.71,1877.36,1878.93,30.4667122,57218.968329652998,kucoin_legacy
1786574100,1879.13,1879.54,1877.84,1878.33,33.4861786,62909.547240788997,kucoin_legacy
1786574400,1878.49,1878.82,1876.75,1877.97,22.0015486,41312.886696504997,kucoin_legacy
1786574700,1877.97,1878.75,1877.5,1877.52,40.781305,76583.242916746007,kucoin_legacy
1786575000,1877.5,1878.19,1876.98,1877.85,13.3983748,25157.511532854998,kucoin_legacy
1786575300,1877.85,1878.69,1877.05,1878.51,17.2615166,32411.013567942999,kucoin_legacy
1786575600,1878.37,1879.02,1877.7,1877.7,89.8927131,168887.746362603997,kucoin_legacy
1786575900,1877.71,1878.03,1875.3,1876.69,92.9884126,174493.481718547991,kucoin_legacy
1786576200,1877.17,1877.39,1875.61,1876.45,46.5845996,87418.112797834998,kucoin_legacy
1786576500,1876.51,1877.72,1876.43,1877.52,14.3619207,26956.441845313999,kucoin_legacy
1786576800,1877.53,1878.25,1875.06,1875.06,38.7502278,72741.883545860997,kucoin_legacy
1786577100,1875.16,1876.94,1875.16,1876.94,24.6875185,46313.051859972002,kucoin_legacy
1786577400,1877.14,1878.12,1877.08,1878.12,40.3351007,75726.827987900004,kucoin_legacy
1786577700,1878.17,1879.09,1878.09,1878.84,36.619226,68796.517218830006,kucoin_legacy
1786578000,1878.83,1879.18,1878.15,1878.33,48.391966,90924.261407918006,kucoin_legacy
1786578300,1878.36,1879.4,1877.95,1878.58,85.9611994,161486.337056510005,kucoin_legacy
1786578600,1878.59,1879.21,1878.59,1878.77,7.0554395,13256.169860194999,kucoin_legacy
1786578900,1878.99,1880.33,1878.97,1879.79,31.6381513,59462.549847103001,kucoin_legacy
1786579200,1879.83,1880.93,1879,1879.01,62.3882413,117272.196204505002,kucoin_legacy
1786579500,1879.3,1883.64,1879.3,1883.64,59.0168699,111078.229137350994,kucoin_legacy
1786579800,1883.46,1883.46,1882.44,1882.91,8.7444926,16464.548374294001,kucoin_legacy
1786580100,1882.98,1885.4,1882.98,1883.95,39.9710789,75303.019389585999,kucoin_legacy
1786580400,1883.63,1884.5,1882.65,1882.65,256.3832212,483035.206636626972,kucoin_legacy
1786580700,1882.66,1883,1881.5,1882.73,41.3230087,77776.260623064998,kucoin_legacy
1786581000,1882.73,1882.73,1878.62,1881.1,108.1299717,203364.62074653001,kucoin_legacy
1786581300,1880.82,1881.6,1880.74,1881.22,6.4458702,12126.397803780001,kucoin_legacy
1786581600,1881.22,1881.22,1877.32,1879.38,198.783483,373508.582815265981,kucoin_legacy
1786581900,1879.42,1883.3,1878.21,1882.24,51.7192095,97252.074765095007,kucoin_legacy
1786582200,1882.17,1883.52,1881.8,1882.43,11.8636209,22338.711837936,kucoin_legacy
1786582500,1882.24,1882.24,1880.47,1880.47,28.808911,54207.535654799998,kucoin_legacy
1786582800,1880.29,1881.55,1878.85,1881.34,49.650342,93388.715926011006,kucoin_legacy
1786583100,1881.34,1881.34,1880.26,1880.67,16.0191755,30127.981384999999,kucoin_legacy
1786583400,1880.67,1882.83,1880.67,1882.83,37.2064539,70007.053251188001,kucoin_legacy
1786583700,1882.84,1882.84,1879.68,1880.28,11.280511,21219.348637005001,kucoin_legacy
1786584000,1880.28,1880.93,1877.61,1877.66,88.4369927,166167.395859662996,kucoin_legacy
1786584300,1877.66,1877.66,1875.24,1876.32,64.6011559,121220.359822304003,kucoin_legacy
1786584600,1876.32,1878.92,1876.13,1878.92,22.7203453,42668.542285249998,kucoin_legacy
1786584900,1878.92,1880.58,1878.92,1880.42,12.2089433,22946.366043857,kucoin_legacy
1786585200,1880.42,1880.42,1876.17,1876.17,41.4446551,77873.339644546999,kucoin_legacy
1786585500,1876.17,1878.44,1875.2,1877.4,25.2705728,47426.163686120002,kucoin_legacy
1786585800,1877.24,1879.22,1876.92,1879.22,23.9272148,44949.229521531001,kucoin_legacy
1786586100,1879.23,1880.08,1878.13,1878.13,25.2122592,47381.034818555003,kucoin_legacy
1786586400,1878.12,1878.86,1877.54,1877.54,41.7017897,78330.199946522,kucoin_legacy
1786586700,1877.55,1878.75,1876.9,1878.75,42.3368896,79466.547245077003,kucoin_legacy
1786587000,1878.75,1878.75,1876.94,1877.91,58.6658784,110142.097650541997,kucoin_legacy
1786587300,1877.77,1878.1,1877.16,1877.95,14.344639,26933.601151905001,kucoin_legacy
1786587600,1877.56,1878.25,1876.47,1876.84,26.8466298,50403.792616084997,kucoin_legacy
1786587900,1876.63,1878.17,1876.45,1877.44,45.3739848,85209.446198687001,kucoin_legacy
1786588200,1877.04,1877.22,1873.2,1875.16,50.9583168,95518.672912922993,kucoin_legacy
1786588500,1875.17,1875.81,1873.69,1874.08,12.7638732,23934.230826529001,kucoin_legacy
1786588800,1874.05,1877.04,1873.34,1877.04,37.69187,70672.191103224002,kucoin_legacy
1786589100,1877.04,1878.25,1875.95,1878.25,26.8797491,50459.816226581002,kucoin_legacy
1786589400,1878.25,1881.1,1878.25,1880.99,67.3365483,126573.823601525,kucoin_legacy
1786589700,1881.13,1883.08,1881.13,1881.82,57.8560191,108898.906236430994,kucoin_legacy
1786590000,1881.83,1883.17,1881.58,1883,163.9963604,308666.294937125,kucoin_legacy
1786590300,1883,1884.59,1882.16,1882.16,89.5325746,168648.125445482001,kucoin_legacy
1786590600,1881.99,1883.72,1881.89,1883.15,37.2737492,70183.716487825004,kucoin_legacy
1786590900,1883.37,1884.43,1882.72,1883.91,43.3278468,81607.296637203006,kucoin_legacy
1786591200,1883.74,1884.64,1882.92,1883.26,73.6397813,138706.758772467001,kucoin_legacy
1786591500,1883.26,1884.04,1883.03,1883.04,30.6066206,57657.127989328001,kucoin_legacy
1786591800,1883.04,1886.3,1883.04,1885.49,153.5151799,289357.810901422985,kucoin_legacy
1786592100,1885.28,1885.28,1884,1884.58,250.903068,472757.822886993992,kucoin_legacy
1786592400,1884.58,1884.86,1883.74,1883.93,43.6681962,82275.268436223007,kucoin_legacy
1786592700,1883.93,1887.4,1883.93,1886.86,67.1792704,126702.622407360002,kucoin_legacy
1786593000,1886.59,1888.64,1886.25,1887.21,254.8475256,481074.849271701009,kucoin_legacy
1786593300,1887.08,1887.63,1886.86,1887.42,31.3826335,59227.857157311999,kucoin_legacy
1786593600,1887.42,1887.96,1886.76,1887.06,39.4139836,74396.163214347005,kucoin_legacy
1786593900,1886.8,1887.55,1886.8,1886.9,6.9647493,13143.514811142,kucoin_legacy
1786594200,1887.19,1887.93,1885.99,1887.52,66.4702687,125409.280331898,kucoin_legacy
1786594500,1887.19,1887.19,1886.03,1886.75,28.4326663,53635.159281123,kucoin_legacy
1786594800,1886.75,1886.75,1885.5,1885.85,12.8746133,24283.955050166998,kucoin_legacy
1786595100,1886.08,1886.46,1885.71,1885.84,9.7491136,18386.156815372,kucoin_legacy
1786595400,1885.84,1888.43,1885.84,1888.33,44.6240349,84215.775175471994,kucoin_legacy
1786595700,1888.33,1890.96,1888.33,1889.16,92.3213586,174485.867256877013,kucoin_legacy
1786596000,1889.02,1891,1888.93,1890.99,20.89438,39496.841393387003,kucoin_legacy
1786596300,1891,1894.66,1891,1891.63,117.3828529,222154.124805811007,kucoin_legacy
1786596600,1891.63,1893.38,1891.61,1892.73,27.4559163,51965.872120257001,kucoin_legacy
1786596900,1892.73,1892.9,1891.93,1892.21,21.1698647,40068.716818685003,kucoin_legacy
1786597200,1892.22,1893.75,1891.58,1893.39,36.0530796,68258.029652420999,kucoin_legacy
1786597500,1893.4,1898.22,1892.34,1896.03,286.1054329,542480.467828733963,kucoin_legacy
1786597800,1896.02,1898.24,1895.75,1898.24,32.4651969,61594.882065899001,kucoin_legacy
1786598100,1898.31,1899.91,1896.26,1896.85,64.0292533,121559.643602622993,kucoin_legacy
1786598400,1897.16,1899.38,1896.5,1898.98,125.2328828,237664.484153405996,kucoin_legacy
1786598700,1898.99,1899.39,1897.87,1898.41,33.5841092,63763.710014472999,kucoin_legacy
1786599000,1898.63,1898.91,1896.27,1897.16,14.5619072,27632.034464075001,kucoin_legacy
1786599300,1897.36,1898.64,1896.89,1898.63,107.1831765,203356.324220420007,kucoin_legacy
1786599600,1898.84,1898.87,1897.22,1897.22,10.5032722,19932.224018625999,kucoin_legacy
1786599900,1897.14,1898.01,1896.74,1896.93,9.8479643,18684.895781570001,kucoin_legacy
1786600200,1896.79,1896.79,1896.31,1896.49,34.0136722,64511.496453706,kucoin_legacy
1786600500,1896.49,1896.92,1895.67,1895.67,4.7524677,9012.152846946999,kucoin_legacy
1786600800,1895.62,1895.91,1893.43,1893.76,18.3729785,34814.001291394001,kucoin_legacy
1786601100,1893.76,1893.86,1892.46,1893.74,21.2590056,40246.416271921,kucoin_legacy
1786601400,1893.74,1894.14,1893.51,1894.14,11.7344126,22221.855540805002,kucoin_legacy
1786601700,1894.13,1894.72,1893.65,1894.71,56.3187953,106680.033059686,kucoin_legacy
1786602000,1894.88,1895.58,1894.13,1894.77,35.3007261,66894.541024152,kucoin_legacy
1786602300,1894.77,1894.81,1893.7,1894.5,21.1134912,39995.028746459997,kucoin_legacy
1786602600,1894.5,1894.5,1892.06,1892.57,150.4655898,284871.638144443976,kucoin_legacy
1786602900,1892.47,1892.98,1892.21,1892.57,68.5255249,129695.128221810999,kucoin_legacy
1786603200,1892.42,1892.95,1892.41,1892.68,6.6822452,12646.573491026,kucoin_legacy
1786603500,1892.68,1896.38,1892.68,1895.96,32.9808229,62509.410517944998,kucoin_legacy
1786603800,1895.94,1897.71,1895.87,1897.34,115.5161243,219081.797821541986,kucoin_legacy
1786604100,1897.63,1898.3,1897.37,1898.29,15.3340199,29099.411439209998,kucoin_legacy
1786604400,1898.45,1898.69,1895.96,1895.96,39.2959544,74557.809176793002,kucoin_legacy
1786604700,1895.97,1897.36,1895.97,1897.36,10.6855323,20267.937209193002,kucoin_legacy
1786605000,1897.36,1897.73,1896.78,1896.78,14.1522896,26848.803902879001,kucoin_legacy
1786605300,1897.01,1897.21,1896.58,1896.76,15.6085277,29608.675474781001,kucoin_legacy
1786605600,1896.76,1897.72,1896.17,1897.72,36.3481719,68959.344053405002,kucoin_legacy
1786605900,1897.71,1897.83,1896.8,1897.83,85.60927,162434.243017956993,kucoin_legacy
1786606200,1897.83,1897.84,1897.13,1897.37,16.6216332,31538.654040156001,kucoin_legacy
1786606500,1897.37,1897.69,1897.28,1897.61,40.8623137,77532.045997726993,kucoin_legacy
1786606800,1897.51,1897.53,1896.52,1896.52,4.8495109,9200.312160519001,kucoin_legacy
1786607100,1896.53,1896.71,1895.72,1895.72,19.1847082,36383.877976001997,kucoin_legacy
1786607400,1895.72,1895.82,1895.47,1895.72,45.4162271,86092.817418926003,kucoin_legacy
1786607700,1895.71,1895.72,1895.2,1895.45,4.551102,8626.409685666,kucoin_legacy
1786608000,1895.55,1896.88,1895.54,1896.1,23.6554553,44855.770816304997,kucoin_legacy
1786608300,1896.08,1896.56,1894.47,1894.88,86.3021607,163615.209753020987,kucoin_legacy
1786608600,1894.89,1894.89,1892.52,1892.72,53.0350496,100403.218738455995,kucoin_legacy
1786608900,1892.72,1893.15,1892.14,1892.14,24.2303512,45866.973003068,kucoin_legacy
1786609200,1892.52,1892.75,1892.21,1892.48,21.1019604,39936.428363935003,kucoin_legacy
1786609500,1892.49,1892.61,1892.13,1892.47,21.5776245,40836.648095527002,kucoin_legacy
1786609800,1892.47,1892.47,1891.6,1891.65,92.2929093,174627.009775726008,kucoin_legacy
1786610100,1891.65,1892.98,1891.41,1892.82,45.5320804,86139.484406389995,kucoin_legacy
1786610400,1892.82,1892.83,1892.06,1892.06,16.8117842,31817.458505658,kucoin_legacy
1786610700,1892.05,1892.05,1889.6,1889.6,110.713815,209318.37565659199,kucoin_legacy
1786611000,1889.59,1890.18,1888.27,1888.7,68.177138,128818.898925411006,kucoin_legacy
1786611300,1888.78,1889.82,1888.35,1889.69,109.2574044,206416.519708181993,kucoin_legacy
1786611600,1889.68,1889.8,1887.73,1887.95,157.8882415,298221.827180845023,kucoin_legacy
1786611900,1887.95,1888.05,1884.77,1885.27,171.2444415,322904.650316164014,kucoin_legacy
1786612200,1885.27,1885.39,1881.85,1882.85,181.1093143,341214.537515062024,kucoin_legacy
1786612500,1882.97,1886.1,1881.31,1886.1,130.4327922,245644.442550715001,kucoin_legacy
1786612800,1886.1,1886.65,1885.51,1886.5,51.7292511,97566.043161505993,kucoin_legacy
1786613100,1886.59,1886.68,1885.42,1885.43,79.7038557,150333.360236879991,kucoin_legacy
1786613400,1885.42,1887.67,1885.26,1887.24,165.6585685,312490.288633493008,kucoin_legacy
1786613700,1887.51,1887.52,1886.37,1886.99,83.7309956,157965.052526304004,kucoin_legacy
1786614000,1887,1887.68,1886.55,1887.46,98.5363511,185947.243328195007,kucoin_legacy
1786614300,1887.53,1887.88,1887.08,1887.74,58.1254557,109705.153328511005,kucoin_legacy
1786614600,1887.74,1889.64,1887.66,1889.24,172.9919483,326713.687302451988,kucoin_legacy
1786614900,1889.24,1890.43,1888.81,1889.57,177.0699831,334597.385454780015,kucoin_legacy
1786615200,1889.57,1890.02,1882.26,1884.78,418.5283037,789029.045181700028,kucoin_legacy
1786615500,1884.77,1887.61,1883.61,1884.25,501.5550165,945482.991921134992,kucoin_legacy
1786615800,1884.39,1886.32,1884.04,1884.82,227.2342615,428391.897250530019,kucoin_legacy
1786616100,1884.82,1886.78,1884.52,1886.09,63.5730556,119892.771961409002,kucoin_legacy
1786616400,1885.46,1885.88,1884.8,1885.12,71.6845501,135149.907543762994,kucoin_legacy
1786616700,1885.12,1885.82,1884.87,1885.08,254.3227179,479431.603352052975,kucoin_legacy
1786617000,1884.79,1884.79,1881.92,1882.45,166.2286457,313088.700271946029,kucoin_legacy
1786617300,1882.45,1883.96,1882.45,1883.95,37.8566611,71293.851115607002,kucoin_legacy
1786617600,1883.68,1883.68,1882.18,1883.43,36.8642939,69425.097057139006,kucoin_legacy
1786617900,1883.43,1883.79,1883.42,1883.76,11.6313971,21908.669790604999,kucoin_legacy
1786618200,1883.77,1883.77,1882.82,1882.82,36.7224523,69156.545097117996,kucoin_legacy
1786618500,1882.82,1883.18,1882.76,1883.09,6.1605199,11600.402891737,kucoin_legacy
1786618800,1883.09,1883.63,1882.51,1882.87,45.079526,84882.532330257003,kucoin_legacy
1786619100,1882.77,1882.78,1882.01,1882.11,17.7866147,33483.456019903999,kucoin_legacy
1786619400,1882.12,1882.31,1881,1881.36,30.2030296,56822.972709647998,kucoin_legacy
1786619700,1881.36,1881.57,1880.28,1880.62,106.6862839,200707.975512059988,kucoin_legacy
1786620000,1880.5,1880.5,1877.46,1877.89,84.7676847,159266.566412470012,kucoin_legacy
1786620300,1877.89,1878.25,1876.64,1876.95,71.5955978,134452.622205902007,kucoin_legacy
1786620600,1876.96,1877.37,1875.58,1876.63,70.225469,131781.816945872008,kucoin_legacy
1786620900,1876.66,1879.91,1875.47,1879.58,20.3400262,38209.485180287003,kucoin_legacy
1786621200,1879.81,1879.81,1878,1879.79,89.535981,168255.343173948,kucoin_legacy
1786621500,1879.91,1881.01,1879.91,1879.98,24.1997875,45506.551111653003,kucoin_legacy
1786621800,1879.98,1879.98,1878.66,1879.19,38.773022,72859.535622779993,kucoin_legacy
1786622100,1879.39,1880.36,1879.07,1880.36,93.9928669,176697.876014598995,kucoin_legacy
1786622400,1880.36,1880.43,1879.23,1879.46,18.3953068,34578.718220877003,kucoin_legacy
1786622700,1879.46,1883.51,1879.46,1883.51,75.0053,141193.351925266004,kucoin_legacy
1786623000,1883.5,1883.54,1882.63,1883.4,114.7719294,216134.023126601009,kucoin_legacy
1786623300,1883.44,1884.32,1882.55,1883.35,37.6800344,70960.642056957004,kucoin_legacy
1786623600,1883.29,1883.92,1883.1,1883.92,24.9822602,47055.597281176997,kucoin_legacy
1786623900,1883.75,1885.12,1883.52,1884.81,75.3736599,142025.706751335994,kucoin_legacy
1786624200,1884.42,1889.84,1882.32,1888.06,321.1064737,605631.166969890008,kucoin_legacy
1786624500,1888.04,1888.69,1886.25,1886.25,116.2936627,219460.461684846989,kucoin_legacy
1786624800,1886.01,1887.19,1885.06,1887.19,50.5946365,95454.480761871993,kucoin_legacy
1786625100,1887.19,1888.65,1886.63,1888.65,28.9562415,54660.910244047998,kucoin_legacy
1786625400,1889.21,1889.42,1887.56,1888.9,20.9716597,39603.561479386,kucoin_legacy
1786625700,1888.82,1889.32,1887.6,1888.85,189.6115109,358074.370634454011,kucoin_legacy
1786626000,1888.9,1891.45,1888.89,1889.61,145.1832282,274409.014511492976,kucoin_legacy
1786626300,1889.61,1895.32,1889.47,1892.66,179.8480472,340351.974409974995,kucoin_legacy
1786626600,1892.66,1893.37,1891.79,1892.5,65.1212878,123253.675548258994,kucoin_legacy
1786626900,1892.13,1892.13,1890.07,1890.34,63.0220874,119184.580883707997,kucoin_legacy
1786627200,1890.19,1890.58,1888.19,1888.31,36.7130758,69360.137334283005,kucoin_legacy
1786627500,1887.9,1888.97,1887.02,1888.26,47.983513,90594.664654702996,kucoin_legacy
1786627800,1887.63,1891.95,1886.95,1891.95,50.8551271,96025.690264824996,kucoin_legacy
1786628100,1892.48,1893.98,1891.41,1893.91,76.3872826,144548.123986893013,kucoin_legacy
1786628400,1893.99,1895.2,1893.02,1893.02,88.7149967,168047.670196296996,kucoin_legacy
1786628700,1893.07,1893.86,1890.08,1893.73,67.4445744,127569.014620282993,kucoin_legacy
1786629000,1893.99,1893.99,1890.28,1891.02,73.3466336,138730.296203389007,kucoin_legacy
1786629300,1891.03,1891.03,1889.42,1890.3,67.765423,128067.241748688,kucoin_legacy
1786629600,1890.31,1891.71,1888.75,1889.42,76.2340487,144113.688374733989,kucoin_legacy
1786629900,1889.63,1891.16,1888.46,1889.42,72.0079143,136096.198611766013,kucoin_legacy
1786630200,1890.18,1894.89,1889.72,1892.6,92.8628412,175768.713752465992,kucoin_legacy
1786630500,1892.61,1894.06,1892.12,1892.12,54.3609368,102891.525714438001,kucoin_legacy
1786630800,1892.31,1893.86,1891.13,1892.22,123.6320628,233940.501550023997,kucoin_legacy
1786631100,1892.22,1892.41,1889.95,1890.88,44.262877,83698.11694593,kucoin_legacy
1786631400,1891.33,1896.26,1889.92,1895.41,282.8572769,535949.521447874955,kucoin_legacy
1786631700,1895.51,1897.15,1895.15,1895.15,144.082642,273215.53294140799,kucoin_legacy
1786632000,1894.76,1896.62,1894.76,1896.24,40.9671972,77667.312592389004,kucoin_legacy
1786632300,1896.22,1896.4,1894.12,1894.43,62.1227293,117724.615012206996,kucoin_legacy
1786632600,1894.42,1895.43,1893.61,1893.98,49.1910808,93172.441150504994,kucoin_legacy
1786632900,1894.29,1894.29,1893.01,1893.46,55.2587271,104636.910160731,kucoin_legacy
1786633200,1893.47,1895.85,1893.25,1894.07,91.3822723,173149.602302398998,kucoin_legacy
1786633500,1893.99,1894.04,1890.83,1890.98,40.796154,77199.340421033005,kucoin_legacy
1786633800,1891.52,1893.23,1891.52,1891.87,13.6059056,25748.525433221999,kucoin_legacy
1786634100,1891.87,1892.87,1889.93,1892.67,29.9463676,56647.533697393003,kucoin_legacy
1786634400,1892.36,1894.07,1890.86,1891.09,53.0688007,100425.310736860003,kucoin_legacy
1786634700,1891.09,1891.09,1882.72,1885.52,250.4200752,472457.216191168991,kucoin_legacy
1786635000,1885.52,1889,1884.61,1887.94,159.9354103,301702.994617484976,kucoin_legacy
1786635300,1888.15,1890.15,1888.1,1889.82,76.9821815,145413.99435252999,kucoin_legacy
1786635600,1890.07,1891.65,1889.58,1890.7,12.9460681,24472.922999789,kucoin_legacy
1786635900,1890.69,1890.7,1887.26,1887.59,33.224756,62758.103775190997,kucoin_legacy
1786636200,1887.83,1889.68,1886.67,1887.04,85.5596151,161493.722253609012,kucoin_legacy
1786636500,1886.67,1887.74,1879.89,1879.9,137.3960482,258756.591943214997,kucoin_legacy
1786636800,1880.37,1881.62,1878.31,1881.61,167.2373589,314405.61092823901,kucoin_legacy
1786637100,1881.62,1883.97,1878.54,1880.14,79.2493086,149056.522503246,kucoin_legacy
1786637400,1880.14,1881.53,1879.37,1880.84,100.4653125,188968.430529081001,kucoin_legacy
1786637700,1880.59,1882.3,1880.45,1881.78,51.5637808,97020.383661925007,kucoin_legacy
1786638000,1881.62,1884.6,1880.4,1883.8,66.9242772,126048.354253029,kucoin_legacy
1786638300,1883.45,1884.18,1878.3,1879.08,112.0333881,210694.522469583986,kucoin_legacy
1786638600,1879.24,1881.53,1878.81,1880.4,60.2146288,113212.845880316003,kucoin_legacy
1786638900,1880.31,1881.1,1866.6,1869.98,610.4271452,1142395.34314700705,kucoin_legacy
1786639200,1869.9,1871.39,1863.54,1871.39,624.2311311,1164828.765578062972,kucoin_legacy
1786639500,1869.84,1876.72,1869.04,1875.84,159.4534727,298754.981309350987,kucoin_legacy
1786639800,1876.12,1877.34,1872.82,1872.82,49.3798956,92641.115701314993,kucoin_legacy
1786640100,1873.08,1875.2,1873.03,1874.48,129.1239016,241991.874903451011,kucoin_legacy
1786640400,1874.87,1876.01,1873.74,1875.93,65.6910546,123150.335142522003,kucoin_legacy
1786640700,1875.94,1877.35,1875,1875.7,109.1605704,204866.825414891995,kucoin_legacy
1786641000,1876.19,1876.89,1875.57,1875.88,51.1795384,96023.474774716,kucoin_legacy
1786641300,1875.98,1878.26,1874.6,1874.6,91.0298489,170868.09307154399,kucoin_legacy
1786641600,1874.86,1878.28,1874.85,1878.28,84.634335,158915.838073480001,kucoin_legacy
1786641900,1878.29,1879.68,1877,1877.26,25.7129409,48294.112575298997,kucoin_legacy
1786642200,1877.24,1879.99,1877.24,1877.72,38.3823419,72087.597956808997,kucoin_legacy
1786642500,1877.32,1878.19,1875.96,1878.1,50.9260198,95564.799007954003,kucoin_legacy
1786642800,1877.97,1879.47,1877.83,1879.44,55.1517353,103617.732786385997,kucoin_legacy
1786643100,1879.51,1880.74,1878.04,1878.6,97.5848102,183483.509409352991,kucoin_legacy
1786643400,1878.6,1878.83,1877.17,1877.79,47.3605327,88956.386930314999,kucoin_legacy
1786643700,1877.85,1878.23,1876.76,1876.87,23.5410042,44201.820080798003,kucoin_legacy
1786644000,1876.87,1881.7,1876.63,1880.55,82.9597564,155968.843176735012,kucoin_legacy
1786644300,1880.56,1880.58,1879.15,1879.15,31.7485303,59681.796525917998,kucoin_legacy
1786644600,1879.16,1879.45,1878.89,1879.4,18.7523956,35240.080021611,kucoin_legacy
1786644900,1879.73,1880.9,1879.16,1880.9,15.7642275,29635.709533187,kucoin_legacy
1786645200,1880.72,1881.09,1878.36,1878.36,29.3214729,55130.518319939998,kucoin_legacy
1786645500,1878.89,1879.65,1876.76,1877.14,34.0231767,63874.169568548001,kucoin_legacy
1786645800,1877.15,1879.05,1876.68,1877.45,33.0406761,62028.827521913001,kucoin_legacy
1786646100,1876.86,1878.29,1876.75,1877.13,25.8422298,48509.972828760998,kucoin_legacy
1786646400,1877.14,1879.79,1877.14,1879.74,71.8416216,134998.791014265007,kucoin_legacy
1786646700,1879.78,1880.77,1879.28,1880.77,10.7201598,20157.167996610999,kucoin_legacy
1786647000,1880.77,1887.07,1880.77,1885.37,117.8166466,222057.602814982005,kucoin_legacy
1786647300,1885.18,1886.97,1884.37,1885.47,89.1054793,168065.001425194991,kucoin_legacy
1786647600,1885.48,1886.72,1885.04,1885.41,55.4142595,104508.072253079998,kucoin_legacy
1786647900,1885.41,1892.5,1885.09,1890.76,155.1505754,293027.59681884601,kucoin_legacy
1786648200,1890.61,1890.9,1888.17,1888.17,65.3757104,123520.445493185995,kucoin_legacy
1786648500,1887.97,1889.47,1887.34,1889.22,59.5995157,112558.029902077993,kucoin_legacy
1786648800,1889.23,1889.55,1886.83,1888.6,170.8955112,322677.660230236012,kucoin_legacy
1786649100,1888.54,1888.54,1886.51,1887.73,62.1397736,117304.846587416003,kucoin_legacy
1786649400,1887.72,1888.22,1886.47,1886.6,92.6837361,174928.572779120004,kucoin_legacy
1786649700,1886.6,1887.78,1885.94,1886.83,58.1055622,109664.882580463003,kucoin_legacy
1786650000,1887.34,1887.69,1885.38,1887.49,93.3401997,176085.876882629003,kucoin_legacy
1786650300,1887.51,1889.31,1887.51,1887.59,13.3698652,25249.437917864001,kucoin_legacy
1786650600,1888.44,1888.6,1886.68,1886.84,40.1618789,75802.815958378997,kucoin_legacy
1786650900,1886.85,1887.78,1886.74,1887.05,129.6030212,244575.579093362001,kucoin_legacy
1786651200,1887.47,1887.79,1886.55,1887.64,134.3950712,253615.135319199995,kucoin_legacy
1786651500,1887.57,1889.22,1886.8,1888.62,44.2114021,83473.233038986,kucoin_legacy
1786651800,1888.6,1888.6,1886.17,1886.99,27.5152007,51913.960300844003,kucoin_legacy
1786652100,1887.09,1887.83,1887.05,1887.82,45.2251441,85356.809976011005,kucoin_legacy
1786652400,1887.83,1888.35,1886.82,1886.83,58.2006236,109854.478451464995,kucoin_legacy
1786652700,1886.82,1887.78,1886.82,1887.6,54.1735772,102244.907480170994,kucoin_legacy
1786653000,1887.61,1889.55,1887.18,1888.78,99.2643586,187464.576109412999,kucoin_legacy
1786653300,1888.78,1888.78,1887.8,1887.81,53.425246,100903.554647886995,kucoin_legacy
1786653600,1887.8,1887.81,1886.85,1887.05,12.3935921,23388.372907560999,kucoin_legacy
1786653900,1887.04,1887.05,1885.79,1886.02,44.615676,84162.961468522,kucoin_legacy
1786654200,1885.84,1886.09,1885.47,1885.47,13.6748171,25788.299293412001,kucoin_legacy
1786654500,1885.46,1886.43,1885.46,1886.34,18.3102999,34535.041599295997,kucoin_legacy
1786654800,1885.92,1888.17,1885.92,1888.15,21.0618527,39754.219245799002,kucoin_legacy
1786655100,1888.15,1888.83,1887.85,1887.92,22.3107164,42132.937844849999,kucoin_legacy
1786655400,1887.92,1888.12,1886.2,1887.09,32.1820582,60742.899735068,kucoin_legacy
1786655700,1887.08,1887.86,1886.47,1887.85,18.9120084,35691.066655100003,kucoin_legacy
1786656000,1887.85,1888.11,1887.04,1888.05,12.9922027,24524.024025891998,kucoin_legacy
1786656300,1888.05,1888.42,1887.13,1888.41,31.7619664,59952.384979144997,kucoin_legacy
1786656600,1888.41,1888.84,1887.68,1888.45,35.6760825,67378.550425876005,kucoin_legacy
1786656900,1888.3,1889.05,1887.87,1889.05,32.7419527,61836.759974849003,kucoin_legacy
1786657200,1889.36,1889.36,1888.15,1888.49,36.0584138,68100.404395834994,kucoin_legacy
1786657500,1888.37,1888.85,1887.83,1887.97,57.2997824,108196.321611438005,kucoin_legacy
1786657800,1887.98,1888.63,1887.49,1887.86,80.5142128,152020.047783323011,kucoin_legacy
1786658100,1887.99,1888.6,1887.5,1888.59,34.6328725,65386.856202641997,kucoin_legacy
1786658400,1888.6,1891.26,1888.59,1891.11,56.5835353,106942.595229982995,kucoin_legacy
1786658700,1891.11,1892.96,1890.91,1891.4,55.6274658,105241.648537522007,kucoin_legacy
1786659000,1891.39,1892.68,1891.32,1891.69,22.109482,41825.837987384002,kucoin_legacy
1786659300,1891.69,1892.71,1891.28,1891.44,44.9111746,84951.723337564996,kucoin_legacy
1786659600,1891.36,1891.97,1890.48,1891.48,64.7211528,122402.805775822999,kucoin_legacy
1786659900,1891.29,1891.29,1890.52,1890.87,12.9295126,24448.687808162002,kucoin_legacy
1786660200,1890.88,1891.11,1889.54,1889.97,13.3122009,25159.731974228998,kucoin_legacy
1786660500,1890.07,1891.01,1890.07,1890.4,18.2828528,34560.098765506002,kucoin_legacy
1786660800,1890.41,1891.02,1890.16,1890.69,4.9900611,9432.631445028999,kucoin_legacy
1786661100,1890.85,1890.94,1890,1890.29,8.5444352,16154.424969063,kucoin_legacy
1786661400,1890.34,1890.74,1889.89,1889.89,32.0229495,60528.543347874001,kucoin_legacy
1786661700,1889.85,1889.85,1888.88,1889.25,48.6105921,91843.661224020994,kucoin_legacy
1786662000,1889.26,1889.26,1886.64,1886.64,18.1745314,34320.192995976999,kucoin_legacy
1786662300,1886.64,1887.02,1886.5,1886.82,12.4133734,23422.784800387999,kucoin_legacy
1786662600,1886.82,1887.14,1886.55,1886.55,2.3376839,4411.165497443,kucoin_legacy
1786662900,1886.55,1886.88,1885.76,1886.59,4.3420958,8190.155289742,kucoin_legacy
1786663200,1886.74,1887.15,1885.6,1885.82,17.9971256,33947.599917738997,kucoin_legacy
1786663500,1885.83,1885.99,1885.82,1885.99,1.4895551,2809.078130155,kucoin_legacy
1786663800,1886.25,1887.41,1886.25,1886.92,16.304549,30764.181392009999,kucoin_legacy
1786664100,1886.92,1886.92,1886.22,1886.22,16.6324407,31382.266882940999,kucoin_legacy
1786664400,1886.23,1886.51,1886.22,1886.51,52.683039,99380.124934756997,kucoin_legacy
1786664700,1886.67,1886.67,1885.77,1885.77,7.566419,14272.777145864,kucoin_legacy
1786665000,1885.59,1885.59,1884.77,1884.77,48.9578731,92306.215059483002,kucoin_legacy
1786665300,1884.63,1886.1,1884.63,1886.1,35.609196,67133.366903107002,kucoin_legacy
1786665600,1886.11,1887.49,1885.82,1886.67,7.8908082,14886.658395926001,kucoin_legacy
1786665900,1886.68,1887.18,1886.21,1886.8,32.4745029,61271.448465881003,kucoin_legacy
1786666200,1886.86,1886.86,1886.27,1886.27,10.5202399,19846.651757886,kucoin_legacy
1786666500,1886.27,1887.42,1886.27,1887.07,22.5976356,42632.134206852003,kucoin_legacy
1786666800,1886.69,1888.76,1886.69,1888.76,18.1554947,34278.594921012002,kucoin_legacy
1786667100,1888.19,1888.19,1884.79,1886.04,48.0924356,90703.376930357001,kucoin_legacy
1786667400,1886.03,1886.03,1883.59,1884.91,44.9004913,84617.813467450003,kucoin_legacy
1786667700,1884.92,1886.62,1884.92,1886.07,12.206178,23022.550436959998,kucoin_legacy
1786668000,1886.06,1889.49,1886.06,1889.03,24.277269,45840.161024198002,kucoin_legacy
1786668300,1889.03,1889.03,1886.74,1887.38,26.3199378,49679.815245416998,kucoin_legacy
1786668600,1887.1,1888.78,1887.1,1888.78,32.2668805,60907.601302242998,kucoin_legacy
1786668900,1888.78,1889.22,1888.32,1889.22,17.2663468,32612.160188903999,kucoin_legacy
1786669200,1889.4,1889.4,1887.01,1888.87,30.2603399,57117.970032527002,kucoin_legacy
1786669500,1888.87,1889.2,1887.78,1887.78,30.3220324,57265.844113122002,kucoin_legacy
1786669800,1887.5,1887.5,1885.93,1886.29,51.1487743,96501.213573361994,kucoin_legacy
1786670100,1886.28,1886.54,1885.5,1885.58,7.8184498,14745.118931081,kucoin_legacy
1786670400,1885.5,1889.19,1884.87,1888.65,44.2315842,83524.037481976004,kucoin_legacy
1786670700,1888.59,1888.59,1885.92,1886.38,69.3572528,130873.848931297005,kucoin_legacy
1786671000,1886.38,1887.19,1885.74,1886.95,49.7875836,93924.131274208004,kucoin_legacy
1786671300,1886.56,1888.33,1886.56,1888.33,40.3012221,76057.275952580007,kucoin_legacy
1786671600,1888.33,1889.52,1888.33,1889.52,33.2716898,62854.465593235996,kucoin_legacy
1786671900,1888.77,1889.51,1888.24,1889.51,0.8306211,1568.840716882,kucoin_legacy
1786672200,1889.64,1890.19,1888.01,1888.01,6.730414,12713.318254027001,kucoin_legacy
1786672500,1887.98,1889.59,1887.91,1889.44,36.5447267,69018.604605964007,kucoin_legacy
1786672800,1889.44,1889.63,1888.9,1888.98,11.4953401,21718.574842974998,kucoin_legacy
1786673100,1888.98,1890.92,1888.98,1890.84,15.3547567,29013.672259524999,kucoin_legacy
1786673400,1890.84,1890.85,1887.79,1888.33,62.610055,118257.513384910999,kucoin_legacy
1786673700,1888.74,1889.07,1886.87,1886.87,45.7057432,86320.828129879999,kucoin_legacy
1786674000,1886.88,1887.86,1886.88,1886.94,6.6458124,12541.844543548999,kucoin_legacy
1786674300,1886.9,1886.9,1885.93,1886.47,88.4531325,166861.730062905001,kucoin_legacy
1786674600,1886.63,1888.72,1886.63,1888.1,38.5883196,72830.045732514001,kucoin_legacy
1786674900,1888.1,1888.55,1887.47,1887.68,4.4452195,8391.376641532001,kucoin_legacy
1786675200,1887.76,1888.11,1886.92,1887.92,77.6815833,146623.94894177001,kucoin_legacy
1786675500,1888.26,1889.25,1888.26,1888.76,7.7806204,14696.841163147001,kucoin_legacy
1786675800,1888.76,1889.22,1888.5,1888.5,9.9014399,18703.54622299,kucoin_legacy
1786676100,1888.44,1888.44,1886.5,1886.63,20.7593226,39175.637314214,kucoin_legacy
1786676400,1886.63,1886.63,1884.27,1884.74,25.3061644,47708.360663209998,kucoin_legacy
1786676700,1884.25,1884.68,1883.52,1884.37,25.1792629,47445.744618525001,kucoin_legacy
1786677000,1884.33,1885.85,1883.41,1885.84,27.7302954,52249.336463441003,kucoin_legacy
1786677300,1885.88,1888.7,1885.88,1888.7,3.718757,7014.372714313,kucoin_legacy
1786677600,1888.96,1889.09,1888.09,1888.38,12.6070291,23810.399250140999,kucoin_legacy
1786677900,1888.38,1888.38,1887.13,1887.13,5.2719902,9949.797323211,kucoin_legacy
1786678200,1886.92,1886.92,1885.78,1886.25,10.8066636,20383.276892735001,kucoin_legacy
1786678500,1886.11,1886.11,1883.78,1883.79,34.0431472,64167.713852642999,kucoin_legacy
1786678800,1884.25,1885.01,1883.98,1885,7.6660359,14448.773829533,kucoin_legacy
1786679100,1884.81,1884.81,1883.18,1883.18,48.9134867,92152.499767497997,kucoin_legacy
1786679400,1883.31,1883.31,1882.65,1882.89,45.9754685,86563.223150598002,kucoin_legacy
1786679700,1883.27,1883.57,1882.85,1883.04,5.6883718,10712.974085690999,kucoin_legacy
1786680000,1882.92,1884.7,1882.27,1884.48,19.3492671,36442.555678903998,kucoin_legacy
1786680300,1884.26,1885.05,1884.26,1884.86,19.6296573,36994.447112226,kucoin_legacy
1786680600,1884.54,1885.11,1884.54,1884.98,11.2749369,21252.978751349001,kucoin_legacy
1786680900,1884.98,1887.93,1884.98,1886.49,82.1757711,154982.598237980012,kucoin_legacy
1786681200,1886.41,1886.85,1885.3,1885.31,11.3759065,21460.508805465,kucoin_legacy
1786681500,1885.3,1886.58,1885.3,1886.36,37.9701489,71602.981209681006,kucoin_legacy
1786681800,1886.2,1886.65,1886.2,1886.26,5.9110016,11150.838395977,kucoin_legacy
1786682100,1886.26,1886.27,1885.95,1885.95,18.1586654,34247.159811151003,kucoin_legacy
1786682400,1885.95,1886.48,1885.93,1885.94,12.8209676,24183.107097409,kucoin_legacy
1786682700,1885.87,1886.04,1884.74,1884.74,16.5566505,31220.721291564001,kucoin_legacy
1786683000,1884.68,1884.88,1884.55,1884.88,0.946247,1783.420894436,kucoin_legacy
1786683300,1884.88,1884.88,1884.18,1884.82,11.3013576,21295.683601304001,kucoin_legacy
1786683600,1884.81,1885.52,1884.78,1885.03,3.1079601,5859.264029075,kucoin_legacy
1786683900,1885.2,1885.2,1883.58,1883.58,36.7662059,69274.730247254003,kucoin_legacy
1786684200,1883.57,1883.61,1882.85,1882.9,30.0694775,56622.304166009999,kucoin_legacy
1786684500,1882.91,1882.91,1881.72,1882.03,32.6161004,61390.912999134998,kucoin_legacy
1786684800,1882.03,1882.87,1880.56,1881,36.2858302,68272.078594571998,kucoin_legacy
1786685100,1881.54,1882.98,1881.54,1882.98,39.0206386,73449.184486621001,kucoin_legacy
1786685400,1882.77,1883.63,1882.5,1882.91,23.1177431,43534.291476551,kucoin_legacy
1786685700,1882.92,1884.05,1882.46,1883.63,31.5091165,59360.897745021,kucoin_legacy
1786686000,1883.61,1884.45,1883.34,1883.9,6.1957792,11671.025490061,kucoin_legacy
1786686300,1883.72,1884.48,1883.72,1883.9,4.7840102,9014.166654791999,kucoin_legacy
1786686600,1883.89,1884.5,1883.62,1884.5,7.7227675,14550.593555189,kucoin_legacy
1786686900,1884.51,1884.7,1883.98,1883.99,2.4286698,4576.328956323,kucoin_legacy
1786687200,1884.22,1884.22,1881.57,1881.95,14.2145644,26766.622493604998,kucoin_legacy
1786687500,1881.82,1882.35,1881.66,1881.84,31.2754465,58867.345231141,kucoin_legacy
1786687800,1881.85,1881.85,1880.33,1880.63,15.0350408,28279.447577229999,kucoin_legacy
1786688100,1880.43,1880.52,1878.77,1879.82,40.6504985,76408.048927134005,kucoin_legacy
1786688400,1879.5,1880.04,1878.75,1879.19,69.301746,130226.976133029995,kucoin_legacy
1786688700,1879.15,1879.15,1877.54,1877.54,47.8812477,89937.741132415002,kucoin_legacy
1786689000,1877.54,1879.29,1877.54,1878.33,38.1362055,71649.294797904004,kucoin_legacy
1786689300,1878.33,1878.87,1875.57,1877.26,64.5829741,121241.837868692994,kucoin_legacy
1786689600,1877.47,1878.18,1875.8,1877.49,70.4456694,132201.043639559997,kucoin_legacy
1786689900,1877.49,1878.34,1875.24,1875.85,51.1718778,96027.825712717997,kucoin_legacy
1786690200,1876.1,1877.17,1873.32,1873.99,174.4284817,326998.708719244984,kucoin_legacy
1786690500,1873.83,1874.72,1872.85,1872.85,80.5170941,150880.291010415007,kucoin_legacy
1786690800,1872.83,1875.87,1872.23,1875.57,54.6414514,102369.376478627004,kucoin_legacy
1786691100,1875.58,1876.52,1875.09,1875.31,50.2921105,94325.179590482003,kucoin_legacy
1786691400,1875.57,1875.86,1875.11,1875.43,38.2592253,71749.610398054007,kucoin_legacy
1786691700,1875.43,1877.11,1875.43,1877.11,30.3805391,57018.976503364,kucoin_legacy
1786692000,1877.14,1877.81,1877.02,1877.76,26.0525997,48916.976543923003,kucoin_legacy
1786692300,1877.75,1878.23,1877.75,1877.86,15.5177309,29142.622874552999,kucoin_legacy
1786692600,1877.86,1877.97,1874.35,1875.31,72.5550307,136119.136524644011,kucoin_legacy
1786692900,1875.38,1875.85,1874.35,1874.35,23.2178111,43535.277552988002,kucoin_legacy
1786693200,1874.35,1875.58,1874.34,1875.35,8.4378843,15822.740180262001,kucoin_legacy
1786693500,1875.35,1876.02,1874,1876.02,48.0485629,90065.032062725004,kucoin_legacy
1786693800,1876.01,1876.1,1874.82,1874.83,26.3341647,49382.642716674003,kucoin_legacy
1786694100,1874.83,1875.46,1873.41,1873.42,28.8390314,54065.822178609997,kucoin_legacy
1786694400,1873.42,1875.17,1873.41,1874.56,63.0858219,118269.817533274996,kucoin_legacy
1786694700,1874.56,1875.11,1874.37,1875.1,20.1071958,37696.397297636999,kucoin_legacy
1786695000,1875.11,1875.31,1873.87,1873.87,5.7184877,10719.131725068,kucoin_legacy
1786695300,1873.88,1875.71,1872.01,1872.23,65.1815646,122158.233479966002,kucoin_legacy
1786695600,1872.19,1874.67,1869.89,1869.98,148.2473034,277531.552568769024,kucoin_legacy
1786695900,1870.01,1871.73,1869.52,1871.73,36.1712097,67648.405632609007,kucoin_legacy
1786696200,1871.69,1872.76,1870.32,1872.76,67.6988131,126669.380906039994,kucoin_legacy
1786696500,1872.78,1876.01,1872.78,1874.87,127.7809294,239551.271790019004,kucoin_legacy
1786696800,1874.68,1874.82,1873.14,1873.31,36.225766,67895.356491797007,kucoin_legacy
1786697100,1873.17,1875.54,1873.17,1875.54,100.5336156,188477.126928151003,kucoin_legacy
1786697400,1875.37,1875.96,1875.24,1875.9,35.7075926,66973.676779344998,kucoin_legacy
1786697700,1875.89,1878.72,1875.89,1878.72,34.8042347,65317.465329735001,kucoin_legacy
1786698000,1878.72,1878.72,1876.62,1877.18,55.1178715,103467.782787296004,kucoin_legacy
1786698300,1877.17,1877.17,1875.78,1875.78,16.3608542,30697.136303523999,kucoin_legacy
1786698600,1875.78,1876.36,1875.43,1876.36,4.6711453,8761.754568523,kucoin_legacy
1786698900,1876.15,1876.39,1875.69,1875.7,33.2618249,62406.023773574001,kucoin_legacy
1786699200,1875.69,1876.85,1874.99,1876.85,16.0611524,30135.031548701001,kucoin_legacy
1786699500,1877.03,1877.61,1874.98,1875.02,35.8752773,67322.938567891993,kucoin_legacy
1786699800,1875,1875,1873.06,1874.28,23.6335134,44299.375167974998,kucoin_legacy
1786700100,1874.42,1874.42,1872.17,1872.18,50.1058293,93856.395344443998,kucoin_legacy
1786700400,1872.18,1872.75,1871.19,1872.49,40.4891392,75790.939341356003,kucoin_legacy
1786700700,1873.03,1874.22,1873.03,1874.22,19.7760477,37048.819907120997,kucoin_legacy
1786701000,1874.74,1875.31,1873.58,1874.7,40.1015261,75165.892587741997,kucoin_legacy
1786701300,1874.7,1874.7,1873.16,1873.22,31.6697441,59332.664620871998,kucoin_legacy
1786701600,1873.02,1875.98,1872.37,1875.71,54.8310183,102726.511379033007,kucoin_legacy
1786701900,1875.71,1876.07,1874.11,1874.78,20.2841182,38037.120882185001,kucoin_legacy
1786702200,1874.78,1875.38,1874.65,1875.25,68.4536518,128364.15394063,kucoin_legacy
1786702500,1875.44,1877.79,1875.29,1877.09,20.9437277,39304.364099295002,kucoin_legacy
1786702800,1876.98,1876.98,1876.24,1876.24,13.0784806,24544.582710092,kucoin_legacy
1786703100,1876.07,1876.81,1875.91,1876.81,21.563701,40458.062922705001,kucoin_legacy
1786703400,1876.82,1878.21,1876.82,1877.87,50.4427897,94715.204806166003,kucoin_legacy
1786703700,1877.87,1878.12,1876.63,1877.03,12.8799724,24177.768448310999,kucoin_legacy
1786704000,1877.04,1877.04,1876.11,1876.25,9.9122209,18602.426311382998,kucoin_legacy
1786704300,1876.25,1876.59,1874.84,1875.89,81.8824599,153603.985406833002,kucoin_legacy
1786704600,1875.88,1877.39,1875.88,1876.77,49.6109668,93101.709496020994,kucoin_legacy
1786704900,1876.76,1876.76,1875.79,1875.91,15.8599852,29753.572573836998,kucoin_legacy
1786705200,1875.92,1878.26,1875.71,1877.92,11.1221461,20874.501634043001,kucoin_legacy
1786705500,1877.15,1877.15,1875.89,1876.57,41.9569745,78722.731293078003,kucoin_legacy
1786705800,1876.56,1877.47,1875.15,1876.24,164.0128993,307663.053777310997,kucoin_legacy
1786706100,1876.24,1878.62,1875.75,1878.62,94.6748206,177769.058839501988,kucoin_legacy
1786706400,1878.67,1878.67,1877.12,1877.36,11.4427867,21485.066536163999,kucoin_legacy
1786706700,1877.36,1878.22,1876.92,1877.59,12.3625279,23210.981313701999,kucoin_legacy
1786707000,1877.58,1878.15,1877.04,1878.15,7.4780284,14039.255977254999,kucoin_legacy
1786707300,1878.14,1881.05,1877.88,1878.87,39.893908,75011.933568845998,kucoin_legacy
1786707600,1878.87,1879.27,1877.86,1879.24,24.8763401,46730.283023436998,kucoin_legacy
1786707900,1879.41,1879.67,1878.48,1879.38,3.7784858,7099.28709455,kucoin_legacy
1786708200,1879.39,1880.55,1879.38,1880.2,57.1384481,107411.985760115,kucoin_legacy
1786708500,1880.38,1880.54,1877.69,1878.07,68.3534308,128479.018921402996,kucoin_legacy
1786708800,1878.06,1878.76,1876.6,1877.03,46.5267135,87344.238104147997,kucoin_legacy
1786709100,1877.3,1878.25,1876.06,1876.06,52.3180594,98200.190899951005,kucoin_legacy
1786709400,1875.99,1876.49,1873.55,1875.26,73.1171626,137029.972292407008,kucoin_legacy
1786709700,1875.73,1877.43,1875.13,1875.13,26.636974,49981.664585981001,kucoin_legacy
1786710000,1875.13,1877.4,1875.13,1877.4,33.7270289,63269.275261028997,kucoin_legacy
1786710300,1877.96,1878.29,1876.57,1878.28,15.2509877,28631.262838538001,kucoin_legacy
1786710600,1878.29,1879.37,1877.49,1877.56,16.9378218,31817.767468455,kucoin_legacy
1786710900,1877.26,1877.61,1875.78,1876.74,11.2231031,21063.619870391001,kucoin_legacy
1786711200,1876.88,1876.88,1874.96,1874.96,9.223495,17301.577326412,kucoin_legacy
1786711500,1874.96,1876.08,1873.95,1876.08,29.1128119,54573.262442277999,kucoin_legacy
1786711800,1876.31,1876.74,1874.29,1875.4,36.8247246,69065.819679214997,kucoin_legacy
1786712100,1875.84,1875.92,1872.94,1873.34,95.1410859,178337.733715184993,kucoin_legacy
1786712400,1873.34,1873.83,1872.12,1873.24,64.9112992,121574.559213457003,kucoin_legacy
1786712700,1873.25,1873.89,1870.51,1871.49,51.7671775,96915.653736784996,kucoin_legacy
1786713000,1871.3,1871.53,1867.66,1870.48,149.5382162,279478.322483165015,kucoin_legacy
1786713300,1870.24,1871.14,1866.98,1868.05,46.883777,87608.576220276998,kucoin_legacy
1786713600,1868.23,1870.44,1868.22,1870.27,93.7014616,175133.590410879988,kucoin_legacy
1786713900,1870.26,1872.77,1868.59,1871.58,57.8182236,108178.900084880006,kucoin_legacy
1786714200,1871.58,1872.7,1868.27,1870.48,92.3052405,172586.361980607995,kucoin_legacy
1786714500,1870.91,1871.17,1866.29,1868.16,158.2710269,295822.083498728985,kucoin_legacy
1786714800,1868.28,1870.67,1867.66,1870.02,117.0626671,218851.971368082013,kucoin_legacy
1786715100,1870.56,1870.7,1867.8,1868.59,110.2935183,206243.480207957007,kucoin_legacy
1786715400,1868.59,1868.73,1866.96,1867.25,328.9492001,614296.014332943945,kucoin_legacy
1786715700,1867.84,1869.73,1867.09,1869.73,65.2862606,121961.769498303998,kucoin_legacy
1786716000,1869.99,1871.53,1867.84,1869.93,58.4530084,109256.795965167999,kucoin_legacy
1786716300,1869.41,1870.53,1866.74,1867.2,59.3219432,110852.684438666998,kucoin_legacy
1786716600,1867.01,1870.46,1866.89,1866.9,52.280244,97690.498702918994,kucoin_legacy
1786716900,1867.09,1868.45,1864.46,1864.78,73.3192277,136822.833525642985,kucoin_legacy
1786717200,1864.7,1867.47,1864.38,1865.28,79.4942859,148313.621754832013,kucoin_legacy
1786717500,1865.27,1869.52,1865.17,1868.38,31.035043,57949.972019084998,kucoin_legacy
1786717800,1868.44,1870.74,1867.55,1870.17,56.4039723,105438.866312480997,kucoin_legacy
1786718100,1870.73,1873.36,1870.69,1873.1,37.5620635,70317.823383561001,kucoin_legacy
1786718400,1872.84,1873.23,1870.44,1870.49,104.4989455,195611.70061294199,kucoin_legacy
1786718700,1870.49,1871.94,1869.89,1870.35,37.9829612,71068.92703649,kucoin_legacy
1786719000,1870.05,1870.29,1867.06,1867.25,54.9722343,102732.309504327,kucoin_legacy
1786719300,1867.25,1867.62,1864.39,1867.03,139.6301985,260474.018204793014,kucoin_legacy
1786719600,1866.64,1868.45,1866.17,1866.88,36.56783103,68270.495890045204,kucoin_legacy
1786719900,1866.65,1868.97,1866.65,1867.67,64.6115102,120646.576155486997,kucoin_legacy
1786720200,1867.68,1869.23,1867.67,1868.35,14.5096045,27111.555864807,kucoin_legacy
1786720500,1868.51,1869.41,1868.06,1869.3,54.2209032,101335.005083261,kucoin_legacy
1786720800,1869.46,1874.99,1869.4,1874.4,225.6610453,422250.887574927998,kucoin_legacy
1786721100,1874.61,1879.58,1873.02,1879.58,131.2628318,246281.073682499991,kucoin_legacy
1786721400,1879.6,1880,1875.97,1877.72,111.0709199,208578.937108054,kucoin_legacy
1786721700,1877.56,1884.43,1877.56,1883.2,143.2595998,269465.51162393298,kucoin_legacy
1786722000,1883.63,1884.05,1881.84,1884.05,148.0591214,278711.812381567026,kucoin_legacy
1786722300,1884.23,1884.23,1881.89,1882.26,137.9905669,259840.330827920989,kucoin_legacy
1786722600,1882.21,1882.72,1881.3,1882.49,14.572208605668,27420.423981745189,kucoin_legacy
1786722900,1882.94,1883.91,1881.94,1881.94,59.1957209,111468.532224216004,kucoin_legacy
1786723200,1881.44,1883.23,1881.17,1881.17,33.9796033,63955.722149447,kucoin_legacy
1786723500,1881.16,1881.42,1879.22,1880.77,320.0894105,602037.860346599948,kucoin_legacy
1786723800,1880.84,1882.82,1880.66,1881.06,120.6903724,227050.969033833011,kucoin_legacy
1786724100,1881.07,1882.33,1880.62,1881.51,38.5184206,72458.222241173004,kucoin_legacy
1786724400,1881.44,1883.9,1881.03,1883.41,46.7120424,87946.423163525993,kucoin_legacy
1786724700,1882.66,1885.02,1882.66,1884.12,27.4331449,51680.938767690997,kucoin_legacy
1786725000,1884.47,1885.62,1883.63,1885.43,55.6391205,104859.593147720996,kucoin_legacy
1786725300,1885.43,1888.18,1885.43,1886.75,113.8505835,214821.25293354399,kucoin_legacy
1786725600,1886.75,1888.07,1886.16,1886.27,89.2680907,168419.669683852,kucoin_legacy
1786725900,1886.27,1886.28,1884.38,1885.56,10.0177947,18890.736027235002,kucoin_legacy
1786726200,1885.63,1885.95,1884.31,1885.16,48.8914971,92191.606341231003,kucoin_legacy
1786726500,1884.98,1885.7,1884.68,1885.41,22.6515065,42703.536631223003,kucoin_legacy
1786726800,1885.41,1886.15,1885.08,1885.36,10.6345043,20053.165465171998,kucoin_legacy
1786727100,1885.13,1885.41,1883.93,1884.16,9.4699901,17845.297520118998,kucoin_legacy
1786727400,1884.06,1885.25,1883.43,1885.24,25.1271054,47357.369109140003,kucoin_legacy
1786727700,1885.25,1886.01,1884.7,1886.01,90.6819682,170953.021319936001,kucoin_legacy
1786728000,1885.63,1887.66,1885.53,1887.11,26.7229663,50413.917892370002,kucoin_legacy
1786728300,1887.11,1887.11,1885.25,1885.68,29.9127885,56405.816455387001,kucoin_legacy
1786728600,1885.58,1886.76,1885.11,1886.37,19.202701,36221.214700646,kucoin_legacy
1786728900,1886.57,1886.57,1884.49,1884.81,24.660561,46485.618550785999,kucoin_legacy
1786729200,1884.66,1885.16,1882.36,1882.86,37.1516779,70006.708871854993,kucoin_legacy
1786729500,1883.25,1883.83,1882.87,1883.42,57.9021905,109053.315024376003,kucoin_legacy
1786729800,1883.6,1883.6,1880.46,1880.76,50.1331184,94319.376191239993,kucoin_legacy
1786730100,1880.44,1880.44,1876.58,1878.6,199.8015782,375270.360628184979,kucoin_legacy
1786730400,1878.6,1878.75,1874.87,1877.29,111.7725065,209697.712733193999,kucoin_legacy
1786730700,1877.29,1878.74,1877.23,1877.7,26.5465636,49853.817959241002,kucoin_legacy
1786731000,1877.94,1878.53,1875.96,1876.24,43.2383457,81167.701586993993,kucoin_legacy
1786731300,1876.71,1878.58,1876.59,1878.05,40.0916457,75285.579806153997,kucoin_legacy
1786731600,1878.04,1878.2,1877.16,1877.68,23.0306702,43247.823242359002,kucoin_legacy
1786731900,1877.92,1878.89,1875.65,1875.7,67.7156178,127108.488823613996,kucoin_legacy
1786732200,1876.01,1876.52,1874.54,1874.73,5.7462369,10774.865534541999,kucoin_legacy
1786732500,1875.02,1877.58,1875.02,1877.37,28.8643327,54149.620091577999,kucoin_legacy
1786732800,1876.91,1878.04,1876.91,1877.4,32.6430938,61281.196908429003,kucoin_legacy
1786733100,1877.63,1877.63,1873.69,1874.72,36.8957442,69195.122732738004,kucoin_legacy
1786733400,1874.71,1876.47,1874.71,1876.26,25.4932387,47810.214761563999,kucoin_legacy
1786733700,1876.26,1877.03,1875.88,1875.88,10.0615144,18877.70985725,kucoin_legacy
1786734000,1875.76,1875.76,1873.82,1874.22,23.2476485,43584.869543173001,kucoin_legacy
1786734300,1874.14,1874.89,1873.76,1874.88,20.5901661,38591.500052688003,kucoin_legacy
1786734600,1874.89,1874.97,1873.95,1874.08,27.6637817,51845.526904523002,kucoin_legacy
1786734900,1873.99,1875.52,1873.83,1874.91,24.8086121,46512.853174458003,kucoin_legacy
1786735200,1875.2,1876.97,1874.99,1876.2,22.3288411,41900.003111947,kucoin_legacy
1786735500,1875.78,1878.15,1875.67,1877.77,34.1988199,64170.097939248997,kucoin_legacy
1786735800,1877.76,1877.95,1876.87,1877.58,15.2762766,28681.495026353001,kucoin_legacy
1786736100,1877.5,1878.56,1877.5,1878.55,11.8520466,22259.779581377999,kucoin_legacy
1786736400,1878.55,1880,1878.15,1879.68,22.5284816,42346.077241006999,kucoin_legacy
1786736700,1880.08,1880.62,1879.44,1879.97,8.0981927,15224.978157138999,kucoin_legacy
1786737000,1879.9,1881.89,1879.22,1881.88,82.4728543,155087.177144804009,kucoin_legacy
1786737300,1881.78,1882,1880.36,1880.97,77.8625446,146467.741159561003,kucoin_legacy
1786737600,1881.06,1881.62,1880.18,1881.62,18.8224824,35407.251600342999,kucoin_legacy
1786737900,1881.68,1881.95,1880.76,1881.29,32.98076,62052.096430348996,kucoin_legacy
1786738200,1881.3,1881.3,1879.91,1879.92,7.1245344,13397.641080506,kucoin_legacy
1786738500,1879.92,1880.37,1879.66,1879.69,21.5838741,40575.089007358998,kucoin_legacy
1786738800,1879.72,1880.84,1879.59,1880.55,38.3319987,72070.659197358997,kucoin_legacy
1786739100,1880.66,1880.66,1879.39,1880.12,26.2295101,49311.304244952,kucoin_legacy
1786739400,1879.96,1880.25,1879.5,1879.5,15.8849419,29864.366418837999,kucoin_legacy
1786739700,1879.49,1879.69,1878.82,1879.29,24.6170312,46263.247029475999,kucoin_legacy
1786740000,1879.3,1879.65,1879.29,1879.65,4.9657941,9332.477672905001,kucoin_legacy
1786740300,1879.79,1879.91,1879.27,1879.68,13.4448553,25271.327251496001,kucoin_legacy
1786740600,1880.07,1880.48,1879.87,1880.16,13.5758187,25524.773713579001,kucoin_legacy
1786740900,1880.16,1880.55,1879.9,1880.28,6.8963978,12966.678824482,kucoin_legacy
1786741200,1880.29,1881.38,1879.68,1881.18,450.4681064,847324.361110149999,kucoin_legacy
1786741500,1881.36,1881.62,1879.08,1879.08,67.2595768,126507.991346908006,kucoin_legacy
1786741800,1879.08,1879.88,1877.92,1879.07,59.6052568,111985.254057476006,kucoin_legacy
1786742100,1879.07,1879.47,1878.12,1878.12,18.5827674,34912.092481271997,kucoin_legacy
1786742400,1877.95,1879.65,1877.85,1879.65,6.3831411,11990.048305275999,kucoin_legacy
1786742700,1879.64,1880.54,1879.6,1879.83,16.4241281,30876.865219808999,kucoin_legacy
1786743000,1879.94,1880.11,1879.83,1879.83,9.312986,17508.606821706999,kucoin_legacy
1786743300,1879.63,1879.82,1878.99,1879.57,35.0041846,65790.959191874004,kucoin_legacy
1786743600,1879.8,1880.14,1878.2,1878.29,63.8125635,119913.040053210003,kucoin_legacy
1786743900,1878.31,1879.25,1877.83,1879.25,84.1463819,158079.249979007989,kucoin_legacy
1786744200,1878.94,1879.22,1877.5,1877.5,20.817016,39098.361874438,kucoin_legacy
1786744500,1877.44,1879.85,1877.44,1879.52,9.9891977,18765.775909273001,kucoin_legacy
1786744800,1879.51,1881.2,1878.54,1880.48,28.4971143,53583.292020683002,kucoin_legacy
1786745100,1880.49,1881.28,1878.49,1879.18,65.4612285,123061.646984335996,kucoin_legacy
1786745400,1879.37,1879.37,1877.36,1877.39,63.7702152,119765.108289056996,kucoin_legacy
1786745700,1877.56,1877.84,1876.27,1877.74,20.8106045,39063.916746356001,kucoin_legacy
1786746000,1877.49,1878.11,1876.24,1877.49,12.6561925,23765.544135591001,kucoin_legacy
1786746300,1877.49,1877.49,1876.69,1876.69,4.2214807,7923.584380389,kucoin_legacy
1786746600,1876.69,1879.18,1876.69,1879.18,47.8035946,89779.617025312007,kucoin_legacy
1786746900,1879.18,1879.63,1879.17,1879.63,31.2019555,58639.087520469999,kucoin_legacy
1786747200,1879.52,1879.95,1879.52,1879.83,19.8813294,37372.993527801002,kucoin_legacy
1786747500,1879.83,1880.2,1879.27,1879.39,8.32687,15653.2484358,kucoin_legacy
1786747800,1879.58,1879.58,1879.19,1879.52,2.4125335,4534.397877352,kucoin_legacy
1786748100,1879.52,1880.1,1879.26,1879.75,10.905057,20499.230694611,kucoin_legacy
1786748400,1879.76,1880.2,1879.46,1880.14,25.600273,48123.190397726998,kucoin_legacy
1786748700,1880.14,1880.15,1879.78,1879.78,7.2378151,13607.103136391999,kucoin_legacy
1786749000,1879.75,1881.2,1879.74,1881.2,15.4544809,29059.98325809,kucoin_legacy
1786749300,1881.01,1881.31,1879.9,1879.9,9.0335754,16989.135608162,kucoin_legacy
1786749600,1879.9,1881,1879.7,1881,15.3402694,28837.829817286001,kucoin_legacy
1786749900,1881,1881,1880.31,1880.92,4.9542783,9318.531523766,kucoin_legacy
1786750200,1881.05,1881.26,1879.65,1879.65,22.6385318,42580.453019198998,kucoin_legacy
1786750500,1879.66,1881.61,1878.7,1881.61,69.9239729,131437.099351601006,kucoin_legacy
1786750800,1881.61,1881.86,1880.45,1880.46,21.4871989,40420.571111619,kucoin_legacy
1786751100,1880.67,1881.1,1880.54,1881.09,24.9427423,46918.869850226001,kucoin_legacy
1786751400,1881.09,1882.23,1880.45,1882.11,39.4297226,74193.112420328995,kucoin_legacy
1786751700,1882.1,1882.73,1882.01,1882.2,12.1408677,22852.920776494,kucoin_legacy
1786752000,1882.21,1882.92,1881.78,1881.97,7.7825269,14648.723645413,kucoin_legacy
1786752300,1882.24,1883.14,1881.85,1883.06,15.006031,28245.545664566002,kucoin_legacy
1786752600,1882.63,1883.08,1882,1882.18,24.277647,45705.234054503002,kucoin_legacy
1786752900,1882.18,1882.61,1882.18,1882.53,14.1805039,26694.565394974001,kucoin_legacy
1786753200,1882.53,1882.82,1882.08,1882.74,7.3417644,13820.83740556,kucoin_legacy
1786753500,1883.01,1883.07,1881.98,1882.61,31.2399742,58821.659793453997,kucoin_legacy
1786753800,1882.8,1883.56,1882.77,1882.78,36.4516253,68636.958526205999,kucoin_legacy
1786754100,1883.08,1883.08,1882.21,1882.62,16.5794661,31217.527990220999,kucoin_legacy
1786754400,1882.63,1882.8,1882.63,1882.8,0.3284061,618.293661171,kucoin_legacy
1786754700,1882.8,1882.98,1882.26,1882.26,8.4289199,15871.010201896999,kucoin_legacy
1786755000,1882.27,1882.27,1881.98,1881.98,2.381152,4481.308397393,kucoin_legacy
1786755300,1881.98,1882.44,1881.98,1882.26,2.0656173,3887.96791119,kucoin_legacy
1786755600,1882.26,1882.64,1881.87,1881.87,1.1451364,2155.487732722,kucoin_legacy
1786755900,1881.7,1882.04,1881.19,1882.04,75.9060124,142827.249896208989,kucoin_legacy
1786756200,1882.23,1882.79,1881.94,1882.67,14.829482,27917.207103101999,kucoin_legacy
1786756500,1882.68,1882.68,1882.34,1882.34,0.1018379,191.719796099,kucoin_legacy
1786756800,1882.35,1883.5,1882.35,1883.5,17.5417268,33031.640573365999,kucoin_legacy
1786757100,1883.8,1884.27,1883.42,1883.86,58.1880544,109626.835760975999,kucoin_legacy
1786757400,1884.04,1884.2,1883.32,1884.19,20.5861643,38779.809939956998,kucoin_legacy
1786757700,1884.2,1884.39,1883.95,1884.39,22.5929926,42570.861653412998,kucoin_legacy
1786758000,1884.49,1884.6,1883.95,1883.96,1.3568544,2556.514614109,kucoin_legacy
1786758300,1883.95,1884.09,1883.95,1883.99,33.8560158,63786.41668437,kucoin_legacy
1786758600,1884.17,1884.44,1884.04,1884.04,0.6420143,1209.663123331,kucoin_legacy
1786758900,1884.04,1884.04,1883.83,1884.03,1.7511664,3298.933220783,kucoin_legacy
1786759200,1884.03,1884.73,1884.03,1884.73,15.6279733,29450.982762214,kucoin_legacy
1786759500,1884.74,1885.02,1884.26,1884.42,37.6450251,70948.756099966005,kucoin_legacy
1786759800,1884.6,1885.26,1884.47,1885.26,5.9224759,11163.335108682,kucoin_legacy
1786760100,1885.26,1885.7,1885.25,1885.44,0.7719469,1455.494527238,kucoin_legacy
1786760400,1885.44,1885.89,1885.44,1885.48,5.3389123,10067.886920000999,kucoin_legacy
1786760700,1885.74,1885.74,1885.06,1885.06,2.428773,4579.381904444,kucoin_legacy
1786761000,1885.06,1885.84,1885.06,1885.84,12.4670665,23504.173847130001,kucoin_legacy
1786761300,1885.83,1885.83,1884.68,1885.29,32.4227929,61127.947919995997,kucoin_legacy
1786761600,1885.28,1885.48,1884.5,1884.5,35.476909,66887.935812562995,kucoin_legacy
1786761900,1884.51,1884.68,1884.43,1884.61,11.4442913,21567.828922872999,kucoin_legacy
1786762200,1884.61,1884.62,1884.42,1884.42,0.4902995,924.010051052,kucoin_legacy
1786762500,1884.42,1884.86,1884.42,1884.85,21.3579236,40248.284352183,kucoin_legacy
1786762800,1884.99,1885.23,1884.98,1885.23,22.2612277,41962.272822291001,kucoin_legacy
1786763100,1885.25,1885.93,1885.25,1885.59,28.7381073,54190.525321802997,kucoin_legacy
1786763400,1885.59,1886.09,1885.38,1886.09,6.9078927,13025.955012569,kucoin_legacy
1786763700,1886.09,1886.72,1885.42,1885.42,66.6015858,125615.920801747998,kucoin_legacy
1786764000,1885.21,1885.54,1885.14,1885.54,4.7717581,8995.839550610999,kucoin_legacy
1786764300,1885.53,1885.53,1884.67,1884.82,36.4205824,68666.235661105995,kucoin_legacy
1786764600,1884.81,1884.84,1883.88,1883.88,9.5744018,18040.547686758,kucoin_legacy
1786764900,1883.89,1884.07,1883.16,1883.17,0.3169283,597.059779649,kucoin_legacy
1786765200,1883.17,1883.44,1883.07,1883.07,3.4528638,6502.065982602,kucoin_legacy
1786765500,1883.08,1883.27,1883.07,1883.26,26.8586624,50579.961815759001,kucoin_legacy
1786765800,1883.26,1883.49,1883.11,1883.49,15.0440261,28332.028963465,kucoin_legacy
1786766100,1883.49,1883.49,1882.61,1882.61,21.5151293,40514.511822325003,kucoin_legacy
1786766400,1882.62,1883.23,1882.62,1883.23,0.9890966,1862.581066946,kucoin_legacy
1786766700,1883.23,1883.38,1883.03,1883.22,13.55379018,25523.630471460401,kucoin_legacy
1786767000,1883.22,1883.62,1882.97,1883.61,14.0576686,26476.435714519001,kucoin_legacy
1786767300,1883.61,1883.75,1883.39,1883.74,5.5319806,10419.461499302,kucoin_legacy
1786767600,1883.74,1883.94,1883.74,1883.93,7.8180335,14728.362181253,kucoin_legacy
1786767900,1883.94,1884.34,1883.94,1884.34,4.8835984,9201.851812208,kucoin_legacy
1786768200,1884.34,1884.74,1884.11,1884.43,34.7858976,65550.314978170994,kucoin_legacy
1786768500,1884.43,1884.87,1884.43,1884.87,4.704917,8867.807524841,kucoin_legacy
1786768800,1884.86,1885.35,1884.86,1885.35,11.3787274,21448.851637397998,kucoin_legacy
1786769100,1885.36,1885.36,1885.04,1885.04,18.1229099,34166.196563650999,kucoin_legacy
1786769400,1885.04,1885.05,1884.29,1884.29,9.9399657,18734.900573524999,kucoin_legacy
1786769700,1884.29,1884.3,1884.29,1884.29,12.0537162,22712.711049738002,kucoin_legacy
1786770000,1884.3,1884.39,1884.23,1884.24,10.77289,20299.166381772,kucoin_legacy
1786770300,1884.23,1885.08,1883.8,1884.66,49.8694836,93964.201596978004,kucoin_legacy
1786770600,1884.65,1884.83,1884.6,1884.7,13.7264388,25870.052890606999,kucoin_legacy
1786770900,1884.69,1884.7,1884.42,1884.43,5.75825769,10851.2934535248,kucoin_legacy
1786771200,1884.43,1884.43,1883.31,1883.31,7.6473227,14410.011872343001,kucoin_legacy
1786771500,1883.3,1883.6,1883.29,1883.6,7.1267172,13422.817536723,kucoin_legacy
1786771800,1883.35,1883.63,1883.34,1883.51,4.0516417,7631.448824161,kucoin_legacy
1786772100,1883.5,1883.5,1881.29,1881.29,19.0900778,35933.979498342,kucoin_legacy
1786772400,1881,1881.29,1880.2,1880.99,13.1143326,24665.353071431,kucoin_legacy
1786772700,1881.49,1881.62,1880.37,1880.38,8.8450644,16637.353569425999,kucoin_legacy
1786773000,1880.37,1880.69,1880,1880.69,11.3881512,21413.970718696,kucoin_legacy
1786773300,1880.69,1880.69,1879.99,1880.53,28.3915944,53385.958470482001,kucoin_legacy
1786773600,1880.53,1881.34,1880.53,1881.05,9.6395877,18129.512275567002,kucoin_legacy
1786773900,1881.04,1881.34,1881.04,1881.34,1.1586892,2179.677372642,kucoin_legacy
1786774200,1881.34,1882,1880.11,1880.25,28.7973457,54173.070248349999,kucoin_legacy
1786774500,1880.31,1880.71,1880.3,1880.7,2.9883601,5619.606705282,kucoin_legacy
1786774800,1880.71,1881.22,1880.7,1880.91,22.3793331,42094.00166093,kucoin_legacy
1786775100,1880.92,1881.11,1880.02,1880.47,56.9532073,107107.807710234003,kucoin_legacy
1786775400,1880.47,1881.03,1880.47,1881.03,7.0809883,13319.403217495999,kucoin_legacy
1786775700,1881.02,1881.02,1880.09,1880.09,11.302451,21258.063714738,kucoin_legacy
1786776000,1880.09,1881.8,1880.09,1881.79,73.290446,137808.284859473002,kucoin_legacy
1786776300,1881.79,1882.3,1881.77,1882.3,8.8251156,16607.554419807999,kucoin_legacy
1786776600,1882.31,1883.49,1882.31,1883.05,10.3778888,19542.355273974001,kucoin_legacy
1786776900,1883.21,1883.61,1882.1,1882.11,30.4851998,57400.586742758998,kucoin_legacy
1786777200,1882.11,1882.11,1881.43,1881.44,5.6253385,10585.060489134999,kucoin_legacy
1786777500,1881.44,1882.09,1880.6,1881.16,21.1114573,39719.944887452999,kucoin_legacy
1786777800,1881.16,1882.54,1881.16,1882.54,38.3603048,72177.900927116003,kucoin_legacy
1786778100,1882.54,1882.54,1881.59,1881.6,9.2599085,17427.314619082001,kucoin_legacy
1786778400,1881.59,1881.6,1881.07,1881.46,3.3542863,6311.123721529,kucoin_legacy
1786778700,1881.3,1881.5,1881.24,1881.24,6.3753349,11994.19880102,kucoin_legacy
1786779000,1881.25,1881.25,1881.24,1881.24,8.7357097,16433.981635740001,kucoin_legacy
1786779300,1881.24,1881.34,1880.92,1881.3,8.1197642,15275.169764483,kucoin_legacy
1786779600,1881.3,1881.31,1881.21,1881.23,11.5719044,21769.982409988999,kucoin_legacy
1786779900,1881.22,1881.23,1880.6,1880.6,5.4731662,10294.198796434999,kucoin_legacy
1786780200,1880.6,1880.61,1880.6,1880.61,6.7215607,12640.580481059,kucoin_legacy
1786780500,1880.61,1880.8,1879.89,1880.26,20.0731681,37741.716888527997,kucoin_legacy
1786780800,1880.26,1880.26,1879.11,1880.11,27.1419151,51024.273525525998,kucoin_legacy
1786781100,1880.11,1880.62,1880.03,1880.62,34.5424955,64945.446875397,kucoin_legacy
1786781400,1880.61,1880.8,1880.47,1880.68,15.359613,28885.998838977001,kucoin_legacy
1786781700,1880.69,1881.17,1880.68,1881.17,9.6216932,18096.176487805002,kucoin_legacy
1786782000,1881.16,1881.54,1880.86,1881.54,15.4163018,28999.977417563001,kucoin_legacy
1786782300,1881.53,1881.53,1881.03,1881.03,6.842265,12871.556674363999,kucoin_legacy
1786782600,1881.04,1881.04,1880.04,1880.04,45.1000434,84823.881387239002,kucoin_legacy
1786782900,1879.69,1879.82,1879.49,1879.82,26.6437,50078.173134769997,kucoin_legacy
1786783200,1879.81,1879.81,1878.53,1878.62,30.7718569,57821.097111946998,kucoin_legacy
1786783500,1878.62,1878.98,1878.62,1878.78,9.8656071,18534.233239574001,kucoin_legacy
1786783800,1878.39,1878.39,1876.52,1876.69,29.7180211,55793.146890477001,kucoin_legacy
1786784100,1876.7,1877.46,1876.7,1877.1,49.3460586,92627.517521058995,kucoin_legacy
1786784400,1877.11,1877.2,1875.9,1876.31,84.6428497,158862.240860144986,kucoin_legacy
1786784700,1876.44,1877.23,1876.23,1877.23,24.4778911,45943.464545203999,kucoin_legacy
1786785000,1877.22,1877.76,1877.22,1877.76,7.3325334,13766.217977673001,kucoin_legacy
1786785300,1877.76,1877.76,1877.61,1877.62,9.5974616,18020.480100256998,kucoin_legacy
1786785600,1877.7,1877.7,1877.69,1877.7,23.8109764,44709.741718222002,kucoin_legacy
1786785900,1877.7,1878.37,1877.7,1878.37,24.3821853,45791.470258021996,kucoin_legacy
1786786200,1878.36,1878.73,1878.36,1878.72,11.9555283,22459.033040517999,kucoin_legacy
1786786500,1878.73,1879.47,1878.73,1879.47,17.91731,33667.827300500998,kucoin_legacy
1786786800,1879.66,1879.66,1879.36,1879.64,36.5627315,68719.379609883006,kucoin_legacy
1786787100,1879.65,1880.23,1879.65,1880.22,20.2925912,38152.703816711,kucoin_legacy
1786787400,1880.22,1881.26,1880.22,1881.12,6.921965,13018.491721876,kucoin_legacy
1786787700,1881.11,1881.11,1880.42,1880.42,14.6957099,27634.709981937001,kucoin_legacy
1786788000,1880.43,1880.6,1878.43,1878.44,42.7253765,80300.750662532999,kucoin_legacy
1786788300,1878.83,1878.96,1878.83,1878.96,9.0829967,17065.475246564001,kucoin_legacy
1786788600,1878.95,1879.31,1878.95,1879.03,3.0904074,5807.272563147,kucoin_legacy
1786788900,1879.02,1879.22,1879.02,1879.22,10.2199783,19203.687036416999,kucoin_legacy
1786789200,1879.21,1879.36,1879.21,1879.36,8.8176937,16570.743918839999,kucoin_legacy
1786789500,1879.35,1879.36,1879.35,1879.36,2.9898232,5618.950557361,kucoin_legacy
1786789800,1879.35,1880.82,1878.84,1880.04,70.6915592,132866.171997942991,kucoin_legacy
1786790100,1880.03,1880.15,1879.53,1880.15,46.9201728,88199.829416073,kucoin_legacy
1786790400,1880.29,1880.33,1879.78,1879.97,7.392494,13897.113056792999,kucoin_legacy
1786790700,1879.97,1880.5,1879.97,1880.5,18.0125572,33870.103874859997,kucoin_legacy
1786791000,1880.56,1880.84,1880.56,1880.67,11.6680868,21943.859562979,kucoin_legacy
1786791300,1880.68,1881.32,1880.53,1880.89,12.7135408,23911.169687728001,kucoin_legacy
1786791600,1880.89,1880.89,1880.43,1880.63,11.338862,21323.907443739001,kucoin_legacy
1786791900,1880.62,1881.03,1880.62,1880.95,12.4479279,23411.601876282999,kucoin_legacy
1786792200,1880.95,1880.96,1880.6,1880.61,3.0548396,5744.992575497,kucoin_legacy
1786792500,1880.61,1880.61,1880.12,1880.12,18.7381749,35237.568431070002,kucoin_legacy
1786792800,1879.97,1879.97,1879.81,1879.83,13.2398626,24888.523714206,kucoin_legacy
1786793100,1879.82,1879.83,1879.76,1879.77,23.7696792,44681.899658702998,kucoin_legacy
1786793400,1879.77,1879.92,1879.67,1879.68,41.0830629,77229.579869866997,kucoin_legacy
1786793700,1879.67,1880.33,1879.53,1880.32,14.5307325,27313.836224759001,kucoin_legacy
1786794000,1880.35,1880.35,1880.16,1880.16,9.474023,17813.043167588999,kucoin_legacy
1786794300,1880.16,1880.17,1879.33,1879.33,0.9344991,1756.790737405,kucoin_legacy
1786794600,1879.34,1879.38,1879.14,1879.38,1.2846764,2414.240638156,kucoin_legacy
1786794900,1879.37,1879.56,1879.31,1879.31,7.8191741,14695.174254808,kucoin_legacy
1786795200,1879.32,1879.32,1878.82,1878.82,9.3157593,17504.646126633001,kucoin_legacy
1786795500,1878.83,1879.47,1878.5,1879.16,33.0484886,62097.207449519999,kucoin_legacy
1786795800,1879.16,1879.16,1878.58,1878.58,12.2365465,22991.990060783999,kucoin_legacy
1786796100,1878.59,1879.13,1878.58,1879.12,15.1761657,28514.347423161998,kucoin_legacy
1786796400,1879.12,1879.12,1878.53,1878.78,4.6923734,8816.081150754,kucoin_legacy
1786796700,1878.78,1878.86,1878.68,1878.68,9.2038019,17291.829158246001,kucoin_legacy
1786797000,1878.69,1878.98,1878.68,1878.97,11.3021278,21235.329973939999,kucoin_legacy
1786797300,1878.97,1878.99,1878.97,1878.97,10.5815644,19882.518543882001,kucoin_legacy
1786797600,1878.75,1878.77,1878.45,1878.72,20.580221,38664.291820061,kucoin_legacy
1786797900,1878.56,1878.56,1878.1,1878.41,13.3137547,25009.194668228,kucoin_legacy
1786798200,1878.41,1878.93,1878.41,1878.93,12.850722,24139.308697777,kucoin_legacy
1786798500,1878.93,1883.78,1878.93,1883.67,65.6016821,123497.806339358998,kucoin_legacy
1786798800,1883.55,1884,1882.34,1884,28.7086716,54053.073105743999,kucoin_legacy
1786799100,1884.06,1884.87,1882.57,1882.81,10.8953293,20525.982893283999,kucoin_legacy
1786799400,1882.81,1884.04,1882.81,1884.04,53.2717106,100309.522975376996,kucoin_legacy
1786799700,1884.04,1884.22,1882.56,1882.86,55.1480287,103876.281692970995,kucoin_legacy
1786800000,1882.86,1883.35,1882.86,1882.99,35.0546252,66007.210918836005,kucoin_legacy
1786800300,1882.99,1883,1882.91,1882.92,4.7828299,9005.998475521999,kucoin_legacy
1786800600,1882.92,1883.51,1882.92,1883.41,18.4629278,34771.056414281004,kucoin_legacy
1786800900,1883.4,1883.88,1883.4,1883.72,11.617473,21881.229303451,kucoin_legacy
1786801200,1883.73,1883.73,1882.86,1883.26,49.4458039,93134.730300804993,kucoin_legacy
1786801500,1883.27,1884.72,1883.27,1883.46,23.386492,44058.203263128999,kucoin_legacy
1786801800,1883.6,1883.71,1882.97,1883.43,7.7521532,14600.471462342,kucoin_legacy
1786802100,1883.43,1883.64,1883.42,1883.58,5.2122261,9817.813820658001,kucoin_legacy
1786802400,1883.59,1883.66,1882.66,1882.66,15.1394495,28512.395781988998,kucoin_legacy
1786802700,1882.67,1883.04,1882.67,1883.04,15.4229206,29040.584733488002,kucoin_legacy
1786803000,1883.04,1883.04,1882.86,1883.03,13.5729871,25557.738157325999,kucoin_legacy
1786803300,1883.03,1883.19,1882.39,1882.79,56.3231535,106037.275629747004,kucoin_legacy
1786803600,1882.8,1882.8,1881.48,1881.68,43.135946,81166.189726514,kucoin_legacy
1786803900,1881.9,1882.21,1881.9,1882.02,6.9836884,13143.313625945,kucoin_legacy
1786804200,1882.02,1882.63,1882.01,1882.63,22.9858174,43266.947117604002,kucoin_legacy
1786804500,1882.64,1882.7,1882.06,1882.19,5.1383965,9672.952780477999,kucoin_legacy
1786804800,1882.39,1882.8,1882.26,1882.58,34.0277198,64056.360659657999,kucoin_legacy
1786805100,1882.59,1882.81,1882.48,1882.81,1.7157774,3230.094956167,kucoin_legacy
1786805400,1882.82,1884.34,1882.81,1884.33,27.3534685,51523.353932922,kucoin_legacy
1786805700,1884.33,1884.33,1883.57,1883.57,10.8669021,20475.062899641001,kucoin_legacy
1786806000,1883.48,1884.02,1883.13,1883.63,12.72771591,23968.443853934099,kucoin_legacy
1786806300,1883.63,1883.77,1883.19,1883.19,9.5047965,17903.095370609,kucoin_legacy
1786806600,1883.19,1883.81,1883.19,1883.81,14.597873,27498.730193629999,kucoin_legacy
1786806900,1883.68,1884.95,1883.07,1884.95,68.3895712,128825.091933862001,kucoin_legacy
1786807200,1884.98,1884.98,1883.04,1883.59,8.8394472,16656.281519453001,kucoin_legacy
1786807500,1883.6,1884.24,1883.6,1884.08,11.1264901,20962.820482182,kucoin_legacy
1786807800,1884.08,1885.03,1884.08,1885.03,31.7894481,59901.864241187002,kucoin_legacy
1786808100,1885.16,1885.6,1885.15,1885.22,30.3547907,57226.764337927001,kucoin_legacy
1786808400,1885.39,1885.78,1885.37,1885.38,13.1324659,24762.894440816999,kucoin_legacy
1786808700,1885.37,1885.38,1885.37,1885.37,2.3717102,4471.552175052,kucoin_legacy
1786809000,1885.37,1885.37,1884.95,1885.04,11.9567322,22538.305893123001,kucoin_legacy
1786809300,1884.94,1884.95,1884.94,1884.94,2.3871383,4499.622681732,kucoin_legacy
1786809600,1884.94,1885.04,1884.94,1884.95,2.6004791,4901.961732115,kucoin_legacy
1786809900,1884.95,1885.02,1884.06,1885.02,21.4680095,40462.838334122003,kucoin_legacy
1786810200,1885.11,1885.35,1884.53,1884.53,9.7313983,18343.804959534002,kucoin_legacy
1786810500,1884.47,1884.47,1883.85,1884.33,2.0348664,3833.921014135,kucoin_legacy
1786810800,1884.32,1885.17,1884.32,1885.16,8.743064,16477.864588690001,kucoin_legacy
1786811100,1885.37,1885.62,1885.36,1885.62,2.2078543,4162.768213226,kucoin_legacy
1786811400,1885.62,1885.63,1884.44,1884.44,47.4840544,89511.802056550005,kucoin_legacy
1786811700,1884.38,1884.74,1884.38,1884.74,20.6827079,38977.836266664999,kucoin_legacy
1786812000,1884.74,1884.74,1884.22,1884.23,14.4877115,27300.875493037998,kucoin_legacy
1786812300,1884.23,1884.6,1884.23,1884.54,21.880457,41234.012176625001,kucoin_legacy
1786812600,1884.53,1884.54,1884.53,1884.54,1.8288731,3446.570209801,kucoin_legacy
1786812900,1884.53,1884.56,1884.53,1884.55,19.5715491,36883.467593013003,kucoin_legacy
1786813200,1884.56,1885.27,1884.56,1885.26,19.3891201,36543.587114627997,kucoin_legacy
1786813500,1885.27,1885.27,1885.26,1885.27,1.3396649,2525.623568319,kucoin_legacy
1786813800,1885.26,1885.52,1885.26,1885.52,6.6301384,12500.567542108,kucoin_legacy
1786814100,1885.52,1886.39,1885.11,1885.69,28.6326058,53997.413869529002,kucoin_legacy
1786814400,1885.69,1885.69,1883.41,1883.69,71.7365405,135198.864594865998,kucoin_legacy
1786814700,1883.7,1884.11,1882.96,1883.22,50.0815009,94327.662355965003,kucoin_legacy
1786815000,1883.42,1883.72,1883.15,1883.72,75.8126806,142774.334730589995,kucoin_legacy
1786815300,1883.73,1883.73,1883.43,1883.71,39.5316287,74464.183708103999,kucoin_legacy
1786815600,1883.71,1884.24,1883.71,1883.79,16.1582885,30439.362538148001,kucoin_legacy
1786815900,1883.78,1883.79,1883.78,1883.78,2.5731354,4847.226012949,kucoin_legacy
1786816200,1883.78,1884.07,1883.75,1884.07,14.7881576,27858.190586953999,kucoin_legacy
1786816500,1884.23,1884.49,1884.07,1884.41,17.542229,33051.489236125002,kucoin_legacy
1786816800,1884.4,1884.41,1884.4,1884.4,0.9913342,1868.073041736,kucoin_legacy
1786817100,1884.4,1884.99,1884.4,1884.79,18.0397527,33998.855815725998,kucoin_legacy
1786817400,1884.79,1885.58,1884.59,1884.59,44.9917437,84819.114944133005,kucoin_legacy
1786817700,1884.37,1884.54,1882.48,1882.54,29.0446259,54687.427138313004,kucoin_legacy
1786818000,1882.54,1883.24,1882.54,1883.23,9.0846127,17106.012695055,kucoin_legacy
1786818300,1883.23,1883.24,1882.46,1882.47,3.0076223,5663.385461036,kucoin_legacy
1786818600,1882.47,1882.79,1882.46,1882.79,14.086193,26516.990191117002,kucoin_legacy
1786818900,1882.86,1882.87,1882.72,1882.72,49.9168783,93982.048898794004,kucoin_legacy
1786819200,1882.72,1882.89,1882.72,1882.89,3.4587037,6511.79066633,kucoin_legacy
1786819500,1882.89,1882.89,1882.88,1882.89,11.0316862,20771.372023896001,kucoin_legacy
1786819800,1882.88,1882.89,1882.72,1882.89,13.8752733,26123.519596736001,kucoin_legacy
1786820100,1882.9,1882.9,1882.8,1882.81,14.5648123,27423.386871211002,kucoin_legacy
1786820400,1882.81,1883.05,1882.52,1883.02,37.6684787,70922.025486566999,kucoin_legacy
1786820700,1883.02,1883.19,1882.74,1883.18,16.4170398,30913.096550703001,kucoin_legacy
1786821000,1883.18,1883.19,1882.94,1883.18,2.9427585,5541.651949778,kucoin_legacy
1786821300,1883.19,1883.77,1883.19,1883.76,4.665209,8786.784173501001,kucoin_legacy
1786821600,1883.76,1884.2,1883.62,1884.2,23.7835717,44801.590583429002,kucoin_legacy
1786821900,1884.19,1884.51,1883.95,1883.96,10.3347954,19473.057657609999,kucoin_legacy
1786822200,1883.95,1884.33,1883.92,1884.1,38.8188284,73139.518373865998,kucoin_legacy
1786822500,1884.1,1884.66,1884.1,1884.38,16.1780025,30484.564960272,kucoin_legacy
1786822800,1884.38,1884.39,1884.11,1884.12,14.0756164,26521.410262298999,kucoin_legacy
1786823100,1884.11,1884.69,1884.11,1884.62,15.5109732,29228.623829608001,kucoin_legacy
1786823400,1884.63,1884.63,1884.23,1884.47,151.4715897,285432.802154281002,kucoin_legacy
1786823700,1884.47,1884.47,1884.39,1884.39,38.420251,72400.734104403993,kucoin_legacy
1786824000,1884.39,1884.39,1884.05,1884.16,21.7631537,41008.798767594999,kucoin_legacy
1786824300,1884.17,1884.3,1883.91,1883.92,12.2237624,23031.639250303,kucoin_legacy
1786824600,1883.92,1883.92,1883.54,1883.54,1.7682785,3330.794855853,kucoin_legacy
1786824900,1883.54,1883.55,1883.3,1883.3,7.523951,14170.528625202,kucoin_legacy
1786825200,1883.3,1883.31,1882.48,1882.48,24.7298999,46562.957776812,kucoin_legacy
1786825500,1882.61,1883.21,1882.44,1883.21,92.6478918,174415.633958697988,kucoin_legacy
1786825800,1883.21,1883.21,1882.71,1882.72,2.597998,4891.799469175,kucoin_legacy
1786826100,1882.72,1882.72,1882.71,1882.72,3.1479122,5926.620264861,kucoin_legacy
1786826400,1882.71,1882.72,1882.71,1882.71,5.4464602,10254.105951923,kucoin_legacy
1786826700,1882.72,1883.13,1882.71,1883.13,3.0354343,5715.342016811,kucoin_legacy
1786827000,1883.13,1883.14,1883.13,1883.14,2.3555766,4435.862161808,kucoin_legacy
1786827300,1883.14,1883.24,1883.13,1883.14,7.4688975,14065.045637981,kucoin_legacy
1786827600,1883.15,1883.63,1883.14,1883.52,24.2543568,45679.206736954999,kucoin_legacy
1786827900,1883.52,1883.52,1883.51,1883.51,3.210072,6046.229804862,kucoin_legacy
1786828200,1883.51,1884.21,1883.43,1883.86,54.9204944,103465.683745429997,kucoin_legacy
1786828500,1883.85,1883.86,1883.85,1883.85,0.8947605,1685.599993539,kucoin_legacy
1786828800,1883.86,1884.57,1883.85,1884.56,19.3782669,36506.976608019002,kucoin_legacy
1786829100,1884.57,1884.71,1884.27,1884.49,59.9983383,113070.472631612007,kucoin_legacy
1786829400,1884.49,1884.49,1884.39,1884.39,5.7583999,10851.57135812,kucoin_legacy
1786829700,1884.39,1884.79,1884.39,1884.79,8.6475762,16296.715120585999,kucoin_legacy
1786830000,1884.78,1884.98,1884.59,1884.98,4.439645,8368.020694306,kucoin_legacy
1786830300,1884.99,1885.18,1884.46,1885.01,17.6989306,33360.305790797,kucoin_legacy
1786830600,1885.15,1885.49,1884.33,1885.41,21.6195578,40752.971132546001,kucoin_legacy
1786830900,1885.41,1885.42,1885.04,1885.05,16.8991312,31858.113937787999,kucoin_legacy
1786831200,1885.05,1885.48,1884.61,1884.74,42.4661528,80059.294054747006,kucoin_legacy
1786831500,1884.65,1884.65,1884.2,1884.4,11.3974781,21476.421407391001,kucoin_legacy
1786831800,1884.39,1884.59,1884.21,1884.59,1.3392939,2523.892062234,kucoin_legacy
1786832100,1884.59,1884.84,1884.31,1884.32,52.738065,99395.475079098993,kucoin_legacy
1786832400,1884.31,1884.99,1884.31,1884.98,0.8842886,1666.461845961,kucoin_legacy
1786832700,1884.98,1885.59,1884.98,1885.58,9.8417611,18552.795294178999,kucoin_legacy
1786833000,1885.58,1885.59,1885.17,1885.31,14.6870108,27691.714838779,kucoin_legacy
1786833300,1885.32,1885.32,1884.82,1884.97,2.6286494,4955.040247011,kucoin_legacy
1786833600,1884.96,1884.97,1884.59,1884.6,43.8215203,82598.617612233997,kucoin_legacy
1786833900,1884.61,1885.39,1884.6,1885.11,15.4899402,29198.297647599,kucoin_legacy
1786834200,1885.1,1885.1,1884.52,1884.52,206.7893496,389797.812141039991,kucoin_legacy
1786834500,1884.52,1884.58,1884.52,1884.58,5.0920403,9596.264864805,kucoin_legacy
1786834800,1884.58,1884.58,1884.02,1884.51,7.6243367,14366.585314845001,kucoin_legacy
1786835100,1884.51,1884.51,1884.5,1884.51,4.4675004,8419.030352737,kucoin_legacy
1786835400,1884.51,1884.51,1882,1883.76,322.6066093,607846.241354160011,kucoin_legacy
1786835700,1883.61,1883.61,1883.21,1883.57,0.8767502,1651.242187161,kucoin_legacy
1786836000,1883.56,1883.59,1883.04,1883.06,148.4847234,279667.152083321009,kucoin_legacy
1786836300,1883.03,1883.26,1882.54,1883.26,5.1727908,9740.455198607,kucoin_legacy
1786836600,1883.3,1883.5,1883,1883.35,35.5972514,67038.281582648997,kucoin_legacy
1786836900,1883.34,1883.83,1883.34,1883.83,17.7148165,33363.513006027999,kucoin_legacy
1786837200,1884.03,1884.03,1883.42,1883.42,23.5275215,44326.063864295997,kucoin_legacy
1786837500,1883.43,1883.7,1883.42,1883.69,4.1802268,7873.587986712,kucoin_legacy
1786837800,1883.62,1883.62,1882.88,1882.88,6.1856307,11650.042886597001,kucoin_legacy
1786838100,1882.72,1883.09,1882.72,1882.79,15.9758875,30078.737986585998,kucoin_legacy
1786838400,1882.8,1883.36,1882.62,1883.36,1.7867958,3364.388439687,kucoin_legacy
1786838700,1883.36,1883.46,1883.12,1883.46,22.3301268,42051.720255647997,kucoin_legacy
1786839000,1883.45,1883.46,1883.18,1883.18,5.3230202,10025.599142035,kucoin_legacy
1786839300,1882.77,1882.77,1882.61,1882.61,3.2854725,6185.476430862,kucoin_legacy
1786839600,1882.62,1882.72,1882.62,1882.71,1.7089271,3217.41210218,kucoin_legacy
1786839900,1882.72,1882.72,1882.71,1882.72,0.3290944,619.591562034,kucoin_legacy
1786840200,1882.72,1882.96,1882.27,1882.27,3.144553,5919.864149114,kucoin_legacy
1786840500,1882.28,1882.97,1882.28,1882.96,1.802647,3393.835932202,kucoin_legacy
1786840800,1882.76,1883.19,1882.57,1883.1,2.2700384,4273.831891552,kucoin_legacy
1786841100,1883.1,1883.14,1881.79,1881.8,19.3806104,36487.108544921,kucoin_legacy
1786841400,1881.99,1882.56,1881.98,1882.32,42.4130919,79837.157267543007,kucoin_legacy
1786841700,1882.32,1883,1882.32,1882.65,16.6352285,31315.046790285,kucoin_legacy
1786842000,1882.66,1882.66,1881.12,1881.8,59.891218,112734.728904835007,kucoin_legacy
1786842300,1881.8,1882.14,1880.69,1880.86,25.070914,47175.732144355003,kucoin_legacy
1786842600,1880.69,1881.42,1880.33,1881.42,9.4488924,17773.691303044001,kucoin_legacy
1786842900,1881.42,1881.43,1881.09,1881.14,28.7678164,54119.291135316002,kucoin_legacy
1786843200,1881.03,1881.94,1881.03,1881.94,32.981286,62047.812858803001,kucoin_legacy
1786843500,1881.86,1881.86,1880.73,1880.73,0.4379992,824.014523633,kucoin_legacy
1786843800,1880.44,1880.75,1880.3,1880.75,45.0743076,84768.114101302999,kucoin_legacy
1786844100,1880.74,1880.75,1877.12,1877.66,126.1332198,236983.418661698001,kucoin_legacy
1786844400,1877.67,1880.63,1877.37,1880.56,120.7951228,227027.106713053014,kucoin_legacy
1786844700,1880.74,1880.74,1879.97,1879.97,43.1893737,81220.883535715999,kucoin_legacy
1786845000,1879.98,1880.14,1879.58,1879.58,7.1312108,13406.673900096999,kucoin_legacy
1786845300,1879.57,1880.52,1879.57,1880.47,45.1295695,84852.342779993007,kucoin_legacy
1786845600,1880.58,1881.24,1880.16,1880.16,8.5693081,16117.767790136,kucoin_legacy
1786845900,1880.06,1880.07,1880.05,1880.05,32.3084608,60741.709155099998,kucoin_legacy
1786846200,1879.8,1879.8,1879.19,1879.19,10.4976077,19731.172802705001,kucoin_legacy
1786846500,1879.56,1881.62,1879.55,1881.62,2.8142247,5291.576141508,kucoin_legacy
1786846800,1881.68,1885.19,1881.68,1884.82,122.3297564,230379.934480666998,kucoin_legacy
1786847100,1884.42,1884.78,1883.98,1884.2,8.7565578,16501.040928539001,kucoin_legacy
1786847400,1884.2,1884.99,1884.02,1884.23,38.3110193,72207.423440362007,kucoin_legacy
1786847700,1884.24,1884.88,1883.3,1883.57,72.8118955,137193.779940609005,kucoin_legacy
1786848000,1883.85,1884.47,1883.85,1884.39,27.2036805,51256.173532317,kucoin_legacy
1786848300,1883.97,1884.17,1883.57,1883.57,24.79142,46703.134910082998,kucoin_legacy
1786848600,1883.58,1883.58,1882.9,1883.36,11.9295276,22464.446297736999,kucoin_legacy
1786848900,1883.35,1883.54,1883.35,1883.52,0.3732172,702.916220519,kucoin_legacy
1786849200,1883.53,1883.98,1883.5,1883.97,13.6725593,25752.964592462002,kucoin_legacy
1786849500,1883.97,1883.98,1883.77,1883.78,7.3792035,13901.309208778999,kucoin_legacy
1786849800,1883.77,1883.78,1883.77,1883.77,5.9693642,11244.966202034,kucoin_legacy
1786850100,1883.77,1884.06,1883.77,1884.06,2.5073489,4723.670090934,kucoin_legacy
1786850400,1884.05,1884.06,1883.78,1883.79,9.526134,17947.580388266,kucoin_legacy
1786850700,1883.78,1883.78,1883.27,1883.27,30.7234615,57868.0274642,kucoin_legacy
1786851000,1883.27,1883.78,1883.27,1883.77,13.2865053,25028.358582568999,kucoin_legacy
1786851300,1883.76,1883.77,1883.76,1883.76,5.0943699,9596.582979539,kucoin_legacy
1786851600,1883.76,1883.76,1883.49,1883.56,22.6001706,42571.967888767002,kucoin_legacy
1786851900,1883.56,1883.57,1883.56,1883.56,8.2536846,15546.326758482001,kucoin_legacy
1786852200,1883.56,1883.57,1883.18,1883.18,1.6822509,3168.489002291,kucoin_legacy
1786852500,1883.17,1883.21,1882.94,1882.94,14.9445948,28141.397666139001,kucoin_legacy
1786852800,1882.95,1883.25,1882.94,1883.2,2.7165398,5115.828327646,kucoin_legacy
1786853100,1883.2,1883.36,1883.1,1883.1,13.989463,26346.981102656999,kucoin_legacy
1786853400,1883.11,1883.11,1882.71,1882.85,14.0935531,26536.588931082999,kucoin_legacy
1786853700,1882.86,1883.3,1882.85,1883.3,9.084417,17106.784540721001,kucoin_legacy
1786854000,1883.31,1883.74,1883.25,1883.69,36.8951556,69496.912933992004,kucoin_legacy
1786854300,1883.7,1884.54,1883.7,1884.32,23.1003033,43520.483908836999,kucoin_legacy
1786854600,1884.01,1884.01,1882.75,1882.76,3.5404106,6667.712718202,kucoin_legacy
1786854900,1882.76,1882.76,1882.57,1882.58,4.0248164,7577.211907265,kucoin_legacy
1786855200,1882.57,1882.58,1882.41,1882.41,11.078349,20855.175588522001,kucoin_legacy
1786855500,1882.41,1882.6,1882.41,1882.6,7.172284,13501.289848637,kucoin_legacy
1786855800,1882.65,1882.66,1881.92,1881.92,5.1588561,9710.606836584,kucoin_legacy
1786856100,1881.91,1881.91,1880.44,1881.61,35.7262664,67207.327923525998,kucoin_legacy
1786856400,1881.62,1881.82,1881.26,1881.82,12.7225789,23937.784915774999,kucoin_legacy
1786856700,1881.74,1881.74,1881.28,1881.67,9.5445335,17957.124621078001,kucoin_legacy
1786857000,1881.67,1881.91,1881.34,1881.44,29.6436712,55775.529765961997,kucoin_legacy
1786857300,1881.45,1881.65,1879.62,1880.19,30.5345329,57426.664969719997,kucoin_legacy
1786857600,1880.19,1880.62,1880.19,1880.61,16.6632625,31333.508642780998,kucoin_legacy
1786857900,1880.61,1880.62,1880.41,1880.41,13.1945635,24812.845975134998,kucoin_legacy
1786858200,1880.43,1880.79,1880.43,1880.79,5.2324318,9840.820029029999,kucoin_legacy
1786858500,1880.79,1881.19,1880.78,1881.18,0.6615823,1244.402867927,kucoin_legacy
1786858800,1881.19,1881.19,1880.56,1880.57,16.2284881,30523.334292411,kucoin_legacy
1786859100,1880.56,1880.57,1880.56,1880.56,14.6246982,27502.624271965,kucoin_legacy
1786859400,1880.56,1880.63,1879.79,1879.86,89.2070722,167746.063617831009,kucoin_legacy
1786859700,1879.79,1880.22,1879.29,1879.89,70.0414044,131649.393184552988,kucoin_legacy
1786860000,1879.89,1880.52,1879.88,1880.22,23.0132224,43270.108788974001,kucoin_legacy
1786860300,1880.23,1880.35,1880.19,1880.35,33.1588891,62347.592958177003,kucoin_legacy
1786860600,1880.35,1880.35,1879.81,1879.82,21.1941727,39849.548357858999,kucoin_legacy
1786860900,1879.82,1879.99,1878.92,1879.02,33.5254476,63012.306889148,kucoin_legacy
1786861200,1879.2,1879.65,1878.86,1879.16,9.833669,18478.798786776999,kucoin_legacy
1786861500,1879.17,1879.98,1879.16,1879.97,20.0118348,37615.577174339996,kucoin_legacy
1786861800,1879.97,1880.21,1879.7,1880.2,3.9200954,7369.410655691,kucoin_legacy
1786862100,1880.2,1880.34,1880.2,1880.28,15.3294825,28824.176444402001,kucoin_legacy
1786862400,1880.5,1880.64,1880.5,1880.63,2.9060562,5465.238182102,kucoin_legacy
1786862700,1880.63,1881.56,1880.63,1880.94,10.2817024,19340.306419293,kucoin_legacy
1786863000,1880.95,1880.95,1880.3,1880.4,30.429941,57225.275003497998,kucoin_legacy
1786863300,1880.4,1880.41,1880.4,1880.4,1.6047068,3017.504564989,kucoin_legacy
1786863600,1880.41,1880.41,1879.9,1879.9,17.3373914,32597.961538976,kucoin_legacy
1786863900,1879.9,1880.08,1879.89,1880.08,3.309407,6221.354396395,kucoin_legacy
1786864200,1880.08,1880.42,1880.07,1880.42,17.7596762,33391.638324599,kucoin_legacy
1786864500,1880.56,1880.58,1880.56,1880.57,2.0165523,3792.279949831,kucoin_legacy
1786864800,1880.58,1881.17,1880.58,1881.16,1.8747213,3525.88753924,kucoin_legacy
1786865100,1881.17,1881.57,1881.17,1881.27,30.1143039,56654.108198110996,kucoin_legacy
1786865400,1881.28,1881.28,1881.27,1881.28,5.0658725,9530.291975943001,kucoin_legacy
1786865700,1881.27,1881.28,1881.12,1881.12,7.5264609,14159.322736681001,kucoin_legacy
1786866000,1881.13,1881.13,1880.82,1880.9,23.961684,45072.990057508003,kucoin_legacy
1786866300,1880.91,1880.91,1880.9,1880.9,6.6994232,12600.959140277,kucoin_legacy
1786866600,1880.91,1881.14,1880.9,1881.13,6.7428208,12683.272593303,kucoin_legacy
1786866900,1881.14,1881.34,1881.13,1881.33,20.6583578,38861.588957049004,kucoin_legacy
1786867200,1881.34,1881.34,1881.33,1881.34,1.9684147,3703.256659798,kucoin_legacy
1786867500,1881.34,1881.34,1880.67,1880.67,5.2221057,9821.865751533,kucoin_legacy
1786867800,1880.67,1880.68,1880.63,1880.64,1.2072151,2270.378992856,kucoin_legacy
1786868100,1880.64,1880.64,1880.58,1880.6,24.0667452,45259.794582069997,kucoin_legacy
1786868400,1880.61,1880.88,1880.61,1880.84,7.0119091,13187.576083481999,kucoin_legacy
1786868700,1880.84,1880.84,1880.66,1880.66,6.4347551,12102.670851835999,kucoin_legacy
1786869000,1880.67,1880.89,1880.66,1880.89,17.1437923,32244.128914977999,kucoin_legacy
1786869300,1880.89,1881.08,1880.88,1881.07,14.2486629,26801.529491149999,kucoin_legacy
1786869600,1881.07,1881.08,1880.58,1880.58,6.5966978,12406.388341559001,kucoin_legacy
1786869900,1880.59,1880.59,1880.58,1880.58,4.5949365,8641.157979449999,kucoin_legacy
1786870200,1880.58,1880.59,1880.58,1880.58,4.3099553,8105.229183928,kucoin_legacy
1786870500,1880.59,1880.91,1880.58,1880.69,12.6974644,23880.827528516998,kucoin_legacy
1786870800,1880.69,1880.97,1880.68,1880.97,14.1224734,26560.264569783001,kucoin_legacy
1786871100,1880.97,1880.98,1880.73,1880.74,16.1394373,30355.606081876002,kucoin_legacy
1786871400,1880.74,1881.67,1880.73,1881.66,8.2773088,15569.323317417,kucoin_legacy
1786871700,1881.81,1882.11,1881.81,1882.07,7.2266238,13600.659523979,kucoin_legacy
1786872000,1882.08,1882.08,1881.84,1881.84,7.6721987,14438.614332169,kucoin_legacy
1786872300,1881.85,1882.29,1881.59,1881.6,8.5484683,16087.294794093001,kucoin_legacy
1786872600,1881.6,1881.88,1881.37,1881.37,17.7858064,33466.911436825998,kucoin_legacy
1786872900,1881.38,1881.38,1881.37,1881.37,0.6059448,1140.006964014,kucoin_legacy
1786873200,1881.37,1881.38,1879.65,1879.73,47.1809598,88715.442286796999,kucoin_legacy
1786873500,1879.73,1880.88,1879.06,1880.71,50.4540315,94866.704762540001,kucoin_legacy
1786873800,1880.71,1881.08,1880.64,1880.64,13.8614427,26071.767705500999,kucoin_legacy
1786874100,1880.64,1880.65,1880.37,1880.37,6.0490651,11375.158176086999,kucoin_legacy
1786874400,1880.38,1880.57,1879.65,1880.03,23.675607,44512.922868645001,kucoin_legacy
1786874700,1880.03,1880.04,1879.78,1879.85,15.7007011,29517.014007045,kucoin_legacy
1786875000,1879.86,1880.5,1879.68,1879.68,54.7746594,102967.108241740003,kucoin_legacy
1786875300,1879.68,1879.74,1879.63,1879.74,1.8710557,3516.991144248,kucoin_legacy
1786875600,1879.75,1879.94,1879.75,1879.81,3.5278753,6631.929157464,kucoin_legacy
1786875900,1879.8,1880.44,1879.8,1880.43,7.2813281,13689.457344049,kucoin_legacy
1786876200,1880.53,1880.53,1880.1,1880.1,1.8864223,3547.229882354,kucoin_legacy
1786876500,1880.1,1880.55,1880.1,1880.41,4.0899989,7690.291940304,kucoin_legacy
1786876800,1880.41,1880.49,1880.41,1880.49,11.9751273,22518.693588877999,kucoin_legacy
1786877100,1880.49,1881.09,1880.49,1880.9,17.4279139,32780.773687489003,kucoin_legacy
1786877400,1880.9,1880.9,1880.67,1880.68,1.5989931,3007.307111629,kucoin_legacy
1786877700,1880.67,1880.77,1880.67,1880.77,20.1151218,37830.152981988998,kucoin_legacy
1786878000,1880.76,1880.95,1880.76,1880.95,6.8499202,12883.231252973999,kucoin_legacy
1786878300,1880.95,1880.95,1880.76,1880.76,6.8801701,12940.52558421,kucoin_legacy
1786878600,1880.76,1880.78,1880.76,1880.78,14.4481379,27173.718626815,kucoin_legacy
1786878900,1880.79,1880.79,1880.78,1880.79,12.1673457,22884.166664756998,kucoin_legacy
1786879200,1880.79,1880.79,1880.23,1880.25,5.8188253,10941.791464418,kucoin_legacy
1786879500,1880.24,1880.41,1880.06,1880.33,40.7780764,76672.581299929996,kucoin_legacy
1786879800,1880.34,1880.56,1880.25,1880.56,33.8985229,63739.106546645999,kucoin_legacy
1786880100,1880.56,1880.74,1880.55,1880.73,25.0758119,47156.925952354999,kucoin_legacy
1786880400,1880.73,1880.74,1880.34,1880.34,24.0599265,45249.901002936997,kucoin_legacy
1786880700,1880.26,1880.26,1879.72,1879.74,52.514838,98717.111124577001,kucoin_legacy
1786881000,1879.74,1880.37,1879.74,1880.04,8.4006318,15791.361765764999,kucoin_legacy
1786881300,1879.95,1880.73,1879.94,1880.62,21.6918765,40795.509152446997,kucoin_legacy
1786881600,1880.63,1880.63,1880.28,1880.28,6.0667631,11408.211395337999,kucoin_legacy
1786881900,1880.29,1880.48,1880.11,1880.11,12.1887804,22918.348386029,kucoin_legacy
1786882200,1880.12,1880.12,1879.96,1879.96,40.7532371,76619.055656686003,kucoin_legacy
1786882500,1879.91,1880.02,1879.56,1880.02,27.4368479,51572.612597603998,kucoin_legacy
1786882800,1880.02,1880.28,1880.01,1880.27,5.8956991,11084.613207357001,kucoin_legacy
1786883100,1880.27,1880.41,1880.18,1880.41,16.9585438,31886.543645509999,kucoin_legacy
1786883400,1880.41,1880.41,1879.44,1879.69,8.0918277,15212.348601268999,kucoin_legacy
1786883700,1879.69,1879.82,1879.69,1879.82,0.8112314,1524.951538477,kucoin_legacy
1786884000,1879.81,1879.81,1878.99,1879.28,38.1348621,71662.560374883993,kucoin_legacy
1786884300,1879.28,1879.88,1878.99,1879.88,153.1642857,287819.714482637006,kucoin_legacy
1786884600,1879.87,1879.88,1879.87,1879.88,3.988525,7497.938590779,kucoin_legacy
1786884900,1879.88,1879.88,1879.65,1879.66,1.340936,2520.653893712,kucoin_legacy
1786885200,1879.66,1879.66,1879.65,1879.66,17.0818027,32107.855714248999,kucoin_legacy
1786885500,1879.66,1880.63,1879.66,1880.63,15.272196,28711.752323274999,kucoin_legacy
1786885800,1880.76,1880.94,1880.74,1880.74,14.287156,26872.309457457999,kucoin_legacy
1786886100,1880.64,1881.09,1880.63,1881.08,12.2558819,23052.217321675002,kucoin_legacy
1786886400,1881.08,1881.08,1880.63,1880.64,4.2528732,7999.228936638,kucoin_legacy
1786886700,1880.63,1880.65,1880.63,1880.65,7.015032,13192.754796777001,kucoin_legacy
1786887000,1880.65,1881.71,1880.65,1881.71,35.6896616,67150.148518118003,kucoin_legacy
1786887300,1881.7,1881.7,1880.47,1880.98,63.7814549,119994.221113546999,kucoin_legacy
1786887600,1880.99,1881.21,1880.98,1881.17,19.2331058,36180.120711994998,kucoin_legacy
1786887900,1881.17,1881.36,1881.02,1881.36,10.0294966,18866.590907639002,kucoin_legacy
1786888200,1881.36,1881.57,1881.36,1881.57,2.9799067,5606.662762611,kucoin_legacy
1786888500,1881.56,1881.57,1881.31,1881.55,7.3344638,13799.103452193,kucoin_legacy
1786888800,1881.55,1881.72,1881.55,1881.69,9.8829955,18595.796149324,kucoin_legacy
1786889100,1881.68,1882.44,1881.68,1882.08,18.9415629,35648.964183221004,kucoin_legacy
1786889400,1882.08,1882.09,1881.89,1882.08,15.7946949,29726.288142449001,kucoin_legacy
1786889700,1882.08,1882.81,1882.08,1882.81,19.1158867,35981.916728286997,kucoin_legacy
1786890000,1882.9,1884.2,1882.9,1884.19,68.4452295,128914.064364035003,kucoin_legacy
1786890300,1884.19,1884.19,1881.63,1881.64,53.4673042,100675.153396501002,kucoin_legacy
1786890600,1881.63,1882.73,1881.63,1882.73,3.8078567,7167.293197815,kucoin_legacy
1786890900,1882.73,1883.32,1882.13,1882.33,16.551129,31163.875601678999,kucoin_legacy
1786891200,1882.46,1882.56,1882.45,1882.56,2.4100104,4536.984246896,kucoin_legacy
1786891500,1882.56,1882.98,1882.4,1882.52,52.9913215,99776.549013814001,kucoin_legacy
1786891800,1882.52,1882.8,1882.51,1882.8,7.623676,14352.056903122,kucoin_legacy
1786892100,1882.79,1883.05,1882.79,1883.05,5.0104386,9434.536687135,kucoin_legacy
1786892400,1883.26,1883.36,1883,1883.18,8.3844232,15789.436149322,kucoin_legacy
1786892700,1883.19,1883.28,1883.13,1883.13,16.3999271,30885.181911475,kucoin_legacy
1786893000,1883.14,1883.37,1883.12,1883.12,8.6899642,16365.034440400001,kucoin_legacy
1786893300,1883.2,1883.57,1883.19,1883.56,14.8201781,27911.318492769002,kucoin_legacy
1786893600,1883.57,1883.57,1883.35,1883.55,5.1675557,9733.403030355001,kucoin_legacy
1786893900,1883.55,1883.58,1883.55,1883.57,2.0590284,3878.317317115,kucoin_legacy
1786894200,1883.57,1884.14,1883.57,1884.13,9.054723,17058.004831296999,kucoin_legacy
1786894500,1884.14,1884.87,1884.13,1884.52,74.4880816,140378.951488252991,kucoin_legacy
1786894800,1884.52,1884.52,1882.13,1882.43,66.5459593,125314.846390197999,kucoin_legacy
1786895100,1882.43,1884.43,1882.43,1884.34,24.2253687,45622.584182421,kucoin_legacy
1786895400,1884.34,1884.53,1883.61,1883.61,6.1561004,11598.076547884,kucoin_legacy
1786895700,1883.62,1884.34,1883.61,1884.02,8.2573958,15556.136309553,kucoin_legacy
1786896000,1884.02,1884.44,1884.01,1884.19,8.6400729,16278.94157366,kucoin_legacy
1786896300,1884.19,1884.27,1884,1884.27,8.8842048,16738.974316602998,kucoin_legacy
1786896600,1884.27,1885.49,1884.27,1885.49,25.7847353,48602.979063389001,kucoin_legacy
1786896900,1885.48,1888.87,1885.13,1887.4,109.5524285,206719.171241734992,kucoin_legacy
1786897200,1887.4,1889.18,1886.52,1887.44,44.0207364,83094.274166374002,kucoin_legacy
1786897500,1887.36,1888.59,1887.27,1888.07,47.0951901,88899.650109341994,kucoin_legacy
1786897800,1888.21,1892.37,1888.21,1890.84,79.65629,150599.955555911001,kucoin_legacy
1786898100,1890.84,1891.69,1890.26,1890.66,45.226873,85511.364067547998,kucoin_legacy
1786898400,1889.94,1889.97,1889.3,1889.97,25.5230342,48230.971477288003,kucoin_legacy
1786898700,1890.1,1890.52,1889.92,1890.52,44.0385937,83250.625714966998,kucoin_legacy
1786899000,1890.5,1890.5,1888,1889.66,37.8178356,71481.939360207005,kucoin_legacy
1786899300,1889.67,1889.67,1889.03,1889.34,7.4728168,14120.504041677999,kucoin_legacy
1786899600,1889.69,1890.76,1888.93,1889.99,16.0156151,30267.427474650001,kucoin_legacy
1786899900,1889.98,1890.06,1889.33,1889.34,30.1313074,56940.428921332001,kucoin_legacy
1786900200,1889.5,1889.5,1887.52,1887.96,117.3140015,221563.025352653,kucoin_legacy
1786900500,1887.95,1887.95,1886.71,1886.76,52.4337154,98964.748559957006,kucoin_legacy
1786900800,1886.76,1887.7,1886.38,1887.26,13.8618139,26159.400365525998,kucoin_legacy
1786901100,1887.27,1887.27,1886.35,1887.18,9.5715168,18059.163916512,kucoin_legacy
1786901400,1887.18,1887.26,1884.03,1884.59,59.0145148,111276.746106374005,kucoin_legacy
1786901700,1884.18,1886.47,1884.02,1886.46,65.6488924,123791.385851051993,kucoin_legacy
1786902000,1886.47,1886.65,1884.97,1884.97,38.0107389,71682.811124590997,kucoin_legacy
1786902300,1884.98,1886.01,1884.98,1886,9.3686343,17666.311887018001,kucoin_legacy
1786902600,1886,1886.49,1886,1886.08,5.3027924,10002.106927297,kucoin_legacy
1786902900,1886.09,1886.09,1885.1,1885.1,7.2609591,13690.664795258999,kucoin_legacy
1786903200,1885.11,1885.32,1884.32,1884.63,23.2888528,43895.341131847999,kucoin_legacy
1786903500,1884.64,1885.75,1884.01,1885.41,101.8716934,192006.857828948006,kucoin_legacy
1786903800,1885.41,1885.77,1882.6,1884.64,60.7918219,114529.701927290997,kucoin_legacy
1786904100,1884.65,1885.75,1884.64,1885.75,27.933737,52652.206923414,kucoin_legacy
1786904400,1885.75,1886.26,1885.75,1886.03,36.9993106,69781.746700026997,kucoin_legacy
1786904700,1885.93,1886.14,1885.15,1886.11,30.7660108,58020.644599022002,kucoin_legacy
1786905000,1885.97,1886.14,1885.67,1885.95,31.504138,59416.594671626997,kucoin_legacy
1786905300,1885.95,1885.96,1885.23,1885.33,16.36538,30857.823518924,kucoin_legacy
1786905600,1884.86,1885.18,1884.5,1885.17,16.2803208,30684.238359270999,kucoin_legacy
1786905900,1885.18,1885.85,1885.04,1885.76,10.4108013,19630.34471945,kucoin_legacy
1786906200,1885.77,1885.77,1885.4,1885.41,11.7495484,22156.389652351001,kucoin_legacy
1786906500,1885.33,1885.41,1885.12,1885.41,16.3479408,30820.797418769998,kucoin_legacy
1786906800,1885.41,1886.96,1885.4,1886.96,6.4499535,12166.787178948,kucoin_legacy
1786907100,1886.51,1886.88,1886.49,1886.49,17.9149113,33801.254411629998,kucoin_legacy
1786907400,1886.5,1886.75,1886.38,1886.38,16.925592,31930.217807656001,kucoin_legacy
1786907700,1886.38,1886.48,1886.31,1886.48,10.2396847,19315.299561144999,kucoin_legacy
1786908000,1886.48,1887,1886.23,1886.24,15.1912538,28658.074432058998,kucoin_legacy
1786908300,1886.46,1887.66,1886.45,1887.66,20.131829,37997.880739439002,kucoin_legacy
1786908600,1887.65,1887.67,1887.05,1887.39,7.9876344,15076.466605486001,kucoin_legacy
1786908900,1887.38,1887.64,1887.36,1887.39,18.4748142,34870.169473606999,kucoin_legacy
1786909200,1887.69,1888.73,1885.21,1885.3,148.617597,280526.557566008007,kucoin_legacy
1786909500,1885.59,1885.78,1885.29,1885.29,7.7307343,14577.591636437,kucoin_legacy
1786909800,1885.05,1886.25,1884.5,1884.79,32.4775398,61229.611634610003,kucoin_legacy
1786910100,1885,1885.76,1885,1885.76,9.2495668,17440.029729246002,kucoin_legacy
1786910400,1885.77,1885.99,1885.41,1885.42,23.37821,44078.979052417002,kucoin_legacy
1786910700,1885.42,1886.98,1885.42,1886.18,8.2720075,15601.828931397,kucoin_legacy
1786911000,1886.17,1887.02,1886.17,1887.02,29.6080988,55854.840236315998,kucoin_legacy
1786911300,1887.03,1887.03,1886.55,1886.55,8.3737656,15798.747741273,kucoin_legacy
1786911600,1886.55,1887.4,1886.55,1887.19,39.5870092,74696.285270235006,kucoin_legacy
1786911900,1887.18,1887.18,1886.09,1886.1,3.5020551,6605.416181266,kucoin_legacy
1786912200,1886.09,1886.13,1885.28,1885.28,61.1307246,115290.148343406006,kucoin_legacy
1786912500,1885.28,1885.73,1884.82,1885.01,22.3935475,42219.005431678997,kucoin_legacy
1786912800,1885.01,1885.01,1882.9,1883.82,38.5176521,72541.882162442998,kucoin_legacy
1786913100,1883.82,1884.23,1883.33,1883.53,4.7014161,8855.32666959,kucoin_legacy
1786913400,1883.52,1883.71,1881.63,1882.94,35.9247525,67615.670417799003,kucoin_legacy
1786913700,1883.17,1883.17,1881.56,1881.94,5.6835888,10696.155465999,kucoin_legacy
1786914000,1881.93,1882.71,1881.26,1882.71,12.9482141,24370.51596171,kucoin_legacy
1786914300,1882.53,1882.53,1880.29,1881.41,83.0103395,156153.134619563993,kucoin_legacy
1786914600,1881.63,1882.58,1880.81,1882.02,46.8499094,88160.829973500004,kucoin_legacy
1786914900,1881.57,1882.66,1881.39,1881.54,46.9627324,88384.013540799002,kucoin_legacy
1786915200,1881.36,1881.36,1880.21,1880.32,33.9402097,63844.987123751001,kucoin_legacy
1786915500,1880.31,1880.93,1879.15,1880.07,61.2390201,115120.014286284,kucoin_legacy
1786915800,1880.07,1881.03,1879.79,1881.03,15.7160247,29550.435826952998,kucoin_legacy
1786916100,1881.02,1881.23,1877.6,1877.6,45.2770924,85132.448806140004,kucoin_legacy
1786916400,1877.6,1877.6,1869.52,1874.83,343.0984232,642535.193512588972,kucoin_legacy
1786916700,1874.41,1876.74,1872.05,1876.74,142.2376044,266523.384017431003,kucoin_legacy
1786917000,1876.74,1876.88,1876,1876,65.4838167,122879.643218801997,kucoin_legacy
1786917300,1876.01,1876.95,1875.95,1875.95,69.6226324,130633.209923720002,kucoin_legacy
1786917600,1875.01,1875.01,1870.54,1874.26,121.9564517,228366.896962628991,kucoin_legacy
1786917900,1874.51,1876.96,1873.6,1876.96,177.2593848,332484.043609921006,kucoin_legacy
1786918200,1876.64,1877.92,1875.85,1877.92,289.4300089,543235.845501267002,kucoin_legacy
1786918500,1877.41,1878.17,1876.72,1877.39,17.4781099,32810.697830990001,kucoin_legacy
1786918800,1877.39,1877.39,1876.54,1876.54,57.1983053,107364.801155333,kucoin_legacy
1786919100,1875.88,1875.88,1875.08,1875.39,25.5697673,47958.138314934004,kucoin_legacy
1786919400,1875.4,1875.4,1872.99,1873.38,42.2989249,79259.174631265996,kucoin_legacy
1786919700,1873.38,1873.38,1869.86,1870.34,79.61718052,148956.187550369796,kucoin_legacy
1786920000,1870.5,1873.56,1869.4,1873.56,65.9859962,123512.074890346994,kucoin_legacy
1786920300,1873.28,1874.64,1872.54,1874.64,15.6435878,29310.860614935002,kucoin_legacy
1786920600,1873.9,1874.42,1873.85,1874.35,26.8111752,50242.620690962998,kucoin_legacy
1786920900,1874.35,1876.25,1874.26,1876.03,29.2738219,54902.917613081001,kucoin_legacy
1786921200,1876.17,1877.55,1875.31,1875.87,35.3195557,66261.043950250998,kucoin_legacy
1786921500,1875.87,1876.7,1875.87,1876.7,8.6547729,16236.816021989,kucoin_legacy
1786921800,1876.91,1877.11,1873.95,1873.95,90.3997833,169652.468911825999,kucoin_legacy
1786922100,1873.95,1875.34,1873.95,1875.34,74.2750957,139253.165102420986,kucoin_legacy
1786922400,1875.34,1876.3,1874.85,1875.35,62.7384968,117666.533543493002,kucoin_legacy
1786922700,1875.11,1875.28,1874.11,1874.11,17.4986518,32806.209004689998,kucoin_legacy
1786923000,1874.12,1874.51,1873.94,1874.38,43.4314594,81399.807593439007,kucoin_legacy
1786923300,1874.39,1875.2,1874.39,1874.78,19.3709818,36316.755564311003,kucoin_legacy
1786923600,1874.92,1876.33,1874.51,1876.32,17.3069379,32461.891706309001,kucoin_legacy
1786923900,1876.32,1877.07,1875.55,1877.07,16.2177789,30426.830004329,kucoin_legacy
1786924200,1877.08,1877.53,1876.11,1876.11,17.5378259,32917.442674006998,kucoin_legacy
1786924500,1876.08,1876.55,1876.08,1876.1,4.857484,9113.119345196001,kucoin_legacy
1786924800,1876.1,1876.96,1876,1876.7,8.4855271,15923.272416059999,kucoin_legacy
1786925100,1876.7,1876.7,1875.01,1875.11,46.2453932,86747.646622554006,kucoin_legacy
1786925400,1875.03,1875.54,1874.42,1875.54,15.182791,28467.902624033999,kucoin_legacy
1786925700,1875.89,1875.89,1874.25,1874.26,4.5791477,8585.191855685,kucoin_legacy
1786926000,1874.26,1875.69,1872.99,1872.99,19.5203218,36577.319370953002,kucoin_legacy
1786926300,1872.98,1876.64,1872.73,1876.64,62.7310398,117552.458901816994,kucoin_legacy
1786926600,1876.8,1876.8,1874.1,1874.55,26.8700712,50396.177009689003,kucoin_legacy
1786926900,1874.55,1875.47,1873.31,1874.97,26.2640178,49239.878080536,kucoin_legacy
1786927200,1874.78,1877.98,1873.8,1877.87,55.534877,104153.351374987004,kucoin_legacy
1786927500,1877.51,1878.17,1875.44,1875.44,29.5795658,55516.194504958003,kucoin_legacy
1786927800,1875.44,1876.94,1875.12,1876.62,16.2004924,30386.810269223999,kucoin_legacy
1786928100,1876.9,1879.99,1876.73,1879.11,121.8737959,228945.337943888007,kucoin_legacy
1786928400,1878.92,1891.19,1878.22,1890.79,352.051214,664232.429606291,kucoin_legacy
1786928700,1890.96,1896.64,1888.99,1890.9,235.1739772,445316.028436247027,kucoin_legacy
1786929000,1890.73,1890.94,1888.47,1889.75,113.7445077,214947.758111149014,kucoin_legacy
1786929300,1889.43,1893.86,1888.22,1891.32,105.2480095,198911.742861317005,kucoin_legacy
1786929600,1891.35,1896.35,1891.35,1894.53,81.0606737,153557.736873634014,kucoin_legacy
1786929900,1894.82,1895.84,1893.89,1894.17,41.9842958,79554.359624107004,kucoin_legacy
1786930200,1895.09,1897.14,1894.74,1894.79,110.5217332,209533.18329941199,kucoin_legacy
1786930500,1895.73,1896.47,1892.61,1893.07,20.9099661,39610.452400781003,kucoin_legacy
1786930800,1892.88,1894.62,1892.88,1894.3,15.8298384,29980.112313944999,kucoin_legacy
1786931100,1894.34,1895.24,1892.21,1895.24,42.9157319,81242.769923437998,kucoin_legacy
1786931400,1895.24,1895.24,1891.96,1891.97,24.1479105,45714.528319438999,kucoin_legacy
1786931700,1892.21,1892.34,1891.48,1891.67,3.3952847,6423.963288015,kucoin_legacy
1786932000,1891.49,1892.93,1889.46,1889.46,43.8789084,83003.866457191005,kucoin_legacy
1786932300,1889.32,1890.09,1888.82,1890.09,12.8823082,24337.975142194999,kucoin_legacy
1786932600,1889.86,1890.28,1889.85,1890.06,23.9225641,45215.543260243001,kucoin_legacy
1786932900,1890.06,1890.4,1889.13,1889.14,17.8319196,33703.416848287001,kucoin_legacy
1786933200,1889.64,1891.39,1889.37,1891.07,59.6401745,112763.523883114001,kucoin_legacy
1786933500,1891.33,1894.87,1891.33,1893.45,59.5906961,112803.835655119998,kucoin_legacy
1786933800,1893.63,1896.43,1892.22,1895.12,207.6178773,393435.012083614012,kucoin_legacy
1786934100,1895.21,1895.24,1893.7,1894.39,38.0510959,72110.055278013999,kucoin_legacy
1786934400,1894.46,1896.87,1894.42,1895.71,84.8621301,160925.701169123,kucoin_legacy
1786934700,1895.76,1897.71,1895.45,1895.97,65.8997373,124981.779820087002,kucoin_legacy
1786935000,1896.16,1907.99,1896.16,1903.7,458.2575108,871792.707726528984,kucoin_legacy
1786935300,1903.39,1904.05,1901.6,1902.35,61.2390169,116541.659658639997,kucoin_legacy
1786935600,1903.17,1904.02,1902.26,1903.14,15.4400232,29387.067574180001,kucoin_legacy
1786935900,1902.58,1904.46,1902.42,1903.25,164.2309461,312608.286379060999,kucoin_legacy
1786936200,1903.6,1903.94,1901.9,1902.5,106.1042931,201872.989350284013,kucoin_legacy
1786936500,1902.84,1903.27,1899.5,1899.66,122.5739462,233056.190043292008,kucoin_legacy
1786936800,1899.81,1900.6,1898.95,1899,35.8785882,68172.592599210999,kucoin_legacy
1786937100,1899,1899,1898.29,1898.46,20.5123151,38944.309469164,kucoin_legacy
1786937400,1898.55,1900.07,1898.08,1898.66,96.1576611,182606.563848710997,kucoin_legacy
1786937700,1898.83,1899.93,1898.83,1899.73,3.9787884,7557.939189499,kucoin_legacy
1786938000,1899.39,1900.58,1899.2,1899.9,10.3799206,19721.781193388,kucoin_legacy
1786938300,1899.91,1900.6,1899.31,1900.41,122.3497282,232470.145893676992,kucoin_legacy
1786938600,1900.17,1901.96,1900.16,1901.25,38.6681933,73492.552836589995,kucoin_legacy
1786938900,1901.4,1902.91,1900.83,1900.83,40.8313107,77660.814069764005,kucoin_legacy
1786939200,1900.84,1902.71,1900.84,1902.65,37.5012072,71335.645541676,kucoin_legacy
1786939500,1902.89,1904.31,1902.55,1902.61,25.8482843,49200.233123277001,kucoin_legacy
1786939800,1902.84,1904.32,1902.84,1903.96,73.2177898,139390.189877005003,kucoin_legacy
1786940100,1903.76,1903.88,1902.31,1902.63,35.5532102,67651.701799836999,kucoin_legacy
1786940400,1902.82,1904.58,1902.67,1903.38,22.6512399,43117.886925398998,kucoin_legacy
1786940700,1903.14,1903.7,1902.57,1902.57,123.7610858,235519.924417178001,kucoin_legacy
1786941000,1902.55,1902.55,1901.45,1902.17,57.8507997,110016.175530670007,kucoin_legacy
1786941300,1902.18,1903.03,1902.01,1902.48,17.9068299,34071.986588177999,kucoin_legacy
1786941600,1902.38,1903.03,1902.19,1902.2,22.13985887,42126.460033235599,kucoin_legacy
1786941900,1902.19,1904.47,1902.19,1903.66,94.449359,179779.928326057998,kucoin_legacy
1786942200,1903.93,1904.08,1902.14,1902.47,41.8705164,79687.342402580005,kucoin_legacy
1786942500,1902.62,1903.3,1902.62,1903.3,15.9483929,30349.238126609001,kucoin_legacy
1786942800,1903.31,1903.45,1902.19,1902.32,29.0032505,55180.002068490998,kucoin_legacy
1786943100,1902.18,1902.18,1900.73,1901.06,141.3814239,268819.728157714009,kucoin_legacy
1786943400,1901.05,1901.6,1899.78,1901.45,53.1934855,101089.203395810997,kucoin_legacy
1786943700,1901.42,1903.36,1901.01,1903.36,15.4049145,29300.966056009001,kucoin_legacy
1786944000,1903.54,1903.8,1903.5,1903.67,10.8308915,20617.789989518998,kucoin_legacy
1786944300,1903.42,1903.42,1901.03,1901.19,12.2274804,23258.106897762002,kucoin_legacy
1786944600,1901.19,1901.19,1900.02,1900.08,23.1762954,44047.566245886002,kucoin_legacy
1786944900,1899.88,1899.88,1898.26,1898.26,16.0476884,30474.860055712001,kucoin_legacy
1786945200,1898.27,1899.04,1898.27,1898.74,5.8167949,11044.497902712999,kucoin_legacy
1786945500,1898.74,1899.46,1898.5,1899.45,8.5299478,16200.661971048001,kucoin_legacy
1786945800,1899.46,1899.95,1899.46,1899.85,14.4937176,27535.498883345001,kucoin_legacy
1786946100,1899.85,1899.96,1899.53,1899.53,10.765297,20451.837378185999,kucoin_legacy
1786946400,1899.54,1899.91,1897.82,1898.53,151.657635,287973.712209364981,kucoin_legacy
1786946700,1898.72,1900.85,1898.72,1900.85,75.3724986,143197.313114841003,kucoin_legacy
1786947000,1900.99,1901.3,1900.03,1900.96,23.290525,44269.931199674997,kucoin_legacy
1786947300,1901.06,1901.2,1900.62,1901.03,38.5678949,73316.405710360006,kucoin_legacy
1786947600,1901.03,1901.89,1899.86,1900.3,49.6416369,94399.760999179998,kucoin_legacy
1786947900,1900.54,1901.29,1900.37,1901.28,11.0152664,20934.206001101,kucoin_legacy
1786948200,1901.28,1901.67,1900.73,1901.43,33.4492788,63598.781446178,kucoin_legacy
1786948500,1901.62,1902.61,1901.62,1902.59,8.6157226,16387.863029108001,kucoin_legacy
1786948800,1902.58,1903.03,1902.58,1902.99,38.9529487,74124.868439967002,kucoin_legacy
1786949100,1903.14,1912.22,1903.02,1908.71,380.9807088,727264.315423637978,kucoin_legacy
1786949400,1908.71,1909.52,1905.84,1905.84,136.2688015,259988.169408755988,kucoin_legacy
1786949700,1905.84,1907.92,1905.6,1906.56,116.1605477,221563.262823780009,kucoin_legacy
1786950000,1906.92,1907.4,1902.98,1904.2,67.3924991,128403.723301873993,kucoin_legacy
1786950300,1904.36,1905.84,1904.36,1905.58,80.8901951,154108.414653626009,kucoin_legacy
1786950600,1905.77,1906.55,1903.91,1904.95,149.8479215,285545.25511143601,kucoin_legacy
1786950900,1904.87,1904.87,1902.51,1904.13,38.8813962,74011.705982447995,kucoin_legacy
1786951200,1904.14,1905.54,1904.14,1905.53,10.4710294,19944.671653925001,kucoin_legacy
1786951500,1905.53,1905.54,1904.53,1905.34,95.9254087,182735.725455614011,kucoin_legacy
1786951800,1905.16,1905.16,1902.77,1902.77,208.7101637,397239.921827871993,kucoin_legacy
1786952100,1902.77,1903.35,1902.3,1903.34,144.2588205,274457.51878626598,kucoin_legacy
1786952400,1903.29,1903.29,1902.27,1902.27,92.0206174,175085.099537249014,kucoin_legacy
1786952700,1902.28,1902.6,1902.01,1902.01,61.2748668,116556.806295475995,kucoin_legacy
1786953000,1902.02,1902.02,1901.09,1901.53,31.3672469,59645.541468369003,kucoin_legacy
1786953300,1901.53,1901.54,1900.55,1900.62,84.603864,160843.99398238599,kucoin_legacy
1786953600,1900.63,1901.47,1897.88,1898.05,243.7135986,462804.677082952985,kucoin_legacy
1786953900,1898.05,1898.37,1894.68,1895.67,218.7728281,414848.377165747981,kucoin_legacy
1786954200,1895.68,1895.89,1892.88,1895.54,121.3963518,230014.079363569006,kucoin_legacy
1786954500,1895.53,1896.48,1894.7,1895.52,263.3694095,499116.607030010025,kucoin_legacy
1786954800,1895.52,1895.52,1891.46,1893.34,238.5621148,451485.326275300991,kucoin_legacy
1786955100,1893.61,1895.23,1893.61,1895.23,118.9952692,225420.813518223993,kucoin_legacy
1786955400,1895.23,1895.55,1894.57,1894.63,97.2047785,184196.769867097988,kucoin_legacy
1786955700,1894.62,1894.62,1893.45,1893.45,15.2430152,28870.839823302998,kucoin_legacy
1786956000,1893.46,1893.83,1892.93,1893.31,84.429366,159842.563419290003,kucoin_legacy
1786956300,1893.31,1894.43,1893.22,1893.23,92.4533379,175091.411922828003,kucoin_legacy
1786956600,1893.23,1894.36,1891.72,1894.36,112.9547815,213793.457030499994,kucoin_legacy
1786956900,1894.07,1894.98,1893.25,1894.07,157.8783717,299069.357065117976,kucoin_legacy
1786957200,1894.07,1895.94,1893.76,1895.72,281.2887044,532975.526386630023,kucoin_legacy
1786957500,1895.71,1896.55,1895.71,1896.55,27.6369079,52403.291194641999,kucoin_legacy
1786957800,1896.55,1897.3,1896.26,1896.83,34.9503339,66285.883275183995,kucoin_legacy
1786958100,1896.73,1897.15,1895.16,1895.5,204.6249211,387978.879767151026,kucoin_legacy
1786958400,1895.5,1895.5,1893.65,1894.81,187.6118633,355432.954715884989,kucoin_legacy
1786958700,1895.02,1895.83,1895.02,1895.6,18.6835585,35416.936301474998,kucoin_legacy
1786959000,1895.53,1895.53,1893.46,1894.49,91.341836,173040.708988937986,kucoin_legacy
1786959300,1894.44,1894.66,1893.29,1893.29,41.9806956,79515.746892665993,kucoin_legacy
1786959600,1893.29,1893.94,1893.29,1893.53,14.8170584,28056.307606619001,kucoin_legacy
1786959900,1893.52,1893.75,1892.87,1893.26,12.9546201,24523.313354694001,kucoin_legacy
1786960200,1893.25,1894.09,1893.25,1893.54,24.5391311,46468.252022654,kucoin_legacy
1786960500,1893.54,1894.2,1893.51,1893.74,29.1917718,55277.713584283003,kucoin_legacy
1786960800,1893.75,1893.75,1893.52,1893.71,10.4892283,19862.739303245999,kucoin_legacy
1786961100,1893.71,1893.71,1892.43,1892.44,12.5976456,23846.205600728001,kucoin_legacy
1786961400,1892.44,1893.98,1892.43,1893.66,23.7178892,44895.184803873999,kucoin_legacy
1786961700,1893.65,1894,1892.23,1892.24,27.5561851,52153.976290156999,kucoin_legacy
1786962000,1892.24,1893.09,1892.01,1892.88,39.6625307,75070.094605624996,kucoin_legacy
1786962300,1892.89,1898.47,1892.71,1898.23,64.4093691,122020.478920808993,kucoin_legacy
1786962600,1898.24,1902.39,1898.11,1900.65,95.2286806,180912.193770373997,kucoin_legacy
1786962900,1900.99,1904.6,1900.76,1903.3,86.7843783,165136.797106879996,kucoin_legacy
1786963200,1903.29,1906.96,1903.04,1906.96,177.8052499,338664.834933331993,kucoin_legacy
1786963500,1906.95,1909.19,1905.44,1905.44,249.1666066,475153.614383372013,kucoin_legacy
1786963800,1905.56,1905.84,1904.86,1905.17,59.3988175,113173.495105231996,kucoin_legacy
1786964100,1905,1906.99,1904.6,1906.92,99.5911362,189765.542836773006,kucoin_legacy
1786964400,1906.92,1907.24,1906.17,1906.17,66.9577223,127656.114591809994,kucoin_legacy
1786964700,1906.1,1906.65,1905.55,1906.61,50.1148376,95525.708404781006,kucoin_legacy
1786965000,1905.96,1907.44,1905.96,1907.1,49.4027559,94209.713005882004,kucoin_legacy
1786965300,1906.29,1907.19,1905.43,1905.52,86.9849431,165791.951674842014,kucoin_legacy
1786965600,1905.52,1906.14,1905.02,1906.13,255.3182887,486589.399920915021,kucoin_legacy
1786965900,1906.13,1906.15,1905.38,1905.74,89.9513731,171426.409647555993,kucoin_legacy
1786966200,1905.74,1906.45,1905.61,1906.3,147.0005654,280219.365905941988,kucoin_legacy
1786966500,1905.8,1906.63,1905.23,1906.63,211.258569,402604.498033250973,kucoin_legacy
1786966800,1906.43,1906.64,1905.88,1905.88,21.0606956,40146.629606060997,kucoin_legacy
1786967100,1905.86,1908.43,1905.86,1906.83,50.1973302,95732.612620501997,kucoin_legacy
1786967400,1906.82,1906.82,1904.39,1905.59,164.5983294,313673.121005079011,kucoin_legacy
1786967700,1905.59,1905.59,1903.67,1904.3,277.5772343,528677.553612206946,kucoin_legacy
1786968000,1904.3,1906.49,1904.13,1904.32,82.3784875,156917.092767810012,kucoin_legacy
1786968300,1903.85,1904.25,1902.28,1903.35,76.4466407,145469.521987499,kucoin_legacy
1786968600,1903.36,1905.01,1903.25,1904.38,101.2747047,192855.133068344992,kucoin_legacy
1786968900,1904.38,1904.38,1901.87,1902.19,95.9473871,182568.220085748006,kucoin_legacy
1786969200,1902.19,1902.75,1901.95,1902.31,22.9774294,43714.380332362001,kucoin_legacy
1786969500,1901.91,1902.25,1898.37,1898.96,259.5863335,493162.546847389021,kucoin_legacy
1786969800,1898.96,1900.9,1898.96,1899.96,73.7064233,140031.85204345599,kucoin_legacy
1786970100,1900.42,1900.95,1897.65,1897.65,38.6572999,73428.976126466005,kucoin_legacy
1786970400,1897.64,1899.27,1896.56,1898.28,173.999733202985,330224.450648943195,kucoin_legacy
1786970700,1898.29,1899.34,1898.29,1898.58,80.4941338,152832.218092460011,kucoin_legacy
1786971000,1898.57,1898.62,1897.7,1898.43,59.7692986,113462.692492728995,kucoin_legacy
1786971300,1898.44,1900.16,1898.43,1898.93,59.1482531,112339.462955769995,kucoin_legacy
1786971600,1898.94,1899.21,1897.65,1898.4,53.2403558,101098.064218155007,kucoin_legacy
1786971900,1898.47,1900.23,1898.35,1899.98,17.3288957,32907.459257538998,kucoin_legacy
1786972200,1899.98,1900.32,1898.8,1899.08,23.235178,44132.078067096001,kucoin_legacy
1786972500,1898.83,1898.83,1896.5,1896.81,125.0977178,237326.200438360014,kucoin_legacy
1786972800,1896.81,1897.86,1896.8,1896.83,30.9996938,58815.029883593998,kucoin_legacy
1786973100,1896.83,1898.35,1896.04,1898.35,166.9659065,316735.566132061998,kucoin_legacy
1786973400,1898.35,1907.24,1897.17,1905.61,276.3690953,526054.661694367998,kucoin_legacy
1786973700,1905.17,1907.91,1904.21,1904.71,46.4392158,88492.903633488997,kucoin_legacy
1786974000,1905.21,1909.2,1904.33,1904.33,92.4645006,176351.592078913003,kucoin_legacy
1786974300,1904.32,1907.1,1902.4,1907.1,32.2178294,61355.987210086001,kucoin_legacy
1786974600,1907.1,1907.62,1903.98,1904.08,72.3825372,137913.483649953007,kucoin_legacy
1786975200,1904.73,1904.99,1901.19,1901.9,38.4852191,73215.441999525006,kucoin_legacy
1786975500,1901.44,1902.29,1899.44,1902.29,43.5879296,82858.811171314999,kucoin_legacy
1786975800,1902.52,1904.17,1901.29,1901.86,78.9306367,150190.752559668996,kucoin_legacy
1786976100,1902.05,1903.7,1899.71,1901.54,105.7280621,201013.509969180013,kucoin_legacy
1786976400,1901.2,1901.52,1898.64,1900.39,89.0373368,169203.838252410991,kucoin_legacy
1786976700,1900.43,1900.44,1898.58,1899.83,44.7355062,84971.101123979999,kucoin_legacy
1786977000,1899.67,1902.46,1898.39,1901.96,32.0752762,60958.452897417003,kucoin_legacy
1786977300,1901.95,1901.95,1900.1,1900.51,9.9417861,18900.358010761,kucoin_legacy
1786977600,1900.5,1901.61,1900.5,1901.29,13.1377775,24977.085691644999,kucoin_legacy
1786977900,1901.07,1905.72,1900.77,1905.72,104.3757626,198552.307851104997,kucoin_legacy
1786978200,1905.62,1910.21,1905.62,1906.25,70.0262368,133613.783789164008,kucoin_legacy
1786978500,1906.3,1910.47,1906.3,1909.51,110.1415043,210294.521406729007,kucoin_legacy
1786978800,1909.43,1909.62,1906.57,1907.4,138.5143349,264282.1799627,kucoin_legacy
1786979100,1907.4,1908.97,1905.75,1907.59,87.6795031,167234.153222419001,kucoin_legacy
1786979400,1907.6,1908.91,1904.7,1904.87,105.21087,200669.707064015995,kucoin_legacy
1786979700,1904.72,1906.44,1904.67,1904.81,45.9673106,87581.700363288997,kucoin_legacy
1786980000,1904.81,1905.52,1904.59,1905.51,43.2258095,82345.563278304006,kucoin_legacy
1786980300,1905.71,1910.62,1905.71,1909.4,165.4847677,315907.061061000975,kucoin_legacy
1786980600,1909.42,1910.04,1907.05,1907.35,63.8346021,121807.165481482996,kucoin_legacy
1786980900,1907.35,1909.74,1907.35,1908.06,23.4402412,44734.773612985002,kucoin_legacy
1786981200,1907.93,1910.53,1907.81,1909.49,106.0877265,202505.244216546009,kucoin_legacy
1786981500,1909.49,1913.18,1909.22,1911.2,179.9764522,344097.235910478979,kucoin_legacy
1786981800,1911.17,1915.42,1910.6,1914.8,226.2890796,433029.281705177971,kucoin_legacy
1786982100,1914.5,1914.5,1911.69,1913.14,52.9896939,101353.707211596004,kucoin_legacy
1786982400,1913.46,1913.87,1909.87,1910.68,81.8187289,156423.839311637013,kucoin_legacy
1786982700,1911.08,1911.55,1910.04,1910.04,39.5654054,75606.442538869,kucoin_legacy
1786983000,1910.04,1910.04,1908.32,1909.14,48.4655538,92525.777376501996,kucoin_legacy
1786983300,1909.13,1909.56,1908.57,1909.02,54.8548259,104720.936637627005,kucoin_legacy
1786983600,1909.35,1910.63,1909.01,1909.02,15.913985,30387.769190365001,kucoin_legacy
1786983900,1909.02,1909.22,1908.09,1908.19,11.6175736,22173.461326861001,kucoin_legacy
1786984200,1908.19,1909.36,1908.09,1909.35,16.4119355,31325.402422185001,kucoin_legacy
1786984500,1909.24,1910.35,1908.71,1910.35,19.8408988,37888.489412718998,kucoin_legacy
1786984800,1910.35,1910.9,1907.63,1907.63,137.3451918,262226.597606002993,kucoin_legacy
1786985100,1907.6,1909.01,1907.02,1909.01,168.7588752,321913.894772260974,kucoin_legacy
1786985400,1909,1909,1905.41,1905.41,36.851134,70262.618579406,kucoin_legacy
1786985700,1905.41,1907.49,1905.4,1907.11,49.8064327,94951.714158118994,kucoin_legacy
1786986000,1907.11,1907.11,1906.22,1906.22,36.960758,70477.264088829994,kucoin_legacy
1786986300,1905.64,1906.57,1905.64,1906.46,21.0470418,40123.364720591002,kucoin_legacy
1786986600,1906.07,1906.61,1905.02,1905.05,25.810917,49185.305800153998,kucoin_legacy
1786986900,1905.05,1911.56,1904.83,1910.5,145.8152347,278424.038281847024,kucoin_legacy
1786987200,1910.49,1914.27,1910.49,1911.91,95.9048658,183438.903560451989,kucoin_legacy
1786987500,1911.95,1911.95,1908.5,1908.61,129.8343274,248087.414270498994,kucoin_legacy
1786987800,1908.41,1908.61,1906.51,1907.56,41.9247928,79975.517817781001,kucoin_legacy
1786988100,1907,1909.47,1904.44,1908.31,112.2846636,214090.709044613002,kucoin_legacy
1786988400,1908.38,1909.16,1907.74,1907.79,22.9849094,43863.658335890999,kucoin_legacy
1786988700,1907.88,1909.42,1907.88,1908.53,28.7587327,54885.745866126999,kucoin_legacy
1786989000,1908.76,1909.21,1908.28,1909.07,53.5406809,102196.612501853,kucoin_legacy
1786989300,1908.85,1909.42,1908.78,1908.8,33.3536552,63675.286194432003,kucoin_legacy
1786989600,1908.3,1909.13,1907.7,1909.02,72.3854142,138124.573319874995,kucoin_legacy
1786989900,1909.01,1909.09,1907.28,1907.28,20.2845827,38704.444243323996,kucoin_legacy
1786990200,1907.46,1909.74,1907.23,1908.69,22.7480716,43412.227058244003,kucoin_legacy
1786990500,1908.7,1911.6,1908.47,1909.71,104.6764599,199969.409533750993,kucoin_legacy
1786990800,1909.7,1912.98,1909.02,1911.01,189.4431181,362057.623410035972,kucoin_legacy
1786991100,1911.01,1911.84,1909.9,1910.3,72.1861121,137932.460978677002,kucoin_legacy
1786991400,1910.85,1910.85,1908.55,1909.56,36.418578,69539.493258282993,kucoin_legacy
1786991700,1909.21,1911.06,1909.21,1909.54,20.7948765,39715.382351316999,kucoin_legacy
1786992000,1909.42,1910.72,1909.14,1910.72,57.6337039,110063.148957767,kucoin_legacy
1786992300,1910.71,1910.71,1909.12,1909.98,41.5451109,79353.309547705998,kucoin_legacy
1786992600,1909.98,1911.52,1909.67,1909.88,149.7972727,286157.895484686014,kucoin_legacy
1786992900,1910.2,1910.59,1909.45,1909.83,57.0108974,108899.146803074997,kucoin_legacy
1786993200,1909.69,1909.69,1907.01,1907.87,77.8658563,148543.780751415004,kucoin_legacy
1786993500,1907.87,1909.92,1907.87,1909.43,23.5845492,45032.136430125996,kucoin_legacy
1786993800,1909.36,1909.36,1907,1907,31.2017633,59544.241888452998,kucoin_legacy
1786994100,1907,1908.55,1907,1907,41.1009103,78407.287969892001,kucoin_legacy
1786994400,1907,1908.43,1906.53,1907.94,131.9088071,251551.805679599987,kucoin_legacy
1786994700,1908.06,1910.4,1908.06,1910.03,10.2227825,19516.804663946001,kucoin_legacy
1786995000,1909.03,1909.39,1907.71,1907.87,24.3098804,46396.696587238002,kucoin_legacy
1786995300,1907.87,1910.45,1907.64,1910.27,44.8608757,85629.073403834002,kucoin_legacy
1786995600,1910.27,1910.8,1909.21,1909.49,15.0927088,28828.810743515998,kucoin_legacy
1786995900,1909.48,1909.48,1908.83,1908.83,12.4744893,23815.958629474,kucoin_legacy
1786996200,1908.68,1908.72,1907.84,1907.93,18.5290689,35356.314437583998,kucoin_legacy
1786996500,1907.93,1908.04,1907.27,1907.35,40.524149,77310.330074972997,kucoin_legacy
1786996800,1907.19,1907.3,1906.15,1906.54,39.8353853,75955.742246559006,kucoin_legacy
1786997100,1906.55,1906.55,1905.93,1906.4,7.5431774,14379.665731501,kucoin_legacy
1786997400,1906.3,1906.75,1906,1906.5,52.755011,100561.972641358996,kucoin_legacy
1786997700,1906.34,1906.34,1904.86,1905.34,36.1148032,68832.796109142,kucoin_legacy
1786998000,1905.24,1907.08,1904.92,1907.08,92.9525152,177110.000109103014,kucoin_legacy
1786998300,1907.18,1909.04,1906.79,1908.62,24.6266013,46975.571400916997,kucoin_legacy
1786998600,1908.62,1908.84,1907.39,1907.8,45.2738532,86378.233023918001,kucoin_legacy
1786998900,1907.8,1908.39,1906.94,1907.44,38.6378134,73699.233547947006,kucoin_legacy
1786999200,1907.44,1910.47,1907.44,1910.47,111.7930088,213495.090695251012,kucoin_legacy
1786999500,1910.48,1910.49,1907.7,1907.97,113.8675775,217429.871190253005,kucoin_legacy
1786999800,1907.85,1907.85,1905.15,1905.96,123.5225475,235491.170318154007,kucoin_legacy
1787000100,1905.58,1907.12,1905.58,1906.65,74.5659938,142169.029478453012,kucoin_legacy
1787000400,1906.66,1907.78,1906.31,1907.65,68.6079334,130832.503250112,kucoin_legacy
1787000700,1907.65,1908.27,1907.64,1908.07,94.0666714,179464.775984175008,kucoin_legacy
1787001000,1908.7,1908.71,1907.17,1908.09,132.1054246,252012.822263303009,kucoin_legacy
1787001300,1908.05,1909.29,1907.25,1907.63,185.9679009,354946.194611485,kucoin_legacy
1787001600,1907.63,1907.63,1906.1,1906.65,66.2506234,126311.763999898001,kucoin_legacy
1787001900,1906.65,1907.27,1906.26,1906.28,102.7605456,195954.976054814004,kucoin_legacy
1787002200,1906.27,1907.68,1906.09,1907.19,38.4099814,73253.315754886004,kucoin_legacy
1787002500,1907.17,1907.17,1906.09,1906.75,29.0386642,55369.762136243997,kucoin_legacy
1787002800,1906.26,1907.36,1906,1906.36,23.4286715,44663.472748380002,kucoin_legacy
1787003100,1906.35,1906.72,1906.11,1906.26,13.5540786,25840.474347750998,kucoin_legacy
1787003400,1906.26,1907.08,1906.26,1906.4,17.8548262,34045.016317082001,kucoin_legacy
1787003700,1906.18,1907.07,1906.18,1906.34,26.4587785,50443.556847296,kucoin_legacy
1787004000,1906.6,1908.07,1906.37,1906.73,19.3539744,36908.136579849001,kucoin_legacy
1787004300,1906.36,1906.94,1905.81,1905.81,59.1021017,112686.432710306006,kucoin_legacy
1787004600,1905.81,1905.91,1905.28,1905.44,12.9969198,24767.900677415,kucoin_legacy
1787004900,1905.45,1905.45,1904.15,1904.15,47.8183501,91083.090847247993,kucoin_legacy
1787005200,1904.15,1906.11,1903.72,1905.62,47.7425032,90928.615049379005,kucoin_legacy
1787005500,1905.61,1905.61,1904.39,1904.4,11.0741736,21091.34321504,kucoin_legacy
1787005800,1904.2,1904.24,1903.79,1904.03,12.3038548,23426.235092846,kucoin_legacy
1787006100,1904.11,1905.28,1903.89,1904.31,23.2874269,44347.040946230998,kucoin_legacy
1787006400,1904.3,1904.67,1904.24,1904.58,16.973815,32327.127766154001,kucoin_legacy
1787006700,1904.59,1904.8,1904.51,1904.51,18.9406157,36075.859128267999,kucoin_legacy
1787007000,1904.48,1904.94,1904.3,1904.47,14.8969054,28372.469236361001,kucoin_legacy
1787007300,1904.61,1904.61,1904.4,1904.41,5.9763279,11381.985097487999,kucoin_legacy
1787007600,1904.41,1905.07,1904.03,1904.85,76.5402931,145760.760380107007,kucoin_legacy
1787007900,1904.85,1906.69,1904.84,1906.69,18.8136954,35855.833681766999,kucoin_legacy
1787008200,1906.96,1908.53,1906.92,1908.04,63.4220577,120980.515722153999,kucoin_legacy
1787008500,1908.04,1910.61,1908.04,1910.44,27.3817413,52290.563221743003,kucoin_legacy
1787008800,1910.38,1911.75,1910.29,1911.47,23.2171579,44357.824868306001,kucoin_legacy
1787009100,1911.96,1915.51,1911.96,1915.51,68.1950279,130517.058864817998,kucoin_legacy
1787009400,1915.51,1918.74,1914.08,1917.95,226.6402999,434461.95442917099,kucoin_legacy
1787009700,1917.83,1917.83,1914.65,1914.65,33.6563011,64466.466163206002,kucoin_legacy
1787010000,1914.65,1914.66,1912.51,1912.51,83.2809056,159340.234781484003,kucoin_legacy
1787010300,1912.51,1914.39,1912.51,1914.3,30.8903889,59125.223361263998,kucoin_legacy
1787010600,1914.47,1914.47,1913.42,1913.76,5.1531019,9862.75745365,kucoin_legacy
1787010900,1913.73,1914.21,1912.38,1913.54,13.9494421,26691.133042083002,kucoin_legacy
1787011200,1913.54,1914.4,1911.42,1911.79,93.1657358,178177.637983023014,kucoin_legacy
1787011500,1911.94,1911.94,1910.39,1910.63,18.0976522,34586.839514009996,kucoin_legacy
1787011800,1910.63,1910.83,1910.28,1910.83,27.0436799,51664.540855833002,kucoin_legacy
1787012100,1910.83,1912.76,1910.78,1911.64,38.4341955,73471.282540808999,kucoin_legacy
1787012400,1911.14,1913.11,1911,1911.86,50.2312882,96009.476101228007,kucoin_legacy
1787012700,1911.27,1912.46,1911.27,1911.98,7.0187217,13419.336521286001,kucoin_legacy
1787013000,1912.1,1912.1,1910.7,1911.31,8.9171809,17041.493026643999,kucoin_legacy
1787013300,1910.96,1911.22,1909.68,1909.68,18.5326831,35415.596538881997,kucoin_legacy
1787013600,1909.68,1910.12,1908.67,1909.99,23.7514936,45356.553250211,kucoin_legacy
1787013900,1909.99,1910,1909.26,1909.68,11.7244429,22389.344068677001,kucoin_legacy
1787014200,1909.32,1910.27,1909.32,1909.86,6.2470787,11930.094291150999,kucoin_legacy
1787014500,1909.27,1909.7,1908.97,1909.69,29.6840773,56681.328457620002,kucoin_legacy
1787014800,1910.06,1910.27,1908.24,1908.35,57.3524057,109530.003700079993,kucoin_legacy
1787015100,1908.29,1908.33,1906.75,1906.75,46.0144202,87790.167840929003,kucoin_legacy
1787015400,1907.05,1908.66,1906.2,1908.14,41.352789,78890.784692079993,kucoin_legacy
1787015700,1908.15,1908.47,1907,1907.11,15.1359108,28871.610895674999,kucoin_legacy
1787016000,1907.41,1907.91,1907.21,1907.89,15.4117631,29396.359818280998,kucoin_legacy
1787016300,1907.88,1907.88,1906.87,1907.06,2.8869489,5506.262160661,kucoin_legacy
1787016600,1907.32,1907.8,1907.01,1907.29,18.0532756,34434.623437470997,kucoin_legacy
1787016900,1907.29,1907.29,1906.65,1906.72,1.8372656,3503.612468287,kucoin_legacy
1787017200,1906.72,1906.72,1904,1905.18,73.3594335,139774.897493486002,kucoin_legacy
1787017500,1905.17,1905.17,1902.09,1903.08,101.1622154,192537.448819807003,kucoin_legacy
1787017800,1903.58,1903.58,1899.91,1900.2,212.5202659,404082.842565984,kucoin_legacy
1787018100,1900.7,1901.31,1899.79,1901.31,77.9818864,148205.977702234988,kucoin_legacy
1787018400,1901.59,1902.26,1900.72,1901.52,83.1304613,158110.322992320987,kucoin_legacy
1787018700,1901.52,1903.5,1901.52,1902.16,18.2100519,34648.668748017997,kucoin_legacy
1787019000,1902.16,1902.16,1899.8,1899.93,63.2911537,120277.671005694006,kucoin_legacy
1787019300,1899.84,1900.04,1899.01,1900,76.1399478,144627.015257613995,kucoin_legacy
1787019600,1900,1900.66,1900,1900.18,18.9172338,35947.290356935999,kucoin_legacy
1787019900,1899.7,1899.71,1897.78,1898.13,55.1377214,104689.518618340997,kucoin_legacy
1787020200,1897.84,1897.84,1896.31,1897.08,40.607472,77031.131761049997,kucoin_legacy
1787020500,1896.88,1898.22,1896.3,1897.85,24.8663159,47175.074726156003,kucoin_legacy
1787020800,1898.22,1898.23,1894.38,1894.71,162.100117,307352.766851363995,kucoin_legacy
1787021100,1894.71,1895.98,1889.77,1895.98,283.8651736,537341.695922854007,kucoin_legacy
1787021400,1895.91,1896.6,1894.44,1894.57,55.9099038,105975.538452260997,kucoin_legacy
1787021700,1894.76,1894.76,1891.14,1893.27,79.5351236,150500.839857254003,kucoin_legacy
1787022000,1893.27,1895.31,1892.7,1893.66,69.807667,132227.499678538996,kucoin_legacy
1787022300,1893.59,1894.32,1893.05,1893.12,15.1483774,28686.857034000001,kucoin_legacy
1787022600,1893.11,1893.2,1891.75,1891.86,18.9805921,35917.110789494,kucoin_legacy
1787022900,1892.11,1893.99,1891.95,1893.97,25.1243075,47562.890155898996,kucoin_legacy
1787023200,1893.92,1893.92,1889.41,1890.44,127.6393647,241296.580546298996,kucoin_legacy
1787023500,1890.56,1891.4,1890.56,1890.96,62.5948643,118370.340005862003,kucoin_legacy
1787023800,1891.1,1891.1,1885.75,1888.67,242.0048635,456874.544593430997,kucoin_legacy
1787024100,1888.48,1893.77,1888.15,1893.43,126.3556983,238961.098028654,kucoin_legacy
1787024400,1893.23,1895.66,1893.1,1895.66,51.9757701,98443.016426923001,kucoin_legacy
1787024700,1895.66,1895.66,1893.75,1894.58,118.6779634,224861.250946779008,kucoin_legacy
1787025000,1894.45,1895.22,1894,1894.72,104.0704015,197182.161113042006,kucoin_legacy
1787025300,1894.71,1894.79,1894.32,1894.69,40.1428389,76051.022950207,kucoin_legacy
1787025600,1894.54,1894.54,1891.61,1892.39,67.607123,127952.718756275004,kucoin_legacy
1787025900,1892.62,1894.3,1892.62,1894.21,24.8846609,47120.260855043998,kucoin_legacy
1787026200,1894.14,1895.48,1894.14,1895.48,16.8747188,31979.006968698999,kucoin_legacy
1787026500,1895.12,1895.12,1894.06,1894.07,2.9232098,5539.368694626,kucoin_legacy
1787026800,1894.06,1894.61,1894.06,1894.27,5.6435934,10690.201555906,kucoin_legacy
1787027100,1894.27,1894.95,1894.05,1894.95,6.6252793,12550.111785659999,kucoin_legacy
1787027400,1895.23,1897.1,1894.95,1896.77,21.7512208,41245.557455016002,kucoin_legacy
1787027700,1896.78,1897.36,1896.56,1896.56,41.7513806,79204.931107433993,kucoin_legacy
1787028000,1896.53,1897.39,1896.52,1896.88,6.1533539,11673.810695147,kucoin_legacy
1787028300,1897.16,1897.64,1895.87,1895.87,4.4113741,8367.540108646999,kucoin_legacy
1787028600,1896,1896.87,1895.98,1896.87,13.3407175,25300.118194183,kucoin_legacy
1787028900,1896.85,1897.14,1896.64,1896.65,0.7621689,1445.671386154,kucoin_legacy
1787029200,1896.65,1896.65,1895.31,1896.53,27.5974168,52326.983371021,kucoin_legacy
1787029500,1896.76,1898.64,1896.51,1898.64,34.8855851,66203.267351991002,kucoin_legacy
1787029800,1898.64,1898.64,1897.23,1897.56,56.8367957,107875.290776505994,kucoin_legacy
1787030100,1897.57,1898.36,1897.02,1897.68,35.9669808,68247.566786669006,kucoin_legacy
1787030400,1897.93,1897.98,1895.99,1895.99,12.2415882,23219.600411652002,kucoin_legacy
1787030700,1896.06,1896.48,1896.01,1896.38,10.2539275,19442.721094678,kucoin_legacy
1787031000,1896.03,1896.03,1894.39,1894.39,99.33018789,188223.353989303199,kucoin_legacy
1787031300,1894.39,1894.62,1892.7,1894.02,56.603468,107179.438875496999,kucoin_legacy
1787031600,1894.39,1896.95,1894.39,1896.82,18.3171354,34724.434871154997,kucoin_legacy
1787031900,1896.77,1896.77,1895.28,1896,31.5922603,59886.908788526998,kucoin_legacy
1787032200,1896,1896.62,1894.95,1896.5,29.1450196,55244.267077445002,kucoin_legacy
1787032500,1896.5,1896.5,1895.57,1895.63,35.9828182,68216.611550464993,kucoin_legacy
1787032800,1895.2,1895.3,1893.96,1894.33,42.541804,80603.106846776995,kucoin_legacy
1787033100,1894.42,1895.09,1893.54,1895.09,355.1372849,672684.164180630003,kucoin_legacy
1787033400,1895.3,1897.19,1895.02,1896.26,30.5960093,58027.626531394002,kucoin_legacy
1787033700,1896.26,1898.65,1896.26,1897.44,54.5680717,103544.246265077003,kucoin_legacy
1787034000,1897.33,1899.98,1897.33,1899.94,16.987211,32247.707571617,kucoin_legacy
1787034300,1899.95,1900.59,1899.4,1899.99,28.3252317,53814.146357691003,kucoin_legacy
1787034600,1900.15,1902.7,1900.15,1901.16,171.9630238,326995.135043762974,kucoin_legacy
1787034900,1901,1903.29,1900.99,1903.2,36.8019001,70012.947475082998,kucoin_legacy
1787035200,1903.17,1906.58,1902.9,1905.4,254.1105656,484024.022563896026,kucoin_legacy
1787035500,1905.41,1906.06,1902.86,1902.86,147.886392,281689.103071013989,kucoin_legacy
1787035800,1902.98,1902.98,1901.94,1901.94,36.0160071,68514.872498433993,kucoin_legacy
1787036100,1901.94,1902.87,1901.01,1902.69,20.6595998,39284.218214073997,kucoin_legacy
1787036400,1902.8,1903.1,1901.36,1902.25,37.9635264,72221.641981976994,kucoin_legacy
1787036700,1902.42,1902.68,1902.08,1902.22,59.7689301,113707.407481928996,kucoin_legacy
1787037000,1902.23,1902.38,1901.76,1902.37,27.2711947,51871.597336295999,kucoin_legacy
1787037300,1902.32,1902.69,1901.73,1901.87,29.9333547,56939.295918827003,kucoin_legacy
1787037600,1901.8,1901.8,1900.8,1900.9,38.4598392,73115.871587895002,kucoin_legacy
1787037900,1900.9,1900.91,1899.35,1899.35,40.9932852,77891.265282519002,kucoin_legacy
1787038200,1899.34,1900.55,1898.84,1899.54,96.6195308,183540.37292692301,kucoin_legacy
1787038500,1899.53,1902.2,1899.49,1900.75,52.8270617,100433.040316016006,kucoin_legacy
1787038800,1900.74,1901.31,1900.22,1900.22,19.0605119,36230.924688070001,kucoin_legacy
1787039100,1900.22,1900.22,1897.44,1897.44,45.5557338,86511.046884737007,kucoin_legacy
1787039400,1897.33,1898.77,1897,1898.13,62.730644,119037.905467382006,kucoin_legacy
1787039700,1898.13,1898.87,1897.92,1898.48,128.2796848,243546.097239477007,kucoin_legacy
1787040000,1898.48,1898.73,1896.18,1896.47,125.6546267,238404.937158357992,kucoin_legacy
1787040300,1896.26,1896.26,1893.68,1895.44,212.7619917,403169.369179073023,kucoin_legacy
1787040600,1895.43,1897.14,1894.78,1896.93,44.6992415,84748.864614381993,kucoin_legacy
1787040900,1896.94,1900.27,1896.94,1900.26,91.1277807,173038.189298479992,kucoin_legacy
1787041200,1900.26,1900.26,1897.1,1897.41,55.3684665,105098.404672253004,kucoin_legacy
1787041500,1897.58,1899.04,1897.33,1897.76,37.5413065,71255.481393687995,kucoin_legacy
1787041800,1897.76,1899.23,1897.38,1898.94,28.7831147,54642.766262632002,kucoin_legacy
1787042100,1899.1,1901.74,1899.1,1901.4,66.243207,125897.522722301001,kucoin_legacy
1787042400,1901.14,1901.14,1899.83,1899.85,47.0554202,89428.840396713,kucoin_legacy
1787042700,1899.94,1899.94,1898.06,1898.46,30.3208039,57578.138593490999,kucoin_legacy
1787043000,1898.46,1900.06,1898.13,1899.89,93.840393,178218.904788064014,kucoin_legacy
1787043300,1899.74,1900.3,1899.6,1900.23,15.7214045,29866.372796411,kucoin_legacy
1787043600,1900.03,1900.03,1898.69,1898.9,29.7095062,56431.016578228999,kucoin_legacy
1787043900,1898.89,1899.04,1898.12,1898.52,37.7791475,71732.823673128005,kucoin_legacy
1787044200,1898.52,1899.03,1898.52,1898.81,58.6493573,111370.643049474995,kucoin_legacy
1787044500,1898.81,1898.97,1896.79,1896.79,87.8154773,166648.160721071996,kucoin_legacy
1787044800,1896.72,1896.96,1895.9,1895.9,24.5002064,46468.119669558,kucoin_legacy
1787045100,1895.91,1896.52,1895.56,1896.3,18.9394004,35913.419678771003,kucoin_legacy
1787045400,1896.3,1897.12,1895.88,1897.12,40.120774,76080.792073309,kucoin_legacy
1787045700,1897.12,1897.65,1896.45,1896.66,36.6826474,69583.259662190001,kucoin_legacy
1787046000,1896.66,1897.33,1895.84,1896.5,83.4506392,158251.093018623011,kucoin_legacy
1787046300,1896.43,1897.43,1895.88,1896.78,34.5861874,65589.596858215999,kucoin_legacy
1787046600,1896.78,1897.1,1895.93,1896.79,33.924136,64324.813468899003,kucoin_legacy
1787046900,1896.78,1897.07,1896.78,1896.8,18.0496344,34239.338051985003,kucoin_legacy
1787047200,1896.68,1898.25,1895.64,1898.09,72.5310187,137578.872366644995,kucoin_legacy
1787047500,1897.87,1897.87,1895.57,1896.2,317.8628913,602705.240693522035,kucoin_legacy
1787047800,1896.19,1896.19,1894.91,1895.85,26.6676819,50548.731521982001,kucoin_legacy
1787048100,1895.86,1897.29,1895.86,1896.67,286.6832286,543716.217811106006,kucoin_legacy
1787048400,1896.59,1896.63,1895.31,1896.17,211.8648279,401737.074380556005,kucoin_legacy
1787048700,1896.16,1896.79,1896.12,1896.79,17.7098587,33585.393124228998,kucoin_legacy
1787049000,1896.78,1897.67,1896.78,1897.53,10.7133982,20328.029917136999,kucoin_legacy
1787049300,1897.53,1899.05,1897.52,1898.34,42.8637674,81364.809375248005,kucoin_legacy
1787049600,1898.15,1898.15,1896.99,1897.29,191.2228753,362842.078166000021,kucoin_legacy
1787049900,1897.29,1898.01,1897.28,1897.92,25.5948085,48571.444571041997,kucoin_legacy
1787050200,1897.93,1897.93,1897.9,1897.9,17.9803302,34124.996234124999,kucoin_legacy
1787050500,1897.91,1898.29,1897.91,1898.05,26.6356165,50560.122296264999,kucoin_legacy
1787050800,1897.91,1900.83,1897.39,1899.8,165.1599974,313820.663688305998,kucoin_legacy
1787051100,1899.8,1900.2,1898.99,1900.2,22.7832605,43273.778420526003,kucoin_legacy
1787051400,1900.21,1901.87,1900.2,1901.86,71.3388148,135625.49438145099,kucoin_legacy
1787051700,1901.91,1903.47,1901.91,1903.07,87.3088326,166145.384861214989,kucoin_legacy
1787052000,1903.07,1904.95,1903.07,1904.85,189.9048013,361552.425932109996,kucoin_legacy
1787052300,1904.85,1905.65,1904.63,1905.04,32.4132994,61748.207332680999,kucoin_legacy
1787052600,1904.97,1904.97,1903.81,1904.2,27.4837628,52335.378795862001,kucoin_legacy
1787052900,1904.13,1904.19,1903.94,1904.14,17.2318066,32811.601367907999,kucoin_legacy
1787053200,1904.15,1905.19,1904.14,1904.53,13.7603964,26209.230700985001,kucoin_legacy
1787053500,1904.49,1905.03,1903.64,1903.85,19.7881622,37685.216628749004,kucoin_legacy
1787053800,1903.99,1904.04,1902.91,1903.03,36.8600461,70157.218161119003,kucoin_legacy
1787054100,1903.21,1903.21,1902.8,1903.1,42.8727729,81590.407551279,kucoin_legacy
1787054400,1902.96,1902.96,1901.74,1902.68,23.3329746,44390.824347734,kucoin_legacy
1787054700,1902.68,1904.18,1901.52,1901.7,37.0077436,70417.771300474997,kucoin_legacy
1787055000,1901.44,1901.67,1900.99,1901.49,63.2088791,120188.606263067995,kucoin_legacy
1787055300,1901.49,1901.49,1895.69,1900.62,279.1984891,530373.401116727968,kucoin_legacy
1787055600,1900.62,1902.43,1900.62,1901.46,43.7763238,83264.505550083006,kucoin_legacy
1787055900,1901.31,1901.52,1901.08,1901.11,200.9200727,381986.947979248012,kucoin_legacy
1787056200,1901.11,1901.47,1899.99,1901.45,131.1193897,249237.025519674004,kucoin_legacy
1787056500,1901.45,1901.61,1900.16,1900.38,47.5249322,90322.159592829994,kucoin_legacy
1787056800,1900.37,1900.5,1899.24,1899.46,51.9073328,98623.854256776001,kucoin_legacy
1787057100,1899.45,1900.15,1898.73,1900,137.0243991,260259.725331864989,kucoin_legacy
1787057400,1900.01,1900.71,1900.01,1900.1,11.6561596,22153.628707668999,kucoin_legacy
1787057700,1899.97,1899.97,1899.28,1899.28,80.9992205,153863.922263913992,kucoin_legacy
1787058000,1899.28,1899.28,1896.95,1897.57,142.1670239,269817.457398761995,kucoin_legacy
1787058300,1897.58,1897.86,1897.44,1897.54,47.2516573,89666.307008969001,kucoin_legacy
1787058600,1897.53,1898.37,1897.53,1897.95,27.057652,51352.628352059,kucoin_legacy
1787058900,1897.95,1897.95,1896.89,1897.36,41.8405506,79383.869538996994,kucoin_legacy
1787059200,1897.37,1897.37,1896.07,1896.62,46.6193412,88416.308237036996,kucoin_legacy
1787059500,1896.35,1896.99,1895.5,1895.62,56.1201728,106412.550739686994,kucoin_legacy
1787059800,1896.13,1898.47,1893.92,1895.57,203.8547588,386443.367982843018,kucoin_legacy
1787060100,1895.84,1899.46,1893.92,1899.46,99.4828393,188603.968697081989,kucoin_legacy
1787060400,1899.71,1899.72,1896.59,1896.89,64.6474882,122710.207548406994,kucoin_legacy
1787060700,1897.23,1899.08,1896.33,1898.09,27.6064054,52376.853624219002,kucoin_legacy
1787061000,1898.1,1900.1,1895.06,1895.43,60.6064253,114965.56725968,kucoin_legacy
1787061300,1895.48,1898.01,1894.69,1897.91,34.2893246,65036.920076666996,kucoin_legacy
1787061600,1898.01,1902.17,1897.68,1901.98,42.1007807,80005.557200759999,kucoin_legacy
1787061900,1902.04,1902.07,1899.23,1899.23,66.9590615,127269.015996903996,kucoin_legacy
1787062200,1898.84,1898.84,1897.75,1897.96,45.8680318,87069.945906666995,kucoin_legacy
1787062500,1897.99,1903.13,1897.33,1902.81,80.1360172,152189.605663433002,kucoin_legacy
1787062800,1902.67,1909.44,1902.31,1909.11,259.4405092,494664.776734728017,kucoin_legacy
1787063100,1909.31,1919.59,1909.25,1918.38,428.4099953,820252.070485683973,kucoin_legacy
1787063400,1917.86,1922.71,1914.31,1914.49,398.79004270647,764810.880703950534,kucoin_legacy
1787063700,1914.51,1915.5,1912.14,1912.53,140.3410313,268550.883741803002,kucoin_legacy
1787064000,1912.97,1915.24,1911.14,1912.46,93.034698,178026.37796810799,kucoin_legacy
1787064300,1912.11,1914.19,1911.93,1914.18,194.5791643,372180.828742514015,kucoin_legacy
1787064600,1914.37,1915.57,1909.21,1912.42,106.0806332,202744.918308713008,kucoin_legacy
1787064900,1912.42,1912.97,1910.92,1911.07,121.8671798,232976.034763890988,kucoin_legacy
1787065200,1911.08,1916.87,1911.08,1915.51,193.8985322,371301.036813954008,kucoin_legacy
1787065500,1915.91,1915.91,1910.29,1910.45,171.2022662,327693.989910102973,kucoin_legacy
1787065800,1910.45,1913.57,1908.45,1912.84,185.1419671,353878.544841336028,kucoin_legacy
1787066100,1912.34,1915.09,1912.34,1914.52,118.1423629,226098.377842682006,kucoin_legacy
1787066400,1914.37,1915.49,1912.78,1913.95,63.5671738,121672.352914959003,kucoin_legacy
1787066700,1913.99,1917.1,1913.14,1915.99,215.1448382,412011.401053800015,kucoin_legacy
1787067000,1915.84,1918.34,1915.47,1918.24,175.9761104,337384.191122483986,kucoin_legacy
1787067300,1918.44,1919.48,1917.25,1917.78,65.8214555,126267.869632250993,kucoin_legacy
1787067600,1917.64,1918.74,1917.02,1917.02,58.8751887,112919.421700089006,kucoin_legacy
1787067900,1917.02,1918.59,1915.8,1915.8,41.8037261,80145.962682611993,kucoin_legacy
1787068200,1915.8,1918.48,1915.65,1918.02,118.9078074,228023.556457766012,kucoin_legacy
1787068500,1917.51,1917.59,1916.34,1917.59,93.994341,180185.18600575201,kucoin_legacy
1787068800,1917.6,1918.19,1916.46,1916.9,53.8556448,103266.623468588994,kucoin_legacy
1787069100,1916.88,1919.41,1916.31,1916.54,88.4193058,169581.542869813013,kucoin_legacy
1787069400,1916.53,1916.53,1914.52,1914.89,90.599231,173560.032445874996,kucoin_legacy
1787069700,1914.8,1914.86,1913.91,1914.86,30.5209192,58437.363482829001,kucoin_legacy
1787070000,1915.28,1915.69,1914.82,1915.42,41.7787737,80016.940111090997,kucoin_legacy
1787070300,1915.67,1915.67,1913.69,1913.7,133.0729272,254713.290788090992,kucoin_legacy
1787070600,1913.68,1915.23,1912.76,1915.23,61.1009889,116919.26481275,kucoin_legacy
1787070900,1915.24,1916.88,1914.84,1916.45,130.4646825,249897.224828094011,kucoin_legacy
1787071200,1916.45,1918.95,1916.41,1918.28,69.4874076,133269.842869037995,kucoin_legacy
1787071500,1918.29,1922.13,1917.71,1919.54,237.8881599,456693.315173814015,kucoin_legacy
1787071800,1919.48,1919.48,1918.12,1918.26,15.9448892,30594.777687082002,kucoin_legacy
1787072100,1918.25,1918.86,1917.92,1918.35,37.1526619,71274.127553807004,kucoin_legacy
1787072400,1918.36,1918.53,1915.66,1916.79,68.75108,131772.10256720701,kucoin_legacy
1787072700,1916.6,1916.6,1915.01,1915.77,43.2463824,82835.432485661993,kucoin_legacy
1787073000,1915.76,1915.78,1914.72,1915.77,53.4463122,102370.714899540006,kucoin_legacy
1787073300,1915.78,1915.78,1914.52,1915.68,23.696937,45390.269413419999,kucoin_legacy
1787073600,1915.68,1917.02,1915.68,1915.94,25.4201883,48711.925544126003,kucoin_legacy
1787073900,1915.96,1916.42,1915.42,1916.42,3.7074453,7102.820453652,kucoin_legacy
1787074200,1916.41,1916.41,1914,1914.05,112.9941877,216386.429767511989,kucoin_legacy
1787074500,1914.04,1915.11,1912.7,1915.11,51.7730689,99083.036110454996,kucoin_legacy
1787074800,1914.92,1914.93,1913.24,1914.13,84.5225965,161758.747654201987,kucoin_legacy
1787075100,1914.13,1914.4,1913.04,1913.12,44.8455508,85822.860761489006,kucoin_legacy
1787075400,1913.21,1913.76,1912.77,1913.12,38.1984179,73080.486460721004,kucoin_legacy
1787075700,1913.12,1913.13,1911.43,1911.44,48.2275702,92237.335886847999,kucoin_legacy
1787076000,1911.2,1912.38,1910.98,1912.38,24.5863618,46989.508848641002,kucoin_legacy
1787076300,1912.66,1913.32,1912.42,1913.16,7.5989974,14535.873975879,kucoin_legacy
1787076600,1913.17,1914.26,1912.74,1914.26,7.8185672,14959.001533589,kucoin_legacy
1787076900,1914.26,1915.67,1914.05,1915.67,55.5631466,106409.735936426005,kucoin_legacy
1787077200,1915.68,1916.24,1915.68,1915.9,81.9518403,157007.701145678991,kucoin_legacy
1787077500,1915.9,1916.43,1915.62,1916.43,33.0173693,63251.000158381001,kucoin_legacy
1787077800,1916.43,1916.62,1915.87,1916.36,11.1521516,21372.839993071,kucoin_legacy
1787078100,1916.42,1917.41,1915.84,1917.12,89.6806532,171895.589246218005,kucoin_legacy
1787078400,1917.13,1917.13,1915.8,1916.01,18.4708128,35403.647837659002,kucoin_legacy
1787078700,1916.01,1917.16,1915.59,1917.01,41.6184581,79763.896271624995,kucoin_legacy
1787079000,1916.92,1916.92,1916.2,1916.25,45.3483732,86913.364598097003,kucoin_legacy
1787079300,1916.25,1916.54,1915.59,1916.4,88.1349805,168881.820959367993,kucoin_legacy
1787079600,1916.3,1916.3,1915.08,1915.75,37.4413544,71733.424600575003,kucoin_legacy
1787079900,1915.75,1916.31,1914.64,1914.64,40.7122758,77996.971296293996,kucoin_legacy
1787080200,1914.58,1914.91,1913.88,1913.88,126.174873,241508.351345792005,kucoin_legacy
1787080500,1913.88,1914.47,1913.18,1913.54,41.6690268,79742.863083670003,kucoin_legacy
1787080800,1913.56,1915.27,1913.56,1915.13,27.8052629,53230.884596602002,kucoin_legacy
1787081100,1915.14,1917.38,1903,1916.52,467.6392164,894992.671054354054,kucoin_legacy
1787081400,1916.51,1916.79,1915.9,1915.92,67.8383667,129998.840559561999,kucoin_legacy
1787081700,1915.81,1916.01,1914.9,1915.12,109.4307835,209611.089875430014,kucoin_legacy
1787082000,1915.12,1915.12,1914.47,1914.67,17.8475044,34174.808644356002,kucoin_legacy
1787082300,1914.66,1915.15,1914.33,1914.6,45.0626891,86277.356240160007,kucoin_legacy
1787082600,1914.66,1914.82,1913.75,1913.76,73.9782736,141621.055633468,kucoin_legacy
1787082900,1913.75,1914,1912.83,1913.14,139.4532705,266834.086972656019,kucoin_legacy
1787083200,1913.23,1913.71,1912.32,1912.33,54.2144672,103734.435387449004,kucoin_legacy
1787083500,1912.32,1913.93,1912.01,1913.93,51.8447493,99153.716624838999,kucoin_legacy
1787083800,1913.93,1914.57,1913.32,1914.56,47.8590007,91598.622700378997,kucoin_legacy
1787084100,1914.56,1914.56,1913.02,1913.02,18.5833361,35562.940357327003,kucoin_legacy
1787084400,1913.03,1913.94,1912.2,1913.69,179.3382707,342998.855381218018,kucoin_legacy
1787084700,1913.69,1913.7,1912.94,1912.95,15.0769961,28848.567183260999,kucoin_legacy
1787085000,1912.95,1915.64,1912.82,1914.81,86.8066873,166207.266563921003,kucoin_legacy
1787085300,1914.81,1915.12,1914.3,1914.66,59.0130339,113005.558896964998,kucoin_legacy
1787085600,1914.66,1914.66,1913.88,1913.88,15.0240281,28759.279502807,kucoin_legacy
1787085900,1913.88,1914.14,1912.61,1912.61,34.0370213,65132.528273584998,kucoin_legacy
1787086200,1912.48,1913.67,1911.84,1913.59,101.4582614,194065.947513433988,kucoin_legacy
1787086500,1913.59,1913.6,1912.87,1912.87,56.0295827,107205.720259050999,kucoin_legacy
1787086800,1912.87,1913.78,1912.87,1913.66,5.9398177,11366.148701472001,kucoin_legacy
1787087100,1913.67,1914,1913.67,1913.96,17.0051717,32547.148888741998,kucoin_legacy
1787087400,1913.96,1914.97,1913.43,1913.56,43.5433062,83362.786317349994,kucoin_legacy
1787087700,1913.55,1914,1913.05,1913.29,5.1164468,9789.589386267,kucoin_legacy
1787088000,1913.3,1913.54,1913.29,1913.39,3.5764839,6842.920517165,kucoin_legacy
1787088300,1913.4,1913.59,1913.38,1913.38,37.9975669,72706.678639007994,kucoin_legacy
1787088600,1913.38,1913.39,1913.08,1913.09,4.9664932,9502.610884580999,kucoin_legacy
1787088900,1913.08,1913.26,1911.63,1911.99,57.2592089,109508.665764734003,kucoin_legacy
1787089200,1911.99,1912.52,1911.05,1911.83,49.2520164,94156.595223968994,kucoin_legacy
1787089500,1911.7,1912.34,1911.49,1911.64,23.1123116,44187.855285311001,kucoin_legacy
1787089800,1911.64,1912.24,1911.64,1911.96,44.6281011,85334.543223140994,kucoin_legacy
1787090100,1911.89,1912.26,1911.25,1912.26,33.4777565,63992.588679515997,kucoin_legacy
1787090400,1912.1,1913.45,1911.8,1912.96,32.0753688,61354.894278835003,kucoin_legacy
1787090700,1913.1,1913.86,1912.42,1913.79,42.8393127,81954.589811778002,kucoin_legacy
1787091000,1913.79,1914.99,1913.63,1914.03,64.3067332,123095.889084427006,kucoin_legacy
1787091300,1913.88,1914.73,1913.64,1914.72,26.5991315,50913.314186249998,kucoin_legacy
1787091600,1914.71,1915.25,1913.64,1913.64,13.3210981,25505.750584161,kucoin_legacy
1787091900,1913.65,1914.59,1913.07,1914.59,99.4629157,190338.540666604007,kucoin_legacy
1787092200,1914.6,1914.98,1914.42,1914.91,40.5800122,77699.833168767,kucoin_legacy
1787092500,1914.91,1915.47,1913.85,1914.92,82.3468111,157669.737834937987,kucoin_legacy
1787092800,1914.92,1914.92,1913.89,1913.89,35.861472,68645.082922692993,kucoin_legacy
1787093100,1913.9,1913.9,1913.32,1913.62,2.9097208,5568.713498864,kucoin_legacy
1787093400,1913.57,1913.58,1913.03,1913.08,3.8247032,7317.877780076,kucoin_legacy
1787093700,1913.07,1913.83,1912.73,1913.56,43.0152966,82286.851055091,kucoin_legacy
1787094000,1913.56,1915.89,1912.97,1915.89,16.7738756,32106.238446046998,kucoin_legacy
1787094300,1915.98,1916.9,1915.02,1915.66,47.3908899,90799.753181619002,kucoin_legacy
1787094600,1915.66,1916.79,1915.66,1916.74,23.1635841,44392.439914950002,kucoin_legacy
1787094900,1916.75,1917.53,1916.75,1917.36,51.170935,98102.929678749002,kucoin_legacy
1787095200,1917.33,1919,1917.16,1918.7,38.50702,73851.573283870996,kucoin_legacy
1787095500,1918.64,1919.12,1918.57,1918.57,28.5710755,54826.392114141003,kucoin_legacy
1787095800,1918.71,1919.58,1918.71,1919.58,6.6824177,12823.517220353,kucoin_legacy
1787096100,1919.59,1919.99,1919.08,1919.08,88.7584796,170377.934274033993,kucoin_legacy
1787096400,1919.04,1919.86,1918.97,1919.21,65.9088477,126500.693311768002,kucoin_legacy
1787096700,1919.2,1920.04,1918.46,1919.69,102.3132747,196357.854003484012,kucoin_legacy
1787097000,1919.69,1919.7,1919.46,1919.46,6.2847972,12064.445556379,kucoin_legacy
1787097300,1919.23,1919.23,1917.03,1917.8,78.7021402,150967.483192585001,kucoin_legacy
1787097600,1917.83,1918.66,1913.4,1913.4,179.4925583,344172.647636412992,kucoin_legacy
1787097900,1913.4,1915.67,1912.09,1914.37,179.0792451,342785.934401186008,kucoin_legacy
1787098200,1914.37,1914.38,1913.07,1913.69,55.3000584,105832.437066711005,kucoin_legacy
1787098500,1913.3,1914.75,1912.41,1914.56,47.080873,90073.412447355004,kucoin_legacy
1787098800,1915.03,1919.23,1915.03,1917.71,138.6857345,265872.165141285979,kucoin_legacy
1787099100,1917.01,1917.04,1916.36,1916.46,8.71414,16702.726313411,kucoin_legacy
1787099400,1916.46,1918,1916.22,1917.07,22.3958464,42941.040437677002,kucoin_legacy
1787099700,1917.36,1917.56,1916.51,1916.97,14.6976509,28178.486865677001,kucoin_legacy
1787100000,1916.97,1916.97,1914.17,1914.89,21.9979133,42129.119540740998,kucoin_legacy
1787100300,1914.9,1915.71,1914.38,1915.05,28.0989532,53803.007854976,kucoin_legacy
1787100600,1915.26,1915.63,1913.64,1915.62,142.6056132,273030.930089720001,kucoin_legacy
1787100900,1915.53,1915.53,1913.14,1913.56,63.0585943,120668.358815397994,kucoin_legacy
1787101200,1913.56,1914.99,1912.79,1914.5,182.8047711,349801.482178125007,kucoin_legacy
1787101500,1914.68,1917.9,1914.68,1917.9,29.276549,56116.988807055997,kucoin_legacy
1787101800,1918.07,1918.07,1915.81,1916.68,51.3835731,98499.980809621004,kucoin_legacy
1787102100,1916.52,1916.52,1913.67,1915.57,43.8701579,83994.971021284,kucoin_legacy
1787102400,1915.59,1916.23,1914.12,1914.12,16.6778508,31935.676781311999,kucoin_legacy
1787102700,1913.86,1916.56,1912.34,1915.48,160.0839635,306396.172031167021,kucoin_legacy
1787103000,1915.56,1915.67,1913.58,1915.04,81.5471984,156105.785377563006,kucoin_legacy
1787103300,1914.96,1915.31,1914.01,1914.35,113.0700948,216509.325813620992,kucoin_legacy
1787103600,1914.35,1914.35,1912.87,1914.09,49.8565997,95411.381263761999,kucoin_legacy
1787103900,1914.09,1914.5,1913.07,1913.95,71.636986,137088.657833142992,kucoin_legacy
1787104200,1913.94,1915.21,1913.94,1914.51,21.3507885,40880.084662877998,kucoin_legacy
1787104500,1914.51,1915.17,1912.98,1913.56,66.0692505,126434.096580423007,kucoin_legacy
1787104800,1913.63,1913.63,1911.82,1912.34,93.2395495,178334.953248033999,kucoin_legacy
1787105100,1912.23,1912.23,1911.5,1911.5,0.6912881,1321.733159869,kucoin_legacy
1787105400,1911.5,1913.95,1911.03,1912.79,77.7776073,148713.076574340987,kucoin_legacy
1787105700,1912.55,1912.66,1908.82,1908.82,117.1073343,223718.812876935001,kucoin_legacy
1787106000,1908.79,1911.13,1907.52,1910.45,140.9683171,269063.238424214011,kucoin_legacy
1787106300,1910.32,1911.14,1910.05,1910.24,58.6327732,112011.590099961002,kucoin_legacy
1787106600,1910.2,1910.37,1908.67,1908.67,86.2010766,164559.46392064399,kucoin_legacy
1787106900,1908.68,1910.32,1908.64,1909.81,55.4430424,105884.888625414998,kucoin_legacy
1787107200,1909.81,1909.85,1908.82,1909.12,32.0213301,61134.637024135998,kucoin_legacy
1787107500,1909.13,1910.59,1909.13,1909.24,24.9554577,47663.592574964998,kucoin_legacy
1787107800,1909.27,1909.28,1907.53,1907.53,31.5541282,60210.966063631997,kucoin_legacy
1787108100,1907.54,1908.62,1907.54,1907.81,9.6407138,18393.750155850001,kucoin_legacy
1787108400,1907.82,1909.44,1907.82,1909.36,74.2979324,141824.709369613003,kucoin_legacy
1787108700,1908.97,1909.84,1906.25,1907.31,316.8794888,604458.160426256945,kucoin_legacy
1787109000,1907.43,1911.92,1907.43,1911.72,63.8544043,121951.596437460001,kucoin_legacy
1787109300,1911.62,1914.98,1911.38,1914.44,109.3636985,209258.900644684007,kucoin_legacy
1787109600,1914.56,1915.67,1912.88,1912.88,67.7296151,129648.636185690004,kucoin_legacy
1787109900,1912.95,1913.14,1912.67,1912.85,24.4373003,46744.283416881,kucoin_legacy
1787110200,1912.85,1912.97,1910.96,1911.13,40.4108039,77260.252981680998,kucoin_legacy
1787110500,1911.62,1911.8,1910.83,1911.19,10.184744,19467.818187312001,kucoin_legacy
1787110800,1911.2,1912.76,1911.2,1912.09,22.2769433,42596.742854265001,kucoin_legacy
1787111100,1912.09,1913.03,1911.36,1913.03,21.4731898,41062.013723392003,kucoin_legacy
1787111400,1913.03,1914.06,1912.36,1912.36,19.3528287,37029.995205979001,kucoin_legacy
1787111700,1912.07,1912.77,1911.99,1912.18,3.6306992,6943.526507985,kucoin_legacy
1787112000,1912.18,1912.18,1911.14,1911.34,8.5797622,16402.740458089,kucoin_legacy
1787112300,1911.23,1911.24,1910.51,1910.58,48.4441834,92557.302593239001,kucoin_legacy
1787112600,1910.72,1911.2,1910.72,1910.92,14.3246734,27375.467895776001,kucoin_legacy
1787112900,1910.93,1912.42,1910.92,1912.42,89.3425122,170794.801769866986,kucoin_legacy
1787113200,1912.66,1913.77,1912.66,1913.15,10.8387466,20738.217582189998,kucoin_legacy
1787113500,1913.16,1913.17,1912.41,1912.41,3.1679251,6060.233586428,kucoin_legacy
1787113800,1912.41,1913.46,1911.54,1913.46,8.1622913,15606.728197787999,kucoin_legacy
1787114100,1913.46,1914.64,1911.92,1912.69,30.07674226,57547.483361161401,kucoin_legacy
1787114400,1912.69,1913,1911.48,1911.93,53.99122969,103227.845632238706,kucoin_legacy
1787114700,1911.93,1912.78,1911.62,1911.63,11.4543391,21905.325480642001,kucoin_legacy
1787115000,1911.55,1911.57,1910.46,1910.98,60.2538045,115138.316285787005,kucoin_legacy
1787115300,1911.06,1911.19,1910.21,1910.85,2.4458335,4673.110969113,kucoin_legacy
1787115600,1910.85,1912.34,1910.54,1912.01,14.044303,26848.414277683001,kucoin_legacy
1787115900,1911.86,1912.92,1911.86,1912.69,124.5550164,238185.083406052989,kucoin_legacy
1787116200,1912.82,1914.08,1912.82,1913.5,21.7332075,41587.567533061003,kucoin_legacy
1787116500,1913.33,1913.4,1912.01,1912.02,31.5682141,60372.483224299998,kucoin_legacy
1787116800,1911.94,1912.43,1911.05,1912.1,18.2417416,34872.105566211998,kucoin_legacy
1787117100,1911.96,1913.88,1911.95,1913.67,14.8999476,28507.282935584,kucoin_legacy
1787117400,1913.43,1914.19,1912.95,1913.12,12.812564,24512.641458964001,kucoin_legacy
1787117700,1913.01,1913.24,1912.6,1912.83,29.7755912,56955.59971599,kucoin_legacy
1787118000,1912.93,1913.07,1912.11,1912.65,43.2160153,82655.676898610007,kucoin_legacy
1787118300,1912.69,1912.69,1911.68,1911.8,43.8373717,83811.772917039998,kucoin_legacy
1787118600,1911.81,1912.61,1911.12,1911.12,51.9559732,99327.824363067004,kucoin_legacy
1787118900,1911.11,1911.55,1909.98,1910.2,111.1271529,212339.984784848988,kucoin_legacy
1787119200,1910.2,1911.08,1909.02,1909.02,33.8247804,64609.906428019996,kucoin_legacy
1787119500,1909.06,1909.72,1906.47,1906.59,383.8313801,732181.915287108975,kucoin_legacy
1787119800,1906.75,1907.45,1906.62,1907.19,63.7528721,121580.270309731,kucoin_legacy
1787120100,1907.18,1910.99,1907.18,1910.82,77.0079327,146994.325694777013,kucoin_legacy
1787120400,1910.87,1912.99,1910.87,1912.59,13.0281719,24907.392281408,kucoin_legacy
1787120700,1912.33,1912.33,1910.71,1910.72,21.8767283,41815.171228890002,kucoin_legacy
1787121000,1910.8,1911.15,1909.62,1910.85,151.010104,288465.652004475007,kucoin_legacy
1787121300,1910.86,1912.16,1910.75,1911.98,5.7567604,11003.997271632999,kucoin_legacy
1787121600,1911.87,1912.1,1911.05,1911.77,77.6546652,148446.558574533992,kucoin_legacy
1787121900,1912.33,1916.45,1912.33,1914.61,108.727008,208106.306913696986,kucoin_legacy
1787122200,1914.55,1915.33,1914.01,1915.08,20.6011361,39439.539747652998,kucoin_legacy
1787122500,1914.96,1917.45,1914.96,1917.44,49.1441586,94165.893331701998,kucoin_legacy
1787122800,1917.45,1918.96,1915.58,1915.74,119.1382206,228385.547800230997,kucoin_legacy
1787123100,1915.73,1916.17,1915.51,1916.16,41.8636454,80200.374617537003,kucoin_legacy
1787123400,1916.16,1920.75,1916.15,1920.75,166.6921899,319732.322194293025,kucoin_legacy
1787123700,1920.75,1920.75,1917.78,1917.93,54.5055175,104602.309580525995,kucoin_legacy
1787124000,1918.02,1918.86,1918.02,1918.86,36.6140888,70246.340796014003,kucoin_legacy
1787124300,1918.96,1919.11,1917.86,1917.87,26.0091965,49903.788599915002,kucoin_legacy
1787124600,1917.86,1919.94,1917.61,1919.82,59.9337872,114983.496007932001,kucoin_legacy
1787124900,1919.83,1921.17,1919.81,1920.82,95.5163636,183445.245555602014,kucoin_legacy
1787125200,1920.8,1921.2,1919.49,1919.5,42.6167649,81837.531049048994,kucoin_legacy
1787125500,1919.6,1920.39,1918.87,1918.87,124.6432456,239330.187020421989,kucoin_legacy
1787125800,1918.88,1918.88,1917.09,1917.09,37.6924614,72296.933989045006,kucoin_legacy
1787126100,1916.95,1916.95,1915.69,1916.08,83.9870832,160930.675198309007,kucoin_legacy
1787126400,1915.89,1917.07,1915.88,1917.06,26.4719772,50731.388775689004,kucoin_legacy
1787126700,1917.26,1918,1916.55,1916.57,42.0360965,80591.538859548004,kucoin_legacy
1787127000,1916.6,1917.03,1915.82,1915.82,12.8364379,24598.413858241998,kucoin_legacy
1787127300,1915.82,1916.79,1915.29,1916.79,6.7475732,12930.762384206,kucoin_legacy
1787127600,1916.79,1916.87,1916.05,1916.07,14.8687391,28494.509408883001,kucoin_legacy
1787127900,1916.07,1917.05,1916.07,1917.04,27.1657027,52062.298731764,kucoin_legacy
1787128200,1917.05,1919.28,1917.04,1919.12,31.9941159,61365.575881008001,kucoin_legacy
1787128500,1919.26,1929.78,1918.58,1925.1,483.6667891,931012.73801970901,kucoin_legacy
1787128800,1925.28,1925.65,1923.85,1924.23,48.0491747,92476.120150486997,kucoin_legacy
1787129100,1924.32,1926.25,1924.32,1924.74,229.9676262,442686.896504739008,kucoin_legacy
1787129400,1924.47,1924.76,1923.12,1923.12,27.9997852,53864.030883489999,kucoin_legacy
1787129700,1923.11,1923.12,1921.51,1921.52,62.9983209,121098.650152097005,kucoin_legacy
1787130000,1921.52,1923.8,1921.52,1923.52,60.3129315,115975.402914794002,kucoin_legacy
1787130300,1923.52,1923.74,1921.33,1921.58,44.2557567,85089.350014391996,kucoin_legacy
1787130600,1921.51,1923,1921.51,1922.42,25.995815,49973.543135651998,kucoin_legacy
1787130900,1922.28,1923.31,1921.45,1923.31,26.0211644,50032.872481478997,kucoin_legacy
1787131200,1923.44,1923.44,1922.26,1922.26,20.6980669,39797.536032119999,kucoin_legacy
1787131500,1922.27,1922.52,1921.04,1921.04,18.4119886,35373.620769146,kucoin_legacy
1787131800,1921.05,1921.16,1920.58,1920.67,13.4765499,25887.348960316001,kucoin_legacy
1787132100,1920.67,1920.68,1919.8,1919.81,12.8881794,24749.491221635999,kucoin_legacy
1787132400,1919.81,1919.81,1918.26,1918.29,44.8250056,86007.486904507998,kucoin_legacy
1787132700,1918.29,1918.88,1918.19,1918.6,29.9494163,57453.595132946997,kucoin_legacy
1787133000,1918.61,1918.88,1918.28,1918.88,22.82533,43792.756753285001,kucoin_legacy
1787133300,1919.04,1919.44,1918.82,1919.18,23.0927045,44314.058246683002,kucoin_legacy
1787133600,1919.19,1919.19,1918.19,1918.37,10.9451729,20996.481900047002,kucoin_legacy
1787133900,1918.37,1918.77,1917.66,1918.16,49.8135893,95537.831897476004,kucoin_legacy
1787134200,1918.16,1918.99,1917.9,1918.79,123.6173084,237116.113371877,kucoin_legacy
1787134500,1918.79,1919.16,1917.91,1919.16,81.0354593,155440.982705623988,kucoin_legacy
1787134800,1919.15,1919.28,1918.1,1918.11,72.8443933,139783.669075651007,kucoin_legacy
1787135100,1918.11,1918.39,1917.46,1918.39,13.8341744,26531.669538932001,kucoin_legacy
1787135400,1918.38,1918.39,1917.64,1918.16,24.7215088,47417.141772124,kucoin_legacy
1787135700,1918.16,1918.84,1918.16,1918.82,26.9423224,51696.978311908002,kucoin_legacy
1787136000,1918.82,1919.22,1918.4,1918.86,30.9339563,59366.311865634998,kucoin_legacy
1787136300,1918.94,1919.44,1918.86,1919.1,31.7469585,60926.798690115997,kucoin_legacy
1787136600,1919.1,1919.75,1918.62,1918.72,14.4141933,27662.767070978,kucoin_legacy
1787136900,1919.08,1920.22,1919.08,1920.22,65.487247,125721.207210624998,kucoin_legacy
1787137200,1920.11,1921.51,1919.89,1921.21,23.2430232,44626.524171545003,kucoin_legacy
1787137500,1921.21,1924.99,1921.21,1923.74,213.2748844,410317.506343364017,kucoin_legacy
1787137800,1923.75,1926.38,1923.74,1924.68,134.9456634,259761.572108427004,kucoin_legacy
1787138100,1924.69,1924.69,1920.3,1922.2,52.9283756,101716.008459853998,kucoin_legacy
1787138400,1922.19,1923.04,1921.5,1923.04,88.4325495,169999.653766191012,kucoin_legacy
1787138700,1923.02,1923.02,1921.86,1921.86,49.6060985,95369.202497106002,kucoin_legacy
1787139000,1921.87,1923.7,1921.87,1923.7,43.7089072,84025.788590796001,kucoin_legacy
1787139300,1923.7,1923.7,1922.44,1922.69,17.8271258,34287.545816297003,kucoin_legacy
1787139600,1922.69,1922.7,1921.9,1921.91,28.1275491,54076.903923897,kucoin_legacy
1787139900,1921.91,1922.64,1921.91,1922.37,13.7217468,26377.908327993999,kucoin_legacy
1787140200,1922.51,1923.12,1922.2,1922.76,60.57106826,116457.310412077,kucoin_legacy
1787140500,1922.76,1923.11,1922.48,1923.11,53.1356422,102179.161621345003,kucoin_legacy
1787140800,1923.11,1923.71,1922.91,1923.05,62.3585801,119938.382220860003,kucoin_legacy
1787141100,1922.99,1924.09,1922.43,1923.27,17.0749189,32836.773903016998,kucoin_legacy
1787141400,1923.27,1924.04,1922.2,1924.04,17.4640781,33586.754494401001,kucoin_legacy
1787141700,1923.97,1923.97,1922.67,1923.55,41.4096999,79633.423681839995,kucoin_legacy
1787142000,1923.55,1924.06,1923.17,1923.22,32.6067911,62723.434645403002,kucoin_legacy
1787142300,1923.22,1923.69,1922.92,1923.31,10.7865444,20744.22731264,kucoin_legacy
1787142600,1923.33,1926.73,1922.44,1926.46,112.0928386,215771.790657708014,kucoin_legacy
1787142900,1926.6,1928.9,1924.65,1927.01,295.1840536,568847.422132572043,kucoin_legacy
1787143200,1926.82,1933.2,1926.71,1933.02,328.0899791,633150.646948309033,kucoin_legacy
1787143500,1932.89,1942.49,1931.8,1942.27,793.0954854,1536637.496661074925,kucoin_legacy
1787143800,1942.24,1942.67,1935.19,1935.91,282.4432624,547275.786146512954,kucoin_legacy
1787144100,1936.09,1937.53,1935.36,1936.99,107.0235462,207268.001264830003,kucoin_legacy
1787144400,1936.78,1937.38,1932.6,1933.57,211.7677168,409805.049306911998,kucoin_legacy
1787144700,1933.57,1936.42,1932.96,1935.54,88.7443645,171689.098221126013,kucoin_legacy
1787145000,1935.55,1938.18,1934.84,1935.7,152.9959564,296225.603032040992,kucoin_legacy
1787145300,1935.6,1937.39,1935.4,1937.12,43.4206246,84080.243363710993,kucoin_legacy
1787145600,1936.98,1938.9,1936.76,1937.85,61.2626601,118724.688399177001,kucoin_legacy
1787145900,1938,1938.22,1936.99,1937.72,138.5960634,268540.639610594022,kucoin_legacy
1787146200,1937.4,1941.29,1935.28,1936.7,256.2887096,496726.553034185024,kucoin_legacy
1787146500,1936.72,1937.49,1928.1,1929.08,314.887181,607951.031391227967,kucoin_legacy
1787146800,1929.09,1934.78,1928.53,1932.63,154.34949646,298082.528547675,kucoin_legacy
1787147100,1932.43,1934.62,1931.29,1932.31,117.1708762,226497.062717969005,kucoin_legacy
1787147400,1932.73,1933.43,1928.74,1929.94,134.2428005,259221.305755081994,kucoin_legacy
1787147700,1930.24,1933.73,1930.24,1932.76,47.8582929,92479.746717547998,kucoin_legacy
1787148000,1932.6,1936.3,1932.6,1936.21,140.6660811,272087.009930122993,kucoin_legacy
1787148300,1935.97,1938.79,1935.55,1937.65,208.673631,404260.289084586024,kucoin_legacy
1787148600,1937.82,1939.09,1935.61,1936.88,117.8068909,228252.192071714991,kucoin_legacy
1787148900,1937.13,1939.21,1936.32,1939.16,67.2127261,130275.708249136995,kucoin_legacy
1787149200,1938.74,1939.39,1935.71,1937.63,37.3820781,72438.791338520998,kucoin_legacy
1787149500,1937.38,1938,1935.82,1936.67,104.6188353,202646.046185312007,kucoin_legacy
1787149800,1936.32,1936.51,1932.9,1934.71,161.6214617,312703.717313155998,kucoin_legacy
1787150100,1934.56,1941.4,1934.56,1940.88,396.4724501,768183.54145121295,kucoin_legacy
1787150400,1941.09,1941.17,1938.2,1939.9,77.8680697,151036.564248940005,kucoin_legacy
1787150700,1939.7,1942.22,1939.7,1941.63,342.8702095,665536.559329178999,kucoin_legacy
1787151000,1941.83,1959.42,1941.83,1959.37,697.1520234,1358991.962607736932,kucoin_legacy
1787151300,1959.37,1979.98,1959.37,1970.88,1570.3390649,3095833.178862840869,kucoin_legacy
1787151600,1970.65,1986.81,1967.57,1986.81,569.33510993,1125831.900783639168,kucoin_legacy
1787151900,1985.9,2019.92,1984.75,2016.11,2307.19291704,4628223.227472361177,kucoin_legacy
1787152200,2015.98,2019.92,2007.14,2011.5,744.065383677912,1496967.907010700554,kucoin_legacy
1787152500,2011.49,2018.53,2008.4,2010.56,427.99210529,861766.174778735731,kucoin_legacy
1787152800,2010.74,2033.33,2010.73,2027.5,1178.176281,2382407.278089154977,kucoin_legacy
1787153100,2027.85,2114.36,2024.01,2074.14,4887.6034444,10140933.972018763423,kucoin_legacy
1787153400,2074.7,2076.07,2056.53,2073.1,1670.759361098427,3451245.518138653133,kucoin_legacy
1787153700,2073.15,2086.23,2068.94,2083.44,1479.9207973,3077576.050918205176,kucoin_legacy
1787154000,2083.45,2088.62,2079.24,2086.81,611.9606828,1275323.56420143391,kucoin_legacy
1787154300,2087.22,2088.36,2078.36,2082.73,586.3670761,1221447.255343066063,kucoin_legacy
1787154600,2083.44,2088.84,2076.15,2076.89,476.13291608,992176.719983024406,kucoin_legacy
1787154900,2076.43,2087.04,2076.15,2085.6,415.8028073,866165.512798093958,kucoin_legacy
1787155200,2085.79,2106.91,2081.81,2102.94,1580.4857044,3313792.211448275018,kucoin_legacy
1787155500,2103.79,2107.31,2092.2,2095,544.4742266,1142920.773649157956,kucoin_legacy
1787155800,2095,2095,2086.76,2089.4,319.302421,667561.770881231991,kucoin_legacy
1787156100,2089.41,2099.94,2089.41,2099.2,314.4490642,659222.955900275032,kucoin_legacy
1787156400,2098.73,2099.47,2091.99,2099.03,335.1654812,702182.883291902021,kucoin_legacy
1787156700,2099,2102.95,2097.9,2099.89,164.5823353,345683.624338659982,kucoin_legacy
1787157000,2099.75,2100.75,2095.66,2098.18,216.732303798201,454875.753875640512,kucoin_legacy
1787157300,2098.18,2101.21,2094.09,2094.09,207.50432547,435270.68311954668,kucoin_legacy
1787157600,2094.09,2094.37,2085.55,2089.75,426.0082648,890513.480939585948,kucoin_legacy
1787157900,2089.02,2090.27,2087.3,2087.69,203.9411562,425955.473037087999,kucoin_legacy
1787158200,2087.21,2090,2085.6,2089.99,250.66777206,523134.446759319573,kucoin_legacy
1787158500,2089.99,2093.1,2087.04,2089.17,277.3802151,579760.138962788042,kucoin_legacy
1787158800,2089.13,2090.4,2078.65,2082.89,334.52122946,696734.926307250978,kucoin_legacy
1787159100,2082.9,2086.63,2079.4,2081.93,163.9122155,341290.944443022017,kucoin_legacy
1787159400,2081.89,2084.19,2078.53,2079.25,221.6471563,461227.403495414008,kucoin_legacy
1787159700,2079.08,2079.52,2067.47,2069.21,338.1510203,701477.420089027961,kucoin_legacy
1787160000,2068.91,2074.22,2068.74,2071.33,161.9481997,335427.722978602978,kucoin_legacy
1787160300,2071.32,2077.86,2070.52,2077.29,212.1231068,439943.267426354985,kucoin_legacy
1787160600,2078,2078.78,2071.28,2076.84,166.3423544,345155.450435373001,kucoin_legacy
1787160900,2077.07,2084.9,2077.07,2084.15,145.9227139,303618.173340105976,kucoin_legacy
1787161200,2083.58,2086.5,2082.75,2085.55,120.124241,250430.951280354988,kucoin_legacy
1787161500,2085.1,2091.16,2085.1,2089.1,156.0535021,325829.068130458996,kucoin_legacy
1787161800,2089.1,2092.82,2088.67,2089.35,106.3296354,222324.436914412014,kucoin_legacy
1787162100,2089.7,2091.76,2089.57,2090.7,87.3067556,182542.31449910099,kucoin_legacy
1787162400,2090.72,2092.39,2088.17,2088.75,69.593991,145480.290845318988,kucoin_legacy
1787162700,2089.38,2089.38,2080.75,2081.69,108.5033699,226166.175432040996,kucoin_legacy
1787163000,2081.4,2085.96,2079.21,2085.23,101.6375799,211598.797908447013,kucoin_legacy
1787163300,2085.43,2088.69,2084.92,2087.89,88.5011702,184627.887248463987,kucoin_legacy
1787163600,2087.9,2088.75,2085.36,2085.87,347.7016948,725962.478406255017,kucoin_legacy
1787163900,2086,2089.33,2084.79,2086.9,96.5841814,201605.855329448008,kucoin_legacy
1787164200,2086.43,2087.86,2085.72,2087.86,53.4283447,111492.279573327003,kucoin_legacy
1787164500,2087.16,2088.79,2086.15,2087.28,29.7766862,62163.106569317002,kucoin_legacy
1787164800,2087.05,2091.34,2087.04,2090.2,93.6554555,195653.249269524997,kucoin_legacy
1787165100,2090.52,2092.17,2089.27,2091.06,113.2639615,236771.290794044005,kucoin_legacy
1787165400,2091.35,2091.35,2088.22,2090.95,217.7314651,455176.353677074017,kucoin_legacy
1787165700,2090.74,2092.45,2088.21,2091.78,210.9231708,440981.576353799028,kucoin_legacy
1787166000,2091.61,2094.29,2090.26,2093.34,134.9715623,282410.794706657995,kucoin_legacy
1787166300,2093.34,2097.19,2093.02,2095.29,115.78569879,242627.457218055788,kucoin_legacy
1787166600,2094.45,2102.99,2089.04,2089.94,418.1836083,876869.601782678044,kucoin_legacy
1787166900,2089.93,2101.09,2089.93,2096.82,202.4076685,424093.514613889973,kucoin_legacy
1787167200,2096.82,2100.92,2096.64,2098.25,160.2826482,336452.982911880012,kucoin_legacy
1787167500,2097.74,2097.76,2091.52,2092.85,158.3193679,331617.871505443007,kucoin_legacy
1787167800,2092.97,2097.13,2091.45,2095.75,64.0637386,134184.617547806993,kucoin_legacy
1787168100,2095.91,2099.7,2095.12,2099.36,225.1184275,472273.365461385984,kucoin_legacy
1787168400,2099.11,2101.08,2098.2,2099.3,72.8954092,153076.656183946005,kucoin_legacy
1787168700,2099.31,2099.7,2097.29,2097.65,33.5405204,70384.161527111006,kucoin_legacy
1787169000,2097.64,2102.4,2097.06,2101.92,217.8764047,457681.429813988972,kucoin_legacy
1787169300,2101.29,2105.45,2101.29,2102.08,256.5923497,539850.754499051953,kucoin_legacy
1787169600,2102.16,2108.35,2102.11,2107.85,186.2954722,392177.838064479991,kucoin_legacy
1787169900,2107.99,2119.73,2105.77,2116.83,590.4932575,1247952.874848813983,kucoin_legacy
1787170200,2116.91,2116.91,2112.07,2113.11,176.895097,373993.149247511989,kucoin_legacy
1787170500,2112.72,2113.93,2108.31,2112.26,156.6962922,330779.770221485989,kucoin_legacy
1787170800,2111.9,2117.06,2111.72,2117,205.1729066,433816.641488990979,kucoin_legacy
1787171100,2116.92,2132.92,2116.91,2125.9,546.1016251,1160617.4752166369,kucoin_legacy
1787171400,2125.63,2129.37,2121.81,2126.04,258.8630068,550359.944327858044,kucoin_legacy
1787171700,2126.38,2126.38,2122.19,2125,96.753314,205537.536641182,kucoin_legacy
1787172000,2124.45,2126.52,2122.95,2124.47,164.0103435,348457.540895336017,kucoin_legacy
1787172300,2124.47,2130.4,2122.83,2130,314.8454768,669377.59237196797,kucoin_legacy
1787172600,2129.18,2242.01,2129.09,2204.59,4504.66344784534,9887079.709367226809,kucoin_legacy
1787172900,2204.58,2222.36,2197.5,2218.43,1002.1341939,2214598.95738113299,kucoin_legacy
1787173200,2219.05,2270.85,2215.96,2261.49,1762.7465936,3952179.484622105956,kucoin_legacy
1787173500,2261.45,2334.57,2246.23,2300.48,3570.9099668,8214453.717628597282,kucoin_legacy
1787173800,2300.47,2302.16,2241.03,2259.46,2622.640077,5935156.02052914165,kucoin_legacy
1787174100,2259.72,2271.4,2255.11,2267.92,992.3282162,2245774.044657708146,kucoin_legacy
1787174400,2267.92,2273.72,2259.72,2264.44,570.0741872,1292991.864100452047,kucoin_legacy
1787174700,2264.65,2292,2264.65,2283.31,694.0892082,1580170.248129388085,kucoin_legacy
1787175000,2283.31,2298.47,2266.61,2285.14,1294.91322072361,2955650.30154625047,kucoin_legacy
1787175300,2285.15,2288.95,2271.88,2276.17,341.927728,779922.384072053945,kucoin_legacy
1787175600,2276.16,2285.12,2273.29,2285.12,421.3016237,961231.133868789999,kucoin_legacy
1787175900,2285.11,2303.79,2282.05,2294.09,628.105693,1440385.81065242691,kucoin_legacy
1787176200,2294.09,2295.28,2287.23,2291.52,291.831986,668437.602300934959,kucoin_legacy
1787176500,2291.47,2294.86,2278.07,2285.89,440.4049963,1006483.927533142036,kucoin_legacy
1787176800,2286.37,2289.92,2268.36,2269.33,782.5865885,1780384.075545606902,kucoin_legacy
1787177100,2269.33,2279.54,2261.61,2273.97,576.2464159,1309147.36959056207,kucoin_legacy
1787177400,2274.16,2277.94,2267.65,2267.65,561.1515392,1275425.230961455032,kucoin_legacy
1787177700,2267.46,2273.64,2266.92,2268.85,351.9287228,799276.397784939967,kucoin_legacy
1787178000,2268.92,2271.76,2261.69,2263.47,356.0760935,807300.602305507986,kucoin_legacy
1787178300,2263.6,2265.11,2256.77,2256.77,371.3809326,839350.218692688039,kucoin_legacy
1787178600,2256.77,2259.59,2241.22,2249.21,605.79404276,1363154.44587157364,kucoin_legacy
1787178900,2249.58,2262.72,2245.28,2262.72,319.1992849,719825.427147269016,kucoin_legacy
1787179200,2261.45,2266.67,2258.24,2258.35,308.9420243,698852.378276324016,kucoin_legacy
1787179500,2258.22,2259.27,2245.8,2247.27,222.1458984,500259.501568790991,kucoin_legacy
1787179800,2247.66,2251.89,2243.93,2244.32,144.0351239,323632.112245906028,kucoin_legacy
1787180100,2244.26,2252.08,2243.87,2249.8,215.3956328,484436.195379260986,kucoin_legacy
1787180400,2250.04,2251.79,2243.33,2248.9,156.7041424,352067.042069846997,kucoin_legacy
1787180700,2248.98,2252.24,2247.22,2248.93,55.9884495,125969.629280323003,kucoin_legacy
1787181000,2249.61,2252.47,2245.78,2246.19,172.9010572,388871.971672213986,kucoin_legacy
1787181300,2246.11,2251.33,2243.73,2250.54,264.2826351,593988.254318075953,kucoin_legacy
1787181600,2250.09,2250.31,2246.98,2247.52,27.1184341,60970.746058728997,kucoin_legacy
1787181900,2247.11,2254.99,2245.18,2252.42,134.0110065,301654.374635129003,kucoin_legacy
1787182200,2251.96,2253.04,2246.14,2246.14,97.4472386,219105.666075265006,kucoin_legacy
1787182500,2245.9,2252.96,2245.9,2251.52,64.157288853123,144354.13787766773,kucoin_legacy
1787182800,2250.55,2261.63,2250.55,2257.49,279.2067253,630514.283918390051,kucoin_legacy
1787183100,2256.98,2257.38,2247.97,2248.74,112.2523522,253049.398963332991,kucoin_legacy
1787183400,2248.74,2252.46,2247.53,2250.53,83.4340572,187719.494748697005,kucoin_legacy
1787183700,2249.85,2255.41,2249.85,2253.27,117.3489346,264417.069370966987,kucoin_legacy
1787184000,2252.53,2263.12,2252.1,2258.06,308.8270673,697258.890091891051,kucoin_legacy
1787184300,2258.11,2260.48,2255.37,2258.53,137.7570464,310991.144264152972,kucoin_legacy
1787184600,2258.39,2260.25,2255.19,2258.71,166.073506,375017.709157312987,kucoin_legacy
1787184900,2259.17,2267.99,2257.65,2267.36,235.056085,531710.091138034943,kucoin_legacy
1787185200,2267.35,2269.26,2261.81,2263.49,274.308035,621455.44413008797,kucoin_legacy
1787185500,2263.77,2267.44,2261.07,2264.96,344.097915,779174.930762519012,kucoin_legacy
1787185800,2264.35,2268.05,2261.23,2266.37,255.7173453,579217.565063826973,kucoin_legacy
1787186100,2267.2,2273.37,2264.68,2272.84,289.7316814,657201.124781260034,kucoin_legacy
1787186400,2272.71,2272.71,2263.46,2268.36,272.2312214,617219.844466972048,kucoin_legacy
1787186700,2268.64,2273.51,2268.64,2271.81,303.9383729,690344.851729332004,kucoin_legacy
1787187000,2271.33,2272.59,2261.6,2267.93,414.1822918,938712.951810113038,kucoin_legacy
1787187300,2267.52,2268.11,2259.26,2262,250.460456,566718.632707500015,kucoin_legacy
1787187600,2262.14,2267.67,2259.97,2265.44,190.76940646,432020.669680888008,kucoin_legacy
1787187900,2264.68,2265.02,2252.65,2254.34,444.6691007,1003347.537065704004,kucoin_legacy
1787188200,2253.85,2258.73,2250.12,2257.23,317.386704,715340.979186282959,kucoin_legacy
1787188500,2257.23,2260.6,2252.73,2258.99,105.555529,238186.359813608986,kucoin_legacy
1787188800,2258.53,2260.34,2255.2,2256.86,67.0512669,151428.630747924006,kucoin_legacy
1787189100,2256.12,2257.61,2254.04,2254.55,42.8693003,96698.659072462004,kucoin_legacy
1787189400,2253.91,2260.64,2252.37,2260.64,137.8771019,311276.245845975005,kucoin_legacy
1787189700,2260.81,2264.05,2260.22,2263.42,175.9353969,398069.775521371979,kucoin_legacy
1787190000,2263.09,2266.01,2262.86,2264.96,85.3176071,193214.510150891991,kucoin_legacy
1787190300,2264.88,2270.59,2264.85,2269.31,67.6562015,153466.838591206993,kucoin_legacy
1787190600,2269.27,2270.28,2265.22,2266.86,39.8500955,90335.396288479998,kucoin_legacy
1787190900,2266.66,2267.74,2265.87,2266.35,31.622006,71695.233639030004,kucoin_legacy
1787191200,2266.63,2270.57,2266.33,2268.96,79.4174433,180168.661982835998,kucoin_legacy
1787191500,2269,2269,2266.48,2267.18,28.844509,65409.319960102999,kucoin_legacy
1787191800,2266.93,2268.73,2264.39,2268.1,62.8123669,142363.170532599004,kucoin_legacy
1787192100,2268.17,2268.81,2264.92,2266.36,42.6361742,96656.085315357006,kucoin_legacy
1787192400,2266.14,2266.22,2260.37,2260.99,48.2984525,109249.867057031996,kucoin_legacy
1787192700,2261.19,2261.41,2257.7,2258.7,75.221719967502,169928.572196236637,kucoin_legacy
1787193000,2258.13,2262.69,2256.48,2261.34,54.2222868,122520.896794624001,kucoin_legacy
1787193300,2261.97,2261.97,2254.46,2257.11,47.0727867,106250.022790967996,kucoin_legacy
1787193600,2256.88,2258.74,2255.71,2257.25,37.3753953,84378.877240283997,kucoin_legacy
1787193900,2257.02,2258.22,2253.51,2253.51,66.4950004,149945.36792853201,kucoin_legacy
1787194200,2253.88,2254.47,2250.63,2251.46,108.1161129,243546.168374042987,kucoin_legacy
1787194500,2251.19,2253.8,2250.15,2252.47,69.9415901,157504.343101754988,kucoin_legacy
1787194800,2252.38,2252.39,2242.54,2244.63,188.4157693,423303.310216302983,kucoin_legacy
1787195100,2244.42,2247.23,2232.94,2234.05,420.1618757,940441.972967153997,kucoin_legacy
1787195400,2234.06,2234.57,2223.37,2228.7,578.5629862,1288407.817249587039,kucoin_legacy
1787195700,2228.69,2238.64,2228.48,2238.63,126.16218339,281773.467021741613,kucoin_legacy
1787196000,2238.75,2243.14,2238.43,2239.28,134.571388,301529.994627567998,kucoin_legacy
1787196300,2239.04,2239.04,2234.36,2234.69,47.5495283,106282.389941329006,kucoin_legacy
1787196600,2235.14,2244.53,2234.86,2241.82,181.6480164,407023.055207473983,kucoin_legacy
1787196900,2241.69,2248.57,2239.71,2245.77,276.8355022,621271.79708873597,kucoin_legacy
1787197200,2245.83,2252.6,2244.4,2250.48,141.6732766,318579.718604685972,kucoin_legacy
1787197500,2250.49,2257.64,2249.84,2255.38,201.9831933,455245.995837035996,kucoin_legacy
1787197800,2255.38,2255.92,2252.71,2253.19,72.000041,162317.598517334001,kucoin_legacy
1787198100,2253.18,2253.18,2250.98,2251.12,24.1382023,54357.063932363002,kucoin_legacy
1787198400,2251.12,2253.24,2249.46,2252.65,29.8059057,67108.869117802999,kucoin_legacy
1787198700,2252.65,2258.54,2251.8,2258.15,68.3877541,154217.205892027996,kucoin_legacy
1787199000,2257.22,2257.3,2254.94,2255.86,51.6018136,116413.562637720999,kucoin_legacy
1787199300,2255.56,2257.22,2254.27,2256.18,106.181659733741,239518.299600380502,kucoin_legacy
1787199600,2256.17,2256.42,2253.19,2254.56,26.7744678,60367.268864327998,kucoin_legacy
1787199900,2254.56,2256.86,2254.56,2255.97,15.2836715,34479.208213653998,kucoin_legacy
1787200200,2255.96,2256.33,2250.28,2250.37,57.607829,129740.700997870998,kucoin_legacy
1787200500,2250.38,2251.95,2249.48,2250.03,61.125573,137574.320178808004,kucoin_legacy
1787200800,2249.86,2252.73,2248.52,2250.47,46.3464555,104315.598998665999,kucoin_legacy
1787201100,2251.16,2253.58,2250.55,2252.35,16.4573248,37066.966338079001,kucoin_legacy
1787201400,2252.35,2257.3,2251.79,2252.52,90.4619321,203992.137353583996,kucoin_legacy
1787201700,2252.62,2252.62,2250,2250,29.48166274,66388.244757564404,kucoin_legacy
1787202000,2249.99,2252.63,2249.99,2251.68,46.34139666,104329.374556359006,kucoin_legacy
1787202300,2251.82,2254.65,2251.36,2253.3,72.4639865,163263.154228439991,kucoin_legacy
1787202600,2253.07,2253.11,2249.78,2249.78,14.6399138,32969.205765231003,kucoin_legacy
1787202900,2249.52,2254.71,2249.52,2253.73,54.8647607,123614.344703444003,kucoin_legacy
1787203200,2253.73,2256.69,2253.01,2255.96,61.9881764,139755.237608536001,kucoin_legacy
1787203500,2255.92,2256.34,2252.68,2252.68,28.4075446,64052.576105407003,kucoin_legacy
1787203800,2251.52,2254.09,2251.24,2252.7,31.113855340124,70086.604358511118,kucoin_legacy
1787204100,2252.51,2253.33,2250.64,2250.73,31.8657944,71749.060665080993,kucoin_legacy
1787204400,2250.43,2252.29,2250.43,2252.29,18.7628388,42242.757363122,kucoin_legacy
1787204700,2251.74,2251.74,2245.74,2246.35,61.4225074,138055.70873305999,kucoin_legacy
1787205000,2246.35,2247.25,2243.76,2246.16,61.3065824,137631.154841423995,kucoin_legacy
1787205300,2246.17,2249.19,2244.44,2248.19,46.679837,104846.867159782007,kucoin_legacy
1787205600,2248.44,2248.44,2240.47,2240.5,147.3291422,330442.859102700022,kucoin_legacy
1787205900,2240.5,2244.61,2239.02,2239.02,89.8037459,201337.298814401001,kucoin_legacy
1787206200,2239.01,2245,2238.83,2243.71,122.2103309,274049.097962265019,kucoin_legacy
1787206500,2242.44,2246.97,2241.95,2246.97,94.4934139,212028.897504012013,kucoin_legacy
1787206800,2246.68,2254.95,2244.46,2254.75,206.7941173,465258.447429771011,kucoin_legacy
1787207100,2254.66,2255.05,2248.85,2250.77,124.8136702,281261.761022060993,kucoin_legacy
1787207400,2251.26,2255.17,2250.97,2252.76,173.6251413,391185.524310345994,kucoin_legacy
1787207700,2253.46,2261.76,2252.34,2258.21,378.6058363,855138.735045550973,kucoin_legacy
1787208000,2258.21,2263.24,2258.15,2262.37,141.3782526,319687.47836133698,kucoin_legacy
1787208300,2262.17,2266.92,2261.69,2262.72,193.4743775,438125.381347723014,kucoin_legacy
1787208600,2263.48,2265.21,2261.36,2263.45,102.2328952,231400.870055533014,kucoin_legacy
1787208900,2263.32,2263.32,2262.11,2262.71,38.6658332,87481.452284681,kucoin_legacy
1787209200,2262.37,2263.04,2259.98,2261.38,101.9569613,230566.642066689004,kucoin_legacy
1787209500,2261.84,2263.83,2260.8,2263.03,145.0338877,328078.041384259996,kucoin_legacy
1787209800,2262.91,2263.13,2256.55,2256.55,107.0868203,241922.174751873012,kucoin_legacy
1787210100,2256.66,2257.81,2252.5,2252.85,133.1050103,300052.723768706026,kucoin_legacy
1787210400,2252.67,2256.17,2249.2,2251.15,147.1423786,331295.656810502987,kucoin_legacy
1787210700,2251.34,2254.74,2251.04,2253.7,47.0334988,105956.207634588005,kucoin_legacy
1787211000,2252.9,2252.9,2245.98,2249.47,172.9913203,388863.413255529013,kucoin_legacy
1787211300,2249.84,2250.45,2245.36,2245.36,90.9098968,204332.895954843989,kucoin_legacy
1787211600,2245.37,2247.88,2245.29,2245.63,53.2495893,119603.929435964004,kucoin_legacy
1787211900,2245.53,2250.12,2244.71,2249.19,59.9085068,134638.131625397014,kucoin_legacy
1787212200,2249.59,2251.37,2247.63,2251.37,22.8644632,51441.032835967999,kucoin_legacy
1787212500,2251.49,2251.62,2249.16,2251.25,47.4011699,106662.822660826001,kucoin_legacy
1787212800,2251.85,2253.56,2249.17,2251.07,70.1715424,158019.590279897006,kucoin_legacy
1787213100,2251.19,2267.6,2250.82,2265.59,256.6717728,580577.619741625036,kucoin_legacy
1787213400,2265.59,2286.91,2263.25,2284.1,726.0857927,1653119.071759852115,kucoin_legacy
1787213700,2283.68,2284.08,2270.38,2278.01,555.8098281,1265923.526910935063,kucoin_legacy
1787214000,2278.31,2278.31,2272,2275.36,78.2743883,178025.99852903001,kucoin_legacy
1787214300,2274.99,2280.92,2272.78,2278.26,116.3584665,265079.949427566025,kucoin_legacy
1787214600,2278.14,2278.39,2270.87,2270.87,261.2120489,594525.922872573021,kucoin_legacy
1787214900,2270.87,2276.06,2266.15,2272.8,135.0684252,306669.476764831983,kucoin_legacy
1787215200,2273.15,2275.85,2271.22,2275.35,55.5317826,126248.102769884994,kucoin_legacy
1787215500,2275.01,2280.04,2273.69,2276.06,123.4061856,280958.482256612973,kucoin_legacy
1787215800,2275.32,2280.77,2274.55,2280.77,190.9426471,434993.316632408998,kucoin_legacy
1787216100,2280.81,2285.8,2280.28,2281.93,165.2546154,377149.716755188012,kucoin_legacy
1787216400,2282.19,2284.26,2277.6,2279.62,180.4503142,411573.076511543011,kucoin_legacy
1787216700,2279.1,2294.12,2278.77,2289.47,473.250124,1083207.018960572081,kucoin_legacy
1787217000,2289.16,2297.1,2287.01,2295.04,162.6267509,372808.694042555988,kucoin_legacy
1787217300,2294.54,2295.45,2287.51,2291.08,198.1692482,454061.651566238026,kucoin_legacy
1787217600,2290.91,2298.19,2289.29,2298.19,211.090492,484146.829545482004,kucoin_legacy
1787217900,2298.19,2298.19,2284.38,2284.38,274.03548526,627855.795476789586,kucoin_legacy
1787218200,2284.37,2290.22,2278.42,2286.81,358.4282277,818277.772269507986,kucoin_legacy
1787218500,2286.49,2292.86,2285.87,2286.97,91.3762016,209210.761389685998,kucoin_legacy
1787218800,2286.81,2293.93,2285.7,2289.37,81.3548972,186367.356125337014,kucoin_legacy
1787219100,2288.44,2290.18,2284.85,2285,94.6911472,216500.72000815699,kucoin_legacy
1787219400,2284.71,2284.88,2276.89,2277.79,90.0919592,205531.988416701002,kucoin_legacy
1787219700,2277.64,2280.02,2275.27,2278.83,220.1542485,501281.051057028992,kucoin_legacy
1787220000,2278.69,2282.63,2275.83,2280.44,67.4916716,153869.027584983007,kucoin_legacy
1787220300,2280.52,2285.35,2279.38,2284.17,228.0230925,520433.065407707007,kucoin_legacy
1787220600,2283.93,2289.19,2282.56,2288.87,103.1908297,235960.062042008998,kucoin_legacy
1787220900,2288.44,2294.9,2286.25,2291.95,350.5914575,803271.19535966299,kucoin_legacy
1787221200,2291.1,2292.96,2283.74,2287.76,213.7357326,488832.314042068028,kucoin_legacy
1787221500,2286.55,2288.77,2283.11,2285.87,91.7592912,209749.215893521003,kucoin_legacy
1787221800,2286.09,2286.82,2282.89,2285.04,56.472315,129005.756568590994,kucoin_legacy
1787222100,2284.84,2287.8,2283.1,2284.08,106.518611,243482.13643573501,kucoin_legacy
1787222400,2284.43,2284.64,2281.34,2281.44,89.864439,205138.025833813008,kucoin_legacy
1787222700,2281.65,2283.78,2281.02,2281.02,55.8225478,127419.075655729001,kucoin_legacy
1787223000,2281.52,2282.76,2281.22,2281.87,64.5113599,147211.759678011003,kucoin_legacy
1787223300,2281.86,2286.54,2280.81,2286.54,82.4177136,188118.516732173011,kucoin_legacy
1787223600,2286.75,2295.08,2282.25,2293.49,373.2545973,854801.922786307987,kucoin_legacy
1787223900,2293.32,2295.35,2288.13,2289.62,195.9335011,449104.353278847993,kucoin_legacy
1787224200,2289.49,2289.59,2286.26,2288.52,73.0584198,167135.895012644003,kucoin_legacy
1787224500,2288.29,2291.81,2285.1,2290.63,68.147095,155941.612903706991,kucoin_legacy
1787224800,2290.6,2295.21,2289.61,2293.03,112.6650588,258161.678530792007,kucoin_legacy
1787225100,2292.85,2296.03,2291.44,2294.78,132.11334553,303116.282365772582,kucoin_legacy
1787225400,2294.5,2315.71,2293.52,2304.17,655.8188764,1512378.051920830039,kucoin_legacy
1787225700,2303.89,2312.22,2303.55,2311.13,179.7686584,414928.931819915015,kucoin_legacy
1787226000,2311.12,2314.5,2306.49,2307.11,179.3125292,414259.542069153977,kucoin_legacy
1787226300,2306.77,2318.49,2306.55,2316.96,436.822778264656,1010106.387265250436,kucoin_legacy
1787226600,2316.71,2318.61,2304.44,2304.44,254.3284949,587915.15544671996,kucoin_legacy
1787226900,2304.42,2304.42,2294.03,2296.38,208.4058344,478904.377534903993,kucoin_legacy
1787227200,2296.51,2300.65,2288.83,2289.77,499.1802506,1145404.359103597933,kucoin_legacy
1787227500,2289.39,2290.65,2268.45,2274.71,677.857192,1544744.484510045964,kucoin_legacy
1787227800,2274.89,2279.78,2274.28,2274.28,199.8434944,455123.870537529001,kucoin_legacy
1787228100,2274.01,2277.84,2273.05,2274.85,143.2967081,326057.947615853976,kucoin_legacy
1787228400,2274.92,2280.55,2274.29,2280.55,142.8674392,325373.86367409199,kucoin_legacy
1787228700,2280.55,2281.79,2277.22,2278.56,131.258691,299171.849600397982,kucoin_legacy
1787229000,2279.04,2284.5,2276.3,2278.31,196.1005564,447031.109119653003,kucoin_legacy
1787229300,2278.64,2280.74,2274.07,2280.74,269.4060685,613627.802325733006,kucoin_legacy
1787229600,2281.2,2285.2,2280.07,2281.1,214.4001464,489350.697954237985,kucoin_legacy
1787229900,2281.28,2282.45,2267.6,2275.67,263.0110436,598136.743949091993,kucoin_legacy
1787230200,2275.81,2289.28,2275.81,2288.87,227.4350212,519698.336793154012,kucoin_legacy
1787230500,2288.79,2293.35,2287.41,2290.13,222.4331487,509319.779592030973,kucoin_legacy
1787230800,2290.55,2294.62,2286.7,2290.84,125.8716623,288220.331323928025,kucoin_legacy
1787231100,2290.84,2298,2290.84,2292.67,217.9133432,500183.754028126015,kucoin_legacy
1787231400,2292.68,2294.86,2289.25,2294.54,99.3761579,227793.764279257011,kucoin_legacy
1787231700,2293.64,2295.38,2290.84,2292.53,127.59618026,292620.313303989591,kucoin_legacy
1787232000,2292.25,2295.49,2290.73,2293.89,174.5449318,400307.839558426,kucoin_legacy
1787232300,2293.88,2293.88,2287.52,2288.19,150.2089117,343946.776844725013,kucoin_legacy
1787232600,2288.38,2288.38,2269.81,2272.09,482.44593197,1098149.169031816069,kucoin_legacy
1787232900,2271.76,2277.17,2256.15,2268.01,619.974029,1403431.445352904964,kucoin_legacy
1787233200,2267.74,2276.2,2262.75,2274.76,214.456038,487007.278984570992,kucoin_legacy
1787233500,2274.75,2276.74,2265.77,2274.14,199.5511024,453555.507026061008,kucoin_legacy
1787233800,2273.76,2281.93,2270.9,2276.48,215.4134335,490739.970340849017,kucoin_legacy
1787234100,2276.94,2278.55,2274.46,2276.64,96.7749532,220276.106805234012,kucoin_legacy
1787234400,2277.03,2282.39,2276.18,2281.35,74.6400186,170103.315176345001,kucoin_legacy
1787234700,2280.52,2286.38,2279.38,2283.96,152.5558876,348388.633735800977,kucoin_legacy
1787235000,2284.1,2288.97,2280.7,2280.7,191.5424446,437735.373773375992,kucoin_legacy
1787235300,2280.99,2282.15,2276.06,2276.49,113.2010165,258018.090048318001,kucoin_legacy
1787235600,2276.72,2281.91,2274.23,2281.08,88.3753389,201396.505401611008,kucoin_legacy
1787235900,2281.28,2281.28,2272.13,2274.42,152.6242581,347567.335526032024,kucoin_legacy
1787236200,2273.47,2282.47,2273.47,2278.52,94.0448129,214332.310133510997,kucoin_legacy
1787236500,2278.43,2286.06,2277.97,2280.09,101.1790594,230864.227966542996,kucoin_legacy
1787236800,2280.6,2280.97,2274.38,2276.88,113.7295933,259062.187074485992,kucoin_legacy
1787237100,2276.81,2276.81,2271.44,2274.15,146.7125904,333592.087111068016,kucoin_legacy
1787237400,2273.93,2280.2,2273.93,2278.72,167.6801489,382117.403075926006,kucoin_legacy
1787237700,2278.71,2281.2,2275.16,2281.2,125.1105253,285021.496362916019,kucoin_legacy
1787238000,2281.21,2306.38,2281.21,2298.43,459.6629339,1054778.978423614055,kucoin_legacy
1787238300,2298.76,2302.72,2287.8,2291.6,311.1975642,713651.75082235795,kucoin_legacy
1787238600,2291.36,2299.49,2290.85,2297.61,237.0621878,544201.219926862977,kucoin_legacy
1787238900,2297.62,2301.29,2292.48,2300.89,478.1531963,1098223.98705989006,kucoin_legacy
1787239200,2300.89,2312.08,2294.81,2298.24,496.5346776,1144473.161056295969,kucoin_legacy
1787239500,2297.65,2314.05,2297.65,2313.24,251.2932063,579406.222113154014,kucoin_legacy
1787239800,2313.23,2322.26,2306.2,2310.95,433.7417993,1004335.767359375022,kucoin_legacy
1787240100,2310.95,2311.09,2298.26,2301.3,337.5593092,777493.381168624037,kucoin_legacy
1787240400,2301.53,2306.91,2301.53,2304.1,108.490801408649,249900.70897579068,kucoin_legacy
1787240700,2303.46,2318.8,2302.93,2318.08,336.5935026,777849.111037431052,kucoin_legacy
1787241000,2317.87,2338.03,2316.91,2332.15,822.98582091,1916121.360385501059,kucoin_legacy
1787241300,2331.94,2333.61,2324.03,2327.04,392.8457682,914964.511892216047,kucoin_legacy
1787241600,2326.8,2327.36,2317.78,2318.46,322.461718798052,748680.676678875578,kucoin_legacy
1787241900,2318.46,2331.22,2318.46,2327.88,254.0799268,591349.127224843018,kucoin_legacy
1787242200,2328.56,2328.56,2318.61,2319.25,133.3993067,309868.519680032972,kucoin_legacy
1787242500,2320.09,2323.91,2314.29,2321.26,167.1206521,387569.075437369989,kucoin_legacy
1787242800,2321.66,2323.46,2318.35,2319.46,101.9826199,236641.750027233007,kucoin_legacy
1787243100,2319.46,2326.45,2318.49,2325.97,147.4641065,342352.729678047006,kucoin_legacy
1787243400,2325.68,2329.74,2320.2,2327.8,129.7727037,301564.334624264971,kucoin_legacy
1787243700,2327.58,2330.9,2324.67,2328.65,129.7249883,302114.387212916976,kucoin_legacy
1787244000,2329.42,2359.11,2329.42,2348.91,1081.610769,2537468.016020616982,kucoin_legacy
1787244300,2348.67,2349.13,2341.02,2342.21,351.2554162,823688.45723752398,kucoin_legacy
1787244600,2342.21,2345.87,2339.27,2340.77,148.4596331,347701.090916422021,kucoin_legacy
1787244900,2340.94,2346.85,2336.8,2344.06,119.8685922,280853.81456908799,kucoin_legacy
1787245200,2344.47,2345.04,2339.53,2339.53,113.9645013,266869.603439434024,kucoin_legacy
1787245500,2339.02,2341.55,2335.46,2338.99,152.149621,355796.636474426021,kucoin_legacy
1787245800,2339.04,2339.4,2332.41,2336.95,212.1825774,495845.132164602983,kucoin_legacy
1787246100,2337.49,2342.77,2335.76,2338.06,178.304382735683,416936.942330870137,kucoin_legacy
1787246400,2337.84,2343.13,2335.22,2341.5,140.4980778,328795.251085700991,kucoin_legacy
1787246700,2341.44,2345.91,2340.96,2344.49,111.7936156,261952.267005959991,kucoin_legacy
1787247000,2344.06,2347.56,2343.52,2344.26,120.7238393,283211.629304485978,kucoin_legacy
1787247300,2343.39,2347.45,2339.01,2346.37,366.2599721,857585.277159805992,kucoin_legacy
1787247600,2346.12,2347.38,2341.65,2344.38,110.6264043,259416.334418596001,kucoin_legacy
1787247900,2344.26,2346.54,2342.19,2346.16,125.9890329,295341.240886514017,kucoin_legacy
1787248200,2345.79,2350.85,2342.72,2346.04,465.0680417,1091441.664325752994,kucoin_legacy
1787248500,2346.05,2349.42,2343.22,2343.22,475.5270599,1115632.064787663985,kucoin_legacy
1787248800,2343.61,2347.79,2333.09,2335.18,483.4445383,1131459.969615482027,kucoin_legacy
1787249100,2335.43,2335.67,2326.94,2328.4,404.9519299,944014.25328073604,kucoin_legacy
1787249400,2328.09,2331.36,2325.53,2331.35,217.5608064,506464.846559269005,kucoin_legacy
1787249700,2331.18,2331.18,2320.31,2328.3,276.9222443,643934.984730690019,kucoin_legacy
1787250000,2328.47,2334.24,2328.47,2332.52,86.6849617,202202.027206413011,kucoin_legacy
1787250300,2332.52,2333.08,2325.04,2326.19,78.8563564,183662.120784788014,kucoin_legacy
1787250600,2325.9,2326.54,2310.72,2312.13,221.3468509,513233.650231458014,kucoin_legacy
1787250900,2313.16,2318.36,2312.1,2312.59,198.9964237,460656.344529722992,kucoin_legacy
1787251200,2312.91,2317.61,2310.65,2316.27,110.7659082,256194.414754369005,kucoin_legacy
1787251500,2316.91,2319.41,2313.99,2318.81,65.6738364,152129.646048797003,kucoin_legacy
1787251800,2318.45,2323.03,2317.8,2320.15,143.0371412,331935.481841509987,kucoin_legacy
1787252100,2320.39,2320.99,2315.65,2316.44,129.2911599,299819.139864104975,kucoin_legacy
1787252400,2316.33,2318.21,2312.04,2317.69,142.6680821,330357.630227360991,kucoin_legacy
1787252700,2316.83,2323.51,2314.77,2320.63,146.5579184,340050.006819322007,kucoin_legacy
1787253000,2320.64,2323.31,2319.07,2321.36,63.6061914,147635.861435864994,kucoin_legacy
1787253300,2321.25,2327.39,2321.24,2325.7,143.2973954,333124.149874260998,kucoin_legacy
1787253600,2325.53,2329.84,2323.97,2329.45,128.7188993,299606.674874919991,kucoin_legacy
1787253900,2329.27,2330.07,2325.02,2328,93.2034531,216924.138964865007,kucoin_legacy
1787254200,2327.58,2328.51,2324.16,2325.38,54.8866433,127736.696570472006,kucoin_legacy
1787254500,2325.17,2330.64,2323.03,2329.31,146.5454966,340951.463374182,kucoin_legacy
1787254800,2329.22,2332.21,2328.01,2329.75,80.2682683,187112.227704360004,kucoin_legacy
1787255100,2329.34,2331.78,2324.04,2326.18,350.6173992,816012.772978367982,kucoin_legacy
1787255400,2326.06,2328.65,2324.7,2326.65,74.865637,174131.983979159006,kucoin_legacy
1787255700,2326.48,2326.59,2320.66,2322.81,99.7381132,231862.449240359012,kucoin_legacy
1787256000,2324.41,2325.74,2322.51,2325.23,74.4903104,173133.219406796998,kucoin_legacy
1787256300,2325.23,2326.73,2321.88,2324.18,667.588138,1551767.630000930978,kucoin_legacy
1787256600,2324.19,2327.7,2319.47,2321.55,719.7876264,1672467.086366397096,kucoin_legacy
1787256900,2321.03,2322.87,2317.94,2322.52,635.7711424,1475274.28088680096,kucoin_legacy
1787257200,2322.27,2325.83,2319.43,2325.83,326.5514487,758166.795561801991,kucoin_legacy
1787257500,2325.83,2329.6,2325.35,2326.99,88.5596052,206109.131369723007,kucoin_legacy
1787257800,2327.09,2331.35,2326.9,2327.57,47.9273716,111614.716379820995,kucoin_legacy
1787258100,2327.58,2329.92,2321.18,2321.18,111.1087036,258588.610433830996,kucoin_legacy
1787258400,2320.97,2321.79,2318.01,2320.24,73.4507389,170399.993144887994,kucoin_legacy
1787258700,2320.36,2320.83,2318.42,2319.43,31.7459304,73630.796360786,kucoin_legacy
1787259000,2319.66,2319.69,2313.79,2315.57,151.8634136,351726.256202269986,kucoin_legacy
1787259300,2315.74,2319.56,2315.74,2318.57,35.6772317,82700.380647879007,kucoin_legacy
1787259600,2318.58,2318.81,2316.31,2316.72,35.7791966,82915.023106043998,kucoin_legacy
1787259900,2316.9,2317.58,2313.5,2317.2,52.81312336,122265.597378524399,kucoin_legacy
1787260200,2317.53,2323.14,2317.53,2321.89,84.7539952,196733.187391962012,kucoin_legacy
1787260500,2321.96,2325.61,2319.75,2319.75,79.2941098,184235.888415644004,kucoin_legacy
1787260800,2319.41,2320.27,2316.06,2316.91,80.97460606308,187742.036181564297,kucoin_legacy
1787261100,2316.69,2318.51,2314.35,2314.75,38.4181725,88996.786938819001,kucoin_legacy
1787261400,2314.7,2321.78,2314.4,2321.53,113.1784842,262475.423810104025,kucoin_legacy
1787261700,2321.71,2322.55,2318,2318.24,76.4916982,177450.877031487995,kucoin_legacy
1787262000,2317.9,2320.97,2317.9,2319.46,31.8415009,73850.291127557997,kucoin_legacy
1787262300,2319.74,2320.54,2319.05,2319.05,51.2152545,118801.900041350993,kucoin_legacy
1787262600,2319.05,2320.42,2318.21,2318.21,103.90067,240967.547563089,kucoin_legacy
1787262900,2318.14,2319.58,2315.91,2318.11,69.1236546,160170.673823605001,kucoin_legacy
1787263200,2318.64,2319.12,2307.86,2310.15,216.703221,501086.114927347982,kucoin_legacy
1787263500,2310.15,2318.31,2310.15,2314.24,67.366168,155953.502929601993,kucoin_legacy
1787263800,2314.24,2315.81,2311.73,2311.82,46.664711,107960.326550097001,kucoin_legacy
1787264100,2311.72,2312.7,2308.08,2308.88,50.741632,117217.606115973002,kucoin_legacy
1787264400,2308.87,2316.01,2308.87,2315.58,107.5176728,248521.705667080998,kucoin_legacy
1787264700,2315.39,2317.92,2313.87,2314.78,34.6620439,80265.610108694993,kucoin_legacy
1787265000,2315.04,2315.36,2310.41,2313.8,61.1452719,141480.551490312995,kucoin_legacy
1787265300,2313.8,2315.64,2312.98,2314.72,26.779868,61985.120701009997,kucoin_legacy
1787265600,2312.29,2314.51,2312.11,2312.11,78.5445744,181727.737893793994,kucoin_legacy
1787265900,2312.29,2314.48,2311.81,2313.78,35.3757504,81810.679552506001,kucoin_legacy
1787266200,2313.78,2318.82,2313.19,2317.42,82.6619055,191424.272661638999,kucoin_legacy
1787266500,2318.03,2318.03,2313.21,2314.03,86.5129293,200277.42862371399,kucoin_legacy
1787266800,2314.03,2316.04,2313.19,2314.91,77.4642922,179352.833390348998,kucoin_legacy
1787267100,2315.39,2319.16,2315.37,2317.59,64.6608639,149869.490029667009,kucoin_legacy
1787267400,2317.59,2322.22,2317.59,2322.22,70.4568887,163451.092095816013,kucoin_legacy
1787267700,2321.85,2327.06,2321.66,2326.73,104.1685182,242108.578460199991,kucoin_legacy
1787268000,2326.64,2330.1,2325.6,2329.48,32.11727,74778.834360744993,kucoin_legacy
1787268300,2329.48,2339.77,2329.48,2331.43,271.6627848,634176.098198057036,kucoin_legacy
1787268600,2331.67,2334.7,2328.71,2329.23,42.5653529,99258.024886340994,kucoin_legacy
1787268900,2329.53,2330.41,2325.77,2326.03,111.7757629,260323.769599255,kucoin_legacy
1787269200,2325.8,2327.63,2324.7,2325.61,30.6841786,71364.404313745006,kucoin_legacy
1787269500,2325.83,2329.47,2325.29,2327.56,66.1452414,153977.286583675013,kucoin_legacy
1787269800,2327.54,2328.82,2323.48,2328.6,66.4565187,154583.162601009011,kucoin_legacy
1787270100,2328.51,2328.51,2325.08,2327.02,107.1490752,249248.22550475999,kucoin_legacy
1787270400,2326.88,2328.85,2324.9,2325.59,352.9304722,821302.745581927011,kucoin_legacy
1787270700,2325.15,2333.9,2325.15,2330.81,168.5252706,392486.339408401982,kucoin_legacy
1787271000,2330.72,2338.43,2330.6,2337.73,154.0189802,359406.365364695026,kucoin_legacy
1787271300,2337.46,2347.71,2331.22,2341.55,422.7310053,989204.46849852195,kucoin_legacy
1787271600,2340.73,2345.42,2337.77,2341.95,179.4870158,420221.502706978004,kucoin_legacy
1787271900,2341.95,2346.55,2336.29,2337.53,134.3828139,314793.225304673018,kucoin_legacy
1787272200,2338.05,2350.96,2336.97,2342.64,212.9614319,499562.865917753021,kucoin_legacy
1787272500,2342.36,2343.64,2334.34,2338.04,112.3276455,262608.997284988989,kucoin_legacy
1787272800,2337.66,2338.66,2332.08,2338.4,149.9977989,350239.636619634985,kucoin_legacy
1787273100,2337.77,2349.35,2334.4,2345.7,124.8275127,292425.811899184017,kucoin_legacy
1787273400,2346.34,2350.56,2340.07,2340.77,94.4338047,221448.209772989998,kucoin_legacy
1787273700,2341.46,2341.46,2334.24,2340.64,96.1748377,224838.120692811004,kucoin_legacy
1787274000,2340.32,2344.6,2337.48,2343.18,74.0541287,173305.670421596995,kucoin_legacy
1787274300,2342.84,2345.92,2340.33,2345.92,110.2020676,258268.046740535996,kucoin_legacy
1787274600,2345.91,2348.18,2342.93,2345.48,46.9419703,110093.312352056993,kucoin_legacy
1787274900,2345.64,2366.91,2344.69,2357.67,738.1372878,1741168.651086806087,kucoin_legacy
1787275200,2355.99,2357.7,2338.37,2345.78,308.5092528,723497.441136318026,kucoin_legacy
1787275500,2344.88,2352.75,2342.77,2352.75,220.011779,516238.836776971992,kucoin_legacy
1787275800,2352.8,2368.99,2348.6,2360.85,588.5859326,1389894.473298243945,kucoin_legacy
1787276100,2360.45,2360.56,2352.67,2357.75,147.5046584,347674.193383526988,kucoin_legacy
1787276400,2358.22,2361.92,2353.96,2357.37,181.9158333,429011.206370507018,kucoin_legacy
1787276700,2357.37,2380.45,2356.62,2374.46,766.6644025,1818875.882224845001,kucoin_legacy
1787277000,2373.74,2373.75,2365.53,2365.53,233.6673229,553481.608734384994,kucoin_legacy
1787277300,2365.52,2366.42,2358.9,2359.38,190.0884546,449009.493645988987,kucoin_legacy
1787277600,2359.46,2359.6,2343.12,2354.54,322.2902416,757743.626607715036,kucoin_legacy
1787277900,2353.79,2362.85,2349.5,2354.15,235.8628849,555816.261444167001,kucoin_legacy
1787278200,2354.15,2355.14,2346.27,2353.93,133.9859339,314878.364876598003,kucoin_legacy
1787278500,2353.94,2354.33,2347.34,2349.38,279.5729402,657147.403020482045,kucoin_legacy
1787278800,2349.38,2352.66,2347.1,2350.57,445.8391934,1048116.067337348009,kucoin_legacy
1787279100,2350.69,2360.07,2350.69,2358.95,89.612524,211098.843697562988,kucoin_legacy
1787279400,2359.31,2364.85,2352.76,2359.04,402.1606723,948851.832321029971,kucoin_legacy
1787279700,2359.74,2360.16,2356.26,2359.08,49.4050835,116549.948840928002,kucoin_legacy
1787280000,2358.36,2360.93,2355.43,2355.43,52.2736328,123259.232823369995,kucoin_legacy
1787280300,2355.75,2355.85,2345.62,2348.56,238.0633746,559384.620937034953,kucoin_legacy
1787280600,2348.41,2350.96,2344.87,2345.45,124.7566572,292870.537242995983,kucoin_legacy
1787280900,2345.71,2347.17,2344.5,2345.48,81.9342901,192241.483380207996,kucoin_legacy
1787281200,2345.97,2346.81,2341.75,2343.03,60.9586964,142944.45021604799,kucoin_legacy
1787281500,2342.41,2343.05,2337.5,2340.67,52.201045,122168.311141276004,kucoin_legacy
1787281800,2340.67,2347.53,2340.6,2346,81.0691808,190175.390684848011,kucoin_legacy
1787282100,2344.5,2346.42,2340.85,2344.16,105.9975794,248472.239679641003,kucoin_legacy
1787282400,2344.45,2349.99,2344.45,2348.03,144.4337243,339067.704380706011,kucoin_legacy
1787282700,2348.01,2350.32,2346.05,2348.73,47.4184645,111362.745548243998,kucoin_legacy
1787283000,2349.55,2354.3,2348.05,2350.62,167.109501,392992.113031338027,kucoin_legacy
1787283300,2351.24,2352.76,2345.89,2348.55,61.0040595,143324.27048470499,kucoin_legacy
1787283600,2348.78,2352.76,2347.98,2349.35,103.1840111,242490.703141311998,kucoin_legacy
1787283900,2349.08,2354.29,2349.08,2352.02,63.9616688,150403.870799984987,kucoin_legacy
1787284200,2353.36,2354.02,2349.05,2349.5,46.1618122,108533.616062397996,kucoin_legacy
1787284500,2349.41,2350.16,2340.58,2340.88,156.44443047,366775.562280177022,kucoin_legacy
1787284800,2340.88,2350.5,2340.88,2349.21,199.3824669,467658.516533220012,kucoin_legacy
1787285100,2348.77,2349.03,2343.33,2347.41,96.7460666,226926.650943093002,kucoin_legacy
1787285400,2347.8,2349.24,2343.48,2346,58.9188262,138206.955114934011,kucoin_legacy
1787285700,2346,2350.17,2345.34,2348.06,48.00303906,112712.177264278202,kucoin_legacy
1787286000,2347.94,2349.75,2347.2,2347.2,12.4527722,29249.727914946001,kucoin_legacy
1787286300,2347.07,2349.19,2344.56,2344.95,45.8824964,107704.592647860001,kucoin_legacy
1787286600,2344.63,2350.9,2343.82,2348.89,53.9602077,126727.006552795996,kucoin_legacy
1787286900,2348.89,2349.9,2347.77,2347.77,6.3696993,14961.539685235,kucoin_legacy
1787287200,2347.77,2350.82,2345.83,2350.42,68.3670739,160571.192349057004,kucoin_legacy
1787287500,2350.42,2355.68,2349.47,2353.92,78.4324998,184535.987327934999,kucoin_legacy
1787287800,2353.88,2355.24,2353.3,2354.74,62.8348469,147935.900823233009,kucoin_legacy
1787288100,2355.21,2355.21,2353.34,2353.74,55.9584918,131744.420094716013,kucoin_legacy
1787288400,2354.23,2355.8,2349.82,2349.83,158.9764342,374378.022392847983,kucoin_legacy
1787288700,2350.17,2355.78,2350.17,2352.69,53.9738795,127029.939615690993,kucoin_legacy
1787289000,2352.57,2359.75,2352.42,2358.72,123.4677642,291061.094299493998,kucoin_legacy
1787289300,2359,2362.2,2356.53,2359.92,68.8468854,162452.335807377007,kucoin_legacy
1787289600,2360.31,2362.2,2354.62,2356.83,74.3761319,175422.925447716989,kucoin_legacy
1787289900,2357.48,2357.48,2349.61,2354.01,189.4192549,445987.215865093982,kucoin_legacy
1787290200,2353.81,2358.12,2351.65,2356.33,41.5624839,97834.319785051004,kucoin_legacy
1787290500,2356.76,2356.77,2352.52,2355.91,28.8707926,67974.392294630001,kucoin_legacy
1787290800,2355.91,2356.78,2352.11,2354.78,58.4405265,137566.079801582004,kucoin_legacy
1787291100,2354.14,2357.27,2352.75,2356.86,49.2101693,115909.134884132,kucoin_legacy
1787291400,2357.46,2362.1,2356.94,2360.47,178.2644353,420758.825297654024,kucoin_legacy
1787291700,2360.48,2368.58,2360.48,2368.45,195.7865659,463036.487496141985,kucoin_legacy
1787292000,2368.46,2374.59,2366.06,2373.44,220.609933,522829.263223222981,kucoin_legacy
1787292300,2373.87,2378.38,2370.79,2373.75,165.7614414,393721.672888374014,kucoin_legacy
1787292600,2373.69,2373.69,2364.17,2365.02,231.6980086,548931.327706724987,kucoin_legacy
1787292900,2366.19,2368.43,2362.81,2364.93,98.5677718,233189.381589842989,kucoin_legacy
1787293200,2364.89,2364.89,2355.4,2359.42,216.0906381,510002.399193338992,kucoin_legacy
1787293500,2359.12,2364.85,2358.2,2360.64,70.3588827,166178.897023911995,kucoin_legacy
1787293800,2360.98,2370.5,2360.98,2370.5,87.8600826,208011.467864484992,kucoin_legacy
1787294100,2370.5,2373.99,2368.37,2373.28,55.575473,131737.755190238997,kucoin_legacy
1787294400,2372.46,2374.19,2363.46,2369.69,353.7045845,838206.686666973983,kucoin_legacy
1787294700,2369.49,2384,2364.38,2377.17,482.916362900463,1146573.244205445284,kucoin_legacy
1787295000,2377.43,2378.32,2368.69,2371.15,194.72249085258,461931.165338066057,kucoin_legacy
1787295300,2370.82,2373.73,2370.72,2372.5,185.0802,439008.530414426001,kucoin_legacy
1787295600,2372.26,2379.15,2370.65,2373.72,161.3322901,383078.189406586986,kucoin_legacy
1787295900,2373.34,2380.68,2371.91,2376.12,73.8594709,175539.904215279996,kucoin_legacy
1787296200,2376.12,2387,2376.12,2386.03,355.4518003,846333.987723871949,kucoin_legacy
1787296500,2386.54,2398.85,2384.57,2386.74,907.9337891,2171701.383664039895,kucoin_legacy
1787296800,2386.3,2387.95,2377.95,2377.95,154.80606,368810.330513128021,kucoin_legacy
1787297100,2377.87,2383.18,2377.71,2381.95,85.0949273,202569.08874077801,kucoin_legacy
1787297400,2381.5,2389.02,2378.01,2379.47,263.6363129,628659.639010083047,kucoin_legacy
1787297700,2379.08,2384.06,2372.24,2382.09,349.8038423,831806.323492174968,kucoin_legacy
1787298000,2382.09,2387.19,2378.91,2380.73,138.5948857,330182.899887337,kucoin_legacy
1787298300,2380.72,2383.47,2375.37,2376.23,336.7848003,801422.922838042956,kucoin_legacy
1787298600,2376.42,2377.13,2371.32,2372.94,145.68356,345755.708769329009,kucoin_legacy
1787298900,2372.41,2373.75,2368.41,2371.84,177.8104273,421577.298121969972,kucoin_legacy
1787299200,2372.04,2380.24,2370.7,2377.41,87.245448,207277.010373561003,kucoin_legacy
1787299500,2377.42,2387.76,2375.87,2386.33,209.4026875,498967.418960465002,kucoin_legacy
1787299800,2385.75,2391.78,2382.57,2383.92,195.313957,466023.972444996005,kucoin_legacy
1787300100,2383.91,2392,2383.46,2389.71,465.8744901,1112239.721253782045,kucoin_legacy
1787300400,2389.87,2391.13,2379.8,2380.29,194.9568414,465016.717251909024,kucoin_legacy
1787300700,2380.28,2389.83,2380.28,2387.44,292.171996,697180.309119530953,kucoin_legacy
1787301000,2386.94,2399,2386.36,2397.24,230.6840791,552391.078932581004,kucoin_legacy
1787301300,2396.95,2410.83,2393.82,2408.73,675.660823,1623260.530156451045,kucoin_legacy
1787301600,2408.42,2415.97,2406.61,2410.11,370.8732326,894460.129801562987,kucoin_legacy
1787301900,2409.87,2432.98,2408.95,2425.1,698.5994022,1693111.345668967115,kucoin_legacy
1787302200,2425.1,2440.8,2425.1,2440.8,717.8215798,1747690.362192131113,kucoin_legacy
1787302500,2440.8,2448.39,2435.05,2445.01,886.94604,2165800.331280473154,kucoin_legacy
1787302800,2444.65,2446.51,2389.12,2404.29,1525.3967337,3676085.877186258789,kucoin_legacy
1787303100,2405.36,2411.93,2376.41,2391.87,847.93251019,2027470.216656377073,kucoin_legacy
1787303400,2391.91,2405.38,2391.91,2398.67,275.7369414,661609.488777481019,kucoin_legacy
1787303700,2399.12,2399.59,2386.62,2389.31,375.2946579,897617.365180355031,kucoin_legacy
1787304000,2389.74,2394.36,2384.17,2387.75,300.0188945,716761.237849788042,kucoin_legacy
1787304300,2387.74,2393.89,2385.08,2389.91,102.4749732,244781.204959046008,kucoin_legacy
1787304600,2389.43,2399.29,2385.82,2395.58,261.1288909,624123.090971732978,kucoin_legacy
1787304900,2395.58,2401.64,2393.7,2399.83,152.6754757,365965.28950390598,kucoin_legacy
1787305200,2399.83,2411.48,2397.9,2407.68,177.4190441,426856.256394941011,kucoin_legacy
1787305500,2407.47,2413.83,2404.94,2411.94,259.1578441,624501.592305492959,kucoin_legacy
1787305800,2412.74,2416.3,2405.75,2407.76,104.1496742,251067.79154344101,kucoin_legacy
1787306100,2407.36,2409.15,2391.48,2404.53,198.8557047,477348.086035269022,kucoin_legacy
1787306400,2404.24,2404.83,2395.17,2395.86,116.5106625,279587.073702906026,kucoin_legacy
1787306700,2396.75,2402.18,2394.62,2396.25,169.3920417,406134.702499618987,kucoin_legacy
1787307000,2396.26,2405.81,2396.26,2401.57,179.2024021,430547.384036217001,kucoin_legacy
1787307300,2401.43,2411.31,2400.93,2410.98,109.0642719,262425.716078760976,kucoin_legacy
1787307600,2410.98,2410.98,2404.45,2404.45,111.20676805,267639.426857753482,kucoin_legacy
1787307900,2404.46,2405.6,2390.97,2400.21,266.839642,639367.170836386969,kucoin_legacy
1787308200,2399.93,2401.82,2392.7,2393.44,157.325217,377082.754210869025,kucoin_legacy
1787308500,2392.8,2399.01,2391.47,2396.83,97.2119569,232919.353991464013,kucoin_legacy
1787308800,2396.73,2398.76,2393.44,2397.32,73.567775,176285.673822493991,kucoin_legacy
1787309100,2397.58,2405.07,2397.58,2399.71,69.6814665,167345.47560104201,kucoin_legacy
1787309400,2399.44,2399.45,2395.33,2397.23,78.9139992,189149.326038850995,kucoin_legacy
1787309700,2397.8,2398.77,2393.43,2395.56,66.4870931,159340.726447163994,kucoin_legacy
1787310000,2395.47,2396.61,2389.3,2396.61,76.0008183,181777.925337738998,kucoin_legacy
1787310300,2396.61,2399.15,2391.67,2391.67,139.0023849,333056.037350679981,kucoin_legacy
1787310600,2392.01,2392.64,2377.1,2385.9,261.5929479,623437.753066097037,kucoin_legacy
1787310900,2386.02,2386.02,2373,2374.87,251.7005611,598593.765952256974,kucoin_legacy
1787311200,2374.84,2388.67,2373.98,2384.29,384.0906699,915591.91402619204,kucoin_legacy
1787311500,2384.29,2386.31,2381.3,2385.52,131.7007245,313932.586784298008,kucoin_legacy
1787311800,2385.76,2386.88,2357,2360.46,717.6478909,1701290.750853134086,kucoin_legacy
1787312100,2360.98,2379.19,2356.2,2374.88,521.3839061,1235188.739822424017,kucoin_legacy
1787312400,2374.88,2377.72,2371.79,2373.83,140.0085233,332452.160381387977,kucoin_legacy
1787312700,2373.74,2376.56,2361.85,2368.91,265.6977626,629137.979521626025,kucoin_legacy
1787313000,2368.91,2376.66,2366.8,2376.65,129.0499665,306291.500856365019,kucoin_legacy
1787313300,2376.66,2376.84,2368.82,2370.43,172.4215192,408906.170678006019,kucoin_legacy
1787313600,2370.63,2374.42,2365.23,2370.28,133.5072632,316347.901848262991,kucoin_legacy
1787313900,2370.9,2377.19,2370.9,2373.1,227.763317964267,540935.256912027253,kucoin_legacy
1787314200,2372.65,2379.89,2371.2,2378.89,191.3118609,454472.804812629998,kucoin_legacy
1787314500,2377.89,2377.89,2374.25,2374.68,136.4367877,324138.591584072972,kucoin_legacy
1787314800,2374.69,2376.73,2369.5,2375.58,412.6190201,979138.23657984403,kucoin_legacy
1787315100,2375.58,2376.54,2372.85,2374.85,87.9413664,208858.259062572004,kucoin_legacy
1787315400,2374.84,2376.73,2373.05,2375.32,43.4333678,103136.188125974004,kucoin_legacy
1787315700,2376.61,2389.3,2376.61,2389.3,183.2639208,436879.664702304988,kucoin_legacy
1787316000,2389.37,2395.72,2387.89,2394.53,301.210313,720657.478263583034,kucoin_legacy
1787316300,2394.82,2395.12,2389.77,2394.72,129.41183131,309708.589627769776,kucoin_legacy
1787316600,2395.74,2397.22,2385.11,2386.51,243.90093143,583202.308613020577,kucoin_legacy
1787316900,2386.72,2389.9,2385.53,2387.94,92.2062931,220180.322351070994,kucoin_legacy
1787317200,2389.08,2390.3,2384.17,2390.3,79.8929746,190610.00063808501,kucoin_legacy
1787317500,2390.3,2396.2,2389.07,2390.73,128.3067886,306928.223106349004,kucoin_legacy
1787317800,2390.73,2391.05,2384.62,2391.05,168.506925,402190.336176806013,kucoin_legacy
1787318100,2391.05,2391.25,2382.81,2386.07,116.2652732,277335.739182588994,kucoin_legacy
1787318400,2385.66,2385.66,2381.86,2384.73,76.49643628,182333.427667256008,kucoin_legacy
1787318700,2384.73,2391.04,2382.84,2386.44,281.3103798,671553.112915472942,kucoin_legacy
1787319000,2386.45,2386.45,2370.91,2375.84,508.9549816,1209484.080358315958,kucoin_legacy
1787319300,2375.33,2388.97,2368.09,2388.96,344.2743833,818822.096823384054,kucoin_legacy
1787319600,2388.96,2398.71,2388.56,2394.93,387.4716191,927505.718289106037,kucoin_legacy
1787319900,2395.22,2402.24,2392,2402.24,361.3571666,866601.61705814302,kucoin_legacy
1787320200,2402.25,2406.6,2387,2388.86,375.4357585,899518.790798192029,kucoin_legacy
1787320500,2389.44,2392.99,2382.2,2387.27,175.6572143,419329.338893226988,kucoin_legacy
1787320800,2387.75,2387.75,2374.75,2374.75,378.0024879,899194.117959331023,kucoin_legacy
1787321100,2374.9,2386.06,2374.22,2381.14,136.837813,325972.881148241984,kucoin_legacy
1787321400,2381.14,2386.41,2375.6,2378.91,157.5671736,375275.457284490985,kucoin_legacy
1787321700,2379.67,2384.68,2371.81,2371.81,179.092835,425523.325640518975,kucoin_legacy
1787322000,2371.81,2383.57,2369.45,2381.44,335.2487387,796266.653512906982,kucoin_legacy
1787322300,2381.52,2392.31,2379.78,2392.1,326.2050868,779048.670534402947,kucoin_legacy
1787322600,2392.32,2397.39,2390.01,2393.05,168.3794541,403153.712734224973,kucoin_legacy
1787322900,2392.98,2393.87,2377.73,2378.4,396.7809786,946897.949429263012,kucoin_legacy
1787323200,2379.29,2386.55,2378.77,2386.32,177.6899833,423511.585995336005,kucoin_legacy
1787323500,2385.82,2391.66,2385.82,2390.78,159.4848006,381089.294351026998,kucoin_legacy
1787323800,2390.81,2392.73,2388.19,2388.2,99.8256092,238650.173952859011,kucoin_legacy
1787324100,2388.55,2394.29,2388.09,2393.66,78.3368783,187394.936821043986,kucoin_legacy
1787324400,2393.68,2396.79,2391.29,2395.35,202.3142372,484437.604588283983,kucoin_legacy
1787324700,2395.29,2402.57,2393.67,2402.13,269.9072122,647484.300666769035,kucoin_legacy
1787325000,2402.61,2406.54,2396.94,2402.01,273.75038486,657970.22629506723,kucoin_legacy
1787325300,2402.36,2408.22,2396.93,2400.23,192.1530002,461531.322781160008,kucoin_legacy
1787325600,2401.25,2404.2,2396.94,2399.97,101.99166337,244783.094272725604,kucoin_legacy
1787325900,2399.58,2403.13,2397.86,2398.55,88.3415502,212113.748938951001,kucoin_legacy
1787326200,2398.55,2402.69,2395.6,2396.58,134.2600203,322338.953062565008,kucoin_legacy
1787326500,2396.53,2401.47,2394.2,2400.5,131.5837882,315452.760225074016,kucoin_legacy
1787326800,2400.36,2403.33,2399.27,2399.78,88.9318108,213509.989065517002,kucoin_legacy
1787327100,2399.98,2402.64,2398.39,2399.16,83.7720478,201114.653906218999,kucoin_legacy
1787327400,2399.39,2403.56,2396.38,2396.45,191.3120478,458879.917865804979,kucoin_legacy
1787327700,2396.46,2397.38,2392.24,2393.39,41.3130413,98931.465362162999,kucoin_legacy
1787328000,2393.39,2397.16,2389.49,2391.25,153.3973311,366927.646749048028,kucoin_legacy
1787328300,2390.96,2392.18,2385,2387.84,166.0219288,396403.109547164,kucoin_legacy
1787328600,2387.14,2393.12,2384.34,2384.34,116.0245753,277238.440126530011,kucoin_legacy
1787328900,2384.24,2401.88,2383.94,2395.22,178.5697079,427388.949150570028,kucoin_legacy
1787329200,2395.21,2400.3,2393.57,2396.51,141.445354,339017.562850651972,kucoin_legacy
1787329500,2396.4,2402.6,2394.82,2402.32,106.4939785,255566.080439189012,kucoin_legacy
1787329800,2402.18,2402.8,2398.81,2401.94,97.8961409,235036.769574325008,kucoin_legacy
1787330100,2402.18,2402.39,2399.62,2400.99,52.6521579,126420.884623525999,kucoin_legacy
1787330400,2401.31,2401.88,2399.24,2401.55,99.0127223,237696.214318303013,kucoin_legacy
1787330700,2401.35,2409.89,2400.93,2408.42,194.5041638,468040.85579573299,kucoin_legacy
1787331000,2408.2,2412.53,2407.47,2409.9,176.5134351,425361.517002668988,kucoin_legacy
1787331300,2409.19,2409.19,2405.66,2405.67,61.3797008,147732.063737130986,kucoin_legacy
1787331600,2405.67,2410.71,2404.16,2407.82,94.4181011,227255.198805024993,kucoin_legacy
1787331900,2407.81,2421.31,2407.33,2415.33,436.9274498,1055857.4013859611,kucoin_legacy
1787332200,2415.33,2418.67,2411.83,2415.28,305.0836234,736800.763210066012,kucoin_legacy
1787332500,2415.34,2415.53,2408.24,2409.65,273.77425433,660634.018751692027,kucoin_legacy
1787332800,2409.4,2409.83,2403.17,2403.18,186.1047678,447992.625979474979,kucoin_legacy
1787333100,2403.92,2416.2,2401.96,2416.2,249.0678496,600227.111279145,kucoin_legacy
1787333400,2416.2,2421.47,2414.49,2420.43,170.6407636,412735.737932546996,kucoin_legacy
1787333700,2420.37,2423.42,2416.86,2423.42,202.83022695,490971.246354715026,kucoin_legacy
1787334000,2423.08,2426.18,2418.69,2419.63,169.99820049,411950.0689255998,kucoin_legacy
1787334300,2419.85,2427.54,2416.75,2423.88,112.6449203,272770.461201799975,kucoin_legacy
1787334600,2423.87,2425.79,2422.44,2423.05,65.84816,159639.203051688004,kucoin_legacy
1787334900,2422.57,2427.05,2422.57,2423.24,66.64668238,161630.789404191397,kucoin_legacy
1787335200,2423.61,2426.46,2423.06,2425.66,60.082177,145675.206250801013,kucoin_legacy
1787335500,2425.66,2427.08,2421.22,2421.22,105.1001462,254908.770181392989,kucoin_legacy
1787335800,2421.14,2425.17,2417.35,2422.95,104.5954992,253258.409447690996,kucoin_legacy
1787336100,2422.53,2427.48,2422.33,2427.48,143.2729476,347446.986571406014,kucoin_legacy
1787336400,2427.47,2431.95,2426.73,2426.73,176.632158,429163.935144631017,kucoin_legacy
1787336700,2426.55,2427.77,2424.03,2424.67,124.5708294,302192.244303791027,kucoin_legacy
1787337000,2424.66,2426.59,2422.55,2425.87,113.1787506,274388.224407478992,kucoin_legacy
1787337300,2425.6,2425.6,2417.04,2421.81,161.5501749,390808.38697728602,kucoin_legacy
1787337600,2421.81,2422.26,2406.61,2408.19,236.3168535,570008.68903123599,kucoin_legacy
1787337900,2408.19,2408.2,2395.74,2397.54,472.1860982,1133965.766071260907,kucoin_legacy
1787338200,2398.46,2410.1,2398.26,2408.19,231.1775854,555917.570433767978,kucoin_legacy
1787338500,2408.42,2421.84,2407.63,2420.66,232.1724364,560984.018431261997,kucoin_legacy
1787338800,2420.32,2420.94,2407.6,2408.23,241.4789001,582632.205874852021,kucoin_legacy
1787339100,2408.04,2413.98,2407.29,2413.29,62.8883954,151594.579568298999,kucoin_legacy
1787339400,2412.6,2415.67,2410.63,2415.56,60.3583756,145619.111828107998,kucoin_legacy
1787339700,2415.1,2415.1,2408,2412.1,30.324593,73112.880718204993,kucoin_legacy
1787340000,2412.09,2415.42,2409.79,2413.93,28.7973068,69488.828656922997,kucoin_legacy
1787340300,2413.92,2419.69,2413.92,2418.6,65.8555652,159205.484273328999,kucoin_legacy
1787340600,2418.6,2420.49,2415.8,2416.05,95.4173133,230659.841471010994,kucoin_legacy
1787340900,2415.23,2420.08,2414.03,2418.47,109.1095794,263731.275685378001,kucoin_legacy
1787341200,2418.2,2418.64,2414.5,2417.52,157.7659658,381354.527077110019,kucoin_legacy
1787341500,2417.51,2418.76,2414.63,2418.56,59.9065744,144799.483143588994,kucoin_legacy
1787341800,2418.55,2420.25,2414.04,2416.35,609.5613723,1473598.767040095059,kucoin_legacy
1787342100,2415.76,2416.22,2412.99,2413.96,199.4414635,481586.444506026979,kucoin_legacy
1787342400,2413.97,2427.34,2409.13,2427.2,485.4593026,1174775.466759124072,kucoin_legacy
1787342700,2427.2,2430.65,2420.2,2427.52,256.369629,621417.065559979994,kucoin_legacy
1787343000,2427.82,2430.41,2424.87,2425.98,91.35170086,221736.812618324388,kucoin_legacy
1787343300,2425.98,2433.86,2425.98,2431.11,208.7599038,507382.581410714018,kucoin_legacy
1787343600,2431.36,2448.32,2430.51,2444.57,489.9180604,1195437.762546944898,kucoin_legacy
1787343900,2444.15,2447.64,2437.05,2445.58,688.3419731,1679839.809825493023,kucoin_legacy
1787344200,2445.76,2445.76,2437.46,2438.74,236.2592907,576875.893147506053,kucoin_legacy
1787344500,2438.74,2442.35,2433.33,2434.45,147.0362643,358240.338071893028,kucoin_legacy
1787344800,2434.13,2439.45,2434.13,2437.66,119.3069134,290861.75381917198,kucoin_legacy
1787345100,2437.66,2437.66,2427.57,2434.72,107.805355,262180.305428465013,kucoin_legacy
1787345400,2434.55,2444.84,2434.13,2439.46,112.0637737,273430.090343596996,kucoin_legacy
1787345700,2439.7,2441.83,2438.52,2441.21,61.4226502,149883.164528682013,kucoin_legacy
1787346000,2441.2,2441.86,2439.47,2440.39,62.8424124,153370.753282855992,kucoin_legacy
1787346300,2440.39,2440.54,2434.77,2436.64,88.9628845,216815.595089698996,kucoin_legacy
1787346600,2436.64,2460.61,2436.36,2450.46,664.914352735489,1630343.037323928671,kucoin_legacy
1787346900,2449.54,2457.14,2444.59,2456.77,251.0855774,615822.752074979013,kucoin_legacy
1787347200,2456.53,2483.28,2449.05,2483.16,654.75002591,1616210.897494361037,kucoin_legacy
1787347500,2483.16,2489.29,2473.34,2480.02,473.77339397,1175346.808755528182,kucoin_legacy
1787347800,2479.76,2498,2476.34,2492.24,426.5153963,1061363.579222104046,kucoin_legacy
1787348100,2493.68,2493.68,2476.67,2477.38,293.8377045,729201.421644398943,kucoin_legacy
1787348400,2477.85,2486.35,2476.66,2485.82,586.7133882,1456400.230101813097,kucoin_legacy
1787348700,2485.32,2495.67,2483.07,2490.61,307.5587609,765252.782592348987,kucoin_legacy
1787349000,2490.6,2520.9,2486.81,2520.33,653.157233535101,1635782.050396775361,kucoin_legacy
1787349300,2520.32,2521.54,2507.05,2513.51,423.7481072,1064638.127438110067,kucoin_legacy
1787349600,2513.05,2534.82,2507.39,2528.47,565.6918841,1426376.12470025802,kucoin_legacy
1787349900,2527.49,2547.38,2524.08,2541.12,495.05897,1255850.71578396298,kucoin_legacy
1787350200,2541.38,2545.69,2531.38,2541.81,322.3901647,818601.668829659,kucoin_legacy
1787350500,2541.79,2543.11,2528.6,2541.63,388.5314549,985292.778061139979,kucoin_legacy
1787350800,2541.63,2541.63,2529.96,2530.52,180.4619987,457351.049385100021,kucoin_legacy
1787351100,2530.53,2535.57,2528.65,2532.86,131.9152205,334047.363038718002,kucoin_legacy
1787351400,2534.38,2535.14,2510.76,2522.45,413.1094642,1039855.333163819043,kucoin_legacy
1787351700,2522.08,2533.54,2520.15,2529.29,147.9711125,374265.370968642994,kucoin_legacy
1787352000,2529.71,2533.87,2527.17,2529.66,131.1396337,331902.364264552016,kucoin_legacy
1787352300,2529.18,2529.18,2517.76,2518.52,239.6391641,604616.431441443972,kucoin_legacy
1787352600,2518.39,2529.6,2514,2524.36,263.6196854,664597.509249042952,kucoin_legacy
1787352900,2524.23,2527.4,2519.75,2521.84,98.2100294,247883.014885885001,kucoin_legacy
1787353200,2522.83,2525.15,2515.4,2517.57,215.3277502,542488.548984949011,kucoin_legacy
1787353500,2517.75,2522.74,2516.47,2520.35,198.0076004,498890.518913624983,kucoin_legacy
1787353800,2519.94,2526.7,2519.72,2524.72,142.2272092,358864.360519242007,kucoin_legacy
1787354100,2524.13,2537.37,2524.06,2535.11,217.2384593,549689.778933461988,kucoin_legacy
1787354400,2535.1,2546.97,2533.82,2536.46,368.3225997,935498.27067201701,kucoin_legacy
1787354700,2536.46,2537.17,2522.03,2525.71,285.8691312,722829.802260542987,kucoin_legacy
1787355000,2526.67,2531.38,2521.98,2524.73,151.5493516,382864.589436767972,kucoin_legacy
1787355300,2525.16,2525.16,2516.37,2516.37,151.712647,382375.837726822007,kucoin_legacy
1787355600,2516.59,2525.2,2512.25,2524,229.0276959,576453.52170550602,kucoin_legacy
1787355900,2524,2525.3,2517.52,2521.11,180.9178167,456109.827615086979,kucoin_legacy
1787356200,2520.73,2520.73,2509.71,2514.38,228.1344273,573561.11511400796,kucoin_legacy
1787356500,2514.64,2517.3,2511.6,2516.23,90.814285,228373.02132972001,kucoin_legacy
1787356800,2516.03,2522.75,2507.09,2512.43,204.6112809,514556.982238264987,kucoin_legacy
1787357100,2510.49,2510.56,2491.53,2498.13,357.6782705,893592.678839834058,kucoin_legacy
1787357400,2498.13,2506.64,2495.31,2501.53,266.7113625,667255.457404447021,kucoin_legacy
1787357700,2501.54,2507.67,2498.81,2505.12,182.407228,456670.641738864011,kucoin_legacy
1787358000,2504.67,2511.49,2504.67,2510.44,99.4653341,249441.757569873007,kucoin_legacy
1787358300,2510.63,2511.87,2505.69,2506.77,120.2989721,301872.228396306979,kucoin_legacy
1787358600,2505.82,2515.79,2505.82,2510.2,127.7600621,320915.253397753986,kucoin_legacy
1787358900,2509.81,2513.32,2509.63,2511.41,51.9410915,130450.299673811998,kucoin_legacy
1787359200,2511.59,2511.73,2504.11,2508.92,54.3320609,136257.739903796988,kucoin_legacy
1787359500,2509.08,2515.79,2504.08,2515.61,124.4506952,312409.459017238987,kucoin_legacy
1787359800,2514.6,2518.69,2512.25,2514.28,137.0698058,344765.437039386015,kucoin_legacy
1787360100,2515.34,2522.38,2515.09,2522.28,141.0195768,355369.375014071993,kucoin_legacy
1787360400,2522.44,2526.97,2518.15,2526.97,277.4881692,699833.542429710971,kucoin_legacy
1787360700,2526.8,2528.54,2519.34,2520.7,222.1634155,560780.880444527022,kucoin_legacy
1787361000,2520.7,2524.25,2519.32,2520.23,56.2578888,141854.75661686901,kucoin_legacy
1787361300,2519.81,2525.14,2518,2518.82,78.9303473,198909.275114785007,kucoin_legacy
1787361600,2518.44,2519.79,2515.69,2518.14,56.5558699,142391.297686847014,kucoin_legacy
1787361900,2518.38,2520.58,2516.87,2517.59,42.5488656,107160.761629080996,kucoin_legacy
1787362200,2518.13,2527.49,2517.67,2521.36,179.07024036,451895.403176899999,kucoin_legacy
1787362500,2521.57,2521.9,2515.93,2515.94,194.6901612,490346.044773422007,kucoin_legacy
1787362800,2515.94,2517.67,2510.99,2513.77,168.4387833,423787.189499575994,kucoin_legacy
1787363100,2513.76,2518.13,2513.76,2514.48,45.3730141,114172.728741188999,kucoin_legacy
1787363400,2514.73,2519.1,2512.81,2519.1,97.458312,245182.077835689997,kucoin_legacy
1787363700,2519.1,2523.5,2506.79,2506.79,255.4382508,642972.46229371801,kucoin_legacy
1787364000,2507.36,2511.95,2503.74,2509.82,192.9530867,483850.663216412999,kucoin_legacy
1787364300,2510.09,2512.12,2507.72,2509.96,65.3824298,164118.768180424988,kucoin_legacy
1787364600,2509.71,2510.44,2508.25,2508.72,64.2572831,161249.440304865013,kucoin_legacy
1787364900,2508.73,2516.09,2507.74,2510.7,107.3277404,269630.360444662976,kucoin_legacy
1787365200,2511.18,2514.15,2510.19,2513.68,43.5915426,109530.340398418994,kucoin_legacy
1787365500,2513.51,2522.16,2513.5,2519.1,106.7255758,268774.13615230401,kucoin_legacy
1787365800,2518.98,2521.93,2508.05,2508.82,223.9305705,563498.336960077053,kucoin_legacy
1787366100,2509.08,2509.09,2495.97,2508.26,282.7627786,707749.363178991945,kucoin_legacy
1787366400,2508.56,2510.98,2506.73,2509.71,89.5218341,224612.866165309999,kucoin_legacy
1787366700,2509.93,2511.02,2504.46,2508.75,93.4167725,234223.389261197997,kucoin_legacy
1787367000,2508.87,2512.32,2506.87,2512.13,83.4672519,209493.741236653004,kucoin_legacy
1787367300,2511.72,2515.45,2510.91,2515.39,63.35214911,159219.076196362905,kucoin_legacy
1787367600,2515.48,2521.29,2512.65,2517.42,127.1241885,319813.175739706028,kucoin_legacy
1787367900,2517.02,2520.11,2515.5,2516.65,110.4215183,278038.386236315011,kucoin_legacy
1787368200,2515.88,2516.4,2512.56,2513.19,115.8035249,291143.657695004018,kucoin_legacy
1787368500,2513.38,2521.3,2512.59,2521.3,47.8819841,120567.079291696995,kucoin_legacy
1787368800,2521.3,2524.22,2519.14,2521.48,84.9904085,214381.667335173988,kucoin_legacy
1787369100,2522.43,2526.48,2518.55,2520.23,166.8228803,420997.579406943987,kucoin_legacy
1787369400,2520.01,2523.91,2517.4,2518.7,143.965582,362868.356679233024,kucoin_legacy
1787369700,2519.19,2520.3,2515.91,2519.48,65.8707365,165870.593193159992,kucoin_legacy
1787370000,2519.21,2519.21,2513.39,2517.67,97.1333167,244364.475246334012,kucoin_legacy
1787370300,2517.83,2519.87,2515.75,2518.31,102.2925608,257616.391073231003,kucoin_legacy
1787370600,2518.31,2522.75,2517.99,2519.75,134.7690109,339612.575715420011,kucoin_legacy
1787370900,2519.75,2520.26,2514.63,2514.96,70.6570799,177894.475548554998,kucoin_legacy
1787371200,2515.13,2518.33,2510.7,2514.29,936.1478233,2352992.014506048057,kucoin_legacy
1787371500,2514.29,2518.85,2514.29,2516.7,181.1398732,455864.693078587996,kucoin_legacy
1787371800,2516.7,2520.59,2516.7,2519.8,100.8771948,254173.200678616995,kucoin_legacy
1787372100,2519.77,2519.77,2506.24,2508.18,262.5822219,659782.44910312898,kucoin_legacy
1787372400,2508.18,2514.27,2508.18,2511.09,82.6421277,207599.43976573,kucoin_legacy
1787372700,2511.85,2517.01,2511.66,2517.01,86.6197685,217797.458780737012,kucoin_legacy
1787373000,2517.01,2523.81,2514.58,2522.44,100.4584169,253081.048874509986,kucoin_legacy
1787373300,2522.04,2528.76,2519.04,2521.98,284.8192588,719015.776612821966,kucoin_legacy
1787373600,2521.96,2530.16,2521.96,2528.47,128.926964,325906.657518264023,kucoin_legacy
1787373900,2528.15,2528.16,2517.69,2518.39,514.3579841,1297598.126715091988,kucoin_legacy
1787374200,2518.59,2519.27,2516.01,2518.99,144.1041335,362793.529451978975,kucoin_legacy
1787374500,2518.99,2518.99,2514.2,2515.13,125.8263455,316655.316487915989,kucoin_legacy
1787374800,2514.29,2518.29,2514.29,2516.11,132.4188847,333246.383856736997,kucoin_legacy
1787375100,2516.1,2517.91,2452.87,2452.88,1400.1357411,3473224.891519971192,kucoin_legacy
1787375400,2452.89,2460.47,2385.56,2445.61,4956.3612358,12030986.865227300674,kucoin_legacy
1787375700,2444.89,2453.44,2409.19,2436.78,1762.0350383,4282827.965881020762,kucoin_legacy
1787376000,2436.5,2444.86,2416.93,2432.58,1337.7815485,3251185.207050490193,kucoin_legacy
1787376300,2433.57,2446.8,2432.02,2438.11,470.78207275,1149128.732808054425,kucoin_legacy
1787376600,2438.21,2443.24,2423,2443.19,426.1461645,1037181.367591941962,kucoin_legacy
1787376900,2443.19,2449.03,2432.52,2432.52,317.0043105,773457.940657373052,kucoin_legacy
1787377200,2434.16,2436.32,2425.11,2433.29,203.1445483,493585.439389385981,kucoin_legacy
1787377500,2432.53,2442.61,2427.97,2440.62,250.7613951,611301.568188222009,kucoin_legacy
1787377800,2440.72,2445.95,2432.76,2436.79,221.9966149,541597.139967296971,kucoin_legacy
1787378100,2436.18,2443.26,2435.16,2439.78,304.3052228,742021.085879917955,kucoin_legacy
1787378400,2440.19,2443.69,2436.13,2437.11,165.6884405,404098.022740460001,kucoin_legacy
1787378700,2437.28,2437.28,2430.12,2434.95,158.9257606,386737.160705586022,kucoin_legacy
1787379000,2434.95,2435.45,2427.2,2427.64,138.5571329,336878.072020257008,kucoin_legacy
1787379300,2428.29,2433.75,2427.2,2429.38,192.6135596,468120.867738823988,kucoin_legacy
1787379600,2430.39,2437.3,2428.99,2436.45,172.9849033,420842.899850288988,kucoin_legacy
1787379900,2436.72,2437.31,2429.55,2429.98,93.5169442,227654.976046169002,kucoin_legacy
1787380200,2429.98,2430.18,2412.78,2417.95,388.5687573,940419.43539903604,kucoin_legacy
1787380500,2418.15,2437.16,2416.13,2434.94,277.8161375,674431.068228206015,kucoin_legacy
1787380800,2434.42,2439.82,2431.64,2431.64,312.6785179,761794.954572092043,kucoin_legacy
1787381100,2431.01,2436.22,2431.01,2435.13,140.7867508,342699.557820391026,kucoin_legacy
1787381400,2435.42,2439.38,2433.62,2435.64,159.8324843,389322.784163756995,kucoin_legacy
1787381700,2435.43,2439.71,2435,2437.97,89.0074395,216876.826504044991,kucoin_legacy
1787382000,2437.61,2447.41,2436.04,2446,95.6190214,233571.291436745989,kucoin_legacy
1787382300,2445.65,2447.46,2436.26,2437.03,146.5643926,358130.171141496976,kucoin_legacy
1787382600,2436.99,2438.08,2428.01,2434.48,251.9041089,612849.228900954011,kucoin_legacy
1787382900,2434.19,2435.48,2426.78,2429.74,200.1451159,486533.959686623013,kucoin_legacy
1787383200,2430.06,2439,2429.91,2438.75,123.2868125,300277.967957252986,kucoin_legacy
1787383500,2438.8,2441.57,2437.48,2441.57,120.997136,295144.37284426298,kucoin_legacy
1787383800,2441.62,2441.83,2438.59,2439.31,99.5375679,242905.050560058007,kucoin_legacy
1787384100,2439.73,2440.34,2436.85,2438,51.7626955,126228.639235587005,kucoin_legacy
1787384400,2438.1,2438.54,2431.94,2436.89,64.0851319,156105.425582927011,kucoin_legacy
1787384700,2436.89,2438.5,2433.83,2435.37,188.9811207,460253.507333469985,kucoin_legacy
1787385000,2434.19,2438.32,2433.03,2437.17,142.3563293,346709.638225727016,kucoin_legacy
1787385300,2437.18,2437.93,2431.82,2433.07,67.1288272,163401.176862483,kucoin_legacy
1787385600,2433.51,2437.34,2429.6,2429.6,98.0042364,238516.179308474995,kucoin_legacy
1787385900,2429.6,2435.03,2428.57,2433.5,78.6016467,191141.979426623002,kucoin_legacy
1787386200,2433.82,2440.64,2433.82,2439.97,157.288929,383718.550010145991,kucoin_legacy
1787386500,2440.01,2440.13,2433.2,2433.2,43.9990709,107273.271556735999,kucoin_legacy
1787386800,2434.09,2436.7,2432.71,2433.42,143.3756652,349042.52454889199,kucoin_legacy
1787387100,2433.03,2433.87,2423.61,2426.01,368.8864545,895294.222048899042,kucoin_legacy
1787387400,2426.26,2426.41,2415.58,2418.65,308.0255355,745581.051362217055,kucoin_legacy
1787387700,2418.71,2421.49,2415.09,2420.62,158.0325795,382235.263140822004,kucoin_legacy
1787388000,2420.47,2425.48,2412.28,2425.12,188.498617460587,455840.687942882534,kucoin_legacy
1787388300,2424.69,2424.69,2417.87,2422.38,184.51167,446522.015791285026,kucoin_legacy
1787388600,2423,2424.73,2420.65,2421.94,135.4581233,328149.947156350012,kucoin_legacy
1787388900,2422.18,2426.63,2421.91,2425.86,89.1356357,216041.874045912002,kucoin_legacy
1787389200,2425.85,2426.49,2413.23,2416.22,325.3629606,787069.750231705955,kucoin_legacy
1787389500,2416.7,2424.08,2414.99,2423.55,186.1481816,450550.987387010013,kucoin_legacy
1787389800,2423.37,2427.51,2421.13,2427.51,100.307076,243232.218126138003,kucoin_legacy
1787390100,2427.64,2429.37,2424.78,2425.81,82.7599478,200831.35984949299,kucoin_legacy
1787390400,2425.76,2429.39,2424.92,2425.51,70.340042,170720.581914812996,kucoin_legacy
1787390700,2425.53,2426.83,2421.87,2425.25,59.3700797,143956.928521546011,kucoin_legacy
1787391000,2425.66,2426.42,2423.33,2423.56,105.9508129,256854.840883817,kucoin_legacy
1787391300,2423.78,2425.06,2419.86,2420.14,55.9322132,135482.627586156013,kucoin_legacy
1787391600,2421.17,2424.55,2421.13,2423.07,27.9795621,67792.671436189994,kucoin_legacy
1787391900,2423.07,2423.07,2413.99,2417.88,173.8407445,420282.683209966985,kucoin_legacy
1787392200,2417.87,2421.78,2415.77,2417.25,147.814896,357462.03570358298,kucoin_legacy
1787392500,2416.56,2422.6,2416.56,2421.85,166.2107359,402035.550826176011,kucoin_legacy
1787392800,2421.93,2423.02,2403.48,2414.04,483.1481279,1164682.152642742032,kucoin_legacy
1787393100,2413.95,2415.04,2405.64,2407.36,248.3414056,598536.269572271965,kucoin_legacy
1787393400,2407.59,2410.62,2398.2,2401.33,264.2096043,635102.094322524965,kucoin_legacy
1787393700,2400.97,2406.42,2396,2396,239.3737409,574882.350791494013,kucoin_legacy
1787394000,2396.84,2401.52,2389.09,2394.64,555.0658103,1329553.527350954944,kucoin_legacy
1787394300,2394.22,2408.02,2393.06,2406.33,465.1656582,1116481.201849872945,kucoin_legacy
1787394600,2406.8,2410.4,2403.27,2406.19,264.5002214,636774.897619687952,kucoin_legacy
1787394900,2405.86,2412.15,2405.86,2410.6,168.488250720357,405816.208327309461,kucoin_legacy
1787395200,2410.6,2415.98,2410.32,2415.11,75.8583853,183115.517789209,kucoin_legacy
1787395500,2415.36,2417.6,2410.13,2412.3,142.7975378,344538.774008379027,kucoin_legacy
1787395800,2412.55,2413.79,2410.79,2412.23,43.9686942,106063.352930056004,kucoin_legacy
1787396100,2412.64,2414.04,2408.16,2413.32,64.6589732,155898.267859951011,kucoin_legacy
1787396400,2412.94,2413.71,2405.5,2411.76,104.9776486,252865.340136260987,kucoin_legacy
1787396700,2411.77,2415.86,2408.53,2408.53,76.3627944,184227.520026885992,kucoin_legacy
1787397000,2408.76,2411.07,2407.99,2407.99,29.3852285,70809.549374477996,kucoin_legacy
1787397300,2408.44,2410.38,2406.97,2408.59,57.0584046,137442.379608151998,kucoin_legacy
1787397600,2408.77,2412.59,2408.77,2411.3,72.0226511,173687.569062118011,kucoin_legacy
1787397900,2410.41,2415.7,2410.41,2414.68,117.2409223,282936.047085491999,kucoin_legacy
1787398200,2414.35,2418.7,2413.72,2418.38,36.1314454,87349.857579172996,kucoin_legacy
1787398500,2418.74,2422,2417.64,2419.98,71.4502594,172922.548995015997,kucoin_legacy
1787398800,2420.21,2425.14,2420.16,2424.58,70.0905869,169825.390305251989,kucoin_legacy
1787399100,2425.07,2426.52,2421.85,2422.48,105.5369479,255917.11427356099,kucoin_legacy
1787399400,2421.89,2423.66,2420.82,2423.25,86.8391798,210321.841896428989,kucoin_legacy
1787399700,2423.25,2425.31,2422.41,2423.73,77.5677617,187982.019211389998,kucoin_legacy
1787400000,2423.97,2427.01,2419.2,2423.18,148.276568,359148.875696055009,kucoin_legacy
1787400300,2423.34,2429.56,2423.34,2428.39,128.4853577,311896.313376025006,kucoin_legacy
1787400600,2428.73,2434.85,2428.72,2433.13,318.7412541,775042.061177985976,kucoin_legacy
1787400900,2433.46,2435.43,2429.69,2434.29,96.3072889,234257.972259530012,kucoin_legacy
1787401200,2434.29,2435.96,2432.31,2435.05,82.7276456,201400.02525486899,kucoin_legacy
1787401500,2434.91,2437.69,2431.77,2435.57,133.3956748,324839.745742511004,kucoin_legacy
1787401800,2435.37,2437.32,2430.31,2430.63,133.5315395,324946.742814622005,kucoin_legacy
1787402100,2430.99,2433.08,2427.84,2428.19,47.424062,115239.586097544001,kucoin_legacy
1787402400,2428.64,2431.61,2428.13,2431.5,10.9984363,26731.980202434999,kucoin_legacy
1787402700,2432.11,2432.26,2429.11,2429.64,18.485425,44935.297873144998,kucoin_legacy
1787403000,2429.65,2430.17,2427.6,2429.27,66.642884,161842.468935643992,kucoin_legacy
1787403300,2429.21,2430.29,2427.3,2427.98,122.7666745,298157.821051331994,kucoin_legacy
1787403600,2428.31,2428.7,2424.61,2425.6,77.6700429,188469.496111023007,kucoin_legacy
1787403900,2426.62,2428.22,2425.08,2428.21,40.7645325,98907.466101002006,kucoin_legacy
1787404200,2429.25,2429.25,2426.18,2426.67,21.136806,51305.575488991002,kucoin_legacy
1787404500,2427.54,2429.21,2424.43,2425.08,49.3882042,119837.254142584003,kucoin_legacy
1787404800,2425.17,2428.02,2422.42,2426.98,45.1346645,109436.557313682002,kucoin_legacy
1787405100,2426.98,2429.5,2425.66,2426.11,47.3231946,114892.378376538996,kucoin_legacy
1787405400,2426.56,2428.42,2423.82,2424.48,82.0723969,199100.302672547987,kucoin_legacy
1787405700,2425.12,2427.67,2423.5,2423.51,39.5584359,95963.880919817995,kucoin_legacy
1787406000,2424.08,2425.02,2421.84,2425.02,68.03608,164870.002934899996,kucoin_legacy
1787406300,2425.53,2429.49,2424.49,2427.95,39.5718372,96042.933745647999,kucoin_legacy
1787406600,2428.17,2433.39,2428.17,2429.71,114.3940005,277946.794395664998,kucoin_legacy
1787406900,2429.9,2430.36,2428.13,2430.07,24.2044253,58801.970481217999,kucoin_legacy
1787407200,2430.31,2431.46,2425.57,2426.02,24.8560524,60384.952004004001,kucoin_legacy
1787407500,2426.16,2426.91,2414.37,2419.23,295.3483632,714257.307467343053,kucoin_legacy
1787407800,2420.09,2421.44,2417.18,2418.26,97.2072986,235173.245512881986,kucoin_legacy
1787408100,2418.67,2420.16,2414.17,2416.77,154.2518056,372743.417581836984,kucoin_legacy
1787408400,2416.97,2417.88,2414.48,2416.36,119.6381751,289031.496414649999,kucoin_legacy
1787408700,2416.56,2420.97,2415.17,2420.71,72.2781719,174670.863044714992,kucoin_legacy
1787409000,2420.99,2423.92,2418.05,2423.23,48.9357555,118494.993689587005,kucoin_legacy
1787409300,2423.24,2424.27,2414.47,2415.24,79.1982797,191442.615492748999,kucoin_legacy
1787409600,2415.79,2418.58,2412.5,2412.51,201.1401386,485739.607464462984,kucoin_legacy
1787409900,2412.54,2414.89,2410.78,2411.8,70.3404286,169703.573438333988,kucoin_legacy
1787410200,2412.1,2415.62,2409.74,2409.91,87.0131266,209893.228878096998,kucoin_legacy
1787410500,2409.91,2415.17,2409.36,2414.02,56.5363648,136412.894651942013,kucoin_legacy
1787410800,2414.5,2416.8,2410.15,2413.45,100.7678186,243200.774193905003,kucoin_legacy
1787411100,2413.25,2415.49,2407.68,2408.24,148.6598527,358388.418132581981,kucoin_legacy
1787411400,2408.37,2412.54,2406.57,2407.03,125.444475,302137.166839946993,kucoin_legacy
1787411700,2406.54,2411.37,2406.19,2408.46,109.0119667,262634.783138761006,kucoin_legacy
1787412000,2408.07,2411.76,2405.9,2409.71,81.6297949,196653.138844837988,kucoin_legacy
1787412300,2409.91,2411.36,2408.81,2410.72,66.9858409,161449.821087549994,kucoin_legacy
1787412600,2411.42,2414.66,2410.62,2414.44,47.5882143,114794.414825849002,kucoin_legacy
1787412900,2414.47,2414.83,2410.57,2412.11,95.16588,229535.186750739987,kucoin_legacy
1787413200,2411.87,2413.51,2410.04,2412.59,53.0142665,127870.919436388998,kucoin_legacy
1787413500,2412.59,2414.11,2410.62,2410.92,10.896957,26285.737208175,kucoin_legacy
1787413800,2411.61,2411.74,2409.2,2410.29,97.0201329,233915.97794769099,kucoin_legacy
1787414100,2410.55,2412.98,2409.48,2410.95,25.8506926,62330.156363217997,kucoin_legacy
1787414400,2411,2415.8,2409.96,2415.02,141.3921873,341268.206482686976,kucoin_legacy
1787414700,2415.4,2415.61,2412.91,2412.91,64.272772,155212.872296448011,kucoin_legacy
1787415000,2413.27,2414.76,2408.92,2414.55,29.6998578,71637.701991399997,kucoin_legacy
1787415300,2414.56,2420.14,2414.56,2419.44,46.7084761,112952.643898758004,kucoin_legacy
1787415600,2419.44,2422.17,2418.91,2421.5,72.8132529,176219.41274070699,kucoin_legacy
1787415900,2421.1,2421.65,2419.62,2420.35,56.6977345,137231.734793281998,kucoin_legacy
1787416200,2420.78,2422.66,2419.55,2419.55,73.3549754,177583.117762831011,kucoin_legacy
1787416500,2419.56,2424.14,2419.56,2422.98,61.8913985,149931.669173072005,kucoin_legacy
1787416800,2422.98,2428.95,2422.98,2426.28,151.53257753,367747.371561964217,kucoin_legacy
1787417100,2425.88,2429.4,2425.88,2426.91,83.9585992,203786.428429279011,kucoin_legacy
1787417400,2427.11,2427.57,2422.9,2422.9,57.1300089,138486.295214673009,kucoin_legacy
1787417700,2422.92,2424.62,2422.73,2422.84,25.0318673,60683.021881893001,kucoin_legacy
1787418000,2422.84,2425.06,2422.02,2422.68,33.3167843,80750.662374703999,kucoin_legacy
1787418300,2423.21,2425.44,2421.87,2423.64,16.4061044,39763.106747954,kucoin_legacy
1787418600,2424.11,2425.2,2423.36,2424,12.5842955,30505.701260741,kucoin_legacy
1787418900,2424.15,2428.8,2424.15,2428.66,27.713263,67255.093904663998,kucoin_legacy
1787419200,2428.66,2428.76,2424.56,2425.56,62.5941969,151874.940533740009,kucoin_legacy
1787419500,2425.44,2425.84,2417.46,2419.21,56.784821,137559.041601112986,kucoin_legacy
1787419800,2420,2424.3,2420,2423.33,51.1676101,123985.387946458999,kucoin_legacy
1787420100,2423.4,2425.43,2421.35,2421.35,88.0164491,213370.129416996002,kucoin_legacy
1787420400,2422.04,2425.16,2421.96,2424.84,192.2021782,465813.877971137001,kucoin_legacy
1787420700,2425.11,2426.97,2423.93,2426.37,37.2476525,90328.525417769997,kucoin_legacy
1787421000,2426.38,2431.49,2426.38,2427.86,149.3275695,362729.414543795981,kucoin_legacy
1787421300,2428.35,2428.35,2425.81,2426.36,26.4472328,64190.592395574,kucoin_legacy
1787421600,2426.35,2429.49,2426.04,2429.19,30.4750307,73985.895854924995,kucoin_legacy
1787421900,2429.42,2430.84,2426.46,2426.68,62.7906929,152449.409069082991,kucoin_legacy
1787422200,2426.52,2428.32,2425.42,2427.05,20.3013904,49255.351490904002,kucoin_legacy
1787422500,2426.86,2429.69,2426.82,2429.06,57.9116307,140648.807901869994,kucoin_legacy
1787422800,2428.63,2434.26,2428.63,2431.15,76.982715,187220.929508994013,kucoin_legacy
1787423100,2431.8,2434.16,2430.36,2431.14,28.2884836,68801.698794163007,kucoin_legacy
1787423400,2431.15,2435,2430.23,2433.46,240.598591362935,585559.008579533431,kucoin_legacy
1787423700,2433.47,2433.47,2428.94,2429.06,207.3532728,504185.000015334983,kucoin_legacy
1787424000,2429.15,2430.69,2426.77,2426.77,21.7776887,52900.676423484001,kucoin_legacy
1787424300,2426.77,2428.62,2424.6,2426.36,111.3394397,270107.884897207026,kucoin_legacy
1787424600,2426.37,2426.37,2422,2424.65,35.082952,85037.594572692993,kucoin_legacy
1787424900,2424.64,2427.72,2424.64,2427.47,6.7336866,16335.789930428,kucoin_legacy
1787425200,2427.58,2428.34,2426.4,2426.42,20.6125463,50043.133409196998,kucoin_legacy
1787425500,2426.36,2427.49,2423.99,2427.4,46.0279572,111673.903339775003,kucoin_legacy
1787425800,2427.4,2430.14,2426.72,2429.52,26.0222778,63189.697064678003,kucoin_legacy
1787426100,2429.53,2431.18,2427.78,2428.63,104.7018366,254409.833364852006,kucoin_legacy
1787426400,2428.82,2429.3,2427.28,2428.07,13.1572546,31949.643220669001,kucoin_legacy
1787426700,2428.08,2429.48,2427.01,2428.79,26.8566361,65220.914133052996,kucoin_legacy
1787427000,2428.61,2431.57,2428.61,2431.06,21.1383172,51385.223554265001,kucoin_legacy
1787427300,2431.44,2432.1,2430.36,2431.45,31.920365,77606.808263304003,kucoin_legacy
1787427600,2431.46,2434.99,2431.45,2434.88,102.624357,249660.096654842986,kucoin_legacy
1787427900,2434.87,2439.19,2433.92,2438.09,192.7555699,469776.542020971014,kucoin_legacy
1787428200,2438.08,2444.32,2437.67,2442.55,141.1521445,344542.54122198798,kucoin_legacy
1787428500,2442.36,2442.62,2438.97,2438.97,27.4820275,67086.749459544997,kucoin_legacy
1787428800,2439.41,2440.67,2436.54,2438.82,97.612218,238079.145155823004,kucoin_legacy
1787429100,2438.82,2442.09,2437.73,2441.09,36.0222356,87840.646100083002,kucoin_legacy
1787429400,2441.08,2443.26,2441.08,2441.29,16.7107211,40814.208229372998,kucoin_legacy
1787429700,2441.27,2441.91,2439.47,2439.71,19.8179509,48375.925016875,kucoin_legacy
1787430000,2439.71,2439.86,2437.46,2437.97,26.1797214,63834.946740451996,kucoin_legacy
1787430300,2438.38,2440.13,2437.79,2437.79,116.8922537,285184.359294664988,kucoin_legacy
1787430600,2437.89,2438.33,2435.22,2435.98,53.9584985,131477.177550602995,kucoin_legacy
1787430900,2435.87,2438.8,2435.61,2438.8,23.1763793,56474.097607666001,kucoin_legacy
1787431200,2438.8,2439.64,2435.65,2436.73,37.9357065,92453.826282544003,kucoin_legacy
1787431500,2436.79,2437.26,2435.4,2435.92,43.7894823,106686.857463976005,kucoin_legacy
1787431800,2435.93,2436.51,2435.52,2435.52,20.058224,48857.182734549999,kucoin_legacy
1787432100,2435.52,2435.52,2429.6,2431.78,147.1418039,357766.924963790982,kucoin_legacy
1787432400,2431.53,2431.53,2417.07,2420.3,195.6963687,474254.566958701005,kucoin_legacy
1787432700,2420.4,2423.39,2419.11,2422.3,155.49537,376549.125468857004,kucoin_legacy
1787433000,2422.29,2422.49,2412.32,2412.57,358.8919148,867203.679426499992,kucoin_legacy
1787433300,2412.58,2419.43,2412.58,2419.43,215.619958,521157.958487746015,kucoin_legacy
1787433600,2419.52,2421.65,2416.85,2418,322.7654342,780811.824205589946,kucoin_legacy
1787433900,2418,2421.98,2417.32,2421.62,198.315778,480068.180312575016,kucoin_legacy
1787434200,2421.5,2422.74,2414.94,2417.94,177.8687895,430082.423131664982,kucoin_legacy
1787434500,2418.05,2418.06,2410.45,2412.84,109.3914744,263958.979447180987,kucoin_legacy
1787434800,2412.94,2416.18,2408.69,2416.18,317.0208487,764615.906623554998,kucoin_legacy
1787435100,2416.17,2416.17,2410.36,2412.06,66.0929427,159446.913293046993,kucoin_legacy
1787435400,2412.06,2412.91,2407.63,2409.12,134.8130948,324831.482814126008,kucoin_legacy
1787435700,2409.34,2409.72,2403.56,2407.38,170.6155482,410700.73342948698,kucoin_legacy
1787436000,2407.35,2413.46,2404.26,2410.42,122.748633,295727.211440693005,kucoin_legacy
1787436300,2410.47,2421.4,2410.47,2419.91,154.26631148,372938.154846980004,kucoin_legacy
1787436600,2418.52,2420.9,2416.19,2420.4,89.6784988,216904.229608185007,kucoin_legacy
1787436900,2419.67,2421.39,2417.45,2418.06,49.8028941,120502.419196749994,kucoin_legacy
1787437200,2418.06,2422.33,2418.06,2422.05,45.6552965,110518.151255770004,kucoin_legacy
1787437500,2422.34,2425.13,2422.34,2422.76,95.6258312,231753.334064955998,kucoin_legacy
1787437800,2423.24,2423.35,2409.02,2414.06,302.4053921,730471.068217611988,kucoin_legacy
1787438100,2414.55,2418.02,2413,2414.07,70.1599243,169474.090174423996,kucoin_legacy
1787438400,2414.15,2416.39,2413.77,2414.58,36.507997,88172.104777810993,kucoin_legacy
1787438700,2414.71,2416.77,2414.14,2414.76,62.4446316,150833.852170978003,kucoin_legacy
1787439000,2414.7,2418.42,2413.85,2415.95,30.2592716,73112.239868916993,kucoin_legacy
1787439300,2416.44,2416.66,2412,2414.09,32.6557732,78817.794940159001,kucoin_legacy
1787439600,2414.74,2416.02,2410.78,2415.57,47.0235885,113515.210199601002,kucoin_legacy
1787439900,2415.57,2416.9,2414.81,2416.07,22.0677255,53310.690715033998,kucoin_legacy
1787440200,2415.66,2416.75,2413.65,2415.34,65.8711759,159079.735886370996,kucoin_legacy
1787440500,2415.38,2417,2414.7,2417,19.1507401,46279.264099524,kucoin_legacy
1787440800,2417,2419.99,2416.92,2419.23,81.6329245,197419.642525747011,kucoin_legacy
1787441100,2419.05,2420,2417.45,2417.81,107.4493008,259914.572297742998,kucoin_legacy
1787441400,2418.21,2419.34,2415.53,2415.68,32.8461612,79414.133089351002,kucoin_legacy
1787441700,2415.71,2420.68,2415.7,2419.92,56.9648616,137792.632697391004,kucoin_legacy
1787442000,2420.4,2422.05,2420.19,2421.33,101.0240784,244622.550505718013,kucoin_legacy
1787442300,2421.28,2425.06,2421.01,2425.06,19.1946524,46505.721317235999,kucoin_legacy
1787442600,2425.1,2427.09,2423.99,2425.95,144.5016546,350562.24656924099,kucoin_legacy
1787442900,2426.11,2426.26,2422.59,2422.59,53.9957075,130932.980780817001,kucoin_legacy
1787443200,2422.6,2425.59,2422.6,2424.29,76.8568262,186280.134566396999,kucoin_legacy
1787443500,2423.79,2424.81,2422.64,2423.08,39.2845329,95224.475424614997,kucoin_legacy
1787443800,2422.86,2423.08,2420.02,2421.74,35.3583845,85617.272115162006,kucoin_legacy
1787444100,2420.95,2422.61,2419.5,2420.68,40.0716296,97016.561625478003,kucoin_legacy
1787444400,2420.83,2429.2,2420.67,2428.1,134.1231149,325162.415423346974,kucoin_legacy
1787444700,2427.76,2428.86,2425.18,2426.55,47.7965657,116027.120675194004,kucoin_legacy
1787445000,2426.55,2428.67,2426.08,2427.4,75.6606278,183688.14687003399,kucoin_legacy
1787445300,2427.34,2433.53,2426.14,2429.77,147.0633215,357419.894045578025,kucoin_legacy
1787445600,2430.18,2431.24,2426.99,2427.33,37.7225203,91634.512290561994,kucoin_legacy
1787445900,2427.41,2432.2,2426.67,2431.61,101.073204,245581.176682913007,kucoin_legacy
1787446200,2431.4,2435.26,2430.31,2433.55,77.6902295,189109.579611705994,kucoin_legacy
1787446500,2433.8,2435.06,2430.9,2431.16,151.7631453,369313.673523737991,kucoin_legacy
1787446800,2431.05,2431.05,2424.49,2424.83,122.2499221,296775.221494131023,kucoin_legacy
1787447100,2425.14,2428.96,2424.58,2427.23,65.7075186,159466.178703488986,kucoin_legacy
1787447400,2427.2,2430.55,2426.71,2430.15,57.9525902,140746.497408299998,kucoin_legacy
1787447700,2430.05,2430.05,2425.96,2426.8,12.5894028,30567.201678303001,kucoin_legacy
1787448000,2427.06,2433.17,2427.05,2432.27,128.8255959,313098.141334931017,kucoin_legacy
1787448300,2432.23,2432.23,2429.11,2430.02,21.187419,51500.557347066999,kucoin_legacy
1787448600,2430.04,2433.01,2420.86,2424.66,224.9021558,545694.015449129976,kucoin_legacy
1787448900,2424.67,2426.84,2423.59,2426.22,85.3366679,206927.427372809005,kucoin_legacy
1787449200,2426.69,2427.5,2422.45,2426.27,19.023295,46137.364342437002,kucoin_legacy
1787449500,2425.57,2429.52,2425.57,2426.44,33.2759883,80779.384567811998,kucoin_legacy
1787449800,2426.27,2429.66,2425.11,2428.95,50.5751362,122792.973417778994,kucoin_legacy
1787450100,2428.53,2428.53,2420.41,2423.16,171.6060802,415688.101941764995,kucoin_legacy
1787450400,2423.14,2424.41,2420.68,2420.75,46.9868727,113851.261032334005,kucoin_legacy
1787450700,2420.75,2420.76,2418.09,2418.8,51.2854353,124095.362061549007,kucoin_legacy
1787451000,2419.13,2420.06,2413.43,2413.7,72.26768871,174643.611174037505,kucoin_legacy
1787451300,2413.55,2419.63,2413.55,2416.91,59.036533,142699.984736273007,kucoin_legacy
1787451600,2416.64,2417.1,2407.9,2412.61,256.3664753,618219.656481523998,kucoin_legacy
1787451900,2412.95,2416.21,2412.95,2416.05,23.3473444,56380.855497686003,kucoin_legacy
1787452200,2416.01,2420.1,2415.38,2419.9,19.3703052,46857.111530112998,kucoin_legacy
1787452500,2419.61,2420.9,2417.96,2419.14,51.8240195,125364.737427143002,kucoin_legacy
1787452800,2419.86,2420.23,2417.84,2418.74,36.8325602,89089.569813114998,kucoin_legacy
1787453100,2419,2421.9,2418.41,2421.68,49.8882822,120712.043004267995,kucoin_legacy
1787453400,2421.1,2423.97,2416.58,2416.58,187.4690242,453811.002291076991,kucoin_legacy
1787453700,2416.67,2417.93,2416.19,2416.71,25.7633655,62275.069299417002,kucoin_legacy
1787454000,2417.12,2418.38,2415.79,2415.89,22.680114,54824.492569132999,kucoin_legacy
1787454300,2415.86,2416.59,2413.49,2414.33,5.2822919,12761.298436364001,kucoin_legacy
1787454600,2414.63,2418.16,2413.77,2417.17,17.7817436,42956.555484031,kucoin_legacy
1787454900,2416.95,2419.06,2415.88,2417.15,10.7404408,25967.721290821999,kucoin_legacy
1787455200,2417.2,2417.2,2412.3,2413.44,41.3199615,99757.858231695005,kucoin_legacy
1787455500,2414.29,2415.16,2413.33,2413.33,14.6374949,35342.248734375004,kucoin_legacy
1787455800,2413.44,2413.64,2408.81,2410.91,130.8764908,315483.741914139013,kucoin_legacy
1787456100,2410.92,2412.91,2410.01,2410.62,56.9189707,137259.036903455999,kucoin_legacy
1787456400,2410.83,2411.37,2408.42,2409.84,34.7731023,83790.402324593,kucoin_legacy
1787456700,2409.87,2413.74,2409.87,2413.74,30.1185185,72654.180279897002,kucoin_legacy
1787457000,2413.41,2414.5,2412.28,2413.98,13.749028,33186.073814285999,kucoin_legacy
1787457300,2414.12,2414.13,2412.3,2413.98,38.1803019,92132.585656556999,kucoin_legacy
1787457600,2413.69,2416.9,2409.31,2409.42,108.0681563,260794.290821769013,kucoin_legacy
1787457900,2409.56,2412.4,2402.16,2407.08,207.2259637,498714.968219269009,kucoin_legacy
1787458200,2407.06,2414.75,2406.74,2414.32,43.1917921,104051.574098950994,kucoin_legacy
1787458500,2414.64,2416.32,2406.32,2406.59,146.9716889,354701.822835320025,kucoin_legacy
1787458800,2406.63,2409.27,2404.31,2409.27,208.0383238,500651.991461011989,kucoin_legacy
1787459100,2410,2412,2409.83,2410.97,64.6022855,155771.901982562995,kucoin_legacy
1787459400,2410.76,2410.95,2403.76,2405.17,46.7451108,112498.763433751999,kucoin_legacy
1787459700,2405.06,2406.59,2402.02,2406.23,106.9312699,257093.004731764988,kucoin_legacy
1787460000,2406.13,2407.31,2402.19,2402.79,51.4479654,123721.327790480995,kucoin_legacy
1787460300,2402.8,2402.97,2372.67,2375.79,992.6773869,2367708.309480126016,kucoin_legacy
1787460600,2376.08,2389.85,2375.47,2386.86,323.1252581,770700.809118543984,kucoin_legacy
1787460900,2386.48,2387.46,2378.36,2378.97,354.7611279,845437.07506312395,kucoin_legacy
1787461200,2378.31,2384.83,2373.69,2378.43,228.2040183,543040.659913814976,kucoin_legacy
1787461500,2378.42,2381.08,2363.06,2372.83,417.9030017,991075.529626499978,kucoin_legacy
1787461800,2372.4,2377.36,2365.81,2365.96,369.9459019,877974.884352167952,kucoin_legacy
1787462100,2366.51,2379.76,2356.33,2379.68,569.3547487,1347249.984693210106,kucoin_legacy
1787462400,2379.67,2384.6,2376.13,2384.1,199.6147691,475123.81171268702,kucoin_legacy
1787462700,2384.14,2386.75,2380.23,2380.37,156.4101886,372869.169142973027,kucoin_legacy
1787463000,2380.51,2384.27,2379.41,2380.89,63.292257336362,150739.79707085641,kucoin_legacy
1787463300,2380.91,2383.26,2373.31,2375.38,173.6362733,412774.527409176982,kucoin_legacy
1787463600,2377.04,2379.4,2373.51,2376.7,145.5279752,345825.49275647098,kucoin_legacy
1787463900,2376.7,2378.23,2374.78,2376.22,79.0270491,187787.165964670014,kucoin_legacy
1787464200,2376.21,2378.1,2373.49,2376.67,68.2011749,162019.803331122996,kucoin_legacy
1787464500,2376.66,2376.94,2373.3,2373.3,43.6232069,103613.940234328998,kucoin_legacy
1787464800,2373.24,2376.29,2370.28,2375.29,138.6620137,329029.848730464,kucoin_legacy
1787465100,2374.86,2376.57,2370.2,2370.93,126.4444604,299996.012266320991,kucoin_legacy
1787465400,2371.05,2380.81,2370.11,2379.42,176.2770569,418861.394807456003,kucoin_legacy
1787465700,2379.07,2388.7,2378.44,2388.07,270.4336893,644769.680795775959,kucoin_legacy
1787466000,2388.27,2392.73,2385.71,2389.32,188.3662004,450102.39757701999,kucoin_legacy
1787466300,2388.95,2390.66,2385.9,2389.77,132.1586565,315562.446139523003,kucoin_legacy
1787466600,2390.93,2396.39,2390.38,2393.64,139.8380113,334679.472217824019,kucoin_legacy
1787466900,2393.16,2393.98,2387.6,2389.24,40.5640254,96982.864568835997,kucoin_legacy
1787467200,2389.05,2393.58,2389.05,2391.84,34.2091345,81799.279968239003,kucoin_legacy
1787467500,2391.65,2393.01,2388.56,2390.03,31.3044064,74860.650289277997,kucoin_legacy
1787467800,2390.16,2390.45,2387.13,2387.29,35.2519522,84226.382290452006,kucoin_legacy
1787468100,2387.91,2389.71,2386.07,2389.46,73.9288693,176499.658112011995,kucoin_legacy
1787468400,2389.46,2390.51,2387.63,2389.8,33.7429896,80616.153787153002,kucoin_legacy
1787468700,2389.6,2394.07,2389.6,2392.27,27.5862025,66005.275363416993,kucoin_legacy
1787469000,2392.68,2396.35,2392.11,2394.38,49.2846072,117994.690832302003,kucoin_legacy
1787469300,2394.38,2396.89,2394.09,2396.49,19.5844143,46925.681655351997,kucoin_legacy
1787469600,2395.77,2395.94,2392.16,2393.46,30.2538165,72414.575361349998,kucoin_legacy
1787469900,2394.24,2395.32,2392.18,2393.29,74.9202195,179382.018063352996,kucoin_legacy
1787470200,2392.41,2393.05,2389.55,2389.56,35.9256455,85907.388825988004,kucoin_legacy
1787470500,2389.56,2390.61,2388.6,2390.61,32.1638378,76853.728980080996,kucoin_legacy
1787470800,2390.49,2391.15,2388.82,2389.38,35.1076878,83898.861597519994,kucoin_legacy
1787471100,2389.62,2391.26,2387.6,2390.22,25.8749392,61823.537831549002,kucoin_legacy
1787471400,2390.48,2393.4,2389.34,2390.75,22.4326038,53649.713678412998,kucoin_legacy
1787471700,2390.23,2391,2386.43,2388.85,415.7145799,993077.723392370972,kucoin_legacy
1787472000,2389.01,2390.49,2386.76,2390.12,118.0303408,282035.627477812988,kucoin_legacy
1787472300,2390.24,2409.3,2389.57,2407.55,330.8396133,793252.549753898988,kucoin_legacy
1787472600,2407.89,2413.84,2404.47,2406.84,306.0502572,737285.439811966033,kucoin_legacy
1787472900,2406.84,2410.93,2405.62,2407.86,139.0803382,335015.487463995989,kucoin_legacy
1787473200,2407.81,2408.18,2405.4,2406.72,23.9335733,57596.09754422,kucoin_legacy
1787473500,2406.73,2407.43,2405.55,2406.76,22.925011,55162.821939832,kucoin_legacy
1787473800,2406.82,2418.76,2406.82,2414.97,208.7987346,504044.910206805973,kucoin_legacy
1787474100,2414.53,2422.04,2412.49,2418.26,154.1272324,372543.234127926,kucoin_legacy
1787474400,2417.97,2426.59,2416.94,2419.84,262.0826739,634557.579815790989,kucoin_legacy
1787474700,2419.81,2421.7,2415.58,2415.58,112.5174354,272239.681463936984,kucoin_legacy
1787475000,2415.42,2417.42,2414.4,2415.59,49.3184208,119155.574096755998,kucoin_legacy
1787475300,2415.59,2416.08,2410.68,2412.47,164.73530516,397455.943168242811,kucoin_legacy
1787475600,2412.47,2416.2,2410.56,2415.38,41.7687186,100818.248285987007,kucoin_legacy
1787475900,2415.19,2415.95,2412.78,2413.31,26.5348554,64060.603687465999,kucoin_legacy
1787476200,2413.38,2413.79,2411.92,2412.9,33.2216011,80150.985296704996,kucoin_legacy
1787476500,2413.09,2413.75,2410.89,2412.07,42.9137329,103518.390369810004,kucoin_legacy
1787476800,2412.08,2412.14,2407.43,2408.06,214.441505930061,516720.129466418352,kucoin_legacy
1787477100,2408.27,2412.12,2408.24,2410.81,38.9258212,93809.165995193995,kucoin_legacy
1787477400,2410.8,2410.81,2407.45,2407.98,13.9768444,33658.582128064001,kucoin_legacy
1787477700,2408.1,2409.28,2404.83,2408.97,73.3345217,176481.460852954013,kucoin_legacy
1787478000,2409.36,2412.31,2409.31,2411.87,73.4134425,177023.314891187998,kucoin_legacy
1787478300,2411.76,2414.7,2409.7,2414.53,107.480342231633,259176.490671080188,kucoin_legacy
1787478600,2414.42,2415.65,2413.63,2413.9,19.2362286,46453.452317634998,kucoin_legacy
1787478900,2413.94,2414.28,2411.21,2411.21,36.5509734,88167.386632013004,kucoin_legacy
1787479200,2411.01,2414.47,2410.78,2413.94,48.1065123,116014.935819902996,kucoin_legacy
1787479500,2413.95,2417.13,2413.95,2414.13,81.7264893,197423.327631799009,kucoin_legacy
1787479800,2414.24,2415.09,2412.3,2414.1,42.0221111,101392.783467557005,kucoin_legacy
1787480100,2414.98,2416.11,2414.19,2415.68,166.637906,402541.186438632023,kucoin_legacy
1787480400,2415.06,2420.5,2415.06,2416.34,144.4663642,349204.478573349013,kucoin_legacy
1787480700,2417.23,2418.2,2413.34,2413.65,31.7798864,76762.973332409994,kucoin_legacy
1787481000,2414.33,2417.49,2412.79,2417.26,35.0333536,84591.852798136999,kucoin_legacy
1787481300,2417.18,2418.18,2415.67,2416.01,55.5842867,134355.073004667007,kucoin_legacy
1787481600,2415.96,2417,2415.01,2416.85,54.9885374,132860.752603511006,kucoin_legacy
1787481900,2416.93,2417.31,2416.07,2416.19,4.7475404,11473.561207715,kucoin_legacy
1787482200,2416.76,2417.66,2415.76,2416.11,12.7187128,30737.381394224001,kucoin_legacy
1787482500,2416.02,2416.09,2414.12,2415.18,15.4308054,37268.658409329,kucoin_legacy
1787482800,2415.18,2417.9,2415,2415,90.610576,218918.689013444993,kucoin_legacy
1787483100,2415.04,2418.55,2415.03,2417.52,22.705956,54894.676507388998,kucoin_legacy
1787483400,2417.66,2420.6,2417.02,2420.17,19.3792655,46880.253671895,kucoin_legacy
1787483700,2420.12,2423.27,2417.93,2423.27,64.2017844,155413.689001779014,kucoin_legacy
1787484000,2423.29,2432.89,2423.08,2432.26,329.2519714,799725.135375528014,kucoin_legacy
1787484300,2432.36,2432.65,2426.91,2427.55,97.604479,237117.990503768,kucoin_legacy
1787484600,2427.28,2430.95,2426.16,2429.86,106.8860727,259648.434750032,kucoin_legacy
1787484900,2429.62,2438.21,2429.43,2437.69,187.9687626,457461.424627512984,kucoin_legacy
1787485200,2437.93,2438.21,2433.19,2433.43,224.2118382,546097.208661959972,kucoin_legacy
1787485500,2433.88,2433.91,2427.96,2428.56,101.6626714,247324.313402789005,kucoin_legacy
1787485800,2428.78,2432.31,2428.39,2431.2,111.048517,269988.792840555019,kucoin_legacy
1787486100,2431.2,2434.16,2429.31,2433.53,357.3088615,869047.180216112989,kucoin_legacy
1787486400,2433.53,2433.69,2427.25,2427.32,155.141451,377091.106527473021,kucoin_legacy
1787486700,2427.33,2428.18,2421.84,2425.11,211.8380494,513558.323950544989,kucoin_legacy
1787487000,2425.11,2426.11,2418.95,2422.83,297.0871494,719546.947884283029,kucoin_legacy
1787487300,2422.83,2424.41,2421.19,2423.9,59.4942945,144139.73404449501,kucoin_legacy
1787487600,2423.84,2424.85,2423.44,2423.46,196.370028,476039.751544856001,kucoin_legacy
1787487900,2423.47,2423.57,2420.98,2423.16,62.5139353,151459.953998654004,kucoin_legacy
1787488200,2423.4,2425.51,2423.24,2424.76,58.6921326,142298.260612251004,kucoin_legacy
1787488500,2424.66,2425.57,2423,2425.57,55.1245561,133624.531884730008,kucoin_legacy
1787488800,2426.01,2429.23,2426,2428.45,81.1697259,197028.672860647988,kucoin_legacy
1787489100,2428.44,2428.44,2425.21,2425.48,16.9706718,41179.498502294999,kucoin_legacy
1787489400,2425.73,2426.73,2424.36,2425.09,27.4209902,66513.999287950006,kucoin_legacy
1787489700,2425.1,2427.48,2425.1,2427.1,18.356636,44552.618909579003,kucoin_legacy
1787490000,2427.04,2428.9,2427,2428.14,42.5698701,103348.997265839993,kucoin_legacy
1787490300,2428.14,2431.11,2428.14,2430.71,44.5400538,108208.575463888003,kucoin_legacy
1787490600,2431.19,2432.5,2431.19,2432.15,18.7195714,45531.350666416998,kucoin_legacy
1787490900,2432.2,2484.76,2432.04,2469.56,1159.9613919,2852796.092780114152,kucoin_legacy
1787491200,2469.47,2470.08,2453.31,2463.41,455.103725003607,1121029.362292574486,kucoin_legacy
1787491500,2462.58,2462.68,2451.48,2453.84,245.049441,602460.681273626979,kucoin_legacy
1787491800,2454.31,2458.81,2449.53,2454.15,273.6692295,671542.433722689981,kucoin_legacy
1787492100,2454.22,2458.31,2449.32,2456.79,156.0427005,383013.227451124985,kucoin_legacy
1787492400,2456.8,2458.4,2453.34,2455.15,69.3594972,170350.93661865301,kucoin_legacy
1787492700,2455.88,2458.44,2451.6,2452.95,108.5366091,266429.283665093011,kucoin_legacy
1787493000,2452.71,2456.98,2452.04,2456.55,108.2885418,265692.112581846013,kucoin_legacy
1787493300,2456.28,2460,2455.42,2459.38,108.1767999,265869.908184131025,kucoin_legacy
1787493600,2459.38,2464.67,2458.28,2463.47,180.052674,443237.964216579974,kucoin_legacy
1787493900,2463.23,2464.79,2453.09,2458.78,221.450763,544206.552074278006,kucoin_legacy
1787494200,2458.49,2468.82,2458.45,2464.15,226.2860872,557874.358124471968,kucoin_legacy
1787494500,2464.19,2467.31,2461.45,2461.45,140.3935755,346103.834839508985,kucoin_legacy
1787494800,2461.44,2463.98,2455.39,2456.78,628.9877569,1546297.513759501977,kucoin_legacy
1787495100,2457.07,2459.77,2455.88,2456.42,208.7254238,513000.510855523986,kucoin_legacy
1787495400,2455.86,2457.61,2452.7,2453.45,136.5548928,335285.866453994007,kucoin_legacy
1787495700,2453.46,2455.13,2452.3,2453.16,119.4109333,292988.368167396984,kucoin_legacy
1787496000,2453.16,2454.43,2388.51,2421.17,2072.893139,5004661.102235583588,kucoin_legacy
1787496300,2421.82,2435.59,2421.06,2433.22,462.942189,1124777.787926997058,kucoin_legacy
1787496600,2432.93,2447.87,2431.56,2445,395.3971837,964052.213159912033,kucoin_legacy
1787496900,2444.6,2444.6,2435.36,2438.98,257.8096239,628679.809359170031,kucoin_legacy
1787497200,2439.01,2439.93,2426.59,2436.77,344.0914821,837170.257679756032,kucoin_legacy
1787497500,2436.3,2441.16,2436.3,2439.32,111.8667519,272915.545025373984,kucoin_legacy
1787497800,2438.42,2438.88,2433.33,2433.34,101.9245337,248267.527013765008,kucoin_legacy
1787498100,2433.18,2434.45,2422.21,2427.31,258.5352154,627498.493040277972,kucoin_legacy
1787498400,2427.4,2436.78,2424.66,2435.29,158.557642,385551.033029848011,kucoin_legacy
1787498700,2435.39,2438.73,2435.39,2437,42.3736378,103285.652091124997,kucoin_legacy
1787499000,2436.99,2443.59,2435.14,2436.88,89.5648638,218501.274164239992,kucoin_legacy
1787499300,2436.87,2443.98,2436.87,2443.98,58.7448995,143355.783929783007,kucoin_legacy
1787499600,2443.97,2452.18,2443.26,2446.74,164.8488972,403471.701449000975,kucoin_legacy
1787499900,2445.9,2449.25,2444.26,2445.57,288.8704117,706797.643327738042,kucoin_legacy
1787500200,2445.34,2445.6,2441.85,2442.07,13.0312413,31849.521276641,kucoin_legacy
1787500500,2442.06,2444.02,2436.63,2438.56,103.102898,251593.697213023988,kucoin_legacy
1787500800,2439.05,2445.4,2439.05,2444.75,74.887194,182903.287927450001,kucoin_legacy
1787501100,2444,2445.18,2441.87,2441.87,43.5880948,106503.720130575006,kucoin_legacy
1787501400,2442.01,2446.41,2442.01,2444.61,51.5572845,125998.147518846003,kucoin_legacy
1787501700,2444.22,2446.03,2442.41,2442.83,75.1753018,183742.251396870997,kucoin_legacy
1787502000,2442.46,2445.61,2441.74,2444.63,39.5866545,96728.047983829994,kucoin_legacy
1787502300,2444.55,2446.73,2443.66,2446.73,47.926814,117203.946242502003,kucoin_legacy
1787502600,2446.68,2452.75,2445.01,2449.99,167.0746506,409403.367720659007,kucoin_legacy
1787502900,2450.02,2450.94,2446.39,2447.05,74.4484723,182278.048621682014,kucoin_legacy
1787503200,2446.92,2448.66,2446.23,2446.42,21.2325543,51960.664014784001,kucoin_legacy
1787503500,2446.53,2449.79,2445.46,2449.79,72.0702525,176434.525835776993,kucoin_legacy
1787503800,2450.26,2459.25,2449.18,2452.81,226.1582428,555273.902334523969,kucoin_legacy
1787504100,2452.73,2453.95,2450.82,2450.82,146.1946064,358557.862264218973,kucoin_legacy
1787504400,2450.7,2454.24,2432.79,2441.67,348.1467563,849976.632975377026,kucoin_legacy
1787504700,2441.85,2450.78,2441.22,2450.78,149.9134955,366894.837987012987,kucoin_legacy
1787505000,2450.72,2451.05,2446.99,2447.65,41.91017525,102631.900674179007,kucoin_legacy
1787505300,2447.65,2449.1,2438.46,2448.98,328.8494443,803952.187087474973,kucoin_legacy
1787505600,2449.32,2449.81,2444.39,2444.63,92.114071,225483.688346537994,kucoin_legacy
1787505900,2444.7,2444.94,2439.26,2440.94,108.8978784,265855.043006990978,kucoin_legacy
1787506200,2440.81,2441.07,2434.2,2440.39,146.0435629,355998.728815625014,kucoin_legacy
1787506500,2441.15,2444.31,2440.3,2440.54,40.8988913,99890.161527407006,kucoin_legacy
1787506800,2440.54,2441.41,2437.75,2438.9,110.06305033,268485.88760247489,kucoin_legacy
1787507100,2438.72,2446.54,2438.72,2441.16,124.5898623,304206.56036804599,kucoin_legacy
1787507400,2440.88,2442,2439.65,2439.65,148.4264294,362228.984357209993,kucoin_legacy
1787507700,2440.03,2441.84,2439.15,2440.21,19.5165954,47626.590987007003,kucoin_legacy
1787508000,2440.45,2441.16,2438.78,2439.69,16.2406418,39628.997589420003,kucoin_legacy
1787508300,2439.87,2439.96,2434.79,2439.96,143.618526,350020.713189632981,kucoin_legacy
1787508600,2440.05,2448.79,2439.6,2445.23,212.6481763,519778.677921860013,kucoin_legacy
1787508900,2445.02,2448.65,2444.18,2444.84,148.6878566,363784.166282035003,kucoin_legacy
1787509200,2444.85,2447.39,2444.71,2446.03,45.4403141,111141.295586745997,kucoin_legacy
1787509500,2445.6,2448.74,2445.6,2446.61,62.9581761,154082.408068240009,kucoin_legacy
1787509800,2446.61,2447.57,2444.28,2444.28,18.3406612,44856.338937802997,kucoin_legacy
1787510100,2444.62,2449.45,2444.62,2446.15,214.1634364,524325.142579067033,kucoin_legacy
1787510400,2446.1,2448.87,2446.1,2447.59,33.687709331541,82463.799844245485,kucoin_legacy
1787510700,2447.65,2448.32,2444.95,2446.36,106.0091371,259357.701945126988,kucoin_legacy
1787511000,2446.45,2447.11,2445.31,2446.83,44.6420451,109209.947562180998,kucoin_legacy
1787511300,2447.1,2449.27,2447.02,2448.7,37.7357672,92374.497541756005,kucoin_legacy
1787511600,2449.03,2450.71,2447.45,2447.89,211.5222203,518085.73914715898,kucoin_legacy
1787511900,2447.88,2448.2,2445.73,2445.73,6.3579974,15561.75589429,kucoin_legacy
1787512200,2445.64,2446.02,2440.32,2443.63,339.0046555,827764.801524866023,kucoin_legacy
1787512500,2443.74,2444.88,2441.5,2444.39,62.3199123,152270.426743835007,kucoin_legacy
1787512800,2444.39,2445.07,2443.58,2443.78,22.9428459,56088.140951702,kucoin_legacy
1787513100,2443.78,2443.79,2441.75,2443.09,36.2641167,88588.127534913001,kucoin_legacy
1787513400,2443.04,2443.04,2437.57,2442.38,39.638447,96723.998196321001,kucoin_legacy
1787513700,2442.73,2445.08,2442.05,2445.08,20.3001395,49616.646708453001,kucoin_legacy
1787514000,2445.63,2448.22,2444.79,2448.22,73.3155149,179380.891133102996,kucoin_legacy
1787514300,2448,2454.34,2448,2450.1,188.747917,462763.856622744002,kucoin_legacy
1787514600,2450,2450,2447.47,2447.55,14.0221091,34327.741025588002,kucoin_legacy
1787514900,2447.56,2447.56,2445,2445.01,26.3289676,64420.253324634003,kucoin_legacy
1787515200,2445,2445,2436.43,2437.25,175.0267106,427154.249068448029,kucoin_legacy
1787515500,2437.25,2440.53,2437,2440.47,60.2455734,146937.347621088993,kucoin_legacy
1787515800,2440.47,2441.86,2440.26,2441.49,85.8074238,209454.606988976011,kucoin_legacy
1787516100,2441.47,2442.8,2440.52,2442.8,9.9162995,24214.067186434,kucoin_legacy
1787516400,2442.8,2447.32,2442.8,2447.05,27.8763546,68176.727528871997,kucoin_legacy
1787516700,2447.49,2448.8,2445.94,2445.94,60.4971018,148076.200413987011,kucoin_legacy
1787517000,2446.03,2448.56,2446.03,2447.41,29.8866679,73155.693296131998,kucoin_legacy
1787517300,2447.22,2448.83,2446.92,2448.76,46.3827618,113541.671454373005,kucoin_legacy
1787517600,2448.83,2449.79,2448,2449.14,44.261259,108387.280497290994,kucoin_legacy
1787517900,2449.25,2449.25,2446.94,2448.01,29.9707107,73369.546862888004,kucoin_legacy
1787518200,2448.01,2449.4,2447.9,2448.9,17.4767574,42791.452494015,kucoin_legacy
1787518500,2449.02,2451,2448.86,2450.04,286.7865816,702803.433622514014,kucoin_legacy
1787518800,2450.29,2466.84,2450.29,2466.4,379.3142281,933116.116202355013,kucoin_legacy
1787519100,2466.41,2469.67,2459.92,2465.64,372.9036871,918751.599350142991,kucoin_legacy
1787519400,2465.21,2467.03,2462.17,2466.07,124.8199566,307611.737887430994,kucoin_legacy
1787519700,2466.05,2476.4,2466.05,2474.92,402.1729203,994291.404515800998,kucoin_legacy
1787520000,2474.2,2475.5,2468.38,2470.37,153.3847219,379213.350189685007,kucoin_legacy
1787520300,2470.26,2479.24,2468.59,2477.98,132.5497095,327860.576715690026,kucoin_legacy
1787520600,2476.84,2484.55,2476.84,2478.52,231.3063542,573765.164895692025,kucoin_legacy
1787520900,2478.49,2478.49,2460,2461.87,458.5569635,1131924.033318408998,kucoin_legacy
1787521200,2461.71,2464.49,2460.05,2461.15,128.44303133,316193.050818943128,kucoin_legacy
1787521500,2461.83,2468.73,2461.83,2467.73,43.6736684,107722.804180024003,kucoin_legacy
1787521800,2468.12,2478.79,2466.77,2473.32,160.3742961,396619.693444899982,kucoin_legacy
1787522100,2473.05,2473.28,2466.37,2469.79,112.088187768408,276819.958901740727,kucoin_legacy
1787522400,2469.84,2474.3,2455.24,2459.54,260.8352435,641956.929257021984,kucoin_legacy
1787522700,2459.07,2463.63,2456.78,2462.39,117.121458,288088.448900731979,kucoin_legacy
1787523000,2462.87,2465.53,2461.01,2463.53,103.2959606,254506.824909760006,kucoin_legacy
1787523300,2463.09,2466.19,2458.38,2463.65,74.9923409,184633.68039600199,kucoin_legacy
1787523600,2464.56,2465.34,2462.46,2464.13,32.0380865,78939.740491146993,kucoin_legacy
1787523900,2464.14,2467.2,2460.27,2460.65,56.972002,140352.754992853996,kucoin_legacy
1787524200,2460.3,2463.13,2457.64,2460.26,45.459251,111845.294972112999,kucoin_legacy
1787524500,2460.03,2462.05,2456.16,2460.46,39.7500703,97746.808651183994,kucoin_legacy
1787524800,2460.85,2461.5,2457.21,2458.99,84.4839301,207759.312698322989,kucoin_legacy
1787525100,2458.99,2461.11,2456.41,2460.86,75.7569927,186255.644194894994,kucoin_legacy
1787525400,2460.97,2461.16,2456.41,2456.76,95.1309722,233966.622885082004,kucoin_legacy
1787525700,2456.76,2457.56,2452.13,2455,104.2207587,255842.168505623995,kucoin_legacy
1787526000,2454.95,2455.67,2446.27,2448.92,574.8840414,1407933.260940588079,kucoin_legacy
1787526300,2449,2452.01,2441.54,2451.83,158.7622845,388528.084242790006,kucoin_legacy
1787526600,2452.2,2454.16,2445.83,2448.72,66.3939513,162549.627799359005,kucoin_legacy
1787526900,2449,2456.9,2447.83,2453.77,76.8529584,188551.641690966993,kucoin_legacy
1787527200,2453.86,2454.33,2449.55,2450.42,86.9302513,213118.40840328901,kucoin_legacy
1787527500,2450.98,2459.29,2448.82,2459.22,108.2333727,265770.967999472981,kucoin_legacy
1787527800,2458.84,2470.15,2457.98,2461.52,374.3962573,922553.824464780977,kucoin_legacy
1787528100,2461.29,2464.05,2454.48,2455.73,126.1504838,310177.845345855982,kucoin_legacy
1787528400,2454.71,2457.11,2448.9,2453.97,183.398946232337,449827.247548281273,kucoin_legacy
1787528700,2453.81,2457.88,2453.73,2457.69,51.1047432,125535.333374527007,kucoin_legacy
1787529000,2458.02,2466.12,2457.69,2462.32,176.5995471,434755.776898260985,kucoin_legacy
1787529300,2461.78,2465.05,2461.78,2463,102.1020251,251494.88155967099,kucoin_legacy
1787529600,2463.19,2464.09,2457.25,2457.32,221.2956366,544990.687340206001,kucoin_legacy
1787529900,2457.99,2461,2453.2,2461,133.457328,327753.704439611,kucoin_legacy
1787530200,2460.48,2461.01,2457.29,2457.69,26.1821595,64382.656044349002,kucoin_legacy
1787530500,2458.59,2459.51,2452.47,2456.5,141.1284488,346636.58993951499,kucoin_legacy
1787530800,2456.5,2456.65,2450.3,2451.98,104.4523322,256237.811428948015,kucoin_legacy
1787531100,2451.16,2451.71,2443.86,2451.25,102.6615496,251304.21116251999,kucoin_legacy
1787531400,2451.53,2456.6,2449.95,2456.6,86.8691726,213233.890504142008,kucoin_legacy
1787531700,2456.43,2459.92,2451.7,2452.14,134.1139184,329331.265964824008,kucoin_legacy
1787532000,2452.25,2453.45,2444.47,2445.4,118.1949878,289418.427075099025,kucoin_legacy
1787532300,2445.4,2453.94,2442.39,2451.83,176.7929286,432605.407590974006,kucoin_legacy
1787532600,2452.19,2458.41,2451.64,2458.38,82.526471,202761.120814944996,kucoin_legacy
1787532900,2458.38,2465.96,2456.75,2465.13,101.5523005,249909.485655864992,kucoin_legacy
1787533200,2465.32,2466.85,2458.57,2462.91,190.9269927,470302.521074114018,kucoin_legacy
1787533500,2463.83,2464.31,2453.94,2454.33,91.0118856,223572.147437590989,kucoin_legacy
1787533800,2454.89,2458.74,2454.29,2454.78,45.0433058,110644.066662676996,kucoin_legacy
1787534100,2454.05,2454.05,2449.61,2451.51,108.980253120768,267170.230595253524,kucoin_legacy
1787534400,2451.64,2451.86,2442.87,2443.94,213.5953824,522653.19967734901,kucoin_legacy
1787534700,2445.6,2449.02,2444.67,2444.99,89.6555151,219334.037117021013,kucoin_legacy
1787535000,2444.59,2449.37,2443.14,2449.22,90.0971111,220291.055998966011,kucoin_legacy
1787535300,2448.88,2448.88,2435.35,2440.38,812.5760073,1982482.170368133113,kucoin_legacy
1787535600,2440.6,2442.32,2438.75,2439.28,114.2438819,278865.086248579028,kucoin_legacy
1787535900,2439.36,2440.94,2435.34,2436.96,133.2158078,324698.964860727021,kucoin_legacy
1787536200,2436.95,2438.29,2433.73,2436.71,206.0379329,501962.914927638019,kucoin_legacy
1787536500,2436.44,2436.44,2427.79,2428.98,228.9102106,556657.326685896027,kucoin_legacy
1787536800,2428.99,2435.08,2424.75,2435.08,185.9259949,451581.863187635026,kucoin_legacy
1787537100,2434.51,2437.72,2432.71,2435.55,83.5133238,203342.284443022014,kucoin_legacy
1787537400,2435.51,2446.03,2434.74,2444.52,120.8105291,294838.477217947016,kucoin_legacy
1787537700,2444.91,2449.78,2444.91,2449.78,138.8546749,339779.999584101024,kucoin_legacy
1787538000,2449.78,2449.8,2445.53,2447.35,85.4454844,209207.63373198401,kucoin_legacy
1787538300,2448.66,2448.78,2445.68,2447.38,25.409333,62179.797503319998,kucoin_legacy
1787538600,2447.48,2451.59,2446.74,2449.2,135.451501,331739.803093632974,kucoin_legacy
1787538900,2449.27,2449.94,2445.29,2445.78,75.8610823,185757.950425554998,kucoin_legacy
1787539200,2445.46,2448.27,2444.91,2446.07,38.2599084,93578.445496859,kucoin_legacy
1787539500,2445.68,2445.68,2435.59,2441.37,151.6178769,369989.181036397,kucoin_legacy
1787539800,2441.7,2441.83,2437.14,2440.54,61.1767359,149258.112362089014,kucoin_legacy
1787540100,2440.32,2444.87,2440.32,2443.68,44.1266577,107789.435580004007,kucoin_legacy
1787540400,2443.85,2445.27,2439.03,2439.68,78.0930804,190834.253782790998,kucoin_legacy
1787540700,2439.54,2439.54,2436.28,2437.1,35.8186088,87313.862850553007,kucoin_legacy
1787541000,2438.11,2439.23,2435.42,2436.34,21.9302428,53451.677676446998,kucoin_legacy
1787541300,2436.35,2436.87,2433.59,2435.96,181.3276462,441698.71954906598,kucoin_legacy
1787541600,2435.77,2441.43,2435.55,2440.59,112.6529552,274502.995660294022,kucoin_legacy
1787541900,2441.44,2443.78,2434.21,2434.21,105.3421991,257020.367353495007,kucoin_legacy
1787542200,2433.8,2434.74,2426.54,2434.48,211.3882271,513754.317400710017,kucoin_legacy
1787542500,2434.64,2438.07,2430.93,2436.37,115.426648,281091.803667958011,kucoin_legacy
1787542800,2436.34,2437.51,2434.58,2435.62,43.3035357,105501.252834261002,kucoin_legacy
1787543100,2435.18,2439.49,2434.98,2437.6,49.2515283,120041.403675349997,kucoin_legacy
1787543400,2439.49,2440.89,2432.87,2433.91,110.6988166,269581.915478622017,kucoin_legacy
1787543700,2433.29,2433.53,2428.37,2430.42,112.8408754,274267.029583834985,kucoin_legacy
1787544000,2430.93,2437.88,2430.93,2437.73,17.0344763,41483.306987919997,kucoin_legacy
1787544300,2437.93,2439.22,2435.83,2435.83,84.6276285,206321.827468167001,kucoin_legacy
1787544600,2435.83,2438.96,2435.47,2438.96,133.3652304,324991.890918498975,kucoin_legacy
1787544900,2438.97,2445.56,2438.97,2442.88,126.3893525,308741.513580149971,kucoin_legacy
1787545200,2442.87,2445.25,2441.62,2441.81,39.593363,96718.730365883996,kucoin_legacy
1787545500,2442.12,2446.5,2442.12,2446.13,93.7661427,229242.265365895,kucoin_legacy
1787545800,2446.29,2446.58,2442.96,2443.56,65.7858089,160868.121251264005,kucoin_legacy
1787546100,2443.73,2443.73,2441.14,2441.96,94.9342429,231835.314287109999,kucoin_legacy
1787546400,2442.1,2442.61,2438.27,2442.61,75.2417723,183612.149931827997,kucoin_legacy
1787546700,2443.21,2443.9,2438.2,2438.32,38.4064048,93760.401700464994,kucoin_legacy
1787547000,2438.52,2438.73,2428.74,2435.52,187.0456624,455037.795614050003,kucoin_legacy
1787547300,2435.53,2438.1,2432.3,2438.1,103.4011835,251754.595385477005,kucoin_legacy
1787547600,2438.1,2438.69,2433.96,2437.98,69.5201379,169381.368166441011,kucoin_legacy
1787547900,2437.5,2444.58,2435.43,2443.73,151.1096859,368796.661948368012,kucoin_legacy
1787548200,2444.04,2458.71,2442.76,2457.6,379.620570155128,930454.643958513858,kucoin_legacy
1787548500,2457.82,2459.58,2451.44,2453.1,284.1859342,697698.228356366977,kucoin_legacy
1787548800,2453.04,2455.54,2447.95,2450.23,210.0699566,514859.847143914027,kucoin_legacy
1787549100,2449.08,2454.18,2448.86,2450.75,137.7157537,337700.756344343012,kucoin_legacy
1787549400,2450.75,2450.75,2441.72,2442.69,120.0771472,293630.906228239997,kucoin_legacy
1787549700,2443.04,2448.16,2437.98,2446.23,152.0175249,371546.360860316025,kucoin_legacy
1787550000,2445.67,2452.67,2445.02,2448.58,365.4769594,895934.018626476056,kucoin_legacy
1787550300,2449.38,2449.98,2447.68,2447.68,100.4434413,245950.647709445009,kucoin_legacy
1787550600,2447.68,2449.69,2445,2449.59,111.1109728,271911.544631250028,kucoin_legacy
1787550900,2449.43,2449.89,2447.53,2449.2,102.1569402,250173.183168084011,kucoin_legacy
1787551200,2449.2,2451.69,2444.36,2445.35,77.4385854,189635.505112551007,kucoin_legacy
1787551500,2445.26,2452.01,2444.57,2450.06,84.9619176,207880.777777101001,kucoin_legacy
1787551800,2450.4,2457.51,2448.05,2456.65,142.3044842,349305.159963937011,kucoin_legacy
1787552100,2456.73,2458.36,2453.38,2453.42,88.464965,217252.077773669007,kucoin_legacy
1787552400,2453.1,2456.2,2452.11,2455.72,117.9658233,289409.723414900014,kucoin_legacy
1787552700,2455.76,2456.68,2453.62,2454.19,87.1167824,213903.882530673989,kucoin_legacy
1787553000,2454.08,2455.23,2449.1,2449.48,55.8997998,137050.368416782003,kucoin_legacy
1787553300,2449.11,2450.17,2446.05,2446.41,203.2954031,497689.413199469971,kucoin_legacy
1787553600,2446.4,2448.53,2444.64,2447.05,103.9777676,254299.102904677013,kucoin_legacy
1787553900,2446.57,2463.29,2446.57,2461.2,216.4386812,532029.011458224966,kucoin_legacy
1787554200,2460.38,2461.91,2456.45,2456.45,99.4465774,244540.995294629014,kucoin_legacy
1787554500,2456.76,2457.32,2455.04,2456.33,30.0972865,73909.405196645006,kucoin_legacy
1787554800,2456.3,2460.3,2454.91,2459.61,55.2584476,135791.047054063005,kucoin_legacy
1787555100,2459.22,2462.13,2458.29,2462.09,168.4595329,414354.143930473016,kucoin_legacy
1787555400,2462.36,2473.98,2462.25,2470.31,283.6123372,700241.342519441969,kucoin_legacy
1787555700,2470,2470.01,2462.76,2464.17,89.843529,221554.75373707799,kucoin_legacy
1787556000,2464.1,2465.08,2460.36,2463.49,95.7038349,235721.131320496992,kucoin_legacy
1787556300,2463.36,2464.98,2460.11,2462.15,217.1789848,534722.507010024972,kucoin_legacy
1787556600,2461.98,2461.98,2456.26,2457.9,128.5461745,316008.397013648995,kucoin_legacy
1787556900,2457.89,2457.89,2454,2455.31,221.6732343,544421.527791267959,kucoin_legacy
1787557200,2455.32,2455.49,2452.17,2452.54,59.1059272,145022.790260467998,kucoin_legacy
1787557500,2452.47,2458.87,2452.29,2457.36,63.4844542,155847.589747997001,kucoin_legacy
1787557800,2457.61,2458.96,2453.71,2457.1,116.2625034,285600.367622495978,kucoin_legacy
1787558100,2457,2457,2453.08,2454.72,99.3650593,243912.938369012001,kucoin_legacy
1787558400,2454.73,2456.05,2449.41,2449.69,329.1674107,807067.107565855025,kucoin_legacy
1787558700,2449.71,2458.62,2449.13,2453.76,664.3841036,1628443.550059403991,kucoin_legacy
1787559000,2453.75,2453.75,2447.76,2449.09,163.5856042,400788.903402734024,kucoin_legacy
1787559300,2449.1,2449.3,2441.88,2445.71,286.4927838,700570.109809941961,kucoin_legacy
1787559600,2445.76,2446.42,2440.12,2440.12,177.147116,432752.340318509028,kucoin_legacy
1787559900,2441.1,2441.1,2436.24,2439.41,224.18236,546842.983378001023,kucoin_legacy
1787560200,2439.6,2444.63,2439.19,2443.64,95.874154,234070.887396990991,kucoin_legacy
1787560500,2443.59,2453.08,2443.22,2451.39,54.7200023,134008.618984261993,kucoin_legacy
1787560800,2451.13,2452.99,2449.26,2452.99,43.0979602,105616.894173231995,kucoin_legacy
1787561100,2452.93,2456.37,2449.96,2456.04,137.3796205,336898.252853462996,kucoin_legacy
1787561400,2456.01,2456.01,2453.74,2454.55,48.1138437,118108.849520611999,kucoin_legacy
1787561700,2454.87,2455.34,2452.98,2454.47,92.8768648,227939.939050574991,kucoin_legacy
1787562000,2454.47,2460.2,2453.53,2458.57,160.4290043,393984.321301695018,kucoin_legacy
1787562300,2459.3,2462.75,2458.27,2461.74,100.3233316,246883.934371378011,kucoin_legacy
1787562600,2461.65,2462.43,2459.72,2461.74,45.3256393,111540.215770362993,kucoin_legacy
1787562900,2461.73,2462.75,2458.94,2460.78,119.0410436,292859.729522662994,kucoin_legacy
1787563200,2459.69,2461.28,2456.3,2456.31,76.0348607,186947.050320993003,kucoin_legacy
1787563500,2456.31,2460.35,2453.56,2459.87,70.1371331,172348.614270152,kucoin_legacy
1787563800,2459.78,2464.23,2458.84,2463.15,78.8062697,193933.632987024001,kucoin_legacy
1787564100,2462.88,2463.15,2460.49,2462.85,64.1600373,157958.088135700993,kucoin_legacy
1787564400,2462.86,2463.62,2461.22,2461.55,66.6166362,164043.430770528008,kucoin_legacy
1787564700,2462.4,2464.35,2461.41,2462.36,32.7730227,80704.514845553,kucoin_legacy
1787565000,2461.98,2464.96,2461.04,2464.65,52.0234127,128122.738160580004,kucoin_legacy
1787565300,2464.35,2464.35,2461.09,2462.98,9.1716532,22580.826389958998,kucoin_legacy
1787565600,2462.99,2482.25,2462.05,2475.56,401.1506703,992583.595434968942,kucoin_legacy
1787565900,2475.76,2479.76,2469.81,2473.27,244.0357764,603841.367101436947,kucoin_legacy
1787566200,2473.38,2488.52,2472.9,2483.4,509.508800059405,1264824.675654796185,kucoin_legacy
1787566500,2482.67,2483.82,2476.02,2479.01,175.7248717,435355.803777376015,kucoin_legacy
1787566800,2478.98,2479.04,2472.61,2474.69,160.5746093,397400.822557848995,kucoin_legacy
1787567100,2475.07,2477.74,2470.44,2471.99,148.0248817,366228.562349400017,kucoin_legacy
1787567400,2472.11,2477.6,2471.12,2477.22,121.677176,301144.327119869995,kucoin_legacy
1787567700,2477.18,2477.86,2467.97,2467.97,218.37581206,540052.781648512231,kucoin_legacy
1787568000,2468.12,2469.26,2463.41,2466.88,232.4007587,573351.231142933946,kucoin_legacy
1787568300,2466.2,2470.1,2466.08,2468.03,96.8257333,239046.615352386987,kucoin_legacy
1787568600,2468.62,2469.1,2461.72,2464.44,83.8075164,206516.548278661008,kucoin_legacy
1787568900,2464.45,2465.54,2461.86,2465.06,18.6658134,45974.564734031999,kucoin_legacy
1787569200,2464.81,2465.13,2454.53,2462.9,229.9315981,565175.934091495001,kucoin_legacy
1787569500,2463.14,2469.03,2461.6,2467.9,170.7693078,420908.861570373992,kucoin_legacy
1787569800,2467.9,2470.77,2466.52,2468.99,79.2843959,195755.402347742987,kucoin_legacy
1787570100,2468.21,2470,2465.69,2469.01,173.9233517,429428.360066230991,kucoin_legacy
1787570400,2468.81,2471.36,2467.02,2469.57,50.0167483,123504.419920058994,kucoin_legacy
1787570700,2469.83,2473.17,2469.68,2471.93,138.6997965,342881.340259028017,kucoin_legacy
1787571000,2471.53,2483.97,2471.33,2483.97,189.9846576,470988.887541442993,kucoin_legacy
1787571300,2483.97,2497.47,2483.59,2493.02,408.0419656,1016625.750889995019,kucoin_legacy
1787571600,2493,2506.67,2490.9,2506.22,361.292167,903690.226663472014,kucoin_legacy
1787571900,2506.22,2508.53,2488.36,2490.9,240.9480597,601208.989172801957,kucoin_legacy
1787572200,2491.14,2493.85,2488.57,2490.6,123.3737481,307318.695436957991,kucoin_legacy
1787572500,2491.23,2494.53,2488.01,2494.45,159.84926054,398251.54972242302,kucoin_legacy
1787572800,2494.24,2494.24,2485.33,2485.91,115.0034834,286039.61099010898,kucoin_legacy
1787573100,2485.9,2488.49,2484.1,2488.41,69.8026484,173506.197695948009,kucoin_legacy
1787573400,2487.98,2488.85,2482.75,2485.21,73.3680422,182386.92611611,kucoin_legacy
1787573700,2484.17,2486.56,2474.58,2486.56,245.9995887,610362.47895241098,kucoin_legacy
1787574000,2486.56,2492.31,2485.37,2491.82,74.495592,185426.370976081002,kucoin_legacy
1787574300,2492.31,2494.27,2490.75,2493.13,136.3101894,339820.094102606992,kucoin_legacy
1787574600,2492.28,2501.64,2487.5,2494.15,276.9557252,691062.346328212996,kucoin_legacy
1787574900,2493.51,2500.07,2492.7,2498.25,72.3872909,180660.767958890006,kucoin_legacy
1787575200,2498.19,2506.11,2496.48,2499.88,230.314985,575963.483571205987,kucoin_legacy
1787575500,2499.88,2507.47,2498.68,2506.73,171.3701418,429252.510489061999,kucoin_legacy
1787575800,2506.78,2519.46,2503.11,2514.03,532.3066961,1337229.797269759001,kucoin_legacy
1787576100,2513.58,2517.71,2510.03,2512.23,175.1304983,440329.292092466028,kucoin_legacy
1787576400,2512.84,2513.96,2502.04,2504.21,272.2007773,682204.084045142983,kucoin_legacy
1787576700,2503.58,2511.43,2503.58,2511.11,148.6866206,373078.506251292012,kucoin_legacy
1787577000,2511.01,2519.66,2510.41,2515.77,186.48323225,469113.054375267995,kucoin_legacy
1787577300,2515.77,2515.88,2504.64,2511.18,176.2692522,442227.381713600014,kucoin_legacy
1787577600,2510.73,2516.7,2507.84,2509.87,116.5868984,292970.303238941997,kucoin_legacy
1787577900,2510.07,2510.07,2504.73,2507.13,103.9109962,260567.21869533899,kucoin_legacy
1787578200,2507.32,2507.32,2486.92,2498.3,390.1909664,974956.909185137949,kucoin_legacy
1787578500,2498.5,2502.13,2492.19,2494.38,205.5418998,513419.448576427007,kucoin_legacy
1787578800,2493.56,2494.87,2483.33,2487.89,270.5722303,673219.331137849018,kucoin_legacy
1787579100,2486.28,2494.88,2476.49,2491.9,252.5361902,627533.699847056996,kucoin_legacy
1787579400,2491.85,2494.72,2478.78,2488.36,238.83186834,593738.414551360649,kucoin_legacy
1787579700,2488.96,2495.67,2488.32,2493.82,196.696765,490350.513017599995,kucoin_legacy
1787580000,2493.32,2501.77,2491.9,2495.55,156.370725,390443.555726750987,kucoin_legacy
1787580300,2495.15,2504.94,2493.8,2504.74,204.6710517,511650.111099019006,kucoin_legacy
1787580600,2503.96,2512.34,2503.28,2511.27,324.6142408,814005.165285888943,kucoin_legacy
1787580900,2511.41,2514.1,2505.17,2508.25,98.1780517,246558.120171912014,kucoin_legacy
1787581200,2507.76,2527.54,2502.39,2503.61,614.7503907,1546258.894171193941,kucoin_legacy
1787581500,2503.75,2517.25,2503.75,2516.38,159.204022,399642.585160668008,kucoin_legacy
1787581800,2516.4,2528.75,2515.13,2523.29,296.5800279,748150.566600473016,kucoin_legacy
1787582100,2522.95,2532.07,2521.89,2525.54,255.4791573,645518.36132379598,kucoin_legacy
1787582400,2525.74,2530.53,2517.25,2524.3,246.3252118,621695.478893675026,kucoin_legacy
1787582700,2522.9,2524.46,2515.92,2516.05,214.4726141,540324.989415114047,kucoin_legacy
1787583000,2516.87,2516.88,2509.28,2509.9,174.4954704,438337.217241223028,kucoin_legacy
1787583300,2510.14,2517.2,2509.27,2516.1,96.13444487,241679.798011682695,kucoin_legacy
1787583600,2515.94,2519.32,2510.61,2513.97,111.5454215,280528.933091336978,kucoin_legacy
1787583900,2513.98,2520.94,2510.95,2516.66,109.1507564,274631.219524390996,kucoin_legacy
1787584200,2515.46,2521.38,2514.6,2515.36,227.3082933,572305.378376987996,kucoin_legacy
1787584500,2514.92,2520.6,2514.42,2519.38,115.5231804,290884.711233500973,kucoin_legacy
1787584800,2519.3,2532.59,2517.01,2531.58,239.2164906,603880.075149351032,kucoin_legacy
1787585100,2531.66,2532.12,2520.72,2524.95,377.6581567,954155.417197367991,kucoin_legacy
1787585400,2524.72,2525.24,2514.28,2515.27,216.2838559,545337.324545808951,kucoin_legacy
1787585700,2514.53,2520.02,2505.68,2507.89,360.7343253,906345.621947441949,kucoin_legacy
1787586000,2508.29,2509.99,2488.94,2495.1,670.3360487,1674515.945873748045,kucoin_legacy
1787586300,2494.39,2502.55,2489.13,2495.57,238.06691356,594143.403899688157,kucoin_legacy
1787586600,2496.02,2497.42,2484.43,2486.36,321.80107276,801361.846591689507,kucoin_legacy
1787586900,2485.08,2487.81,2479.59,2487.68,339.732197,843902.317439640989,kucoin_legacy
1787587200,2488.07,2494.4,2486.52,2493.73,257.9703241,642457.534840601962,kucoin_legacy
1787587500,2493.67,2506.17,2493.4,2500.83,199.1220554,498140.603117535997,kucoin_legacy
1787587800,2500.35,2502,2495.74,2498.86,106.8631825,267033.18380277598,kucoin_legacy
1787588100,2498.94,2506.14,2498.16,2503.99,165.5590239,414349.667619989021,kucoin_legacy
1787588400,2503.64,2504.62,2499.43,2503.32,123.950558,310103.634751510981,kucoin_legacy
1787588700,2503.69,2503.95,2499.59,2499.63,100.1659847,250617.227772017999,kucoin_legacy
1787589000,2499.42,2501.06,2495.58,2496.94,175.9635734,439670.69969778799,kucoin_legacy
1787589300,2497.07,2500.3,2495,2496.16,128.5992332,321196.757735693012,kucoin_legacy
1787589600,2495.27,2495.27,2489.48,2489.48,119.1383124,296839.284188085003,kucoin_legacy
1787589900,2489.69,2491.69,2486.43,2487.73,53.0533924,132049.453360835992,kucoin_legacy
1787590200,2489.37,2489.98,2470.81,2475.22,210.8111622,522555.311052062025,kucoin_legacy
1787590500,2475.03,2480.66,2470.41,2478.28,309.38819,766190.056653989013,kucoin_legacy
1787590800,2478.62,2478.75,2463.78,2470.34,333.9156756,824504.707961603999,kucoin_legacy
1787591100,2470.54,2483.98,2470.54,2483.05,151.8058413,376226.419209831976,kucoin_legacy
1787591400,2483.7,2483.7,2476.8,2476.8,184.012009,456462.002860522014,kucoin_legacy
1787591700,2476.73,2480.08,2464.57,2476.15,344.4551863,851709.513605199056,kucoin_legacy
1787592000,2476.04,2476.04,2455.05,2459.72,483.6804003,1190940.572611148935,kucoin_legacy
1787592300,2458.46,2465.53,2455.38,2457.96,171.8439182,422696.241024042014,kucoin_legacy
1787592600,2458.55,2462.27,2456.94,2459.97,210.5667618,517861.220952317992,kucoin_legacy
1787592900,2459.34,2468.1,2459.3,2467.29,201.4048426,496359.202720710018,kucoin_legacy
1787593200,2468.08,2469.55,2460.92,2460.92,99.431948807119,245253.100003977423,kucoin_legacy
1787593500,2461.23,2466.29,2458.44,2465.4,93.8178054,231057.941399548989,kucoin_legacy
1787593800,2465.42,2468.3,2464.9,2465.02,130.0606165,320774.816211404977,kucoin_legacy
1787594100,2465.55,2470,2461.84,2468.66,209.8703287,517304.977443351992,kucoin_legacy
1787594400,2469.45,2475.47,2469.13,2475.47,99.4644935,245960.043142351002,kucoin_legacy
1787594700,2474.74,2480.34,2473.74,2476.46,217.9967732,539943.471029908978,kucoin_legacy
1787595000,2476.16,2483.18,2476.16,2482.17,79.6499371,197558.347645828995,kucoin_legacy
1787595300,2481.96,2482.95,2478.63,2480.27,82.1588173,203803.422855946003,kucoin_legacy
1787595600,2479.7,2480.97,2477.61,2477.78,100.3974292,248951.483621046995,kucoin_legacy
1787595900,2477.09,2482.04,2475.49,2479.24,172.6004966,427760.119700845971,kucoin_legacy
1787596200,2480.26,2482.02,2476.05,2476.05,169.9761619,421611.334229028027,kucoin_legacy
1787596500,2475.71,2477.19,2466.9,2470.43,129.2849457,319373.880920291995,kucoin_legacy
1787596800,2471.31,2476.52,2470.88,2476.06,72.3834237,179115.248160407995,kucoin_legacy
1787597100,2476.47,2480.13,2475.12,2479.19,94.3353485,233787.63109345999,kucoin_legacy
1787597400,2479.41,2480.12,2472.68,2475.95,61.1945839,151521.037118753011,kucoin_legacy
1787597700,2475.98,2477.02,2473.29,2473.67,52.0218295,128737.634552482996,kucoin_legacy
1787598000,2474.12,2477.57,2470.72,2470.72,133.3033674,329903.395697553991,kucoin_legacy
1787598300,2470.86,2471.77,2464.1,2468.22,257.2290608,634764.904750330956,kucoin_legacy
1787598600,2466.11,2474.75,2465.72,2473.54,90.0647942,222553.695268033014,kucoin_legacy
1787598900,2473.79,2475.12,2463.86,2464.03,254.0538978,627322.099587197998,kucoin_legacy
1787599200,2463.82,2467.34,2462,2465.63,115.3222622,284210.585652335023,kucoin_legacy
1787599500,2466.77,2470.96,2466.77,2470.24,67.7572041,167332.876208477013,kucoin_legacy
1787599800,2470.35,2471.17,2468.42,2470.1,23.6888808,58511.887838326002,kucoin_legacy
1787600100,2470.3,2474.19,2469.08,2472.31,100.3419484,247982.107904258999,kucoin_legacy
1787600400,2472.55,2472.55,2467.69,2471.51,48.5785202,119978.344556550001,kucoin_legacy
1787600700,2472.4,2472.4,2467.86,2470.35,42.6908618,105407.341458284005,kucoin_legacy
1787601000,2470.35,2470.72,2464.76,2469.68,50.2962363,124121.576406106993,kucoin_legacy
1787601300,2469.81,2471.7,2468.66,2471.22,107.09604557,264549.906416983984,kucoin_legacy
1787601600,2471.34,2474.2,2465.47,2465.47,92.9518554,229661.644784075004,kucoin_legacy
1787601900,2465.88,2474.76,2465.88,2474.76,33.6439849,83099.392351763003,kucoin_legacy
1787602200,2474.92,2475.38,2470.45,2472.32,29.2868647,72399.740318533004,kucoin_legacy
1787602500,2471.82,2471.82,2469.14,2471.31,25.0298916,61824.281090557997,kucoin_legacy
1787602800,2471.32,2472.56,2469.02,2470.07,34.1216184,84310.190304382006,kucoin_legacy
1787603100,2470.57,2470.99,2466.13,2468.52,67.9355944,167703.200959031994,kucoin_legacy
1787603400,2468.62,2471.1,2466.22,2471.01,76.8458962,189652.623761728988,kucoin_legacy
1787603700,2470.81,2479.21,2470.81,2476.22,156.0683377,386295.003765730013,kucoin_legacy
1787604000,2476.22,2476.22,2474.01,2474.12,28.2819574,70002.740705441,kucoin_legacy
1787604300,2473.66,2475.12,2472.42,2472.69,64.5300611,159607.028448016994,kucoin_legacy
1787604600,2472.69,2472.79,2471.39,2472.6,27.5645449,68141.548784721002,kucoin_legacy
1787604900,2473.03,2475.38,2472.66,2475.38,26.4488486,65434.636235095997,kucoin_legacy
1787605200,2475.2,2481.6,2475.2,2481.14,86.9392406,215475.537392506987,kucoin_legacy
1787605500,2481.49,2481.63,2479.01,2479.92,16.515893,40970.652189416003,kucoin_legacy
1787605800,2479.93,2484,2479.6,2484,56.0309568,139093.695177215995,kucoin_legacy
1787606100,2483.78,2484.21,2479.3,2479.3,87.7541215,217703.893831666996,kucoin_legacy
1787606400,2479.22,2482.85,2479.04,2481.34,20.7257061,51422.90088732,kucoin_legacy
1787606700,2481.09,2481.96,2478.07,2481.82,79.0800954,196201.669811061991,kucoin_legacy
1787607000,2481.98,2482.84,2480.95,2481.07,50.6489248,125707.366778347001,kucoin_legacy
1787607300,2481.03,2481.62,2480.06,2481.35,45.1381862,111993.283534015005,kucoin_legacy
1787607600,2481.41,2484.15,2481.37,2484.02,86.7723402,215440.538844171999,kucoin_legacy
1787607900,2483.38,2490,2483.28,2485.31,130.9604502,325485.351078465988,kucoin_legacy
1787608200,2485.36,2486.92,2481.69,2482.95,81.7699786,203157.841989595006,kucoin_legacy
1787608500,2482.99,2483.81,2482.99,2483.69,26.4483026,65682.905130964005,kucoin_legacy
1787608800,2483.98,2485.11,2480.21,2481.42,38.4880096,95545.111468190997,kucoin_legacy
1787609100,2482.14,2484.57,2481.41,2482.36,44.4391715,110338.483465291996,kucoin_legacy
1787609400,2481.21,2482.31,2479.5,2481.34,51.0045419,126518.844711969999,kucoin_legacy
1787609700,2481.35,2482.02,2477.48,2478.01,41.5321633,102980.642538589003,kucoin_legacy
1787610000,2478.23,2480.89,2477.88,2479.67,78.609188,194956.75752857601,kucoin_legacy
1787610300,2479.67,2479.68,2475.85,2477.94,64.0667034,158720.581249481998,kucoin_legacy
1787610600,2478.2,2483.99,2477.87,2482.62,59.2127559,146911.310541368992,kucoin_legacy
1787610900,2482.37,2485.18,2480.8,2482.67,71.1554168,176698.554497812991,kucoin_legacy
1787611200,2482.18,2482.18,2476.69,2477.26,77.330726,191673.380121016002,kucoin_legacy
1787611500,2476.94,2480.17,2476.94,2478.94,98.1397745,243277.324660126003,kucoin_legacy
1787611800,2479.37,2480.36,2477.19,2478.01,116.372332,288549.641069538018,kucoin_legacy
1787612100,2477.95,2477.95,2472.6,2474.09,119.1703905,294920.026229128998,kucoin_legacy
1787612400,2474.38,2476.54,2470.86,2474.8,115.4360263,285510.875983342994,kucoin_legacy
1787612700,2474.76,2478.58,2474.21,2477.8,18.0159495,44612.987922818,kucoin_legacy
1787613000,2477.68,2479.29,2476.75,2477.24,12.0870605,29946.857429944001,kucoin_legacy
1787613300,2477.56,2478.99,2476.75,2478.7,49.5788038,122833.603988244999,kucoin_legacy
1787613600,2479,2483.72,2478.91,2482.47,21.3533683,52987.534077481003,kucoin_legacy
1787613900,2482.59,2484.74,2482.59,2483.33,30.7700764,76418.595119072997,kucoin_legacy
1787614200,2482.85,2485.79,2482.08,2483.45,70.9694802,176343.517135225993,kucoin_legacy
1787614500,2483.27,2486.78,2482.4,2486.35,31.9495703,79343.889203184997,kucoin_legacy
1787614800,2486.01,2487,2484.89,2485.1,143.0206459,355507.113777100982,kucoin_legacy
1787615100,2485.16,2486.48,2478.9,2479.19,105.2378795,261197.856572216988,kucoin_legacy
1787615400,2479.21,2479.75,2477,2479.75,39.0043251,96663.036478798007,kucoin_legacy
1787615700,2479.21,2483.19,2478.24,2482.25,81.339598,201710.737359666993,kucoin_legacy
1787616000,2482.25,2483.6,2480,2480,79.2673401,196780.444293823995,kucoin_legacy
1787616300,2480.01,2485.09,2477.54,2478.57,184.7856367,458697.178347599984,kucoin_legacy
1787616600,2478.83,2483.47,2477.48,2479.93,123.987948,307652.921395759971,kucoin_legacy
1787616900,2478.77,2478.77,2472.23,2477.1,133.9836729,331651.850086994993,kucoin_legacy
1787617200,2476.51,2480.55,2475.76,2479.05,31.3412575,77652.753197401995,kucoin_legacy
1787617500,2479.4,2482.63,2478.23,2479.09,44.0535575,109299.492199105007,kucoin_legacy
1787617800,2478.71,2480.65,2476.82,2479.73,42.0085456,104158.764609256003,kucoin_legacy
1787618100,2479.86,2486.36,2479.86,2483.97,47.3257761,117538.479285142006,kucoin_legacy
1787618400,2483.73,2494.26,2481.43,2492.77,299.29664,744485.094409191981,kucoin_legacy
1787618700,2492.77,2504.98,2490.77,2493.72,377.6452907,943196.726127809961,kucoin_legacy
1787619000,2493,2499.58,2489.73,2499.58,164.7405825,410944.011352018977,kucoin_legacy
1787619300,2499.99,2500.66,2492.24,2492.61,174.3849568,435339.536764802004,kucoin_legacy
1787619600,2493.24,2500.04,2492.35,2497.45,106.5157657,265925.928175027017,kucoin_legacy
1787619900,2496.8,2496.81,2490.01,2492.28,72.2241385,179995.645252427988,kucoin_legacy
1787620200,2490.95,2491.44,2487.71,2488.59,87.6172884,218082.981638610014,kucoin_legacy
1787620500,2488.1,2495.19,2484.74,2494.09,115.2338085,287178.251056857989,kucoin_legacy
1787620800,2494.1,2498.18,2492.51,2493.74,126.7308748,316275.717118523025,kucoin_legacy
1787621100,2493.54,2504.28,2493.31,2498.26,130.5770151,326399.72313169,kucoin_legacy
1787621400,2498.17,2500.96,2495.48,2496.9,151.0291315,377145.768010231026,kucoin_legacy
1787621700,2496.69,2500.91,2494.77,2499.34,42.6282504,106463.021499940995,kucoin_legacy
1787622000,2499.26,2501.99,2493.97,2494.65,69.7313265,174166.73829272599,kucoin_legacy
1787622300,2494.19,2496.28,2493.56,2495.3,288.3872454,719592.948052642983,kucoin_legacy
1787622600,2495.09,2495.09,2488.86,2492.31,153.17626,381677.049817853025,kucoin_legacy
1787622900,2492.01,2496.1,2491.71,2495.7,217.6850158,542611.653131147963,kucoin_legacy
1787623200,2495.8,2498.34,2493.77,2496.01,88.0439327,219744.210600449005,kucoin_legacy
1787623500,2495.91,2497.28,2492.33,2493.63,38.2302123,95340.515752669002,kucoin_legacy
1787623800,2495.06,2497.38,2492.27,2494.18,50.539871,126113.401657451002,kucoin_legacy
1787624100,2494.17,2519.13,2493.57,2519.08,794.1862374,1994564.818394930102,kucoin_legacy
1787624400,2519.14,2521.07,2509.62,2514.98,297.8299981,749083.147029287997,kucoin_legacy
1787624700,2515.35,2532,2514.03,2530.38,341.3750064,862549.052165350993,kucoin_legacy
1787625000,2529.17,2531.99,2517.76,2518.95,224.6039064,567240.123272220022,kucoin_legacy
1787625300,2518.92,2520.05,2514.62,2518.76,91.5182383,230377.980706175003,kucoin_legacy
1787625600,2519.02,2530.7,2517.09,2517.34,158.4676673,400104.040767691971,kucoin_legacy
1787625900,2517.08,2518.97,2507.79,2509.4,221.5184212,557254.062841280946,kucoin_legacy
1787626200,2509.39,2510.18,2502.28,2507.81,174.6309435,437667.288248125988,kucoin_legacy
1787626500,2507.16,2510.71,2506.53,2507.58,63.2437704,158660.527641883993,kucoin_legacy
1787626800,2508.62,2510.99,2505.07,2509.18,115.280325,289044.897154243023,kucoin_legacy
1787627100,2510.51,2514.39,2510.51,2511.43,62.3247094,156586.958144606004,kucoin_legacy
1787627400,2511.82,2513.56,2509.9,2511.02,90.8863567,228253.231848958007,kucoin_legacy
1787627700,2510.96,2511.54,2506.85,2509.81,105.7880682,265461.505555299984,kucoin_legacy
1787628000,2510.15,2511.69,2505.08,2506.99,47.9605929,120284.157453680993,kucoin_legacy
1787628300,2506.74,2508.61,2504.29,2505.65,151.3275168,379350.867839403974,kucoin_legacy
1787628600,2504.87,2509.03,2503.5,2506.12,72.3862473,181442.78372923701,kucoin_legacy
1787628900,2506.14,2507.96,2503.9,2506.49,43.5264701,109060.606107831001,kucoin_legacy
1787629200,2507.04,2507.04,2496.69,2498.71,154.1837893,385761.250966851017,kucoin_legacy
1787629500,2498.49,2501.18,2488.8,2493.31,326.6421205,814962.591804702999,kucoin_legacy
1787629800,2494.23,2499.14,2494.23,2498.18,66.9311495,167106.337520839996,kucoin_legacy
1787630100,2497.78,2499.49,2493.61,2499.04,150.4648363,375634.966468897008,kucoin_legacy
1787630400,2498.68,2503.72,2497.24,2497.31,42.5091813,106275.784907567999,kucoin_legacy
1787630700,2497.9,2498.76,2492.82,2498.76,84.4997305,210955.389077645988,kucoin_legacy
1787631000,2498.99,2500.59,2496.8,2499.99,63.8281608,159500.237173939997,kucoin_legacy
1787631300,2499.99,2500.34,2492.18,2493.12,147.0015605,366739.02922741801,kucoin_legacy
1787631600,2493.86,2497.84,2492.89,2497.64,83.3636458,207992.385090844007,kucoin_legacy
1787631900,2497.64,2498,2493.31,2494.53,62.11109881,154960.778263510292,kucoin_legacy
1787632200,2494.57,2496.66,2489.06,2493.98,37.1109276,92499.330522685006,kucoin_legacy
1787632500,2494.03,2497.03,2490.81,2492.14,125.4898773,313034.99087129999,kucoin_legacy
1787632800,2492.14,2494.29,2490.15,2491.74,86.4751399,215511.670735073014,kucoin_legacy
1787633100,2491.59,2494.55,2490.41,2494.19,38.9834602,97165.524469519994,kucoin_legacy
1787633400,2494.26,2495.43,2492.17,2492.17,56.4033198,140711.732977384003,kucoin_legacy
1787633700,2492.09,2495.01,2490.32,2495,28.7137027,71534.714986441002,kucoin_legacy
1787634000,2495.51,2499.5,2493.79,2499.16,71.0839838,177549.27537859499,kucoin_legacy
1787634300,2499.6,2501.76,2499.6,2500.85,61.7101917,154338.588931111008,kucoin_legacy
1787634600,2501.04,2501.47,2500.04,2500.89,44.0652446,110199.193156798996,kucoin_legacy
1787634900,2500.66,2504.49,2500.09,2503.28,96.8519046,242412.396809278987,kucoin_legacy
1787635200,2503.44,2504.92,2503.16,2504.92,14.353446,35942.171734279997,kucoin_legacy
1787635500,2504.91,2511.45,2504.85,2508.73,120.5915821,302406.781678789004,kucoin_legacy
1787635800,2508.73,2511.53,2507.05,2510.65,90.3728055,226717.455891676014,kucoin_legacy
1787636100,2510.73,2511.7,2508.98,2509.99,89.5925126,224924.163195119996,kucoin_legacy
1787636400,2510.2,2510.96,2506.8,2506.8,142.026785,356426.597413456009,kucoin_legacy
1787636700,2506.81,2509.1,2505.52,2508.89,17.24129416,43217.822650825998,kucoin_legacy
1787637000,2508.88,2510.56,2507.37,2507.59,50.2300155,126050.775629815995,kucoin_legacy
1787637300,2508.9,2510.27,2508.59,2508.6,75.0979147,188469.059797719005,kucoin_legacy
1787637600,2509.02,2510.47,2508.06,2508.74,57.2831832,143695.761113807996,kucoin_legacy
1787637900,2508.63,2510.12,2506.98,2508.95,31.7760474,79718.654146618996,kucoin_legacy
1787638200,2508.93,2510.27,2507.05,2510.27,35.4627838,88933.505130182006,kucoin_legacy
1787638500,2510.01,2513.4,2509.02,2511.14,21.7914006,54724.680880993001,kucoin_legacy
1787638800,2511.14,2515.3,2508.81,2513.48,69.1392397,173688.227415289992,kucoin_legacy
1787639100,2513.4,2513.64,2510.42,2510.42,51.5041574,129413.535807833003,kucoin_legacy
1787639400,2510.42,2510.42,2501.84,2505.05,140.2294236,351413.397822103987,kucoin_legacy
1787639700,2504.5,2504.5,2499.33,2503.06,106.1576173,265502.308354480017,kucoin_legacy
1787640000,2503.59,2504.51,2501.54,2503.98,21.1980206,53063.017529030003,kucoin_legacy
1787640300,2504.32,2504.49,2500.05,2500.44,77.865029689314,194822.557332788507,kucoin_legacy
1787640600,2500.29,2501.28,2499.1,2499.76,47.5497483,118864.804820421006,kucoin_legacy
1787640900,2499.65,2500.33,2496.4,2500.33,30.4054901,75949.651146007003,kucoin_legacy
1787641200,2501.1,2511.62,2500.39,2510.96,125.8512786,315678.596284014988,kucoin_legacy
1787641500,2510.99,2512.72,2507.17,2508.09,287.1897632,721143.048613794963,kucoin_legacy
1787641800,2508.3,2508.57,2506.89,2507.24,6.7775539,16996.841836018,kucoin_legacy
1787642100,2507.23,2507.94,2502.34,2503.98,25.9798481,65082.604555630001,kucoin_legacy
1787642400,2503.99,2506.14,2503.94,2503.95,49.0767943,122940.381314444996,kucoin_legacy
1787642700,2503.94,2505.78,2503.37,2504.75,34.2621683,85817.491199338998,kucoin_legacy
1787643000,2504.62,2504.63,2501.35,2502.35,127.1223236,318098.199768477003,kucoin_legacy
1787643300,2502.03,2502.28,2496.39,2497.56,110.1652948,275394.306698328,kucoin_legacy
1787643600,2497.57,2499.98,2497.57,2499.57,37.8795201,94655.373074054995,kucoin_legacy
1787643900,2499.79,2499.79,2476.58,2481.68,672.9418429,1672109.899822568987,kucoin_legacy
1787644200,2481.26,2483.99,2464.14,2483.37,456.879011120098,1130878.178912418662,kucoin_legacy
1787644500,2483.78,2485.57,2479,2479,182.0593538,451829.366337222978,kucoin_legacy
1787644800,2479.07,2482.52,2475,2482.5,190.6509219,472576.482412272017,kucoin_legacy
1787645100,2481.51,2483.03,2480.1,2482.99,45.8368615,113754.384646780003,kucoin_legacy
1787645400,2481.82,2486.5,2481.82,2485.67,57.3288711,142420.622593773995,kucoin_legacy
1787645700,2485.4,2490.89,2485.4,2487.14,94.7141463,235759.651297028002,kucoin_legacy
1787646000,2487.49,2496.11,2487.49,2494.95,128.2866669,319777.104981669981,kucoin_legacy
1787646300,2494.36,2497.92,2493.89,2494.48,222.3343334,554702.508647350944,kucoin_legacy
1787646600,2494.07,2496.34,2490.15,2492.64,310.4885172,774332.553411329049,kucoin_legacy
1787646900,2492.8,2493.24,2486.13,2486.35,45.4130299,113113.009219939006,kucoin_legacy
1787647200,2486.66,2490.94,2485.47,2489.79,88.8130042,220951.590028567996,kucoin_legacy
1787647500,2490.21,2490.78,2484.05,2484.05,48.6938139,121105.360016374994,kucoin_legacy
1787647800,2484,2484.83,2480.83,2481.82,87.6124992,217538.607454531011,kucoin_legacy
1787648100,2482.07,2485.36,2481.1,2484.42,39.1272941,97165.263580683997,kucoin_legacy
1787648400,2484.86,2485.05,2479.59,2481.02,51.325352,127383.300334610001,kucoin_legacy
1787648700,2481.5,2485.39,2480.01,2485.39,123.7552127,307347.647417625005,kucoin_legacy
1787649000,2485.34,2489.26,2483.39,2487.51,84.9516476,211332.720504875993,kucoin_legacy
1787649300,2487.43,2489.46,2485.18,2487.68,38.8948292,96750.984742115994,kucoin_legacy
1787649600,2487.22,2491.69,2487.22,2489.63,80.1188514,199488.705715571006,kucoin_legacy
1787649900,2489.74,2489.74,2483.9,2486.95,74.6580591,185593.303755353001,kucoin_legacy
1787650200,2487.4,2491.03,2486.75,2489.54,36.1217427,89884.285276562994,kucoin_legacy
1787650500,2489.34,2489.34,2486.63,2487.07,42.980127,106928.281556839996,kucoin_legacy
1787650800,2487.47,2489.35,2485.83,2485.83,35.5965037,88561.077731775993,kucoin_legacy
1787651100,2485.83,2486.84,2481.21,2481.69,90.0230485,223590.080485054001,kucoin_legacy
1787651400,2481.69,2481.69,2463.13,2470.69,493.3717347,1219527.156035640044,kucoin_legacy
1787651700,2470.67,2474.97,2468.35,2474.37,124.5515242,307929.792160611018,kucoin_legacy
1787652000,2474.57,2475.92,2469.71,2475.91,83.5576716,206572.124773710006,kucoin_legacy
1787652300,2475.92,2478.25,2474.17,2475.71,85.8599315,212600.518878536997,kucoin_legacy
1787652600,2476.5,2479.74,2475.88,2477.86,69.4366711,172035.621517088002,kucoin_legacy
1787652900,2478.33,2479.89,2476.96,2479.16,59.2223594,146782.658575295995,kucoin_legacy
1787653200,2479.17,2479.43,2475.82,2477.48,69.7622857,172823.154707176989,kucoin_legacy
1787653500,2477.56,2477.65,2475.23,2475.79,22.8256555,56518.979039338003,kucoin_legacy
1787653800,2476,2478.33,2474.39,2477.64,66.1157268,163705.523385145993,kucoin_legacy
1787654100,2477.7,2478.5,2476.66,2478.07,30.176708,74764.906199899997,kucoin_legacy
1787654400,2478.01,2478.83,2477.07,2478,57.5079774,142513.431212583993,kucoin_legacy
1787654700,2478.11,2485.69,2478.11,2482.17,118.5313563,294279.100410189014,kucoin_legacy
1787655000,2481.9,2485.33,2481.08,2484.2,104.9662365,260681.82813578099,kucoin_legacy
1787655300,2484.66,2484.66,2481.57,2481.57,50.4964733,125399.331602801001,kucoin_legacy
1787655600,2481.67,2481.92,2479.29,2479.81,55.9099375,138714.081945596001,kucoin_legacy
1787655900,2479.87,2483.72,2478.43,2480.04,43.3832052,107633.994426717007,kucoin_legacy
1787656200,2479.74,2479.74,2474.43,2474.8,51.1944995,126763.842488397,kucoin_legacy
1787656500,2475.2,2478.02,2474.42,2475.73,113.0640496,279890.354104964994,kucoin_legacy
1787656800,2475.97,2479.12,2475.97,2478.27,68.7338333,170308.682302759,kucoin_legacy
1787657100,2477.76,2478.28,2475,2477.88,40.9407037,101393.838911272003,kucoin_legacy
1787657400,2478.14,2481.41,2477.5,2480.81,261.8936146,649195.100447088946,kucoin_legacy
1787657700,2480.77,2485.57,2480.77,2482.45,70.5043596,175101.640611773008,kucoin_legacy
1787658000,2482.39,2482.39,2478.88,2478.88,67.2896503,166911.771259531,kucoin_legacy
1787658300,2478.87,2480.78,2477.04,2479.21,105.7755931,262166.956642446981,kucoin_legacy
1787658600,2479.46,2483.19,2478.41,2478.41,67.9173443,168497.968602137989,kucoin_legacy
1787658900,2478.4,2479.78,2477.15,2477.97,120.971033355518,299848.204877393378,kucoin_legacy
1787659200,2477.98,2481.19,2473.46,2477.77,167.4126344,414763.210280789004,kucoin_legacy
1787659500,2477.76,2477.76,2467.07,2474.01,158.6065948,391851.441192972008,kucoin_legacy
1787659800,2473.75,2477.93,2472.12,2477.83,65.405903,161948.593460155011,kucoin_legacy
1787660100,2477.05,2477.22,2469.94,2472.87,75.5273505,186846.986827159999,kucoin_legacy
1787660400,2472.14,2472.52,2462.45,2469.92,189.8507048,468324.937535853009,kucoin_legacy
1787660700,2469.77,2471.02,2458.14,2468.19,441.7156394,1087276.288674971089,kucoin_legacy
1787661000,2467.51,2470.88,2464.21,2469.29,248.4727564,612886.80714825599,kucoin_legacy
1787661300,2469.45,2471.09,2466.28,2466.28,51.8618188,128043.101224006998,kucoin_legacy
1787661600,2466.4,2470.43,2460,2469.13,85.6317451,211069.390163704986,kucoin_legacy
1787661900,2468.99,2474.69,2467.94,2473.42,150.2253414,371350.307022225985,kucoin_legacy
1787662200,2473.89,2476.54,2473.32,2475.2,123.6550199,306047.642210624996,kucoin_legacy
1787662500,2474.79,2475.85,2472.94,2473.36,64.6616843,159972.47521626699,kucoin_legacy
1787662800,2473.49,2475.7,2471.63,2475.44,29.5571039,73102.15888417,kucoin_legacy
1787663100,2475.42,2476.22,2469.29,2471.35,63.6548356,157430.35561926401,kucoin_legacy
1787663400,2471.35,2473,2465.48,2467.18,175.086183,432379.530077019008,kucoin_legacy
1787663700,2466.7,2467.64,2460.25,2463.8,229.5140427,565584.529662369052,kucoin_legacy
1787664000,2463.43,2466.49,2457.16,2459.76,462.1626501,1136589.997511829017,kucoin_legacy
1787664300,2459.73,2462.12,2454.68,2457.91,166.168172,408452.71382755402,kucoin_legacy
1787664600,2457.34,2471.35,2455.8,2471.35,157.6874214,388336.730041106988,kucoin_legacy
1787664900,2471.36,2477.21,2469.23,2471.92,177.9095931,440140.563708089991,kucoin_legacy
1787665200,2471.71,2475.78,2463.13,2465.11,87.9149288,217123.88100157099,kucoin_legacy
1787665500,2464.56,2465.99,2455.52,2457.66,137.2664694,337811.603972507,kucoin_legacy
1787665800,2458.08,2458.65,2439.65,2448.51,514.8151772,1259706.451016532956,kucoin_legacy
1787666100,2448.95,2461.11,2446.22,2460.96,110.837192,272111.840465929999,kucoin_legacy
1787666400,2460.96,2463.67,2454.37,2463.4,138.1509348,339827.090190907009,kucoin_legacy
1787666700,2463.48,2467.28,2461.94,2467.28,146.4416702,360998.801642103004,kucoin_legacy
1787667000,2467.16,2473,2466.8,2467.56,145.6272247,359593.149402238021,kucoin_legacy
1787667300,2467.56,2472.36,2464.86,2465.77,191.3894469,472515.834941839974,kucoin_legacy
1787667600,2465.31,2473.01,2464.79,2472.67,110.5440566,273004.579957660986,kucoin_legacy
1787667900,2473.01,2480.33,2471.74,2475.8,168.8852696,418231.501170841977,kucoin_legacy
1787668200,2474.69,2484.04,2470.09,2478.07,255.1896582,631961.856727548991,kucoin_legacy
1787668500,2478.3,2480.41,2473.5,2474.12,84.750458,209969.558308209002,kucoin_legacy
1787668800,2474.69,2475.68,2472.01,2474.28,96.5695965,238922.862026415009,kucoin_legacy
1787669100,2474.98,2479.07,2474.98,2475.76,76.554807,189623.02090684601,kucoin_legacy
1787669400,2475.97,2479.65,2475.85,2476.59,106.2317757,263183.720995009993,kucoin_legacy
1787669700,2476.24,2479.21,2475,2476.9,57.2405751,141783.237620916014,kucoin_legacy
1787670000,2476.99,2478.45,2473.48,2475.25,81.3788368,201420.205862926989,kucoin_legacy
1787670300,2475.9,2477.73,2472.54,2473.21,217.5644651,538383.647785651963,kucoin_legacy
1787670600,2473,2474.13,2467.45,2467.95,171.4305886,423401.048212615016,kucoin_legacy
1787670900,2467.51,2476.16,2465.98,2475.09,52.9595994,130879.859226396002,kucoin_legacy
1787671200,2475.05,2477.49,2471.54,2471.55,105.4153956,261054.927927613986,kucoin_legacy
1787671500,2471.55,2475.14,2468.79,2474.86,79.2837503,195898.568082943006,kucoin_legacy
1787671800,2474.93,2475.74,2470.53,2473.03,54.6901537,135271.338744548004,kucoin_legacy
1787672100,2473.93,2480.29,2473.83,2476.22,167.9962395,416260.303310823976,kucoin_legacy
1787672400,2476.21,2477.41,2473.09,2477.41,112.8141298,279282.788031128992,kucoin_legacy
1787672700,2477.75,2478.57,2472.91,2473.82,36.4132056,90145.750130209999,kucoin_legacy
1787673000,2473.89,2478.61,2472.42,2477.94,51.6592974,127871.331442698007,kucoin_legacy
1787673300,2478.11,2483.64,2478.11,2482.89,79.6053771,197505.867875419994,kucoin_legacy
1787673600,2482.98,2485.64,2479.84,2481.93,215.1343666,534092.502575992025,kucoin_legacy
1787673900,2482.02,2482.06,2477.09,2477.54,83.6941083,207545.989906261995,kucoin_legacy
1787674200,2476.87,2477.76,2472.74,2474.2,60.3808497,149431.043803579989,kucoin_legacy
1787674500,2473.74,2477.01,2472.85,2476.23,43.4777216,107620.163669738002,kucoin_legacy
1787674800,2476.23,2476.28,2466.7,2470.39,99.8340904,246691.718488070008,kucoin_legacy
1787675100,2469.8,2472.4,2468.52,2472.22,78.8395669,194754.264446888992,kucoin_legacy
1787675400,2472.21,2477.98,2471.65,2475.29,92.5395567,229012.344910371001,kucoin_legacy
1787675700,2475.73,2476.26,2473.52,2475.18,153.3068734,379426.085097952979,kucoin_legacy
1787676000,2475.35,2478.56,2474.42,2475.67,84.1384683,208375.771840742993,kucoin_legacy
1787676300,2476,2479.4,2475.23,2477.28,72.084015,178570.754685376014,kucoin_legacy
1787676600,2476.89,2476.89,2471.92,2472.14,28.8858067,71477.923635031999,kucoin_legacy
1787676900,2472.37,2472.37,2469.15,2470.64,84.5461309,208916.717537933,kucoin_legacy
1787677200,2470.53,2471.31,2464.09,2466.24,209.0363616,516030.776761005982,kucoin_legacy
1787677500,2466.27,2469.01,2458.44,2460.76,246.4297849,606936.321195938042,kucoin_legacy
1787677800,2460.76,2463.09,2454.9,2462.92,172.1214237,423268.170537081023,kucoin_legacy
1787678100,2463,2465.99,2462.37,2465.38,59.5503326,146752.966128981992,kucoin_legacy
1787678400,2465.37,2466.84,2458.95,2460.27,70.0210147,172462.646777777991,kucoin_legacy
1787678700,2460.05,2460.83,2457.54,2458.6,78.8602739,193920.986553072988,kucoin_legacy
1787679000,2458.64,2468.42,2458.64,2466.3,77.757964,191548.318646922009,kucoin_legacy
1787679300,2465.88,2466.57,2463.42,2465,31.9814374,78833.611529233996,kucoin_legacy
1787679600,2464.91,2469.2,2464.55,2468.09,111.7315853,275671.11562175001,kucoin_legacy
1787679900,2468.1,2470.08,2467.41,2468.99,148.6222735,366827.510600686015,kucoin_legacy
1787680200,2469.15,2469.86,2467.83,2469.11,40.7748609,100660.218730398003,kucoin_legacy
1787680500,2468.78,2471.01,2468.67,2470.94,22.7497281,56196.160194356002,kucoin_legacy
1787680800,2470.94,2474.39,2470.09,2470.98,124.0619477,306680.808245081978,kucoin_legacy
1787681100,2471.42,2473.1,2470.77,2472.88,26.6095357,65771.098565121996,kucoin_legacy
1787681400,2472.89,2474.51,2471.58,2473.25,54.946339,135898.82474704599,kucoin_legacy
1787681700,2473.95,2474.57,2471.71,2472.12,29.9834113,74153.535189714006,kucoin_legacy
1787682000,2472.13,2474.45,2471.29,2472.92,36.0147423,89036.675916449996,kucoin_legacy
1787682300,2473.02,2473.02,2471.87,2472.81,37.2789194,92167.356781998998,kucoin_legacy
1787682600,2472.55,2472.55,2467.81,2467.87,65.8300746,162577.351314747008,kucoin_legacy
1787682900,2467.87,2469.41,2466.33,2468.92,149.7580185,369603.157821953995,kucoin_legacy
1787683200,2468.99,2469.09,2466.93,2468.14,42.1213819,103959.503627175,kucoin_legacy
1787683500,2468.68,2470.23,2467.73,2468.4,129.6260396,320016.622923153976,kucoin_legacy
1787683800,2468.84,2468.86,2464.07,2464.52,62.9208586,155172.919779137999,kucoin_legacy
1787684100,2464.72,2467.92,2464.72,2467.29,40.5851761,100085.384575581993,kucoin_legacy
1787684400,2467.27,2469.35,2463,2463,34.0379384,83979.027026608004,kucoin_legacy
1787684700,2463.01,2466.95,2463.01,2466.93,57.2818359,141169.092107719014,kucoin_legacy
1787685000,2466.84,2468.3,2465.64,2468.13,48.58965,119876.669452515998,kucoin_legacy
1787685300,2468.11,2469.92,2467.04,2469.92,65.9552414,162777.881088419002,kucoin_legacy
1787685600,2469.92,2470.04,2467.02,2468.99,73.3307571,180994.335122618009,kucoin_legacy
1787685900,2468.98,2468.98,2462.59,2462.9,92.682597038297,228554.264845470781,kucoin_legacy
1787686200,2462.72,2462.72,2457.16,2460.07,128.1778457,315289.641501537,kucoin_legacy
1787686500,2460.25,2462.22,2459.4,2459.4,95.6940151,235496.330234154011,kucoin_legacy
1787686800,2459.61,2459.69,2455.61,2456.18,56.76373,139480.95626211699,kucoin_legacy
1787687100,2456.47,2459.68,2456.47,2458.55,93.6392632,230186.142161546013,kucoin_legacy
1787687400,2458.2,2462.79,2457.66,2461.67,74.1916561,182611.261635245988,kucoin_legacy
1787687700,2461.44,2463.71,2460.05,2463.37,156.7704432,386040.742658970994,kucoin_legacy
1787688000,2463.84,2464.39,2449.29,2456.06,155.2698825,380954.246762508992,kucoin_legacy
1787688300,2456.07,2459.13,2453.36,2458.09,77.1999333,189667.117980703013,kucoin_legacy
1787688600,2458,2458.68,2455.83,2457.65,42.5844694,104636.179601437994,kucoin_legacy
1787688900,2457.93,2461.5,2456.72,2461.5,56.5087836,138931.062677270995,kucoin_legacy
1787689200,2461.46,2461.56,2458.33,2460.53,42.1987635,103809.583327532993,kucoin_legacy
1787689500,2460.65,2460.93,2456.36,2456.37,69.8966055,171878.141852525994,kucoin_legacy
1787689800,2456.47,2456.99,2452.19,2453.87,57.533121,141212.629228200996,kucoin_legacy
1787690100,2453.88,2455.5,2445.37,2447.03,119.3199671,292170.235005941009,kucoin_legacy
1787690400,2447.28,2448.59,2442.97,2445.57,119.0920428,291262.486013528018,kucoin_legacy
1787690700,2446.22,2448.17,2434,2435.59,327.4436813,798418.655886678956,kucoin_legacy
1787691000,2436.27,2442.88,2435.06,2439.25,138.3015598,337507.102407191007,kucoin_legacy
1787691300,2439.35,2441.97,2435.89,2436.29,148.4953078,362132.729375643015,kucoin_legacy
1787691600,2435.99,2441.17,2435.29,2437.42,66.2472847,161448.441461431008,kucoin_legacy
1787691900,2437.78,2440.06,2415.2,2418.63,638.6260175,1547464.870684653986,kucoin_legacy
1787692200,2418.41,2430.54,2416.12,2430.53,187.1658163,453864.569140470005,kucoin_legacy
1787692500,2430.29,2434.98,2425.85,2433.77,96.6982375,235008.91939460201,kucoin_legacy
1787692800,2434.03,2434.03,2424.32,2429.17,138.9428236,337328.217730468023,kucoin_legacy
1787693100,2428.92,2434.53,2426.32,2433.96,146.365839,355794.658176790981,kucoin_legacy
1787693400,2433.73,2437.86,2432.87,2436.86,120.5743517,293566.49674204801,kucoin_legacy
1787693700,2436.75,2442.61,2436.75,2442.6,120.9354147,295177.742001985025,kucoin_legacy
1787694000,2442.35,2442.62,2440.42,2441.56,40.5142627,98924.010675404003,kucoin_legacy
1787694300,2441.26,2442.9,2440.89,2442.86,70.2077424,171444.126303663012,kucoin_legacy
1787694600,2442.54,2442.54,2439.55,2441.74,115.2806272,281447.918135810003,kucoin_legacy
1787694900,2441.05,2443.8,2439.69,2441.74,255.7771649,624582.273696257966,kucoin_legacy
1787695200,2442.03,2448.59,2442.03,2448.59,84.911918,207621.422969289997,kucoin_legacy
1787695500,2448.59,2451.7,2447.75,2448.39,67.6031919,165600.565687916998,kucoin_legacy
1787695800,2448.28,2451.92,2448.16,2451.91,29.9838002,73468.300098983003,kucoin_legacy
1787696100,2451.63,2452.8,2449.5,2450.86,77.5445575,190057.953576264001,kucoin_legacy
1787696400,2450.86,2451.12,2446.63,2448.26,19.4252119,47556.019264253999,kucoin_legacy
1787696700,2448.36,2448.42,2442.09,2446.48,78.7485294,192503.186358843988,kucoin_legacy
1787697000,2446.58,2449.88,2444.45,2449.59,38.4409349,94071.137477183001,kucoin_legacy
1787697300,2449.38,2450.75,2448.33,2448.93,77.8945133,190844.743643710011,kucoin_legacy
1787697600,2448.38,2450.23,2448.03,2450.23,26.564933,65071.429504731001,kucoin_legacy
1787697900,2450.23,2453.2,2449.75,2452.93,41.9792396,102904.435271541006,kucoin_legacy
1787698200,2452.93,2454.21,2452.93,2453.9,57.7665227,141741.481001379987,kucoin_legacy
1787698500,2453.91,2455.63,2453.54,2453.72,37.9961413,93270.094907388004,kucoin_legacy
1787698800,2453.72,2455.29,2452.54,2455.16,48.2462115,118400.842545349995,kucoin_legacy
1787699100,2455.23,2456.17,2452.58,2453.05,131.8473716,323566.218378953985,kucoin_legacy
1787699400,2453.18,2455,2451.9,2454.53,56.237309,137965.027796643,kucoin_legacy
1787699700,2454.83,2456.05,2450.62,2451.66,103.1079505,253022.418020003999,kucoin_legacy
1787700000,2451.72,2451.84,2449.31,2449.35,90.2370807,221179.017990444991,kucoin_legacy
1787700300,2449.34,2452.4,2448.57,2452.3,42.0620598,103055.754814198997,kucoin_legacy
1787700600,2452.3,2452.3,2448.71,2450.95,70.5998207,172949.376783912012,kucoin_legacy
1787700900,2450.95,2451.11,2447.57,2447.74,44.1897166,108249.673269563005,kucoin_legacy
1787701200,2447.74,2447.86,2442.84,2444.23,44.3418264,108393.705908628996,kucoin_legacy
1787701500,2444.22,2444.22,2439.61,2440.52,87.9892418,214894.053938405996,kucoin_legacy
1787701800,2440.39,2440.97,2437.13,2438.82,93.6759978,228444.276294907992,kucoin_legacy
1787702100,2439.07,2444.01,2438.32,2442.61,59.7788305,146011.940518235991,kucoin_legacy
1787702400,2442.59,2444.97,2439.49,2444.66,73.6766501,179865.301336203993,kucoin_legacy
1787702700,2444.33,2444.33,2435.87,2437.78,76.1843915,185735.445312461001,kucoin_legacy
1787703000,2437.79,2441.29,2436.09,2437.18,98.8205054,240995.500171824009,kucoin_legacy
1787703300,2436.95,2442.61,2436.95,2441.68,27.007077,65906.294436387994,kucoin_legacy
1787703600,2441.59,2443.55,2438.79,2443.07,17.781524,43407.546846379002,kucoin_legacy
1787703900,2443.46,2443.9,2440.98,2443.67,55.5740129,135732.959565808997,kucoin_legacy
1787704200,2443.67,2446.17,2443.32,2443.92,66.7801491,163235.624975718994,kucoin_legacy
1787704500,2443.91,2443.91,2437.74,2437.98,91.2638773,222749.321909752005,kucoin_legacy
1787704800,2438.13,2443.49,2437.29,2440.37,49.9650021,121928.379240559007,kucoin_legacy
1787705100,2440.36,2445.2,2439.11,2444.52,118.6847146,289890.629352720978,kucoin_legacy
1787705400,2444.76,2450.21,2444.76,2449.78,81.5633471,199713.343584082002,kucoin_legacy
1787705700,2449.78,2449.78,2446.53,2446.53,20.6064804,50443.545711443003,kucoin_legacy
1787706000,2446.11,2452.88,2444.9,2452.79,75.8538773,185823.991039910004,kucoin_legacy
1787706300,2452.86,2459.25,2452.86,2454.82,164.6329621,404475.13126106601,kucoin_legacy
1787706600,2454.6,2455.72,2452.33,2453.57,29.7019643,72900.564873861993,kucoin_legacy
1787706900,2453.57,2457.52,2453,2456.18,100.1513659,245899.956582382001,kucoin_legacy
1787707200,2455.96,2456.56,2454.3,2455.21,15.9350717,39132.149298739998,kucoin_legacy
1787707500,2454.72,2454.72,2452.39,2453.19,26.9951809,66231.644352536998,kucoin_legacy
1787707800,2453.2,2459.23,2452.99,2459.16,34.8451491,85632.285607685,kucoin_legacy
1787708100,2459.16,2461.81,2458.85,2458.95,56.5316683,139082.434972671996,kucoin_legacy
1787708400,2458.71,2459.53,2456.18,2457.55,50.145452,123251.140626752996,kucoin_legacy
1787708700,2456.9,2457.12,2454.84,2455.51,73.6459593,180898.961939274013,kucoin_legacy
1787709000,2455.52,2455.99,2454.01,2455.06,63.9845183,157076.383312316,kucoin_legacy
1787709300,2455.06,2455.89,2453.9,2455.89,19.4571137,47763.347107444999,kucoin_legacy
1787709600,2455.89,2458.92,2455.35,2457.21,65.0127055,159714.267097470991,kucoin_legacy
1787709900,2457.32,2457.32,2453.83,2454.29,22.3177607,54824.240565384003,kucoin_legacy
1787710200,2454.22,2456.82,2454.07,2455.41,13.7218082,33688.179254123999,kucoin_legacy
1787710500,2455.6,2463,2455.37,2460.28,64.9334871,159731.998992170003,kucoin_legacy
1787710800,2460.77,2462.15,2460.21,2461.71,77.4417514,190586.587948047993,kucoin_legacy
1787711100,2461.93,2467.73,2461.83,2467.73,115.0918147,283792.448049159022,kucoin_legacy
1787711400,2467.74,2469.54,2465.09,2467.71,120.140527,296424.873319851991,kucoin_legacy
1787711700,2468.11,2469.27,2466.32,2467.4,68.2362508,168364.04183291801,kucoin_legacy
1787712000,2467.38,2468.11,2466.53,2466.94,33.5067243,82673.431334501001,kucoin_legacy
1787712300,2467,2468.6,2464.91,2465.6,80.4996565,198588.420860181999,kucoin_legacy
1787712600,2465.61,2466.29,2464.16,2464.73,35.4811877,87462.039576708994,kucoin_legacy
1787712900,2464.54,2466.65,2464.54,2465.41,56.2099563,138613.463926325989,kucoin_legacy
1787713200,2465.12,2467.96,2464.54,2464.6,57.5231763,141880.963347779994,kucoin_legacy
1787713500,2464.48,2465.54,2462.36,2462.55,44.4202416,109439.057274849998,kucoin_legacy
1787713800,2462.61,2463.51,2462.31,2463.09,19.9609434,49163.791778043997,kucoin_legacy
1787714100,2463.08,2463.78,2460.1,2460.65,44.8997947,110570.840823855004,kucoin_legacy
1787714400,2461.21,2466.08,2461.21,2464.92,75.7058869,186471.169911175006,kucoin_legacy
1787714700,2464.77,2464.85,2462.87,2463.37,6.990752,17224.410528602999,kucoin_legacy
1787715000,2463.1,2463.1,2458.61,2461.88,52.5529925,129305.585057827004,kucoin_legacy
1787715300,2461.89,2467.43,2461.89,2465,131.4800029,324210.813598498993,kucoin_legacy
1787715600,2465,2465.22,2462.18,2464.68,15.2287059,37522.658943606002,kucoin_legacy
1787715900,2464.89,2465.46,2461.27,2461.35,44.8570288,110530.025963394,kucoin_legacy
1787716200,2461.59,2465.16,2461.14,2465.03,69.0390926,170021.062604672014,kucoin_legacy
1787716500,2465.17,2467.07,2465.17,2465.49,19.3862304,47808.716043831999,kucoin_legacy
1787716800,2465.45,2465.54,2462.07,2464.29,43.1105534,106195.035575946997,kucoin_legacy
1787717100,2464.48,2472.39,2462.99,2472.39,143.1973169,353265.600935644994,kucoin_legacy
1787717400,2472.4,2472.46,2464.51,2466.21,45.4246997,112104.142940348,kucoin_legacy
1787717700,2466.33,2469.92,2465.06,2469.83,44.7326658,110384.603218595003,kucoin_legacy
1787718000,2469.78,2469.92,2466.44,2469.18,44.3313524,109413.026592673996,kucoin_legacy
1787718300,2469.18,2469.86,2465.97,2466.23,38.8309294,95808.012964287002,kucoin_legacy
1787718600,2466.43,2467.15,2462.83,2464.24,61.4695451,151471.371131755004,kucoin_legacy
1787718900,2464.43,2466.65,2463.43,2463.73,55.4020369,136574.651514567988,kucoin_legacy
1787719200,2463.76,2465.42,2463.45,2464.4,20.6634885,50917.241109253999,kucoin_legacy
1787719500,2464.39,2464.39,2457.53,2461.09,119.5941328,294133.20414864301,kucoin_legacy
1787719800,2460.42,2462.01,2458.76,2460.57,32.5669801,80157.116461130994,kucoin_legacy
1787720100,2460.57,2460.57,2455.6,2456.82,117.4978402,288899.424533487007,kucoin_legacy
1787720400,2456.86,2458.75,2455.52,2456.54,123.2798695,302935.267593888973,kucoin_legacy
1787720700,2456.53,2456.92,2451.56,2455.47,46.6428625,114421.442179125006,kucoin_legacy
1787721000,2455.56,2460.01,2455.56,2457.98,51.2007434,125818.721489664007,kucoin_legacy
1787721300,2457.81,2459.32,2453.95,2454.06,76.195942,187224.010287774989,kucoin_legacy
1787721600,2454.09,2462.33,2454.09,2461.68,67.0809873,164963.345513726003,kucoin_legacy
1787721900,2461.88,2463.89,2460.47,2462.96,42.6977987,105129.892862908993,kucoin_legacy
1787722200,2462.97,2467.7,2462.03,2465.17,35.1507745,86647.664606245002,kucoin_legacy
1787722500,2465.34,2466.01,2462.03,2463.98,82.5085222,203335.153646482999,kucoin_legacy
1787722800,2463.74,2465.76,2463.32,2465.17,55.2447351,136155.830380214989,kucoin_legacy
1787723100,2465.14,2465.14,2463.03,2464.59,48.253502,118892.062864877997,kucoin_legacy
1787723400,2464.59,2464.59,2461.17,2461.27,32.0641805,78959.489544491997,kucoin_legacy
1787723700,2461.28,2464.94,2461.22,2464.94,63.6265043,156731.867360678996,kucoin_legacy
1787724000,2464.95,2466.65,2462.75,2464.55,150.6666205,371306.276157115994,kucoin_legacy
1787724300,2464.55,2467.32,2464.55,2467.08,67.9754348,167637.545552833995,kucoin_legacy
1787724600,2466.94,2466.94,2460.85,2461.71,39.9197022,98383.687561831,kucoin_legacy
1787724900,2461.65,2462.3,2457,2457.24,61.5891196,151517.690559114999,kucoin_legacy
1787725200,2456.6,2459.56,2455.73,2455.99,73.8470073,181480.922182751994,kucoin_legacy
1787725500,2456.03,2458.19,2454.61,2456.85,54.8133928,134651.378856402996,kucoin_legacy
1787725800,2456.77,2459.72,2456.1,2456.7,106.371575,261450.716149471002,kucoin_legacy
1787726100,2456.71,2457.11,2453.4,2456.59,91.3104716,224177.889744399989,kucoin_legacy
1787726400,2456.49,2460.33,2456.24,2459.66,46.9450283,115442.941651040994,kucoin_legacy
1787726700,2459.67,2461,2457.48,2458.45,32.3202319,79455.405660695003,kucoin_legacy
1787727000,2458.51,2460.18,2458.44,2460.18,47.955464,117932.764260376993,kucoin_legacy
1787727300,2460.3,2460.53,2458.59,2459.94,34.1132479,83906.126119833003,kucoin_legacy
1787727600,2459.88,2465.21,2456.91,2465.21,86.9045649,213810.386761024012,kucoin_legacy
1787727900,2465.2,2468.17,2462,2462.15,45.3203748,111757.072488552003,kucoin_legacy
1787728200,2462.42,2465.76,2462.42,2464.65,39.5167876,97375.680099991005,kucoin_legacy
1787728500,2464.76,2465.88,2463.64,2463.77,18.6967491,46089.933607359002,kucoin_legacy
1787728800,2463.76,2465.57,2461.51,2463.65,55.782371,137426.318548929994,kucoin_legacy
1787729100,2463.64,2466.69,2463.26,2463.26,35.6364346,87852.567753290001,kucoin_legacy
1787729400,2463.26,2464.86,2461.42,2464.86,22.9273023,56464.230309450002,kucoin_legacy
1787729700,2464.86,2466.82,2464.07,2465.56,51.34180299,126603.495477363002,kucoin_legacy
1787730000,2465.57,2466.36,2464.01,2464.74,29.4224238,72540.128138237007,kucoin_legacy
1787730300,2464.74,2465.87,2462.98,2465.41,20.433366,50354.052488428999,kucoin_legacy
1787730600,2465.42,2466.79,2462.35,2462.55,27.2735396,67234.669193684007,kucoin_legacy
1787730900,2462.47,2463.93,2461.42,2461.51,45.8591935,112904.851744140004,kucoin_legacy
1787731200,2461.52,2463.01,2459.31,2461.5,43.6294074,107353.632410938997,kucoin_legacy
1787731500,2461.24,2467.18,2459.72,2466.54,94.2500418,232005.678494591994,kucoin_legacy
1787731800,2466.54,2469.39,2464.83,2464.83,142.3496467,351303.38785603299,kucoin_legacy
1787732100,2464.82,2466.22,2461.83,2462.64,97.3425777,239846.65542178601,kucoin_legacy
1787732400,2462.42,2462.82,2457.8,2460.68,92.537063,227647.336595392,kucoin_legacy
1787732700,2461,2463.54,2461,2462.61,19.8786805,48945.641523038998,kucoin_legacy
1787733000,2462.6,2463.49,2460.16,2462.03,40.6302052,100016.494589460999,kucoin_legacy
1787733300,2461.97,2462.66,2461.08,2461.62,51.2007851,126045.90004352,kucoin_legacy
1787733600,2461.62,2464.3,2460.92,2464.13,56.4464244,138988.813143740001,kucoin_legacy
1787733900,2463.57,2463.79,2460.34,2461.01,32.518875,80064.173813374,kucoin_legacy
1787734200,2461.58,2461.78,2455.75,2455.75,88.4941156,217634.20516001599,kucoin_legacy
1787734500,2455.6,2456.96,2453.65,2456.19,129.566581,318064.332956410013,kucoin_legacy
1787734800,2456.15,2460.61,2454.2,2458.57,149.5215698,367415.560929059982,kucoin_legacy
1787735100,2458.56,2460.87,2457.86,2458.42,20.7919292,51132.491763063001,kucoin_legacy
1787735400,2458.41,2459.38,2455.94,2455.94,41.9981797,103213.937214977006,kucoin_legacy
1787735700,2455.66,2455.96,2445.92,2447.28,433.8666825,1062566.934787428938,kucoin_legacy
1787736000,2447.28,2450.42,2446.14,2446.33,611.9969803,1497556.399180378066,kucoin_legacy
1787736300,2446.33,2452,2446.33,2450.47,380.4085029,932493.899877766962,kucoin_legacy
1787736600,2450.48,2453.76,2448.44,2452.13,24.3780042,59747.909035940997,kucoin_legacy
1787736900,2452.73,2452.73,2448,2449.31,366.3279605,897052.263423701981,kucoin_legacy
1787737200,2448.47,2448.63,2444.55,2444.74,91.051399,222772.792521094001,kucoin_legacy
1787737500,2444.79,2448.59,2442.58,2448.43,224.0996496,548189.156528552994,kucoin_legacy
1787737800,2448.75,2449.31,2445.93,2445.93,29.6259276,72513.043276390003,kucoin_legacy
1787738100,2446.35,2448.22,2445.86,2447.82,24.114002,59020.014829435997,kucoin_legacy
1787738400,2447.78,2447.78,2444.82,2445.44,73.4962685,179806.507814350014,kucoin_legacy
1787738700,2445.69,2446.88,2444.41,2445.37,49.4182823,120862.655003776003,kucoin_legacy
1787739000,2445.24,2449.6,2444.57,2449.23,50.7981,124304.536654352007,kucoin_legacy
1787739300,2449.22,2451.57,2449.08,2451.39,67.1623043,164547.312321364006,kucoin_legacy
1787739600,2451.64,2452.81,2449.82,2452.66,65.0455269,159415.901327380008,kucoin_legacy
1787739900,2452.66,2454.54,2451.83,2454.29,23.2872688,57120.022041347002,kucoin_legacy
1787740200,2454.31,2457.53,2453.89,2457.53,66.9804608,164459.202500949003,kucoin_legacy
1787740500,2457.65,2469.9,2457.56,2466.75,233.8339069,575622.849929742981,kucoin_legacy
1787740800,2466.04,2467.05,2462.78,2464.46,221.3674786,545553.380215122015,kucoin_legacy
1787741100,2464.5,2474.38,2463.84,2474.38,132.300887,326565.034565308015,kucoin_legacy
1787741400,2474.4,2475.1,2469.18,2469.88,84.7269934,209407.52011689599,kucoin_legacy
1787741700,2469.88,2470.83,2468.15,2468.86,34.5158292,85226.753246769993,kucoin_legacy
1787742000,2468.94,2472.94,2468.67,2472.23,69.3839433,171412.106693214999,kucoin_legacy
1787742300,2472.11,2472.43,2467.86,2468.31,51.3011569,126699.010522476005,kucoin_legacy
1787742600,2468.66,2469.48,2466.84,2467.83,48.5177293,119766.975179116998,kucoin_legacy
1787742900,2468.07,2468.75,2465.38,2466.22,12.8860867,31794.532625708998,kucoin_legacy
1787743200,2466.2,2467.69,2465.25,2466.37,58.1606737,143425.180628939008,kucoin_legacy
1787743500,2466.37,2466.68,2464.78,2465.65,19.3649815,47756.067917708999,kucoin_legacy
1787743800,2465.64,2465.75,2464.51,2464.82,58.45321,144091.562064906,kucoin_legacy
1787744100,2464.81,2467.31,2456.27,2459.27,79.0710137,194540.918594612012,kucoin_legacy
1787744400,2459.48,2462.87,2457.78,2461.51,31.2666615,76945.416442996997,kucoin_legacy
1787744700,2461.52,2461.74,2459.47,2460.05,29.1201216,71640.544569595993,kucoin_legacy
1787745000,2459.59,2465.5,2459.41,2465.19,47.4044537,116740.156170806004,kucoin_legacy
1787745300,2465.29,2468.6,2462.36,2462.76,97.501604,240362.754193255998,kucoin_legacy
1787745600,2462.94,2465.36,2460.46,2462.98,92.6705516,228356.179134233011,kucoin_legacy
1787745900,2462.98,2462.98,2458.42,2461.17,76.3510425,187843.801205068012,kucoin_legacy
1787746200,2461.17,2463.54,2460.19,2460.73,33.4552876,82369.153983101001,kucoin_legacy
1787746500,2460.72,2461.71,2457.38,2459.11,102.0245905,250980.456148085999,kucoin_legacy
1787746800,2459.37,2468.17,2459.37,2467.68,43.8058561,107941.258707000001,kucoin_legacy
1787747100,2467.92,2471.59,2467.63,2470.73,81.0375428,200118.93970014801,kucoin_legacy
1787747400,2470.67,2470.67,2444,2460.23,799.8643104,1964374.715930751059,kucoin_legacy
1787747700,2460.42,2463.24,2452.67,2456.06,109.5805746,269209.992193721991,kucoin_legacy
1787748000,2455.44,2460.37,2455.19,2455.2,61.3832098,150852.700837326003,kucoin_legacy
1787748300,2455.56,2459.59,2452.92,2457.09,86.9554773,213543.791046102997,kucoin_legacy
1787748600,2457.28,2460.27,2452.61,2455.21,89.8164826,220589.537333342014,kucoin_legacy
1787748900,2454.45,2458.02,2454.09,2455.16,101.8339014,250162.144091708004,kucoin_legacy
1787749200,2455.16,2458.61,2452.53,2452.53,90.9492474,223354.523645409005,kucoin_legacy
1787749500,2452.52,2454.39,2448.17,2449.38,108.0250244,264627.259314362018,kucoin_legacy
1787749800,2449.82,2449.82,2442.14,2445.92,310.5248346,759536.715159039944,kucoin_legacy
1787750100,2445.93,2448.22,2442.3,2445.6,134.0413083,327779.065079237975,kucoin_legacy
1787750400,2445.6,2447.73,2439.39,2440.28,278.0146012,679066.234954016982,kucoin_legacy
1787750700,2440.74,2446.16,2436.52,2444.41,177.6241516,433751.720484223973,kucoin_legacy
1787751000,2446.19,2454.2,2443.85,2452.69,169.0601123,413749.685655096022,kucoin_legacy
1787751300,2451.91,2457.96,2449.28,2452.74,132.2579106,324499.046161159989,kucoin_legacy
1787751600,2452.01,2458.96,2451.35,2458.5,113.7449525,279276.433611524,kucoin_legacy
1787751900,2458.42,2462.32,2455.1,2455.29,194.881625,479132.522341899981,kucoin_legacy
1787752200,2455.27,2455.56,2450.22,2452.42,113.755721,279003.793078534014,kucoin_legacy
1787752500,2452.41,2457.44,2451.29,2457,28.35481,69625.469199607003,kucoin_legacy
1787752800,2457.39,2462.16,2453.26,2459.72,64.8448004,159294.627744989994,kucoin_legacy
1787753100,2459.37,2462.1,2457.21,2458.95,98.3699545,241924.379778758012,kucoin_legacy
1787753400,2458.9,2461.2,2455.97,2456.15,120.6723109,296648.549507784017,kucoin_legacy
1787753700,2456.01,2461.76,2455.8,2457.75,92.4306684,227310.546140199003,kucoin_legacy
1787754000,2458.41,2459.08,2453.64,2453.98,68.2544736,167680.042271056998,kucoin_legacy
1787754300,2453.17,2453.91,2448.89,2450.59,76.6606512,187967.026571761002,kucoin_legacy
1787754600,2450.58,2452.62,2448.81,2450.48,38.8140749,95110.331491511999,kucoin_legacy
1787754900,2449.93,2452.27,2446.57,2448.87,54.956077,134590.271468808001,kucoin_legacy
1787755200,2448.77,2450.3,2444.66,2445.25,98.405669,240764.112988934008,kucoin_legacy
1787755500,2444.83,2445.93,2440.21,2444.66,111.7199464,272980.042185119004,kucoin_legacy
1787755800,2444.66,2447.37,2441.61,2442.13,144.9357332,354334.046874599997,kucoin_legacy
1787756100,2442.08,2442.86,2438.87,2439.46,160.0604693,390643.995858122013,kucoin_legacy
1787756400,2439.26,2442.04,2432.33,2433.36,150.53008,366688.739989937982,kucoin_legacy
1787756700,2433.18,2443.46,2432.4,2442.58,116.8551604,284953.497959540982,kucoin_legacy
1787757000,2442.59,2443.34,2439.74,2440.8,77.0703344,188214.562580578,kucoin_legacy
1787757300,2441.96,2441.96,2436.5,2438.56,66.1995781,161487.099992161006,kucoin_legacy
1787757600,2438.85,2444.67,2438.85,2443.9,79.644899,194523.071036087,kucoin_legacy
1787757900,2444.03,2455.11,2444.03,2454.58,202.8222377,497063.141679147026,kucoin_legacy
1787758200,2454.29,2454.51,2444.82,2444.82,52.1465077,127758.900991018003,kucoin_legacy
1787758500,2444.74,2446.57,2442.4,2446.55,61.6887902,150760.162534074014,kucoin_legacy
1787758800,2446.56,2450.87,2446.56,2448.15,52.1682359,127747.663639304999,kucoin_legacy
1787759100,2447.82,2452.97,2447.82,2452.55,103.5148934,253627.681891560991,kucoin_legacy
1787759400,2452.56,2452.65,2448.79,2449.57,69.63504659,170643.0270458429,kucoin_legacy
1787759700,2449.31,2451.72,2448.78,2449.71,20.1928196,49476.340469843999,kucoin_legacy
1787760000,2449.71,2451.87,2447.47,2451.87,41.8132904,102398.218170420005,kucoin_legacy
1787760300,2451.87,2455.34,2451.29,2453.91,35.8676909,88005.861024512997,kucoin_legacy
1787760600,2453.61,2453.61,2449.74,2450.37,71.9481254,176363.297266217996,kucoin_legacy
1787760900,2450.44,2451.16,2447.73,2449.88,42.2367828,103449.243525907004,kucoin_legacy
1787761200,2450.3,2453.08,2448.94,2449.27,21.36574,52355.281806373998,kucoin_legacy
1787761500,2448.98,2450.21,2447.27,2449.19,80.522978,197145.837583848013,kucoin_legacy
1787761800,2449.19,2451.54,2447.64,2451.54,33.4433388,81921.497306329999,kucoin_legacy
1787762100,2451.54,2453.5,2441.43,2441.9,159.4477523,390135.078851100989,kucoin_legacy
1787762400,2441.77,2443.78,2438,2438.34,230.8276027,563314.537784931017,kucoin_legacy
1787762700,2438.73,2451.38,2438.73,2448.21,175.9850684,430524.787992392026,kucoin_legacy
1787763000,2448.45,2449.94,2444.72,2446.11,81.1213997,198518.546317998,kucoin_legacy
1787763300,2446.36,2446.96,2444.42,2444.48,72.3583383,176987.67864803999,kucoin_legacy
1787763600,2444.55,2447.12,2444.17,2445.72,39.75950070852,97212.117988691389,kucoin_legacy
1787763900,2445.62,2448.19,2444.21,2446.59,33.4147517,81772.954805357993,kucoin_legacy
1787764200,2446.34,2447.23,2443.84,2447.23,46.1652786,112886.685972998006,kucoin_legacy
1787764500,2447.38,2452.49,2447.38,2451.79,63.8000815,156368.040133089002,kucoin_legacy
1787764800,2452.5,2456.49,2451.53,2456.19,116.2559562,285370.379886286973,kucoin_legacy
1787765100,2456.5,2463.51,2456.45,2462.83,135.3604456,332980.142258599983,kucoin_legacy
1787765400,2462.71,2466.85,2461.62,2464.81,210.7787397,519260.814179520006,kucoin_legacy
1787765700,2464.81,2465.31,2461.35,2463.75,85.9070608,211598.264807177999,kucoin_legacy
1787766000,2463.75,2466.07,2461.42,2461.42,90.7464732,223582.025465979998,kucoin_legacy
1787766300,2461.41,2461.69,2455.6,2457.69,85.1420499,209193.756659926003,kucoin_legacy
1787766600,2457.66,2461.8,2457.63,2461.53,28.7158539,70638.295190448,kucoin_legacy
1787766900,2461.52,2462.78,2459.78,2460.81,65.7910517,161966.595407651999,kucoin_legacy
1787767200,2460.65,2463.54,2458.8,2462.3,60.2691639,148330.790111868992,kucoin_legacy
1787767500,2462.3,2466.37,2461.56,2465.56,89.56783,220661.607773419993,kucoin_legacy
1787767800,2465.51,2471.52,2465.11,2467.35,369.4044947,912136.637505511055,kucoin_legacy
1787768100,2467.5,2468.61,2465.44,2467.02,15.2698273,37666.206749309,kucoin_legacy
1787768400,2467.02,2469.47,2465.3,2465.78,23.9921645,59194.389536711002,kucoin_legacy
1787768700,2465.78,2466.21,2461.84,2462.82,40.9574803,100918.693151568004,kucoin_legacy
1787769000,2462.81,2466.03,2462.42,2464.42,45.3400387,111728.183169851007,kucoin_legacy
1787769300,2464.4,2467.05,2464.21,2464.54,51.3379522,126605.157360504003,kucoin_legacy
1787769600,2464.4,2464.57,2462.3,2464.48,66.5789354,164029.126781644009,kucoin_legacy
1787769900,2464.48,2469.85,2464.48,2469.85,43.5358371,107436.111931933003,kucoin_legacy
1787770200,2469.84,2472.5,2468.2,2472.5,110.0491917,271847.663706108986,kucoin_legacy
1787770500,2472.5,2474.08,2471.96,2472.7,55.8099063,138003.980418566993,kucoin_legacy
1787770800,2472.7,2473.49,2471.28,2472.23,76.939341,190228.273938339989,kucoin_legacy
1787771100,2472.23,2472.92,2469.55,2469.55,16.4334953,40609.533405132999,kucoin_legacy
1787771400,2469.56,2473,2469.51,2470.54,37.9377502,93739.430496924004,kucoin_legacy
1787771700,2470.56,2473.4,2470.5,2473.06,98.0536448,242286.014083713992,kucoin_legacy
1787772000,2473.01,2473.33,2471.33,2471.87,66.1347874,163510.512472130999,kucoin_legacy
1787772300,2471.86,2483.59,2470.76,2480.31,325.3992596,806713.540485396981,kucoin_legacy
1787772600,2480.29,2480.77,2475.73,2477.07,94.6239695,234447.171866637014,kucoin_legacy
1787772900,2477.07,2477.79,2470.5,2470.5,63.4596407,157088.279161432001,kucoin_legacy
1787773200,2470.5,2471.35,2468.31,2471.11,45.2810853,111850.104607536006,kucoin_legacy
1787773500,2471.1,2473.69,2470.65,2472.98,25.4402059,62893.110125943997,kucoin_legacy
1787773800,2472.99,2473.95,2470.02,2471.15,84.5219513,208991.518362790986,kucoin_legacy
1787774100,2471.35,2472.82,2469.33,2470.79,94.95228617,234602.884937545605,kucoin_legacy
1787774400,2470.73,2472.3,2468.87,2472.26,46.5689285,115069.336359890003,kucoin_legacy
1787774700,2473.05,2474.33,2472.11,2472.11,21.0575548,52079.170516774,kucoin_legacy
1787775000,2471.59,2472.96,2468.99,2468.99,114.4547251,282828.013191320002,kucoin_legacy
1787775300,2469.14,2470.91,2467.97,2469.55,53.9935318,133311.693228776014,kucoin_legacy
1787775600,2469.55,2469.55,2460.47,2466.14,159.0983035,392258.412521414983,kucoin_legacy
1787775900,2466.13,2469.02,2466.13,2469.01,77.3971375,191007.975073990994,kucoin_legacy
1787776200,2469.19,2469.95,2465.92,2466.16,31.8611109,78638.574248475998,kucoin_legacy
1787776500,2465.61,2468.33,2464.26,2466.87,98.6280001,243229.335760729009,kucoin_legacy
1787776800,2466.87,2469.96,2466.87,2468.88,29.7415271,73422.405043744002,kucoin_legacy
1787777100,2468.69,2470.21,2468.5,2469.22,17.487206,43188.028960868003,kucoin_legacy
1787777400,2469.38,2470.7,2468.56,2470.69,53.8208054,132925.120813299,kucoin_legacy
1787777700,2470.81,2472.94,2470.81,2472.41,103.7212044,256414.889145880996,kucoin_legacy
1787778000,2472.42,2473.02,2470.43,2470.99,18.3398311,45332.022080278999,kucoin_legacy
1787778300,2470.99,2485.89,2470.99,2484.46,316.0030161,784204.755631953944,kucoin_legacy
1787778600,2484.85,2494.62,2480.44,2492.63,308.1642661,766770.579636011971,kucoin_legacy
1787778900,2492.83,2495.99,2488,2492.3,228.8126216,570344.889043177012,kucoin_legacy
1787779200,2491.93,2495.91,2489.47,2494.75,103.5952047,258162.795260621002,kucoin_legacy
1787779500,2494.73,2504.94,2492.43,2501.59,181.7297555,453914.657731554005,kucoin_legacy
1787779800,2500.29,2501.18,2494.83,2495.94,72.9102242,182055.143007800012,kucoin_legacy
1787780100,2495.95,2500.74,2495.46,2496.3,64.0016051,159871.106492894993,kucoin_legacy
1787780400,2496.16,2496.16,2493.61,2493.61,33.8440819,84439.939807403993,kucoin_legacy
1787780700,2494.23,2494.64,2491.4,2492.44,35.7864166,89225.939557738006,kucoin_legacy
1787781000,2492.44,2497.85,2492.44,2497.24,40.6898115,101566.343193659006,kucoin_legacy
1787781300,2497.13,2498.32,2495.35,2496.7,27.3617156,68320.695949051005,kucoin_legacy
1787781600,2496.7,2503.44,2494.59,2503.44,60.0531885,150105.089964359009,kucoin_legacy
1787781900,2503.48,2506.96,2501.48,2501.49,87.7019746,219671.985261163005,kucoin_legacy
1787782200,2501.48,2503.74,2499.62,2503.2,241.2892185,603424.81177597295,kucoin_legacy
1787782500,2503.2,2513.73,2502.6,2510.56,623.5200088,1564374.102174553089,kucoin_legacy
1787782800,2510.04,2514.78,2506.24,2506.47,208.6854228,524011.372119925974,kucoin_legacy
1787783100,2506.22,2508.42,2505.28,2505.79,33.0175229,82775.178383153994,kucoin_legacy
1787783400,2505.96,2506.87,2499.54,2500.29,90.1517241,225773.831194923987,kucoin_legacy
1787783700,2500.32,2501.05,2495.05,2495.1,148.46393316,370867.142636213393,kucoin_legacy
1787784000,2495.12,2499.25,2494.69,2497.83,49.3020101,123110.470120019003,kucoin_legacy
1787784300,2497.38,2497.4,2493.65,2493.93,36.0871941,90036.596718779998,kucoin_legacy
1787784600,2493.94,2493.94,2490.27,2491.08,51.2512767,127697.092799342005,kucoin_legacy
1787784900,2491.02,2495.69,2489.86,2493.63,32.40666054,80765.617203583606,kucoin_legacy
1787785200,2493.62,2495.74,2490.71,2495.53,78.4720604,195623.511738728004,kucoin_legacy
1787785500,2495.18,2495.18,2488.43,2489.28,57.7979917,143992.190648699994,kucoin_legacy
1787785800,2489.32,2491.22,2488.99,2490.39,31.2363065,77771.208640893994,kucoin_legacy
1787786100,2490.33,2494.45,2489.8,2494.45,31.8967179,79497.044669737006,kucoin_legacy
1787786400,2494.26,2497.76,2493.6,2497.06,76.2351081,190235.95838597999,kucoin_legacy
1787786700,2497.03,2500.89,2494.98,2498.88,66.2806952,165640.567462076986,kucoin_legacy
1787787000,2498.88,2501.99,2498.12,2498.95,104.5419997,261331.521236105997,kucoin_legacy
1787787300,2498.91,2505.89,2498.66,2504.41,162.6674872,407102.447860196,kucoin_legacy
1787787600,2504.19,2507.52,2502.18,2507.17,113.5161577,284365.779863162024,kucoin_legacy
1787787900,2507.38,2512.25,2502.06,2505.34,195.910119,491216.560510527983,kucoin_legacy
1787788200,2505.52,2506.84,2503.16,2505.08,70.8488842,177423.861924113007,kucoin_legacy
1787788500,2505.38,2508.09,2504.44,2506.7,184.5090817,462561.433113328007,kucoin_legacy
1787788800,2506.71,2507.06,2500.3,2500.42,130.2147481,325998.257348249026,kucoin_legacy
1787789100,2500.43,2510.03,2499.94,2510.03,74.5623721,186841.008443922998,kucoin_legacy
1787789400,2510.04,2510.47,2502.11,2502.46,128.2852765,321328.557325461006,kucoin_legacy
1787789700,2502.47,2505.84,2500.44,2505.84,118.94907619424,297574.81831438822,kucoin_legacy
1787790000,2506.32,2506.32,2501.1,2501.12,55.0321152,137850.618290732993,kucoin_legacy
1787790300,2501.11,2501.11,2498.71,2500.58,80.3189188,200768.362766845006,kucoin_legacy
1787790600,2500.59,2501.58,2498.31,2498.31,39.0915423,97730.637963715999,kucoin_legacy
1787790900,2498.32,2499.29,2495.59,2496.47,79.2858784,198021.458598477999,kucoin_legacy
1787791200,2496.46,2497.56,2494.23,2496.03,76.9885793,192155.719446172006,kucoin_legacy
1787791500,2496.06,2496.06,2492.87,2495.14,37.5972964,93776.944494543,kucoin_legacy
1787791800,2495.67,2497.12,2492.12,2492.12,72.6949999,181385.549075605988,kucoin_legacy
1787792100,2492.13,2494.16,2491.8,2491.8,79.5277199,198236.829143534007,kucoin_legacy
1787792400,2491.81,2493.53,2488.43,2491.92,120.4722006,300097.161434417998,kucoin_legacy
1787792700,2491.92,2494.99,2488.99,2490.83,81.7249932,203603.125944450003,kucoin_legacy
1787793000,2490.58,2491.64,2486.95,2489.28,66.179828,164754.065087280003,kucoin_legacy
1787793300,2489.16,2491.97,2487.27,2491.58,16.9541397,42200.656989877003,kucoin_legacy
1787793600,2491.91,2496.46,2491.91,2496.33,67.9681602,169492.250166840007,kucoin_legacy
1787793900,2496.33,2505.19,2496.33,2503.03,119.1656711,298188.790588427975,kucoin_legacy
1787794200,2502.95,2505.64,2497.94,2500.98,67.242497,168101.364150054986,kucoin_legacy
1787794500,2500.72,2502.78,2498.39,2499.59,40.6792429,101742.747604746997,kucoin_legacy
1787794800,2499.24,2499.24,2492.84,2492.86,23.6061143,58913.211849341998,kucoin_legacy
1787795100,2492.83,2502.04,2492.83,2502.04,48.7253855,121593.322434981004,kucoin_legacy
1787795400,2502.11,2506.01,2500.97,2501.35,111.7901484,279877.141642465023,kucoin_legacy
1787795700,2501.36,2503.64,2497.71,2497.71,44.759665,111975.166961187002,kucoin_legacy
1787796000,2497.69,2502.24,2497.62,2501.89,50.9962857,127480.930328126997,kucoin_legacy
1787796300,2501.89,2503.8,2501.25,2503.8,33.5885179,84043.097324799994,kucoin_legacy
1787796600,2504.05,2504.97,2501.21,2502.48,35.5498837,88981.497370685,kucoin_legacy
1787796900,2502.1,2502.45,2499.97,2501.34,44.9320104,112391.155066004998,kucoin_legacy
1787797200,2501.24,2501.98,2496.16,2496.86,27.0476022,67607.935487847993,kucoin_legacy
1787797500,2497.3,2497.53,2494.27,2495.8,29.6940164,74094.161853276993,kucoin_legacy
1787797800,2495.83,2497.94,2494.72,2497.58,24.4009973,60913.250377958,kucoin_legacy
1787798100,2497.44,2497.44,2494.51,2494.77,37.1106552,92617.641818311997,kucoin_legacy
1787798400,2494.82,2494.82,2493.18,2493.6,37.9762818,94709.521612744007,kucoin_legacy
1787798700,2493.91,2495.4,2493.38,2494.8,54.0015075,134694.910328075988,kucoin_legacy
1787799000,2494.81,2495.89,2493.85,2494.21,53.1682427,132646.514059122012,kucoin_legacy
1787799300,2494.27,2494.6,2493.54,2494.5,23.1739257,57800.932259419998,kucoin_legacy
1787799600,2494.98,2495,2493.76,2494.46,24.9550739,62249.489988879999,kucoin_legacy
1787799900,2494.36,2496.93,2493.75,2494.01,16.2581474,40570.476130891999,kucoin_legacy
1787800200,2494.07,2495.15,2490.72,2490.99,35.1989669,87728.176530021999,kucoin_legacy
1787800500,2491.1,2494.67,2489.11,2494.39,44.9057606,111874.520535499003,kucoin_legacy
1787800800,2494.39,2498.19,2491.65,2496.25,228.0834093,568969.993097726954,kucoin_legacy
1787801100,2496.01,2498.99,2493.76,2497.8,175.7631425,438627.863644986995,kucoin_legacy
1787801400,2497.78,2498.45,2494.56,2494.95,91.8415729,229297.147737819003,kucoin_legacy
1787801700,2494.85,2495.84,2493.41,2493.72,28.3615838,70752.251146821,kucoin_legacy
1787802000,2493.61,2493.71,2492.42,2492.56,56.9427327,141966.162215029995,kucoin_legacy
1787802300,2492.37,2494.5,2489.52,2489.97,93.61540908,233202.296718669997,kucoin_legacy
1787802600,2490.18,2491.88,2489.36,2491.88,88.9944239,221641.879181642988,kucoin_legacy
1787802900,2492.01,2492.75,2491.18,2492.74,31.5827267,78699.455704427994,kucoin_legacy
1787803200,2492.75,2494.52,2492.74,2493.43,50.6310605,126244.329638399999,kucoin_legacy
1787803500,2493.44,2494.73,2491.38,2494.73,22.0329632,54929.052019349998,kucoin_legacy
1787803800,2494.41,2494.7,2493.42,2494.04,13.086966,32637.196590691001,kucoin_legacy
1787804100,2494.04,2495.53,2493.81,2495.43,57.6323661,143791.603253735986,kucoin_legacy
1787804400,2495.11,2495.12,2492.77,2494.42,30.5208988,76104.950304878002,kucoin_legacy
1787804700,2494.41,2494.42,2491.89,2491.89,51.5618631,128540.925497164993,kucoin_legacy
1787805000,2491.89,2491.89,2487.45,2487.45,40.7665705,101460.389237463998,kucoin_legacy
1787805300,2487.46,2487.66,2484.48,2486.81,197.5714444,491188.513135733025,kucoin_legacy
1787805600,2486.81,2488.98,2485.87,2488.98,94.7257809,235592.746014498989,kucoin_legacy
1787805900,2489.3,2490.93,2486.05,2486.43,74.0908275,184334.158399367996,kucoin_legacy
1787806200,2486.82,2486.82,2484.54,2486.24,90.603391,225234.488077615009,kucoin_legacy
1787806500,2486.54,2487.35,2486.54,2487.35,27.6810798,68842.401167876,kucoin_legacy
1787806800,2487.35,2488.38,2484.26,2484.26,39.9807278,99418.758279315996,kucoin_legacy
1787807100,2484.26,2487.29,2483.72,2486.88,55.8417792,138738.086864837009,kucoin_legacy
1787807400,2486.89,2487.47,2485.6,2485.63,8.55146,21263.468355071,kucoin_legacy
1787807700,2485.37,2485.37,2483.95,2484.84,17.8496129,44344.197387767003,kucoin_legacy
1787808000,2485,2490.07,2484.99,2490.07,17.8220263,44331.946645541997,kucoin_legacy
1787808300,2490.07,2491.31,2483.84,2485.37,81.9685278,204008.529618488014,kucoin_legacy
1787808600,2485.31,2486.34,2482.46,2483.89,82.5360329,205094.55998970801,kucoin_legacy
1787808900,2483.9,2488.19,2482,2487.51,32.3620761,80400.835339034995,kucoin_legacy
1787809200,2487.52,2490.7,2486.12,2488.02,43.6824859,108705.983855311002,kucoin_legacy
1787809500,2488.02,2494.66,2487.89,2494.66,59.623064,148490.218613200996,kucoin_legacy
1787809800,2494.66,2497.64,2493.6,2494.7,74.8155928,186732.573169307987,kucoin_legacy
1787810100,2494.68,2497.04,2493.07,2496.68,87.0922114,217259.414942255011,kucoin_legacy
1787810400,2496.61,2496.61,2492.99,2492.99,29.8148035,74364.961238998003,kucoin_legacy
1787810700,2493,2493.75,2490.81,2491.14,29.5678187,73706.976870643004,kucoin_legacy
1787811000,2491.13,2491.13,2485.34,2488.47,208.8499944,519515.39079753001,kucoin_legacy
1787811300,2488.47,2488.57,2484.59,2485.44,82.4886365,205077.879199131014,kucoin_legacy
1787811600,2485.95,2487.73,2485.04,2485.04,84.1695807,209296.634250806994,kucoin_legacy
1787811900,2485.26,2486.01,2484.48,2485.61,18.3214285,45532.032262289998,kucoin_legacy
1787812200,2485.61,2488.71,2485.61,2487.72,17.7010155,44019.861167941999,kucoin_legacy
1787812500,2487.6,2488.97,2487.24,2487.25,24.0311807,59793.396584326001,kucoin_legacy
1787812800,2487.46,2488.87,2486.87,2488.31,12.0233629,29907.766316270001,kucoin_legacy
1787813100,2488.48,2490.07,2488.48,2489.59,30.7181739,76463.537141310997,kucoin_legacy
1787813400,2489.81,2492.41,2489.81,2491.85,19.6056548,48848.449788338999,kucoin_legacy
1787813700,2491.74,2493.45,2491.55,2493.2,19.6831894,49064.504950668997,kucoin_legacy
1787814000,2493.15,2493.15,2490.99,2492.07,53.7631876,133973.525333661993,kucoin_legacy
1787814300,2492.06,2492.32,2490.84,2491.23,14.8160187,36915.454460975998,kucoin_legacy
1787814600,2491.09,2495.37,2490.94,2494.26,70.1119361,174741.999947309989,kucoin_legacy
1787814900,2494.21,2494.28,2492.92,2493.85,21.7163812,54153.970468220999,kucoin_legacy
1787815200,2493.85,2494.13,2490.93,2490.94,12.9746162,32350.712494358999,kucoin_legacy
1787815500,2490.55,2490.96,2488.88,2490.71,15.0450509,37462.580452704002,kucoin_legacy
1787815800,2490.96,2494.16,2490.55,2492.84,58.5414132,145937.550086689007,kucoin_legacy
1787816100,2492.84,2493.14,2490.76,2492.96,30.5102862,76023.337366594002,kucoin_legacy
1787816400,2492.93,2492.93,2490.77,2491.52,19.250796,47971.877980614998,kucoin_legacy
1787816700,2491.49,2492.65,2491.49,2492.47,17.1999104,42864.567093131001,kucoin_legacy
1787817000,2492.48,2496.22,2492.37,2496.18,56.5441591,141019.482010087988,kucoin_legacy
1787817300,2496.22,2498.8,2496.22,2497.02,198.0459995,494620.045626747014,kucoin_legacy
1787817600,2497.02,2518.45,2497.02,2512.92,545.5508405,1368484.329048250103,kucoin_legacy
1787817900,2513.29,2527.2,2506,2526.2,343.4340428,864469.163954386022,kucoin_legacy
1787818200,2525.61,2530.68,2517.06,2519.85,332.5292791,839411.736774893943,kucoin_legacy
1787818500,2519.76,2520.4,2514.65,2517.05,113.0698321,284558.49240037601,kucoin_legacy
1787818800,2517.5,2518.46,2512.78,2517.25,201.5827571,507085.697444550984,kucoin_legacy
1787819100,2517.47,2534.6,2517.47,2533.65,386.9835208,977602.296158491983,kucoin_legacy
1787819400,2533.62,2545.78,2533.55,2536.5,452.0092409,1147884.132378262002,kucoin_legacy
1787819700,2536.76,2536.76,2527,2530.04,198.70428192,502887.122139376821,kucoin_legacy
1787820000,2530.39,2538.79,2528.87,2536.2,259.6583216,657888.290208589984,kucoin_legacy
1787820300,2536.51,2539.92,2533.26,2535.42,192.457677,487988.181363428012,kucoin_legacy
1787820600,2534.79,2538.38,2532.79,2533.09,87.2152601,221066.720821010997,kucoin_legacy
1787820900,2533.06,2533.06,2529.01,2530.57,128.5421556,325335.310404732008,kucoin_legacy
1787821200,2530.6,2532.23,2525.76,2528.11,183.5152492,464166.041016623029,kucoin_legacy
1787821500,2528.1,2533.24,2526.18,2531.9,105.6034532,267155.156103113026,kucoin_legacy
1787821800,2531.9,2536.5,2531.9,2535.27,125.240422,317456.66252738802,kucoin_legacy
1787822100,2535.04,2537.29,2530.54,2537.29,112.764033,285676.182709071029,kucoin_legacy
1787822400,2537.3,2541.8,2536.13,2539.85,171.8272653,436248.901884800987,kucoin_legacy
1787822700,2540.12,2565.86,2540.12,2554.06,837.1108195,2138339.099516578019,kucoin_legacy
1787823000,2554.25,2555.86,2545.94,2546.7,232.1660981,592141.056999107008,kucoin_legacy
1787823300,2546.95,2547.68,2543.5,2546.16,107.98934622,274931.582853007014,kucoin_legacy
1787823600,2546.4,2548.59,2538.68,2541.53,157.312641,400053.303571288998,kucoin_legacy
1787823900,2541.53,2545.15,2541.07,2541.07,89.1871283,226800.942503761005,kucoin_legacy
1787824200,2541.02,2541.73,2536.41,2537.78,94.1698418,239095.948285738006,kucoin_legacy
1787824500,2537.51,2537.51,2532.52,2534.87,78.2871948,198403.370120159001,kucoin_legacy
1787824800,2534.64,2535.37,2530.56,2535.36,205.1433436,519609.197490494,kucoin_legacy
1787825100,2535.54,2539.78,2534.52,2539.5,115.064684,292000.901969240978,kucoin_legacy
1787825400,2539.39,2539.39,2525.85,2530.04,71.012539253838,179702.631957739271,kucoin_legacy
1787825700,2530.05,2532.17,2527.08,2528.93,136.0082956,344070.096993197978,kucoin_legacy
1787826000,2528.57,2530.62,2522.1,2523.34,76.8845564,194178.309839844005,kucoin_legacy
1787826300,2523.19,2523.19,2486.95,2511.02,921.7410837,2307642.50287001906,kucoin_legacy
1787826600,2510.97,2512.85,2504.99,2507.64,101.236818,253973.882056525006,kucoin_legacy
1787826900,2507.95,2509.49,2497.08,2499.43,184.3771591,461342.896860043984,kucoin_legacy
1787827200,2499.91,2507.67,2499.8,2505.82,68.2828776,170983.37931624701,kucoin_legacy
1787827500,2506.13,2506.8,2501.21,2502.15,123.55433,309405.507279125974,kucoin_legacy
1787827800,2501.46,2505.66,2501.38,2505.58,53.3483459,133572.704757150001,kucoin_legacy
1787828100,2505.29,2505.8,2502.16,2503.74,113.3774702,283938.799475599022,kucoin_legacy
1787828400,2503.52,2508.86,2502.01,2506.69,137.6428105,344750.255129140976,kucoin_legacy
1787828700,2507.33,2508.26,2504.71,2506.18,115.7649105,290165.232074460015,kucoin_legacy
1787829000,2505.68,2507.56,2505.68,2507.56,46.1002835,115577.643723688001,kucoin_legacy
1787829300,2507.9,2509,2504.61,2506.85,70.87922895,177671.729143146513,kucoin_legacy
1787829600,2506.85,2508.78,2505.47,2508.04,31.8954534,79961.960333237002,kucoin_legacy
1787829900,2508.04,2509.98,2499.44,2501.09,206.14066458,516133.680511423212,kucoin_legacy
1787830200,2501.22,2505.42,2498.22,2505.11,75.5049367,188845.929140215012,kucoin_legacy
1787830500,2505.12,2505.17,2499.42,2499.68,36.6913117,91772.838904318007,kucoin_legacy
1787830800,2499.47,2503.57,2498.89,2503.32,339.068202,847929.844045519014,kucoin_legacy
1787831100,2503.4,2503.4,2498.46,2498.47,240.0882748,600326.652769688051,kucoin_legacy
1787831400,2498.47,2502.42,2492.49,2502.42,214.3451635,535249.060585079016,kucoin_legacy
1787831700,2502.43,2502.43,2500.6,2501.48,56.8517534,142213.654895604996,kucoin_legacy
1787832000,2501.48,2503.36,2500.57,2501.06,43.9129127,109872.396584935006,kucoin_legacy
1787832300,2501.08,2503.09,2499.97,2501.26,59.2813759,148300.524244081986,kucoin_legacy
1787832600,2501.27,2506.27,2501.27,2505.12,154.6899419,387477.502982539998,kucoin_legacy
1787832900,2505.32,2507,2502.74,2502.87,124.9408097,313167.463870190026,kucoin_legacy
1787833200,2502.94,2505.46,2502.91,2504.56,28.1926735,70603.640777573004,kucoin_legacy
1787833500,2504.87,2507.35,2504.82,2505.81,53.7019134,134571.278443106014,kucoin_legacy
1787833800,2505.82,2506.04,2500.42,2500.42,57.0669848,142854.05684814899,kucoin_legacy
1787834100,2500.42,2500.94,2496.13,2500.65,97.4646218,243539.066602611012,kucoin_legacy
1787834400,2500.15,2500.72,2496.38,2496.38,88.0641517,220078.589620832005,kucoin_legacy
1787834700,2496.39,2499.26,2496.35,2499.26,36.6558258,91572.045197561994,kucoin_legacy
1787835000,2499.42,2499.94,2497.62,2498.35,50.7547107,126799.503930438994,kucoin_legacy
1787835300,2498.26,2498.96,2491.74,2494.81,184.962303,461708.251454822021,kucoin_legacy
1787835600,2494.82,2498.42,2494.81,2496.01,80.0150137,199804.416135645995,kucoin_legacy
1787835900,2495.82,2500.02,2494.93,2496.54,68.780521,171806.055827197997,kucoin_legacy
1787836200,2496.45,2498.74,2496.35,2497.84,18.1137081,45247.615927849998,kucoin_legacy
1787836500,2498,2501.92,2497.02,2497.36,42.2081881,105488.821071030994,kucoin_legacy
1787836800,2497.36,2502.49,2497.36,2502.15,86.4231629,216117.380185171991,kucoin_legacy
1787837100,2502.28,2506.85,2501.86,2503.1,183.9312474,460567.869999382005,kucoin_legacy
1787837400,2503.09,2503.09,2490.56,2490.56,160.6517123,400859.546166875982,kucoin_legacy
1787837700,2490.9,2495.28,2487.14,2491.87,152.9482087,380883.953267429024,kucoin_legacy
1787838000,2491.87,2494,2484.92,2490.18,108.4851736,270086.965687830991,kucoin_legacy
1787838300,2489.88,2495.71,2482.77,2487.5,231.2721775,575304.797821549,kucoin_legacy
1787838600,2487.93,2495.3,2487.93,2494.48,109.5137284,272880.275366852991,kucoin_legacy
1787838900,2493.33,2498,2491.06,2497.21,112.1595994,279844.863058075018,kucoin_legacy
1787839200,2496.8,2503.88,2494.12,2503.11,109.7288104,274329.319856118993,kucoin_legacy
1787839500,2502.48,2504.46,2492.98,2494.53,176.7288926,441685.388644084975,kucoin_legacy
1787839800,2494.52,2495.5,2489.41,2492.18,76.7101241,191173.010001491988,kucoin_legacy
1787840100,2492.75,2502.36,2490.48,2501.92,153.3926356,383187.345503239019,kucoin_legacy
1787840400,2501.87,2508.6,2500.47,2507.32,157.9921592,395834.117669385974,kucoin_legacy
1787840700,2506.79,2508.32,2504.87,2507.69,100.1464519,250993.999362617003,kucoin_legacy
1787841000,2508.26,2512.78,2504.52,2511.04,179.4752902,450082.139498444973,kucoin_legacy
1787841300,2511.05,2518.4,2511.05,2516.36,191.4153391,481595.463367347023,kucoin_legacy
1787841600,2516.37,2523.35,2515.44,2521.08,250.9471336,632211.684837064007,kucoin_legacy
1787841900,2519.61,2519.61,2511.89,2513.68,112.9666063,284151.214871898002,kucoin_legacy
1787842200,2513.94,2517.31,2511.29,2512.86,55.5867083,139752.121829142998,kucoin_legacy
1787842500,2512.11,2518.63,2511.55,2517.36,60.9459933,153274.808166919014,kucoin_legacy
1787842800,2517.57,2520.59,2513.79,2518.75,163.4389777,411508.187529053015,kucoin_legacy
1787843100,2518.39,2524.76,2517.96,2521.07,153.3133964,386590.836530375003,kucoin_legacy
1787843400,2522.04,2530.16,2520.75,2526.48,134.1278907,338749.056111090991,kucoin_legacy
1787843700,2526.55,2527.94,2519.85,2524.14,121.2234741,305940.649194883008,kucoin_legacy
1787844000,2524.63,2524.63,2516.7,2520.92,119.8648487,302142.889949651028,kucoin_legacy
1787844300,2520.95,2524.69,2518.41,2523.19,50.2070013,126641.451316674007,kucoin_legacy
1787844600,2523.43,2523.44,2515.92,2517.44,109.9154932,276852.067355716019,kucoin_legacy
1787844900,2517.09,2531.92,2516.47,2527.86,276.8872911,699079.112499876996,kucoin_legacy
1787845200,2527.55,2529.51,2522.07,2526.42,255.7657354,646291.991305915988,kucoin_legacy
1787845500,2525.92,2526.41,2519.59,2522.66,132.471949,334206.64324750501,kucoin_legacy
1787845800,2522.1,2524.12,2520.42,2522.43,94.6785978,238803.229000198015,kucoin_legacy
1787846100,2522.27,2523.47,2519.92,2521.7,124.5817299,314108.317434336001,kucoin_legacy
1787846400,2521.7,2526.88,2521.53,2525.38,120.3641454,303736.88331331301,kucoin_legacy
1787846700,2525.38,2526.28,2516.53,2519.73,151.1367124,380839.988504461013,kucoin_legacy
1787847000,2519.46,2527.05,2519.43,2523.65,79.4959955,200647.97638119699,kucoin_legacy
1787847300,2524.43,2527.92,2523.49,2526.24,43.3965336,109603.672852849995,kucoin_legacy
1787847600,2526.12,2528.13,2525.24,2526.62,117.1164255,295899.912547643005,kucoin_legacy
1787847900,2526.61,2527.3,2522,2522,81.6699014,206207.560463030008,kucoin_legacy
1787848200,2522.01,2523.48,2519.92,2521.37,39.2302225,98913.113794810997,kucoin_legacy
1787848500,2520.42,2524.29,2518.78,2524.29,43.5311593,109784.290169557004,kucoin_legacy
1787848800,2524.29,2533.02,2524.05,2531.07,93.633877,236887.184034806007,kucoin_legacy
1787849100,2530.78,2531.23,2525,2526.18,84.8536797,214574.215337586997,kucoin_legacy
1787849400,2526.44,2528.34,2524.65,2525.57,74.8002896,188979.677018833987,kucoin_legacy
1787849700,2525.32,2525.32,2520,2522.05,417.1752808,1051703.975642425939,kucoin_legacy
1787850000,2522.04,2522.3,2515.95,2520,133.0088573,335087.79685316002,kucoin_legacy
1787850300,2520.21,2525.04,2518.05,2524.13,1056.9801381,2667781.335397431161,kucoin_legacy
1787850600,2524.13,2530.68,2524.13,2528.92,163.5327426,413412.318142712989,kucoin_legacy
1787850900,2528.91,2533.7,2528.23,2531.15,216.5351653,548027.698261337006,kucoin_legacy
1787851200,2531.15,2531.15,2526.46,2528.63,173.6752141,439132.568179748021,kucoin_legacy
1787851500,2528.96,2529.15,2523.95,2523.97,79.0932402,199807.641367067001,kucoin_legacy
1787851800,2524.07,2526.38,2522.59,2522.94,33.0350807,83417.602646853004,kucoin_legacy
1787852100,2522.82,2524.51,2520.82,2522.13,62.51629785,157721.726848452992,kucoin_legacy
1787852400,2522.05,2522.57,2517.75,2518.14,66.848872,168403.977596904006,kucoin_legacy
1787852700,2518.35,2520.21,2515.62,2520.21,86.9915508,219018.952795800986,kucoin_legacy
1787853000,2520.21,2522.1,2518.78,2519.97,34.6537006,87335.861067649996,kucoin_legacy
1787853300,2519.97,2521.56,2518.11,2518.11,90.7957732,228823.205754710012,kucoin_legacy
1787853600,2518.12,2518.18,2513.54,2515.57,649.996807,1636199.846853923984,kucoin_legacy
1787853900,2515.08,2516.84,2514.24,2514.86,25.6059544,64402.669163724997,kucoin_legacy
1787854200,2514.87,2514.87,2495,2500.14,798.1708606,2001357.691161904018,kucoin_legacy
1787854500,2500.41,2503.48,2489.69,2490.94,265.2662867,662026.58736581204,kucoin_legacy
1787854800,2491.03,2497.18,2488.57,2495.21,117.3697618,292488.744346979016,kucoin_legacy
1787855100,2495.21,2497.4,2493.2,2493.47,48.8646461,121928.100852828007,kucoin_legacy
1787855400,2493.48,2496.48,2491.54,2492.78,79.2356147,197566.786404237995,kucoin_legacy
1787855700,2492.45,2498,2492.04,2497.25,69.7347118,174044.283658569009,kucoin_legacy
1787856000,2497.59,2498.22,2493.94,2497.05,64.7782437,161680.226064936985,kucoin_legacy
1787856300,2496.86,2499.72,2495.54,2498.31,69.6976958,174069.844762796012,kucoin_legacy
1787856600,2498.15,2501.85,2495.82,2500.99,49.4046247,123498.845142249003,kucoin_legacy
1787856900,2501.16,2507.22,2500.51,2506.7,30.8530004,77249.721231955002,kucoin_legacy
1787857200,2506.96,2509.31,2505.52,2508.36,37.15527019,93160.773005620693,kucoin_legacy
1787857500,2508.36,2512.24,2507.9,2509.92,23.076442,57927.036129622,kucoin_legacy
1787857800,2509.67,2511.05,2508.58,2510.32,41.0726619,103098.362063298002,kucoin_legacy
1787858100,2510.05,2512.21,2507.7,2509.73,33.514777,84081.700247932997,kucoin_legacy
1787858400,2509.88,2511.71,2508.33,2510.26,8.5726713,21519.040019635999,kucoin_legacy
1787858700,2510.07,2511.9,2509.29,2511.89,16.5578604,41571.039911521999,kucoin_legacy
1787859000,2512.08,2514.17,2509.95,2512.95,53.9400811,135506.355638526002,kucoin_legacy
1787859300,2512.92,2512.92,2507.85,2509.22,65.7392749,165013.430106774991,kucoin_legacy
1787859600,2509.22,2510.65,2508.42,2510.64,13.3428785,33477.080486938001,kucoin_legacy
1787859900,2510.65,2511.78,2505.06,2505.69,42.2635422,105987.553320720006,kucoin_legacy
1787860200,2505.96,2507.66,2503.45,2507.66,105.4498214,264243.134601985977,kucoin_legacy
1787860500,2507.77,2507.77,2497.91,2498.19,134.1815991,335664.611837672011,kucoin_legacy
1787860800,2498.48,2501.36,2496.15,2496.15,62.970273,157292.569375327002,kucoin_legacy
1787861100,2496.15,2501.11,2495.06,2499.32,54.7649758,136789.950622628006,kucoin_legacy
1787861400,2499.23,2499.23,2496.71,2496.71,36.1452664,90302.072221889001,kucoin_legacy
1787861700,2496.33,2500.61,2496.22,2500.6,43.1376413,107804.554260208999,kucoin_legacy
1787862000,2500.61,2504.59,2500.61,2503.01,48.2747683,120834.550205263993,kucoin_legacy
1787862300,2502.78,2505.45,2501.35,2503.12,65.8780327,164948.792926291004,kucoin_legacy
1787862600,2503.11,2505.07,2502.8,2504.14,51.0187687,127732.939399323994,kucoin_legacy
1787862900,2504.14,2505.43,2503.59,2505.17,17.9530634,44965.072285224,kucoin_legacy
1787863200,2505.7,2506.72,2504.67,2506.48,66.7435805,167240.554220800987,kucoin_legacy
1787863500,2506.35,2507.95,2505.19,2506,19.1152256,47919.313117933001,kucoin_legacy
1787863800,2505.99,2506.23,2501.94,2503.18,53.8809411,134855.525113706011,kucoin_legacy
1787864100,2503.19,2507.8,2503.08,2507.8,52.976839,132697.155930411012,kucoin_legacy
1787864400,2507.81,2508.72,2503.88,2505.42,62.3320186,156235.103115659003,kucoin_legacy
1787864700,2505.42,2508.24,2504.5,2506.44,28.3070403,70933.530892556999,kucoin_legacy
1787865000,2506.13,2508.93,2505.84,2506.16,56.9204084,142750.327919903008,kucoin_legacy
1787865300,2505.85,2506.21,2501.9,2501.91,39.0208045,97661.791068595005,kucoin_legacy
1787865600,2501.91,2505.4,2500.55,2503.03,41.2570917,103234.109558370998,kucoin_legacy
1787865900,2503.04,2503.49,2501.71,2502.17,5.6990686,14264.787583269999,kucoin_legacy
1787866200,2502.16,2504.91,2502.1,2503.7,20.4039807,51085.484184059998,kucoin_legacy
1787866500,2503.12,2503.18,2499.9,2499.9,19.545199,48890.111784722998,kucoin_legacy
1787866800,2499.91,2501.79,2499.58,2499.83,38.067441,95189.977502231995,kucoin_legacy
1787867100,2499.83,2502.77,2499.01,2501.98,44.2136466,110523.089467682003,kucoin_legacy
1787867400,2502.06,2502.81,2500.06,2502.43,64.8803024,162316.614925784001,kucoin_legacy
1787867700,2502.64,2505.15,2502.44,2504.27,81.6027109,204344.659733695997,kucoin_legacy
1787868000,2504.36,2511.02,2504.36,2510.74,108.6239496,272440.461760909006,kucoin_legacy
1787868300,2510.75,2513,2509.52,2509.81,264.8813434,665355.891753552947,kucoin_legacy
1787868600,2509.31,2511.02,2508.73,2509.91,29.8955262,75030.192064157003,kucoin_legacy
1787868900,2510.04,2516.9,2510.04,2514.38,128.062475,322069.452038060001,kucoin_legacy
1787869200,2514.16,2517.22,2512.54,2512.54,54.5711967,137268.417826540011,kucoin_legacy
1787869500,2512.55,2513.08,2510.13,2513.08,49.800952,125072.223417296002,kucoin_legacy
1787869800,2513.08,2514.43,2510.85,2514.35,16.8240752,42266.522411912003,kucoin_legacy
1787870100,2514.02,2514.02,2510.7,2514.01,17.8928967,44957.20757921,kucoin_legacy
1787870400,2513.92,2514.06,2511.49,2513.31,23.2253493,58366.360844515002,kucoin_legacy
1787870700,2513.31,2513.31,2511.65,2512.58,7.6454856,19212.555026489001,kucoin_legacy
1787871000,2513.23,2515.31,2512.8,2514.46,86.7624735,218161.545614130009,kucoin_legacy
1787871300,2514.32,2515.2,2514.31,2515.18,13.5135172,33985.563142977,kucoin_legacy
1787871600,2515.17,2517.19,2513.86,2514.09,92.8545693,233576.983671225986,kucoin_legacy
1787871900,2513.87,2516.01,2513.87,2513.96,21.1465389,53192.559264982003,kucoin_legacy
1787872200,2513.95,2514.4,2510.76,2510.91,85.4817924,214757.009574127995,kucoin_legacy
1787872500,2511.25,2514.75,2509.26,2513.95,50.54918,126952.799282146007,kucoin_legacy
1787872800,2513.96,2515.81,2512.39,2514.17,69.7031963,175235.891338034999,kucoin_legacy
1787873100,2514.02,2514.43,2512.99,2514.43,31.9850546,80399.769184760997,kucoin_legacy
1787873400,2514.14,2514.14,2513.08,2513.08,7.626615,19170.665080692001,kucoin_legacy
1787873700,2513.08,2513.45,2511.73,2512.86,31.7011093,79643.082290961,kucoin_legacy
1787874000,2512.86,2513.5,2511.07,2511.15,30.17472017,75813.064662607998,kucoin_legacy
1787874300,2511.06,2511.63,2509.54,2510.9,35.5039302,89140.445101038,kucoin_legacy
1787874600,2510.9,2512.82,2510.69,2511.9,34.6801288,87110.939888866007,kucoin_legacy
1787874900,2511.74,2511.74,2509.44,2510.69,47.5965736,119472.837346440007,kucoin_legacy
1787875200,2510.8,2511.45,2507.5,2507.5,65.6907949,164811.120189696987,kucoin_legacy
1787875500,2507.51,2508.43,2506.22,2507.66,57.9979777,145407.236505820008,kucoin_legacy
1787875800,2507.66,2509.22,2507.17,2508.37,14.5944551,36609.855315239001,kucoin_legacy
1787876100,2508.38,2514,2508.38,2513.11,31.3397971,78720.403403481003,kucoin_legacy
1787876400,2512.88,2513.49,2509.72,2509.72,73.6366193,184986.790966547007,kucoin_legacy
1787876700,2509.04,2513.35,2508.14,2513.27,75.6900095,190015.164800619998,kucoin_legacy
1787877000,2513.15,2516.5,2510.09,2516.49,145.2770952,365231.260193686001,kucoin_legacy
1787877300,2516.47,2518.88,2513.83,2518.76,85.9732486,216329.440278444992,kucoin_legacy
1787877600,2518.64,2518.64,2514.88,2515.11,38.2052307,96126.489384954999,kucoin_legacy
1787877900,2514.96,2515.74,2513.54,2514.74,10.7503614,27030.204455859999,kucoin_legacy
1787878200,2514.65,2515.1,2513,2513.48,65.4899317,164619.151685896999,kucoin_legacy
1787878500,2513.48,2519.66,2513.17,2515.74,82.214068,206883.025559698988,kucoin_legacy
1787878800,2516.01,2521.94,2516.01,2521.14,84.4243382,212690.830581074988,kucoin_legacy
1787879100,2520.33,2520.43,2517.3,2520.17,41.6783168,104997.940990597999,kucoin_legacy
1787879400,2520.17,2525.31,2520.17,2522,86.0777779,217184.026509635005,kucoin_legacy
1787879700,2521.56,2529.34,2520.4,2526.92,75.6541059,191045.79578195099,kucoin_legacy
1787880000,2526.92,2529.03,2525.68,2527.3,43.5074062,109960.688021234993,kucoin_legacy
1787880300,2527.65,2529.45,2525.7,2528.68,44.5106421,112508.770995942003,kucoin_legacy
1787880600,2528.69,2534.49,2525.85,2526.83,171.5312213,434183.220901742985,kucoin_legacy
1787880900,2526.93,2528.05,2518.07,2520.16,81.8307427,206393.265913626994,kucoin_legacy
1787881200,2521.17,2522.34,2519.01,2519.11,71.2823311,179624.192940367997,kucoin_legacy
1787881500,2518.85,2519.9,2514.84,2515.46,78.2537171,196956.218768341991,kucoin_legacy
1787881800,2515.82,2517.34,2511.27,2515.84,61.6366711,154968.550599037,kucoin_legacy
1787882100,2515.84,2516.28,2507.9,2512.73,283.2147426,711241.715889518033,kucoin_legacy
1787882400,2512.4,2512.47,2508.08,2510.67,132.9270624,333677.395863551996,kucoin_legacy
1787882700,2510.67,2511.12,2507.53,2510.02,71.5602865,179544.575192056014,kucoin_legacy
1787883000,2510.01,2510.87,2503.16,2503.16,133.7059253,335111.000340157014,kucoin_legacy
1787883300,2503.14,2504.94,2499.16,2500.53,196.3945148,491091.397320404008,kucoin_legacy
1787883600,2500.53,2500.67,2491.4,2497.11,185.2334428,462419.419358127983,kucoin_legacy
1787883900,2496.99,2498.76,2494.73,2494.96,133.7239505,333958.697325528017,kucoin_legacy
1787884200,2494.44,2497,2490.61,2497,327.6612561,817143.132434398984,kucoin_legacy
1787884500,2497.53,2499.91,2497.37,2498.64,120.0298337,299948.296703994973,kucoin_legacy
1787884800,2498.94,2499.04,2495.55,2496.08,60.65651635,151436.304493460513,kucoin_legacy
1787885100,2496.64,2496.64,2488.36,2491.34,189.323073,471840.548628591001,kucoin_legacy
1787885400,2491.33,2492.65,2486.3,2492.65,122.0442075,303751.669866134005,kucoin_legacy
1787885700,2492.47,2494.47,2489.52,2492.25,127.0546059,316580.935830640025,kucoin_legacy
1787886000,2492.14,2492.49,2488.9,2491,63.3724671,157871.691166083998,kucoin_legacy
1787886300,2491,2492.92,2486.66,2486.66,113.6955242,282965.982440008025,kucoin_legacy
1787886600,2486.67,2492.58,2486.41,2490.94,20.7498511,51648.138931164001,kucoin_legacy
1787886900,2490.55,2492.87,2490.11,2492.87,48.0300822,119699.143590533,kucoin_legacy
1787887200,2492.92,2495.52,2492.79,2495.44,25.259832,63003.523679667,kucoin_legacy
1787887500,2495.47,2495.47,2492.75,2492.76,13.5038946,33679.951291099002,kucoin_legacy
1787887800,2492.76,2495.05,2491.98,2492.32,32.6999907,81516.945901058003,kucoin_legacy
1787888100,2492.32,2492.63,2489.77,2490.3,78.1050238,194563.385823665012,kucoin_legacy
1787888400,2490.99,2491.62,2489.2,2489.46,62.1416104,154778.071804693987,kucoin_legacy
1787888700,2489.23,2492.54,2489.21,2492.1,30.2152951,75244.231281368004,kucoin_legacy
1787889000,2492.46,2492.85,2490.31,2491.87,27.0947033,67501.662545814994,kucoin_legacy
1787889300,2491.74,2491.74,2489.09,2489.89,68.9456319,171658.818587360991,kucoin_legacy
1787889600,2489.52,2491.21,2487.74,2487.74,66.2149115,164863.990764518996,kucoin_legacy
1787889900,2487.74,2489.44,2477.38,2481.6,335.3108294,832775.576492286986,kucoin_legacy
1787890200,2481.6,2491.99,2481.16,2491.99,56.4587254,140376.661248796998,kucoin_legacy
1787890500,2491.99,2495.91,2491.99,2493.61,37.8891159,94490.950526102999,kucoin_legacy
1787890800,2493.34,2495.34,2487.77,2490.02,147.9699527,368749.596801927022,kucoin_legacy
1787891100,2490.41,2490.94,2490.12,2490.55,11.9350477,29722.887624419,kucoin_legacy
1787891400,2490.55,2490.98,2485.72,2486.19,8.4685417,21063.930910891999,kucoin_legacy
1787891700,2486.19,2486.36,2483.65,2484.65,83.9144525,208563.469290885987,kucoin_legacy
1787892000,2484.83,2488.15,2484.83,2486.38,35.7867015,88990.930484451994,kucoin_legacy
1787892300,2486.81,2487.9,2485.12,2485.8,12.6740752,31517.198923888001,kucoin_legacy
1787892600,2486.02,2488.59,2486.02,2486.76,32.173387,80032.784967115993,kucoin_legacy
1787892900,2486.75,2487.21,2485.14,2486.38,27.1737946,67551.832853387998,kucoin_legacy
1787893200,2486.37,2488.44,2483.94,2487.93,38.418427,95520.209794894996,kucoin_legacy
1787893500,2487.83,2487.83,2482.36,2483.44,70.7255159,175669.060250726005,kucoin_legacy
1787893800,2483.52,2485.6,2483.2,2485.6,19.8596532,49329.637281449999,kucoin_legacy
1787894100,2486.01,2486.12,2484.05,2484.05,28.8737506,71754.567091464996,kucoin_legacy
1787894400,2484.05,2485.06,2483.28,2485.06,16.6286671,41307.615940096999,kucoin_legacy
1787894700,2485.24,2491.37,2485.24,2490.34,145.8194973,362752.694854583009,kucoin_legacy
1787895000,2490.1,2494.5,2490.1,2492.76,71.5555223,178326.430348625989,kucoin_legacy
1787895300,2492.76,2494.98,2492.69,2494.39,31.132516,77646.927772053998,kucoin_legacy
1787895600,2494.38,2495.57,2493.52,2495.43,41.2887965,102979.321411192999,kucoin_legacy
1787895900,2495.28,2497.8,2495.02,2496.24,37.364639,93271.429899548995,kucoin_legacy
1787896200,2496.28,2497.42,2495.18,2496.28,42.7403131,106697.216507007994,kucoin_legacy
1787896500,2496.24,2496.28,2492.18,2493.62,40.761102,101703.698402498994,kucoin_legacy
1787896800,2493.63,2498.79,2493.63,2498.53,19.8718568,49630.081820836,kucoin_legacy
1787897100,2498.49,2502.63,2497.95,2500.09,133.1502862,332926.778594629024,kucoin_legacy
1787897400,2500.48,2503.7,2500.26,2503.62,79.785844,199620.16149917501,kucoin_legacy
1787897700,2503.47,2503.47,2501.34,2502.25,15.3374564,38376.926081051002,kucoin_legacy
1787898000,2502.13,2502.99,2501.02,2502.7,33.5652596,83981.582605627002,kucoin_legacy
1787898300,2502.39,2502.39,2501.04,2501.05,5.2797634,13210.282206706999,kucoin_legacy
1787898600,2501.04,2502.53,2500.01,2502.01,64.5727277,161504.673177668999,kucoin_legacy
1787898900,2502.01,2502.63,2500.57,2501.27,35.8194922,89619.284005936002,kucoin_legacy
1787899200,2501.27,2501.3,2499.24,2501.3,46.5684413,116432.977509702003,kucoin_legacy
1787899500,2501.3,2504.72,2500.98,2504.72,12.1988636,30545.738774025998,kucoin_legacy
1787899800,2504.73,2505.15,2503.8,2503.8,67.3771813,168761.960021031002,kucoin_legacy
1787900100,2503.8,2504.42,2502.89,2502.9,26.3181874,65887.669158296005,kucoin_legacy
1787900400,2502.9,2503.31,2499.89,2499.89,3.8092897,9530.731616281,kucoin_legacy
1787900700,2499.67,2499.67,2494.38,2495.33,120.821064,301622.682293661986,kucoin_legacy
1787901000,2495.33,2497.06,2495.33,2496.24,60.6755475,151448.574470438994,kucoin_legacy
1787901300,2496.59,2497.72,2496.24,2496.56,19.3250622,48257.086794301002,kucoin_legacy
1787901600,2496.43,2497.02,2495,2495.47,50.6700214,126470.990338770993,kucoin_legacy
1787901900,2495.73,2498.94,2495.73,2498.57,13.3420416,33328.251099098001,kucoin_legacy
1787902200,2498.7,2498.94,2496.59,2496.77,25.7273772,64264.954138547,kucoin_legacy
1787902500,2496.77,2497.07,2495.79,2496.27,27.1146161,67691.184411024005,kucoin_legacy
1787902800,2496.27,2497,2494.92,2494.92,111.9608262,279499.358603048022,kucoin_legacy
1787903100,2494.92,2496.66,2494.92,2496.39,20.8202126,51964.013968710999,kucoin_legacy
1787903400,2496.39,2496.4,2494.92,2494.92,59.5014946,148509.321728976007,kucoin_legacy
1787903700,2494.92,2495.94,2494.92,2495.9,75.3327048,187998.047292122006,kucoin_legacy
1787904000,2496,2503.92,2496,2499.76,117.356388,293403.328761427023,kucoin_legacy
1787904300,2499.75,2499.75,2497.74,2499.29,42.2552562,105569.785460839004,kucoin_legacy
1787904600,2499.29,2499.76,2497.18,2497.18,13.2942017,33218.154432244999,kucoin_legacy
1787904900,2497.03,2501.96,2497.03,2501.09,23.7040771,59263.333247864997,kucoin_legacy
1787905200,2501.08,2501.08,2499.05,2499.3,18.8734703,47182.888308449998,kucoin_legacy
1787905500,2499.29,2499.29,2498.17,2498.17,16.6980616,41720.14722169,kucoin_legacy
1787905800,2497.97,2498.25,2496.97,2497.67,34.21632287,85467.8917666161,kucoin_legacy
1787906100,2498.2,2498.2,2495.39,2495.39,41.2946605,103103.350564819993,kucoin_legacy
1787906400,2495.31,2496.33,2494.64,2494.64,29.7180175,74149.037458143997,kucoin_legacy
1787906700,2494.64,2495.28,2487.84,2488,167.0395895,416051.368316999986,kucoin_legacy
1787907000,2487.99,2490.92,2487.17,2490.81,18.2333499,45383.462784604002,kucoin_legacy
1787907300,2490.46,2490.46,2486.71,2488.14,53.7638901,133805.269511157006,kucoin_legacy
1787907600,2488.15,2488.58,2483.62,2486.54,135.248382,336243.294892414007,kucoin_legacy
1787907900,2486.89,2493.16,2486.89,2490.49,125.0048202,311215.209584556986,kucoin_legacy
1787908200,2490.5,2492.77,2489.31,2489.7,89.1929195,222162.625861443987,kucoin_legacy
1787908500,2489.65,2492.37,2489.65,2492.16,28.5081284,70997.602724347002,kucoin_legacy
1787908800,2491.98,2492.33,2491.08,2492.33,33.0619981,82381.443366648004,kucoin_legacy
1787909100,2492.74,2493.01,2490.75,2491.5,23.0079179,57327.844698868998,kucoin_legacy
1787909400,2491.5,2492.14,2490.01,2491.03,8.0120663,19958.592980635,kucoin_legacy
1787909700,2491.03,2492.58,2490.2,2492.57,46.6987945,116361.532779014,kucoin_legacy
1787910000,2492.57,2492.93,2488.33,2488.77,34.0629638,84842.708927871994,kucoin_legacy
1787910300,2488.78,2490.76,2488.29,2488.66,36.1437221,89951.417716394993,kucoin_legacy
1787910600,2488.49,2491.44,2488.49,2491.23,19.0098554,47329.637104515998,kucoin_legacy
1787910900,2491.22,2491.22,2489.21,2489.56,37.960197,94515.167836712004,kucoin_legacy
1787911200,2489.85,2490.07,2483.33,2484.3,67.2653781,167334.024395223008,kucoin_legacy
1787911500,2484.23,2485.94,2481.82,2482.6,62.78051,155928.801111261011,kucoin_legacy
1787911800,2482.88,2489.09,2482.88,2487.28,55.1506507,137146.236539211997,kucoin_legacy
1787912100,2487.58,2487.88,2485.41,2486.32,43.0299237,106964.651053864,kucoin_legacy
1787912400,2486.32,2486.62,2484.37,2484.52,47.2523881,117443.419074349003,kucoin_legacy
1787912700,2484.51,2489.17,2484.47,2488.98,37.67896038,93691.2964601516,kucoin_legacy
1787913000,2489.02,2494.67,2488.98,2494.23,158.5436982,395052.688616635976,kucoin_legacy
1787913300,2494.21,2494.98,2492.5,2494.69,38.9540278,97130.932587142001,kucoin_legacy
1787913600,2494.7,2494.82,2494.22,2494.22,3.7408039,9332.357087738001,kucoin_legacy
1787913900,2494.17,2497.09,2493.97,2496.32,44.6253905,111391.359766609006,kucoin_legacy
1787914200,2496.32,2499.99,2495.98,2499.61,100.5147463,251095.418779350002,kucoin_legacy
1787914500,2499.61,2509.17,2499.26,2506.34,213.4385189,534287.954327253043,kucoin_legacy
1787914800,2506.6,2511.85,2505.73,2509.79,140.8437874,353475.350197745021,kucoin_legacy
1787915100,2509.13,2510.05,2507.45,2509.78,106.5583171,267355.921644681017,kucoin_legacy
1787915400,2509.78,2509.89,2508.32,2509.42,91.4256525,229389.964688753011,kucoin_legacy
1787915700,2509.42,2510.31,2508.02,2509.86,65.8559432,165263.567386515002,kucoin_legacy
1787916000,2509.5,2509.56,2506.75,2508.82,95.5425393,239617.865424087009,kucoin_legacy
1787916300,2509.17,2509.17,2504.34,2505.36,48.0417022,120390.329519503997,kucoin_legacy
1787916600,2505.36,2507.98,2504.6,2506.35,65.8112825,164964.424629794987,kucoin_legacy
1787916900,2506.35,2506.35,2502.2,2502.4,64.662256019787,161919.021811697807,kucoin_legacy
1787917200,2502.53,2505.21,2502.53,2505.2,50.1845434,125634.324251868005,kucoin_legacy
1787917500,2505.21,2506.48,2505.21,2505.77,9.6925352,24288.887964925001,kucoin_legacy
1787917800,2505.77,2505.77,2503.02,2504.8,12.0532933,30180.936162718001,kucoin_legacy
1787918100,2504.76,2505.29,2503.96,2505.28,2.6531424,6645.444554042,kucoin_legacy
1787918400,2505.28,2505.71,2503.74,2504.69,17.009233,42598.573439533997,kucoin_legacy
1787918700,2504.69,2506.42,2502.7,2502.7,23.94219,59967.539357260997,kucoin_legacy
1787919000,2502.7,2502.78,2500.1,2501.28,53.8540285,134679.422785772011,kucoin_legacy
1787919300,2501.49,2507.97,2501.49,2503.31,57.5000799,144051.096061324002,kucoin_legacy
1787919600,2503.3,2505.28,2501.66,2502.81,34.1360932,85464.669471785994,kucoin_legacy
1787919900,2502.82,2503.19,2500.59,2501.24,59.785261,149574.360086167988,kucoin_legacy
1787920200,2500.95,2500.95,2498.34,2498.98,71.3165599,178255.18026682199,kucoin_legacy
1787920500,2498.99,2499.7,2496.26,2496.59,48.8247842,121933.450438924003,kucoin_legacy
1787920800,2496.51,2498.84,2495.09,2498.73,180.395207,450412.937603946018,kucoin_legacy
1787921100,2498.73,2499,2496.55,2497.24,76.3643383,190744.89842031899,kucoin_legacy
1787921400,2497.29,2498.29,2496.94,2497.87,9.8285239,24545.257841989001,kucoin_legacy
1787921700,2498.02,2499.02,2497.61,2499.02,13.7973832,34470.485150941997,kucoin_legacy
1787922000,2499.01,2503.3,2497.65,2503.3,79.7221271,199324.939717570989,kucoin_legacy
1787922300,2503.19,2503.91,2497.25,2498.22,110.6528504,276741.65042664198,kucoin_legacy
1787922600,2498.22,2500.07,2497.99,2500.07,25.319471824723,63270.547485603623,kucoin_legacy
1787922900,2500.07,2500.07,2496.86,2499.84,62.5088558,156159.503310683009,kucoin_legacy
1787923200,2499.83,2499.83,2496.91,2497.5,13.5599068,33874.837360445999,kucoin_legacy
1787923500,2497.7,2501.01,2495.38,2498.44,116.3615822,290685.694202193001,kucoin_legacy
1787923800,2498.4,2503.29,2498.4,2502.67,80.4851236,201320.918402965006,kucoin_legacy
1787924100,2503,2504.88,2498.37,2498.37,162.0519695,405572.819128510018,kucoin_legacy
1787924400,2498.37,2500.37,2496.11,2497.46,113.5715983,283691.449666747998,kucoin_legacy
1787924700,2497.34,2505.76,2496,2502.39,125.4296723,313801.356125221006,kucoin_legacy
1787925000,2502.43,2514.78,2502.43,2512.78,112.4794426,282277.504233198008,kucoin_legacy
1787925300,2512.55,2518.93,2509.39,2509.73,163.4261221,410839.917055053986,kucoin_legacy
1787925600,2509.66,2525.1,2490.47,2491.09,746.3997912,1871751.599282864016,kucoin_legacy
1787925900,2490.8,2495.45,2480.78,2487.65,424.3728052,1055924.379728910979,kucoin_legacy
1787926200,2487.33,2489.71,2469.29,2477.56,663.71664498,1644721.920263796812,kucoin_legacy
1787926500,2478.04,2486.99,2472.2,2486.49,403.3996036,1001182.837282008957,kucoin_legacy
1787926800,2486.11,2493.58,2482.2,2487.14,427.2885041,1063141.212783901952,kucoin_legacy
1787927100,2487.39,2493.52,2481.87,2491.83,292.9379952,729020.868715772987,kucoin_legacy
1787927400,2491.83,2504.34,2486.55,2504.34,233.0613132,581931.016470888047,kucoin_legacy
1787927700,2504.34,2525.96,2503.05,2512.48,520.50612822,1308063.438756052172,kucoin_legacy
1787928000,2512.8,2518,2506.18,2509.68,210.0026875,527241.102046506014,kucoin_legacy
1787928300,2510.54,2511.74,2500.37,2501.73,125.2382613,313803.020820654987,kucoin_legacy
1787928600,2501.97,2511.27,2501.52,2511.27,99.9188352,250410.415443667007,kucoin_legacy
1787928900,2511.28,2515.45,2510.56,2513.01,63.0771066,158540.379414428986,kucoin_legacy
1787929200,2513.18,2519.23,2506.35,2509.66,119.4177444,300149.944795872027,kucoin_legacy
1787929500,2509.41,2509.71,2503.5,2504.01,121.6806306,305147.244179604982,kucoin_legacy
1787929800,2503.77,2507.59,2502.4,2504.08,235.3167046,589264.972008888959,kucoin_legacy
1787930100,2503.83,2511,2503.41,2507.84,139.8657962,350585.329209764022,kucoin_legacy
1787930400,2507.64,2510.27,2502.9,2508.17,109.9456128,275609.499353613995,kucoin_legacy
1787930700,2508.16,2512.59,2503.93,2507.2,123.4246746,309378.753880207019,kucoin_legacy
1787931000,2507.49,2508.32,2501.83,2504.73,69.7394218,174652.738333146001,kucoin_legacy
1787931300,2503.82,2507.12,2501.84,2504.43,102.1722049,255949.532278549013,kucoin_legacy
1787931600,2504.24,2504.34,2488,2488.82,216.1469059,538860.676731465966,kucoin_legacy
1787931900,2489.41,2495.56,2486.82,2487.56,103.618341,258066.146450272994,kucoin_legacy
1787932200,2486.92,2487.92,2477,2480.49,295.5610418,733287.503157960018,kucoin_legacy
1787932500,2480.69,2481.7,2470.18,2471.67,272.9076622,675674.534871018957,kucoin_legacy
1787932800,2471.38,2474.01,2446.26,2456.2,754.4457651,1853163.555577389896,kucoin_legacy
1787933100,2456.65,2464.46,2456.65,2458.59,192.4691867,473522.469569046982,kucoin_legacy
1787933400,2457.3,2458.35,2444.93,2445.11,307.7187068,754094.900982555002,kucoin_legacy
1787933700,2445.1,2448.16,2438.14,2443.56,342.0830426,835259.16665280005,kucoin_legacy
1787934000,2443.55,2450.51,2415.89,2419.92,982.1469377,2389813.638829728123,kucoin_legacy
1787934300,2419.92,2435.63,2406.54,2430.81,1160.4511209,2808058.159120046999,kucoin_legacy
1787934600,2430.81,2450,2429.55,2432.46,828.4670652,2022757.177817231044,kucoin_legacy
1787934900,2432.28,2446.96,2432.28,2441.44,396.1728944,966839.152341298992,kucoin_legacy
1787935200,2441.38,2443.29,2437.09,2437.09,150.3464183,366963.852941140009,kucoin_legacy
1787935500,2437.15,2444.7,2437.15,2442.9,253.7362963,619423.012938161031,kucoin_legacy
1787935800,2443.25,2443.88,2437.22,2441.06,142.6433179,348163.707072942983,kucoin_legacy
1787936100,2440.89,2445.78,2440.89,2442.94,104.1157088,254423.610204328987,kucoin_legacy
1787936400,2442.32,2443.57,2437.73,2439.42,135.1266819,329739.072005039023,kucoin_legacy
1787936700,2439.13,2443.81,2437.5,2440.16,94.4762063,230459.455563374999,kucoin_legacy
1787937000,2440.16,2445.91,2438.66,2445.91,92.6796712,226450.749848806008,kucoin_legacy
1787937300,2445.94,2448.42,2443.52,2447.39,52.7205051,128971.651385314995,kucoin_legacy
1787937600,2447.15,2448.2,2442.45,2442.81,63.5939736,155521.376757418009,kucoin_legacy
1787937900,2442.82,2445.18,2438.55,2443.03,65.9951563,161086.382198620995,kucoin_legacy
1787938200,2442.95,2445.8,2440.08,2442.41,64.1052951,156602.179364576994,kucoin_legacy
1787938500,2442.95,2443.01,2437.78,2439.36,75.0631405,183143.080062928988,kucoin_legacy
1787938800,2439.21,2440.68,2438.02,2438.96,42.7527695,104280.820856420003,kucoin_legacy
1787939100,2438.96,2446.54,2438.96,2446.17,182.0279063,444625.301713022985,kucoin_legacy
1787939400,2446.02,2446.45,2442.94,2443.2,58.5641192,143187.962585611007,kucoin_legacy
1787939700,2443.01,2445.26,2442.26,2443.63,53.5918048,130981.537010678003,kucoin_legacy
1787940000,2443.64,2444.9,2441.24,2441.77,99.0819897,242055.471848065004,kucoin_legacy
1787940300,2441.2,2442.84,2439.14,2441.19,49.4104322,120605.102761704999,kucoin_legacy
1787940600,2441.6,2441.61,2438.09,2438.34,57.1124509,139352.004362470994,kucoin_legacy
1787940900,2438.33,2439.9,2432.49,2434.52,121.1015185,294975.955887520977,kucoin_legacy
1787941200,2434.52,2435.32,2430.12,2430.81,223.7296794,544180.447069950053,kucoin_legacy
1787941500,2431.16,2434.54,2430.72,2431.71,43.9287335,106846.978423601002,kucoin_legacy
1787941800,2431.48,2433.01,2428.88,2431.66,103.1373006,250733.723943244986,kucoin_legacy
1787942100,2431.66,2431.71,2419.84,2423.47,320.5292364,777072.022512270953,kucoin_legacy
1787942400,2424.13,2427.04,2422.93,2423.11,97.9035969,237374.572174027999,kucoin_legacy
1787942700,2424.38,2424.82,2418.4,2418.67,149.2880796,361422.443666547013,kucoin_legacy
1787943000,2418.67,2426.96,2418.61,2426.96,150.7382297,365369.258521967975,kucoin_legacy
1787943300,2427.11,2428.87,2424.34,2428.32,44.0518617,106885.020296714007,kucoin_legacy
1787943600,2428.99,2432.83,2428.99,2429.83,50.2863202,122247.058058409006,kucoin_legacy
1787943900,2430.14,2436.88,2429.89,2436.37,93.6811654,228097.820003205998,kucoin_legacy
1787944200,2436.68,2437.65,2435.04,2436.13,29.5094953,71899.535714886995,kucoin_legacy
1787944500,2435.88,2435.88,2434.1,2435.1,20.2915364,49408.867632218004,kucoin_legacy
1787944800,2435.11,2442,2435.11,2438.4,142.0136933,346503.348764915019,kucoin_legacy
1787945100,2438.4,2440.7,2438.4,2438.75,26.2377782,64018.630144848998,kucoin_legacy
1787945400,2438.75,2438.75,2436.03,2437.16,12.8384559,31291.577823062002,kucoin_legacy
1787945700,2437.16,2439.01,2436.82,2438.47,27.782624208593,67729.465379744055,kucoin_legacy
1787946000,2438.47,2439.04,2436.33,2436.33,14.6195142,35638.404662194,kucoin_legacy
1787946300,2436.34,2437.06,2432.6,2433.63,63.6028421,154823.96998800899,kucoin_legacy
1787946600,2433.63,2434.13,2430.95,2431.08,53.9176989,131195.792612535006,kucoin_legacy
1787946900,2431.08,2436.89,2431.08,2435.48,68.0685504,165743.254484711011,kucoin_legacy
1787947200,2435.63,2436.29,2430.92,2431.72,112.3098139,273424.652687221009,kucoin_legacy
1787947500,2432.21,2435.63,2431.11,2435.35,126.9464795,308887.520644781995,kucoin_legacy
1787947800,2435.57,2436.01,2434.18,2435.83,101.3033695,246699.580697511992,kucoin_legacy
1787948100,2435.83,2435.83,2431.53,2431.53,11.2201027,27312.477523678001,kucoin_legacy
1787948400,2431.3,2433.95,2430.82,2433.73,11.7073767,28484.559325703001,kucoin_legacy
1787948700,2433.51,2433.51,2432.39,2432.39,7.9745909,19400.339440856998,kucoin_legacy
1787949000,2432.38,2432.38,2424.75,2425.15,64.9661357,157762.242017757992,kucoin_legacy
1787949300,2425.28,2428.13,2424.37,2427.71,25.4480906,61738.258755173003,kucoin_legacy
1787949600,2427.22,2429.01,2427.22,2427.95,56.8288518,137980.709707206988,kucoin_legacy
1787949900,2427.5,2431.08,2427.5,2429.77,61.4161216,149207.191105389007,kucoin_legacy
1787950200,2429.77,2429.77,2426.39,2428.17,19.1832897,46577.767577216997,kucoin_legacy
1787950500,2428.08,2428.08,2427.19,2427.68,35.8059629,86916.307295980994,kucoin_legacy
1787950800,2427.68,2428.43,2425.68,2426.43,22.4418598,54460.245060645997,kucoin_legacy
1787951100,2426.43,2429.67,2426.43,2426.64,30.6414819,74397.586666350995,kucoin_legacy
1787951400,2426.64,2428.32,2426.29,2428.2,30.5643502,74191.015201168004,kucoin_legacy
1787951700,2428.19,2428.59,2426.79,2426.88,11.3217891,27488.944866726,kucoin_legacy
1787952000,2426.89,2427.35,2424.34,2427.33,22.3745672,54292.123103024998,kucoin_legacy
1787952300,2427.34,2430.03,2427.34,2427.88,49.1289189,119327.120728441994,kucoin_legacy
1787952600,2428.45,2432.29,2428.15,2431.61,46.2581664,112459.841805157004,kucoin_legacy
1787952900,2431.6,2431.79,2430.09,2431.04,15.6753459,38108.155842469998,kucoin_legacy
1787953200,2431.05,2431.5,2426.87,2428.64,45.8649027,111398.527039773006,kucoin_legacy
1787953500,2428.64,2428.64,2425.18,2425.43,23.4120989,56802.997435448997,kucoin_legacy
1787953800,2425.25,2426.43,2423,2424.94,46.5451551,112845.588213716997,kucoin_legacy
1787954100,2424.73,2425.4,2422.52,2424.62,22.717822,55062.686234416004,kucoin_legacy
1787954400,2425.16,2425.57,2422.66,2423.68,34.2990095,83144.887711453994,kucoin_legacy
1787954700,2423.68,2427.7,2423.68,2427.31,45.7345833,110948.000988296,kucoin_legacy
1787955000,2427.23,2429.9,2426.83,2429.9,19.1493151,46506.813717249002,kucoin_legacy
1787955300,2430.09,2430.09,2426.9,2428.69,35.4005943,85989.470804398006,kucoin_legacy
1787955600,2428.7,2429.94,2427.67,2429.94,26.702637,64854.259261917003,kucoin_legacy
1787955900,2429.95,2436.62,2429.95,2434.46,146.5653131,356722.396971462993,kucoin_legacy
1787956200,2434.46,2435.51,2433.97,2434.9,19.0094176,46287.336877349997,kucoin_legacy
1787956500,2434.74,2439.13,2434.57,2438.58,41.07273808,100147.051444521407,kucoin_legacy
1787956800,2438.58,2440.28,2437.04,2440.05,53.0036588,129277.558082502001,kucoin_legacy
1787957100,2440.05,2441.83,2440.05,2441.3,62.0313747,151447.338865016005,kucoin_legacy
1787957400,2441.31,2445.76,2440.07,2444.29,151.0198561,368890.332806119986,kucoin_legacy
1787957700,2444.29,2444.29,2441.32,2442.26,17.4333843,42579.479094301998,kucoin_legacy
1787958000,2442.26,2442.26,2439.06,2439.27,32.1911411,78562.803859647,kucoin_legacy
1787958300,2439.27,2440.3,2438.96,2440.3,14.1571879,34535.518447413997,kucoin_legacy
1787958600,2440.19,2442.06,2439.65,2441.84,24.9235296,60818.557457875999,kucoin_legacy
1787958900,2441.84,2441.84,2438.82,2438.82,28.7576589,70202.148137876007,kucoin_legacy
1787959200,2438.93,2439.06,2436.81,2438.74,27.1207433,66114.188723497995,kucoin_legacy
1787959500,2438.61,2438.91,2437.78,2437.9,20.762358,50631.029466036998,kucoin_legacy
1787959800,2438.06,2438.67,2437.89,2438.66,6.023831,14688.183224871,kucoin_legacy
1787960100,2438.66,2439.37,2438.24,2438.53,29.0283373,70794.600962165001,kucoin_legacy
1787960400,2438.53,2439.43,2438.51,2439.43,17.9192055,43701.572002957997,kucoin_legacy
1787960700,2439.43,2439.43,2437.5,2437.5,24.946539,60818.672116269998,kucoin_legacy
1787961000,2437.52,2442.49,2437.52,2442.26,42.638512,104082.279322421004,kucoin_legacy
1787961300,2442.25,2442.81,2442.2,2442.81,16.6812795,40742.655364559003,kucoin_legacy
1787961600,2442.82,2444.27,2442.75,2443.95,121.1317755,295960.338275194983,kucoin_legacy
1787961900,2443.95,2445.43,2443,2444.59,59.94929002,146550.048880909802,kucoin_legacy
1787962200,2444.59,2444.59,2442.12,2442.12,11.9993243,29319.438695948,kucoin_legacy
1787962500,2442.13,2444.59,2442.13,2444.59,42.4608202,103747.377972802002,kucoin_legacy
1787962800,2444.59,2447.18,2444.58,2446.07,97.5251899,238466.35866643599,kucoin_legacy
1787963100,2446.07,2447.86,2445.62,2445.73,66.1954829,161969.191050652997,kucoin_legacy
1787963400,2445.72,2445.73,2442.6,2443.3,45.5024431,111209.949438227995,kucoin_legacy
1787963700,2443.31,2444.68,2443.3,2443.84,5.6406084,13786.557917186999,kucoin_legacy
1787964000,2443.84,2444.58,2443.77,2444.39,6.9944671,17095.437646656999,kucoin_legacy
1787964300,2444.39,2444.48,2442.14,2442.65,41.9547045,102500.747202977,kucoin_legacy
1787964600,2442.26,2443.31,2441.18,2443.31,10.42894296,25461.928015720001,kucoin_legacy
1787964900,2443.62,2445.03,2442.53,2442.54,13.5795443,33182.743769565001,kucoin_legacy
1787965200,2442.54,2442.87,2441.6,2442.38,14.7501846,36024.483192901003,kucoin_legacy
1787965500,2442.32,2442.32,2441.36,2441.46,1.884768,4602.61907461,kucoin_legacy
1787965800,2441.47,2441.48,2439.32,2439.97,20.541344,50125.828643562003,kucoin_legacy
1787966100,2439.96,2442.03,2439.96,2441.89,4.7660241,11631.292565293001,kucoin_legacy
1787966400,2441.76,2442.99,2441.48,2442.98,12.5023342,30532.371425533998,kucoin_legacy
1787966700,2442.98,2444.03,2442.98,2444.03,15.4377885,37719.894440912001,kucoin_legacy
1787967000,2444.03,2444.52,2443.73,2444.14,12.9797903,31723.189964484001,kucoin_legacy
1787967300,2444.14,2444.15,2442.26,2443.38,8.0983732,19786.018418713,kucoin_legacy
1787967600,2443.33,2445.13,2443.33,2444.57,25.4622475,62251.039555067,kucoin_legacy
1787967900,2444.57,2444.58,2442.09,2444.26,21.0298706,51375.237611621,kucoin_legacy
1787968200,2444.36,2445.99,2443.68,2444.26,27.5717867,67406.027582643001,kucoin_legacy
1787968500,2444.26,2444.26,2442.58,2443.83,12.5392772,30632.726551168998,kucoin_legacy
1787968800,2443.84,2445,2442.55,2443.07,3.7458274,9154.145693943001,kucoin_legacy
1787969100,2443.06,2444.08,2442.24,2443.49,14.1288106,34507.565588013997,kucoin_legacy
1787969400,2443.49,2443.49,2441.86,2441.86,26.1572987,63907.437696881003,kucoin_legacy
1787969700,2441.86,2442.02,2439.42,2439.42,27.7400214,67698.243706167006,kucoin_legacy
1787970000,2439.31,2439.36,2437.49,2437.62,28.1056833,68541.839813193001,kucoin_legacy
1787970300,2437.62,2438.32,2437.11,2438.32,10.7451299,26192.704589206998,kucoin_legacy
1787970600,2438.41,2439.36,2435.46,2436.49,35.0804384,85503.917346133996,kucoin_legacy
1787970900,2436.49,2439.82,2436.12,2439.82,27.7705906,67705.269824905001,kucoin_legacy
1787971200,2439.82,2439.82,2438.15,2438.16,4.9256459,12012.400331368999,kucoin_legacy
1787971500,2438.41,2438.5,2437.63,2438.39,16.8735593,41144.097043107002,kucoin_legacy
1787971800,2438.38,2440.18,2438.26,2440.18,2.4226899,5907.934106218,kucoin_legacy
1787972100,2440.18,2440.19,2438.75,2438.87,8.7650915,21383.797242097,kucoin_legacy
1787972400,2438.88,2439.79,2438.87,2439.05,9.5615795,23326.734638931001,kucoin_legacy
1787972700,2439.01,2439.6,2438.88,2439.38,4.4935747,10960.10315597,kucoin_legacy
1787973000,2439.38,2440.05,2439.06,2439.07,4.2712381,10418.192640845,kucoin_legacy
1787973300,2439.11,2439.12,2437.36,2438.53,4.7839204,11664.48699637,kucoin_legacy
1787973600,2438.9,2441.54,2438.9,2439.95,28.4926369,69548.812829527,kucoin_legacy
1787973900,2440.09,2441.17,2439.72,2440.48,11.6498124,28428.974067742001,kucoin_legacy
1787974200,2440.68,2441.08,2439.02,2439.02,11.1901102,27308.908104668,kucoin_legacy
1787974500,2439.02,2439.11,2437.52,2438.4,14.0229018,34183.771939956001,kucoin_legacy
1787974800,2438.4,2439.92,2437.93,2438.41,12.4770657,30439.076861669,kucoin_legacy
1787975100,2438.28,2438.29,2436.9,2437.34,13.7187581,33441.717966226002,kucoin_legacy
1787975400,2437.34,2437.34,2434.73,2435.65,48.3375206,117769.327697736997,kucoin_legacy
1787975700,2435.65,2435.65,2435.15,2435.15,5.6444489,13746.350729248999,kucoin_legacy
1787976000,2435.15,2436.61,2434.72,2436.49,7.1805836,17485.83491795,kucoin_legacy
1787976300,2436.48,2437.23,2436.22,2436.52,30.0167608,73143.214072482006,kucoin_legacy
1787976600,2436.52,2437.56,2436.52,2436.79,6.1930683,15093.22469291,kucoin_legacy
1787976900,2436.78,2436.97,2436.55,2436.79,10.067878,24532.775916423001,kucoin_legacy
1787977200,2436.79,2438.21,2436.79,2438.12,18.4160203,44891.988168447999,kucoin_legacy
1787977500,2438.12,2438.19,2437.84,2437.88,19.6496705,47906.712947193002,kucoin_legacy
1787977800,2438.04,2438.73,2438.04,2438.36,45.3294225,110532.522809538001,kucoin_legacy
1787978100,2438.36,2439.36,2437.74,2439.36,19.6719601,47966.960975593,kucoin_legacy
1787978400,2439.36,2439.36,2438.51,2438.52,5.6066454,13673.197986061999,kucoin_legacy
1787978700,2438.53,2439.46,2438.29,2439.31,6.7918534,16562.332730622002,kucoin_legacy
1787979000,2439.32,2440.18,2438.76,2440.18,16.3304698,39845.734064748001,kucoin_legacy
1787979300,2440.18,2440.97,2439.14,2440.6,18.8587357,46017.226157546997,kucoin_legacy
1787979600,2440.61,2441.24,2439.29,2440.57,8.3239724,20312.029235783,kucoin_legacy
1787979900,2440.51,2441.72,2440.24,2441.09,11.7758178,28744.448685871001,kucoin_legacy
1787980200,2441.08,2442.29,2440.65,2441.6,1.6540814,4037.813056891,kucoin_legacy
1787980500,2441.58,2441.58,2440.41,2440.94,7.911651,19316.055052664,kucoin_legacy
1787980800,2440.55,2440.74,2439.32,2440.73,33.715154,82267.697089898997,kucoin_legacy
1787981100,2440.73,2440.95,2439.71,2439.71,10.1301244,24725.388045711999,kucoin_legacy
1787981400,2439.72,2439.81,2438.97,2438.97,1.9962248,4869.960563391,kucoin_legacy
1787981700,2438.97,2441.09,2438.93,2441.05,20.737413,50593.063330630997,kucoin_legacy
1787982000,2441.06,2441.52,2440.14,2440.95,12.5583635,30656.208877614001,kucoin_legacy
1787982300,2440.94,2441.25,2440.51,2440.51,6.8783311,16789.505576944,kucoin_legacy
1787982600,2440.51,2440.51,2438.61,2438.62,5.0564649,12332.338114648001,kucoin_legacy
1787982900,2438.61,2438.69,2438.16,2438.68,6.8861627,16790.801670395998,kucoin_legacy
1787983200,2438.69,2439.19,2436.45,2437.52,24.4723692,59660.850610927002,kucoin_legacy
1787983500,2437.51,2437.99,2436.23,2437.26,11.5509587,28148.875062005001,kucoin_legacy
1787983800,2437.25,2437.25,2430.95,2432.19,134.1484024,326443.805628717993,kucoin_legacy
1787984100,2432,2433.95,2431.79,2433,35.3995016,86120.390330070004,kucoin_legacy
1787984400,2432.86,2433.01,2430.79,2431.86,43.6075876,106032.679266236999,kucoin_legacy
1787984700,2431.86,2432.15,2430.77,2431.62,10.1578652,24698.059671691,kucoin_legacy
1787985000,2431.63,2433.28,2431.62,2433.28,14.5164092,35306.633826341,kucoin_legacy
1787985300,2433.41,2433.42,2432.85,2432.85,5.6005782,13627.668339492,kucoin_legacy
1787985600,2432.86,2434.81,2432.86,2434.37,49.4062137,120239.743874549997,kucoin_legacy
1787985900,2434.26,2435.41,2434.26,2434.85,67.876074,165257.788964034,kucoin_legacy
1787986200,2434.84,2435.57,2434.14,2434.15,51.7270482,125947.766400264998,kucoin_legacy
1787986500,2434.15,2435.12,2434.14,2435.11,35.2766321,85889.041095470006,kucoin_legacy
1787986800,2435.12,2436.31,2435.08,2436.31,31.3998783,76473.387033648003,kucoin_legacy
1787987100,2436.46,2437.54,2434.45,2434.45,21.567458,52548.158864035002,kucoin_legacy
1787987400,2434.46,2434.9,2434.45,2434.69,0.9021122,2196.351025826,kucoin_legacy
1787987700,2434.56,2436.48,2434.24,2436.03,15.7609296,38376.782852951997,kucoin_legacy
1787988000,2436.07,2436.67,2435.77,2436.15,21.3794553,52083.570737098999,kucoin_legacy
1787988300,2436.14,2436.14,2435.59,2435.59,3.5196686,8572.869686190001,kucoin_legacy
1787988600,2435.39,2436.05,2434.85,2435.87,33.3166546,81142.955083580004,kucoin_legacy
1787988900,2435.86,2437.93,2435.65,2437.93,13.8268966,33684.077554399999,kucoin_legacy
1787989200,2437.92,2437.92,2435.34,2436.55,30.3301388,73894.789416607993,kucoin_legacy
1787989500,2436.6,2438.02,2436.12,2436.51,133.944347,326412.326565555006,kucoin_legacy
1787989800,2436.46,2437.01,2436.03,2436.03,130.1712944,317205.353246568004,kucoin_legacy
1787990100,2436.07,2436.84,2436.06,2436.64,18.2963094,44576.529797388997,kucoin_legacy
1787990400,2436.64,2436.64,2431.53,2432.57,38.1821739,92915.731585711997,kucoin_legacy
1787990700,2432.58,2433.9,2432,2433.16,117.9466431,286898.461289787025,kucoin_legacy
1787991000,2433.16,2434.13,2432.29,2433.38,39.0131221,94916.556207461006,kucoin_legacy
1787991300,2433.34,2433.83,2432.52,2433.83,17.3006869,42101.449661726998,kucoin_legacy
1787991600,2433.83,2434.98,2433.21,2434.97,14.6392726,35640.931536477001,kucoin_legacy
1787991900,2434.96,2435.6,2434.96,2435.56,13.8026706,33610.683290294,kucoin_legacy
1787992200,2435.57,2435.57,2432.97,2433.81,32.1681576,78296.068174714004,kucoin_legacy
1787992500,2433.94,2433.94,2433.37,2433.51,1.9708887,4796.626571474,kucoin_legacy
1787992800,2433.5,2434.38,2432.63,2433.04,15.4250267,37538.180733394998,kucoin_legacy
1787993100,2433.04,2434.24,2431.79,2432.06,30.9716439,75331.457634482998,kucoin_legacy
1787993400,2432.06,2432.64,2431.37,2431.37,2.9994807,7294.943555646,kucoin_legacy
1787993700,2431.24,2433.96,2431.24,2433.96,13.553252,32967.353432705,kucoin_legacy
1787994000,2434.07,2435.25,2433.56,2435.25,17.007267,41402.116073520003,kucoin_legacy
1787994300,2435.54,2436.35,2433.47,2434.47,22.5712602,54973.620329826001,kucoin_legacy
1787994600,2434.48,2435.58,2434.17,2435.47,26.5215142,64566.991461791004,kucoin_legacy
1787994900,2435.46,2436.01,2435.44,2435.82,11.5969129,28245.655599408001,kucoin_legacy
1787995200,2435.62,2435.62,2434.91,2434.91,6.1099423,14877.423414614999,kucoin_legacy
1787995500,2434.91,2434.92,2433.98,2433.99,7.6187172,18544.391030227001,kucoin_legacy
1787995800,2433.98,2435.48,2433.98,2435.48,0.97577,2375.365833676,kucoin_legacy
1787996100,2435.47,2436.95,2435.47,2436.95,5.8484174,14245.824862011001,kucoin_legacy
1787996400,2436.86,2437.19,2436.33,2436.33,40.6703411,99095.928507046003,kucoin_legacy
1787996700,2435.71,2435.71,2435.23,2435.24,0.7967984,1940.577994254,kucoin_legacy
1787997000,2435.64,2436.4,2435.29,2435.92,26.8747913,65471.632923163997,kucoin_legacy
1787997300,2435.93,2436.28,2435.44,2435.44,7.8695779,19170.732495018001,kucoin_legacy
1787997600,2435.44,2435.44,2433.44,2433.45,11.1407793,27123.786585681999,kucoin_legacy
1787997900,2433.44,2433.45,2431.64,2432.86,25.3164945,61577.158508526998,kucoin_legacy
1787998200,2432.86,2434,2432.84,2433.99,36.9880352,90017.761414057997,kucoin_legacy
1787998500,2434,2437.65,2433.99,2437.15,32.1084869,78196.929095201005,kucoin_legacy
1787998800,2437.15,2437.99,2435.98,2436.99,45.6384013,111222.976252437002,kucoin_legacy
1787999100,2437,2437,2436.51,2436.54,19.5267356,47579.636825034002,kucoin_legacy
1787999400,2436.54,2436.54,2436.26,2436.29,6.3770761,15536.636900125,kucoin_legacy
1787999700,2436.29,2436.71,2435.97,2435.97,4.33020084,10549.4469125376,kucoin_legacy
1788000000,2435.97,2435.97,2435.3,2435.31,2.1975382,5352.031825323,kucoin_legacy
1788000300,2435.31,2436.37,2435.31,2436.36,9.0372654,22011.135111987998,kucoin_legacy
1788000600,2436.37,2436.37,2435.62,2435.94,5.612939,13674.083064771001,kucoin_legacy
1788000900,2435.95,2435.98,2434.77,2434.77,13.5663321,33038.934822363,kucoin_legacy
1788001200,2434.77,2434.77,2433.56,2434.53,4.3547478,10600.737965941,kucoin_legacy
1788001500,2434.53,2435.1,2434.3,2434.56,1.8584134,4524.46778759,kucoin_legacy
1788001800,2434.56,2438.24,2434.55,2438.24,14.6126379,35617.624396263003,kucoin_legacy
1788002100,2438.04,2438.5,2437.5,2437.6,2.3343601,5691.16232071,kucoin_legacy
1788002400,2437.61,2437.73,2437.13,2437.13,6.6873195,16300.078247998999,kucoin_legacy
1788002700,2437.33,2437.53,2437.33,2437.53,7.7836149,18972.543169836001,kucoin_legacy
1788003000,2437.53,2437.55,2437.3,2437.36,4.0200288,9798.737743015001,kucoin_legacy
1788003300,2437.36,2437.4,2436.17,2437.3,9.4756266,23090.188463809001,kucoin_legacy
1788003600,2437.3,2437.54,2436.12,2436.12,19.9382973,48590.521312935001,kucoin_legacy
1788003900,2436.12,2436.61,2436.12,2436.6,16.1569494,39365.252932953998,kucoin_legacy
1788004200,2436.61,2436.86,2436.13,2436.13,2.6061402,6349.931038857,kucoin_legacy
1788004500,2436.14,2436.14,2435.31,2436.01,11.3083572,27545.810641855998,kucoin_legacy
1788004800,2436.01,2436.44,2435.81,2436.43,15.0605693,36685.628607441002,kucoin_legacy
1788005100,2436.43,2436.49,2435.77,2435.77,4.3775924,10665.082092340999,kucoin_legacy
1788005400,2435.77,2436.25,2435.27,2436.25,8.1507648,19850.687048375999,kucoin_legacy
1788005700,2436.49,2438.74,2436.49,2438.26,22.1421114,53977.940408249,kucoin_legacy
1788006000,2438.26,2438.95,2433.94,2434.26,31.5335951,76837.86655875,kucoin_legacy
1788006300,2434.27,2435.51,2433.96,2435.51,6.679659,16263.94979864,kucoin_legacy
1788006600,2435.65,2435.89,2434.21,2434.22,112.3895358,273683.938005721022,kucoin_legacy
1788006900,2434.21,2435.05,2434.21,2435.05,0.495888,1207.410844536,kucoin_legacy
1788007200,2435.05,2435.05,2434.72,2434.72,4.7844812,11649.209435528001,kucoin_legacy
1788007500,2434.72,2434.86,2434.37,2434.86,25.7000488,62570.071524425999,kucoin_legacy
1788007800,2434.99,2434.99,2433.27,2433.63,7.2062097,17537.821877006001,kucoin_legacy
1788008100,2433.64,2434.1,2433.64,2434.1,4.515417,10990.448225365,kucoin_legacy
1788008400,2434.1,2435.29,2434.01,2434.01,47.5702813,115813.573956528999,kucoin_legacy
1788008700,2434.02,2434.61,2433.83,2433.86,18.0246362,43876.825735603001,kucoin_legacy
1788009000,2433.86,2434.37,2433.31,2434.1,65.6628928,159798.206925568986,kucoin_legacy
1788009300,2434.09,2435.68,2432.41,2432.41,48.8605606,118944.470313350001,kucoin_legacy
1788009600,2432.41,2434.6,2432.4,2434.6,4.5413463,11053.059693726,kucoin_legacy
1788009900,2434.59,2435.15,2433.42,2434.4,55.5582264,135256.142041748011,kucoin_legacy
1788010200,2434.34,2434.35,2433.52,2433.66,10.7854479,26252.404694755001,kucoin_legacy
1788010500,2433.67,2435.94,2433.67,2434.07,20.3991742,49668.662685759999,kucoin_legacy
1788010800,2434.08,2434.4,2434.07,2434.39,2.7047512,6584.253459474,kucoin_legacy
1788011100,2434.4,2435.99,2434.3,2435.75,19.1662631,46672.711164089997,kucoin_legacy
1788011400,2435.76,2436.37,2435.75,2436.37,8.2966793,20210.662751787,kucoin_legacy
1788011700,2436.36,2436.54,2435.69,2435.7,3.1742111,7733.637225492,kucoin_legacy
1788012000,2435.7,2436.21,2435.18,2435.42,23.25491225,56645.94023557,kucoin_legacy
1788012300,2435.43,2436.75,2435.43,2436.49,38.7235998,94345.982378208006,kucoin_legacy
1788012600,2436.21,2436.54,2435.15,2436.11,7.8065731,19017.058987568002,kucoin_legacy
1788012900,2436.1,2436.9,2435.5,2435.5,19.396461,47252.947270121003,kucoin_legacy
1788013200,2435.37,2437.08,2435.37,2437.08,18.2370276,44430.833313247,kucoin_legacy
1788013500,2437.13,2437.13,2435.83,2435.96,5.8425781,14236.144316414,kucoin_legacy
1788013800,2435.96,2436.84,2435.96,2436.19,7.6695487,18686.039084706001,kucoin_legacy
1788014100,2436.19,2437.34,2436.19,2437.32,15.3340024,37366.199890746,kucoin_legacy
1788014400,2437.65,2448.52,2437.65,2444.9,274.5305974,670982.871808746946,kucoin_legacy
1788014700,2444.99,2452.43,2444.99,2448.02,111.0007535,271771.558998660999,kucoin_legacy
1788015000,2447.48,2448.64,2446.48,2447.03,33.5040345,81983.254415292002,kucoin_legacy
1788015300,2447.02,2449.7,2447.02,2448.29,27.8271886,68139.736199905994,kucoin_legacy
1788015600,2448.3,2449.22,2441.21,2443.93,100.1955914,244897.834175886994,kucoin_legacy
1788015900,2443.93,2444.44,2441.81,2443.64,27.4978387,67179.258410936993,kucoin_legacy
1788016200,2443.64,2445.11,2443.64,2444.6,17.8671874,43673.810111357001,kucoin_legacy
1788016500,2444.61,2445.6,2441.22,2444.17,40.5556691,99097.446388765995,kucoin_legacy
1788016800,2444.17,2446.62,2444.17,2446.04,42.0833485,102891.202588455999,kucoin_legacy
1788017100,2446.05,2446.05,2444.64,2444.73,24.3149905,59449.904556201,kucoin_legacy
1788017400,2444.73,2444.73,2442.17,2443.12,27.3735938,66876.540944834007,kucoin_legacy
1788017700,2443.12,2444.35,2443.12,2444.35,26.214048,64065.512744681997,kucoin_legacy
1788018000,2444.4,2445.85,2443.71,2443.72,9.3367963,22833.238565332002,kucoin_legacy
1788018300,2443.71,2446.4,2443.57,2446.21,28.8107438,70448.530065977,kucoin_legacy
1788018600,2446.39,2446.39,2444.2,2444.39,22.1816929,54245.438508879997,kucoin_legacy
1788018900,2444.38,2444.69,2442.68,2444.69,48.9225756,119558.754589024,kucoin_legacy
1788019200,2444.7,2446.39,2444.39,2445.36,24.5234196,59979.132567230998,kucoin_legacy
1788019500,2445.35,2447.25,2444.83,2447.25,41.1083488,100553.410230224006,kucoin_legacy
1788019800,2447.25,2448.26,2446.88,2448.15,43.9356137,107548.716076308003,kucoin_legacy
1788020100,2448.26,2456.26,2448.26,2450.4,254.1567485,623402.245903837029,kucoin_legacy
1788020400,2450.4,2451.69,2447.61,2448.5,24.6188601,60324.854764356998,kucoin_legacy
1788020700,2448.69,2448.69,2445.83,2447.9,21.2987594,52123.387615815998,kucoin_legacy
1788021000,2447.89,2450.67,2445.91,2448.67,31.9140532,78130.997293146997,kucoin_legacy
1788021300,2448.67,2449.74,2447.31,2449.23,10.8251959,26509.797261543001,kucoin_legacy
1788021600,2449.32,2451.5,2449.32,2450.53,94.06407118,230479.852974456007,kucoin_legacy
1788021900,2450.53,2452.51,2449.92,2452.51,16.9012217,41415.991878824003,kucoin_legacy
1788022200,2452.51,2454.56,2451.15,2451.15,147.4634269,361709.967750412005,kucoin_legacy
1788022500,2450.9,2451.7,2450.06,2450.73,24.7408421,60631.895237272998,kucoin_legacy
1788022800,2450.74,2453.92,2450.74,2453.45,56.1140107,137595.580401757994,kucoin_legacy
1788023100,2453.44,2453.73,2451.22,2451.92,17.8723689,43838.887538009003,kucoin_legacy
1788023400,2451.92,2453.78,2451.92,2452.65,8.9703881,22005.206141514002,kucoin_legacy
1788023700,2453.17,2455.28,2451.78,2452.47,60.5161341,148462.471507759008,kucoin_legacy
1788024000,2452.46,2452.46,2449.62,2451.13,7.6995177,18867.941853367,kucoin_legacy
1788024300,2451.13,2451.14,2448.4,2448.45,12.6000123,30869.485346517002,kucoin_legacy
1788024600,2448.45,2449.71,2446.66,2446.66,27.3329572,66931.870309577003,kucoin_legacy
1788024900,2446.67,2449.49,2445.57,2448.34,110.4846167,270371.157436239009,kucoin_legacy
1788025200,2448.35,2450.06,2448.35,2449.56,25.4139048,62254.597250366998,kucoin_legacy
1788025500,2449.48,2450.49,2449.48,2450.04,6.4258667,15743.150551082001,kucoin_legacy
1788025800,2450.33,2450.49,2448.08,2448.42,40.2049511,98477.828226275,kucoin_legacy
1788026100,2448.41,2450.43,2447.8,2450.43,5.9862662,14657.001260806001,kucoin_legacy
1788026400,2450.43,2451.91,2448.51,2448.52,25.0481509,61389.032484322001,kucoin_legacy
1788026700,2448.52,2449.33,2448.5,2448.5,2.3371255,5723.881788207,kucoin_legacy
1788027000,2448.45,2448.51,2448,2448.16,3.9944442,9779.401164387,kucoin_legacy
1788027300,2448.15,2448.46,2446.47,2446.63,13.811891,33797.141045488002,kucoin_legacy
1788027600,2446.64,2449.18,2446.06,2448.62,31.887012,78057.586034002001,kucoin_legacy
1788027900,2448.62,2448.62,2447.3,2447.3,2.3214327,5682.631910703,kucoin_legacy
1788028200,2446.91,2448.02,2445.63,2447.71,45.0380842,110188.120399841006,kucoin_legacy
1788028500,2447.72,2453.02,2447.71,2452.09,140.0798348,343409.965340759023,kucoin_legacy
1788028800,2452.09,2454.58,2451.82,2453.03,99.5247493,244157.150307754986,kucoin_legacy
1788029100,2453.04,2455.57,2452.64,2454.99,6.0935971,14952.584286723,kucoin_legacy
1788029400,2454.74,2455.18,2453.91,2454.12,11.5837978,28431.193906887998,kucoin_legacy
1788029700,2453.94,2453.94,2452.09,2452.16,12.021312,29483.399444688999,kucoin_legacy
1788030000,2452.54,2454.02,2452.54,2453.93,8.3768141,20550.265257827999,kucoin_legacy
1788030300,2453.7,2454.59,2452.91,2453.92,3.9847819,9777.948435458,kucoin_legacy
1788030600,2453.92,2456.8,2453.82,2456.8,7.3347524,18014.438878401001,kucoin_legacy
1788030900,2456.81,2458.55,2455.84,2457.53,75.8678293,186454.098402389995,kucoin_legacy
1788031200,2457.52,2458.63,2457.18,2458.56,64.9512175,159628.160067252989,kucoin_legacy
1788031500,2458.6,2458.6,2456.95,2457.43,7.7502842,19047.976238306001,kucoin_legacy
1788031800,2457.43,2458.61,2455.83,2455.83,8.9407692,21971.196136736999,kucoin_legacy
1788032100,2455.84,2458.5,2454.28,2454.84,94.7007773,232613.472816633002,kucoin_legacy
1788032400,2454.85,2456.88,2454.35,2455.78,19.8603739,48765.767308588001,kucoin_legacy
1788032700,2455.78,2455.79,2455.06,2455.07,11.7102233,28751.776022696002,kucoin_legacy
1788033000,2455.07,2455.07,2453.2,2453.2,8.2742948,20304.295675993999,kucoin_legacy
1788033300,2453.19,2453.47,2451.44,2453.46,13.88651115,34055.308378192502,kucoin_legacy
1788033600,2453.47,2454.94,2452.34,2453.81,27.5062968,67498.092824747,kucoin_legacy
1788033900,2453.89,2456.04,2453.88,2455.88,6.7443,16552.982093621999,kucoin_legacy
1788034200,2455.89,2456.58,2455.31,2456.3,13.344552,32771.941222041001,kucoin_legacy
1788034500,2456.3,2458.25,2455.81,2457.65,32.6788119,80288.979112939007,kucoin_legacy
1788034800,2457.65,2457.8,2454.66,2454.66,23.6331015,58062.097058865002,kucoin_legacy
1788035100,2454.67,2454.67,2453.24,2453.24,45.4181665,111448.552051692997,kucoin_legacy
1788035400,2453.13,2453.13,2451.58,2452.28,18.0874547,44359.789929086997,kucoin_legacy
1788035700,2452.28,2453.84,2452.04,2452.85,16.119586,39535.860331650001,kucoin_legacy
1788036000,2452.84,2453.48,2452.74,2453.12,56.1754279,137805.721462152986,kucoin_legacy
1788036300,2453.16,2453.24,2452.43,2453.22,21.9378684,53809.407141436997,kucoin_legacy
1788036600,2453.25,2453.65,2452.83,2453.15,35.8991326,88065.108809822006,kucoin_legacy
1788036900,2453.14,2453.24,2452.86,2452.87,1.7810588,4368.787939768,kucoin_legacy
1788037200,2452.87,2452.87,2448.87,2449.81,27.996903,68604.183897006995,kucoin_legacy
1788037500,2449.81,2453.75,2449.81,2452.29,26.9348603,66024.965344555007,kucoin_legacy
1788037800,2452.3,2453.66,2452.01,2452.2,20.6737684,50711.831931808003,kucoin_legacy
1788038100,2451.65,2452.62,2451.58,2452.61,5.6216851,13785.295664084,kucoin_legacy
1788038400,2452.56,2452.56,2451.76,2451.77,4.6079718,11299.213279898,kucoin_legacy
1788038700,2451.76,2451.76,2450.14,2450.14,13.0380734,31958.416339693998,kucoin_legacy
1788039000,2450.14,2450.93,2450.14,2450.54,16.0400849,39304.546471911999,kucoin_legacy
1788039300,2450.54,2450.79,2450.08,2450.78,18.2509173,44722.285920879003,kucoin_legacy
1788039600,2450.78,2451.29,2450.09,2451.26,22.8225645,55939.053741639,kucoin_legacy
1788039900,2451.24,2452.28,2450.77,2451.48,32.7709117,80340.019669112997,kucoin_legacy
1788040200,2451.48,2452.7,2451.47,2452.5,6.3053235,15462.747821306,kucoin_legacy
1788040500,2452.5,2452.5,2450.9,2451.38,7.6267521,18695.613342543002,kucoin_legacy
1788040800,2451.38,2451.96,2450.52,2451.55,17.9267424,43941.259682511998,kucoin_legacy
1788041100,2451.41,2452.9,2450.81,2452.9,16.7795022,41143.219636289003,kucoin_legacy
1788041400,2452.96,2453.26,2450.66,2451.15,30.8888786,75758.684579989,kucoin_legacy
1788041700,2451,2451.4,2449.45,2449.48,30.952429,75845.782325955995,kucoin_legacy
1788042000,2449.57,2450,2449.51,2450,3.542704,8678.849672828999,kucoin_legacy
1788042300,2449.99,2450.96,2449.55,2450.95,25.7115729,62995.326220158,kucoin_legacy
1788042600,2450.93,2451.47,2450.93,2451.16,2.6603749,6520.958516673,kucoin_legacy
1788042900,2451.15,2451.24,2451.02,2451.24,5.6755214,13911.596561295,kucoin_legacy
1788043200,2451.24,2451.33,2451.23,2451.33,0.9173367,2248.610400182,kucoin_legacy
1788043500,2451.34,2452.34,2451.34,2452.08,25.049212,61417.650707743,kucoin_legacy
1788043800,2452.07,2452.59,2451.99,2452.59,20.7144905,50793.131990233996,kucoin_legacy
1788044100,2452.68,2453.26,2452.57,2452.68,37.1800876,91190.110117211996,kucoin_legacy
1788044400,2452.68,2455.46,2452.67,2454.47,35.2593544,86521.976140429993,kucoin_legacy
1788044700,2453.85,2455.87,2453.84,2454.67,23.6872405,58165.647336709997,kucoin_legacy
1788045000,2454.58,2455.99,2454.57,2455.54,39.135367,96087.906548216997,kucoin_legacy
1788045300,2455.54,2456.12,2455.19,2455.36,6.7017392,16458.229110044002,kucoin_legacy
1788045600,2455.36,2455.36,2452.88,2453,15.0917573,37030.760051908001,kucoin_legacy
1788045900,2453,2455.26,2452.83,2455.16,23.2350967,57012.880044186,kucoin_legacy
1788046200,2455.16,2455.38,2453.65,2453.65,40.8586648,100287.055751217995,kucoin_legacy
1788046500,2453.64,2456.37,2453.63,2456.37,18.4979059,45411.59186773,kucoin_legacy
1788046800,2456.43,2457.36,2456.43,2456.49,18.6328552,45780.594214147997,kucoin_legacy
1788047100,2456.49,2459.51,2456.42,2459.51,43.3113539,106448.546387292998,kucoin_legacy
1788047400,2459.39,2459.63,2457.77,2457.98,27.7074319,68126.459678343002,kucoin_legacy
1788047700,2458.13,2458.15,2457.25,2457.42,21.6439175,53197.719918971001,kucoin_legacy
1788048000,2457.44,2457.44,2456.14,2456.14,116.7129049,286767.897139617009,kucoin_legacy
1788048300,2456.24,2456.46,2455.7,2455.76,9.8306445,24143.657065345,kucoin_legacy
1788048600,2455.7,2456.04,2454.4,2456.04,22.964959,56392.081130168997,kucoin_legacy
1788048900,2456.24,2467.69,2456.24,2463.86,234.89335251,578753.427642786643,kucoin_legacy
1788049200,2463.89,2463.89,2461.11,2461.42,40.7657601,100358.292771287001,kucoin_legacy
1788049500,2461.41,2462.27,2461.2,2462.27,28.0240723,68984.153757006003,kucoin_legacy
1788049800,2462.79,2462.79,2460.15,2460.3,59.6629156,146822.412982734997,kucoin_legacy
1788050100,2460.31,2464.98,2460.31,2462.07,62.5322815,153961.31765141699,kucoin_legacy
1788050400,2462.06,2463.86,2460.42,2461.19,43.9603382,108223.810253682997,kucoin_legacy
1788050700,2460.99,2462.9,2460.62,2462.9,19.2848255,47472.162530526999,kucoin_legacy
1788051000,2462.89,2463.44,2460.47,2461.08,26.17493,64458.896829484002,kucoin_legacy
1788051300,2461.09,2461.09,2458.72,2459.15,12.2841714,30218.964246725001,kucoin_legacy
1788051600,2458.85,2460.4,2457.67,2460.38,17.7599894,43673.357348418001,kucoin_legacy
1788051900,2460.39,2460.39,2457.24,2457.46,15.1328389,37216.308104078002,kucoin_legacy
1788052200,2457.67,2457.94,2456.32,2456.4,17.627883,43304.592910544998,kucoin_legacy
1788052500,2456.43,2456.58,2453.21,2455.93,38.2075854,93776.093195698006,kucoin_legacy
1788052800,2455.93,2456.62,2455.42,2455.42,11.4074856,28020.141865206999,kucoin_legacy
1788053100,2455.41,2455.42,2453.01,2454.04,27.2087432,66761.668640167001,kucoin_legacy
1788053400,2454.05,2455.53,2453.43,2455.23,20.7798357,50997.576425915002,kucoin_legacy
1788053700,2455.23,2458.07,2455.23,2457.13,38.7150537,95098.128212605006,kucoin_legacy
1788054000,2456.94,2456.94,2455.85,2455.98,2.8491954,6998.176917229,kucoin_legacy
1788054300,2456.11,2458.91,2456.11,2458.9,47.1481662,115884.651987510006,kucoin_legacy
1788054600,2458.9,2459.26,2456.28,2456.42,55.5317947,136522.532315588993,kucoin_legacy
1788054900,2456.43,2456.51,2455.2,2456.43,21.4376369,52646.232533435999,kucoin_legacy
1788055200,2456.43,2457.65,2455.21,2457.65,24.5794068,60370.508501265998,kucoin_legacy
1788055500,2458.03,2458.53,2455.95,2456.75,11.9572487,29388.179472512998,kucoin_legacy
1788055800,2456.98,2458.37,2456.45,2458.15,4.5345496,11143.688350115999,kucoin_legacy
1788056100,2458.15,2458.49,2456.88,2457.42,1.6788229,4126.465285713,kucoin_legacy
1788056400,2457.42,2457.84,2455.19,2455.19,75.0351333,184364.392186064011,kucoin_legacy
1788056700,2455.19,2456.57,2453.65,2455.4,32.8809565,80722.648902585002,kucoin_legacy
1788057000,2455.41,2455.89,2453.68,2455.01,57.419387,140938.005158762011,kucoin_legacy
1788057300,2455,2456.06,2454.09,2456.06,26.9973568,66283.185982822994,kucoin_legacy
1788057600,2456.05,2457.76,2455.59,2455.77,14.4541743,35514.897624931,kucoin_legacy
1788057900,2455.77,2455.89,2454.84,2455.7,48.1032982,118106.418787051007,kucoin_legacy
1788058200,2455.9,2458.88,2455.9,2457.86,49.96338,122799.669473671005,kucoin_legacy
1788058500,2457.87,2457.87,2454.79,2454.92,27.3821494,67271.496512283993,kucoin_legacy
1788058800,2454.93,2455.92,2454.15,2454.54,11.0287276,27073.260599802001,kucoin_legacy
1788059100,2455.15,2455.32,2454.26,2455.32,5.4215953,13309.422573255,kucoin_legacy
1788059400,2455.33,2455.87,2455.33,2455.85,3.7884702,9303.494842431999,kucoin_legacy
1788059700,2455.4,2456.77,2455.4,2456.4,3.3859582,8314.807755684,kucoin_legacy
1788060000,2456.4,2456.99,2455.06,2456.99,36.0262567,88482.891712209996,kucoin_legacy
1788060300,2456.99,2458.82,2456.93,2458.82,18.9283647,46522.742631023997,kucoin_legacy
1788060600,2459.14,2460.44,2458.1,2460.2,31.9190584,78512.352570239003,kucoin_legacy
1788060900,2460.12,2460.12,2458.57,2458.79,1.8171248,4468.34493423,kucoin_legacy
1788061200,2458.8,2460.37,2458.38,2458.39,27.6602375,68020.893970425997,kucoin_legacy
1788061500,2458.39,2458.39,2457.75,2457.98,26.6002117,65380.773157338001,kucoin_legacy
1788061800,2457.98,2457.99,2457.22,2457.23,0.6787421,1667.880890099,kucoin_legacy
1788062100,2457.22,2457.59,2457,2457.1,4.0603606,9976.844529725,kucoin_legacy
1788062400,2457.1,2458.44,2457.07,2458.44,10.1201562,24869.186919264001,kucoin_legacy
1788062700,2458.44,2458.69,2456.51,2456.98,5.8957114,14492.503030095,kucoin_legacy
1788063000,2456.99,2457.13,2456.89,2457.1,0.7234081,1777.381387369,kucoin_legacy
1788063300,2457.09,2458.65,2457.09,2457.17,12.8394897,31553.272848565,kucoin_legacy
1788063600,2457.17,2457.18,2454.74,2455.05,49.575002,121751.516291516993,kucoin_legacy
1788063900,2455.49,2456.52,2455.49,2455.85,17.0637234,41905.586331067003,kucoin_legacy
1788064200,2455.84,2455.84,2454.52,2454.65,6.6269754,16268.82644026,kucoin_legacy
1788064500,2454.65,2456.04,2453.22,2453.46,81.5901239,200264.930871398014,kucoin_legacy
1788064800,2453.77,2455.44,2453.48,2453.69,68.20886446,167427.895504556596,kucoin_legacy
1788065100,2453.55,2454.24,2451.57,2452.66,27.9970293,68670.663498693,kucoin_legacy
1788065400,2452.56,2453.81,2452.45,2453.8,26.9827004,66187.443782053,kucoin_legacy
1788065700,2453.8,2455.3,2453.68,2455.3,25.277774,62051.181650243998,kucoin_legacy
1788066000,2455.85,2459.69,2455.75,2459.69,17.5318418,43095.789323484001,kucoin_legacy
1788066300,2459.94,2460,2457.34,2457.73,41.8644664,102928.738325917002,kucoin_legacy
1788066600,2457.74,2457.74,2457,2457.14,9.8125444,24114.230936895001,kucoin_legacy
1788066900,2457.02,2457.02,2455.87,2455.88,2.3714869,5826.263905751,kucoin_legacy
1788067200,2455.87,2455.88,2455.82,2455.82,8.1968194,20130.196188571001,kucoin_legacy
1788067500,2455.82,2455.88,2455.63,2455.86,15.5717467,38240.04738222,kucoin_legacy
1788067800,2455.86,2455.87,2455.53,2455.53,7.4623989,18325.369517063999,kucoin_legacy
1788068100,2455.63,2455.69,2455.14,2455.69,20.5148342,50375.229239216002,kucoin_legacy
1788068400,2455.94,2456.77,2455.77,2455.96,41.9183008,102954.497052471997,kucoin_legacy
1788068700,2455.9,2456.01,2455.55,2455.93,13.0789706,32120.471552431001,kucoin_legacy
1788069000,2455.92,2455.95,2455.15,2455.55,13.5121823,33181.722915865997,kucoin_legacy
1788069300,2455.54,2455.95,2455.54,2455.94,16.0992207,39534.092403246999,kucoin_legacy
1788069600,2455.95,2456.27,2454.76,2455.98,21.6015163,53036.587718816998,kucoin_legacy
1788069900,2455.98,2455.98,2455.14,2455.36,7.3607153,18074.308046728998,kucoin_legacy
1788070200,2455.36,2455.59,2455.26,2455.59,1.3217453,3245.250585766,kucoin_legacy
1788070500,2455.85,2456.64,2455.84,2456.54,1.057207,2596.772582242,kucoin_legacy
1788070800,2456.54,2457.52,2456.54,2457.51,3.1843141,7823.474896605,kucoin_legacy
1788071100,2457.52,2457.84,2456.52,2456.6,6.5003885,15975.473078096,kucoin_legacy
1788071400,2456.6,2457.05,2456.59,2457.05,6.0489224,14860.508777044,kucoin_legacy
1788071700,2457.17,2459.04,2457.16,2458.54,32.1599178,79040.279444779997,kucoin_legacy
1788072000,2458.58,2460.02,2458.09,2459.58,31.1299417,76551.797787192001,kucoin_legacy
1788072300,2459.54,2461.29,2459.18,2460.3,20.8214028,51229.643575827002,kucoin_legacy
1788072600,2460.08,2460.55,2459.11,2459.87,47.23006414,116179.343972520597,kucoin_legacy
1788072900,2459.87,2460.99,2459.66,2460.99,8.0711408,19853.590786998,kucoin_legacy
1788073200,2460.99,2461.27,2458.9,2459.12,13.4667339,33122.338932883002,kucoin_legacy
1788073500,2459.11,2459.12,2458.83,2458.83,1.7964112,4417.400792803,kucoin_legacy
1788073800,2458.84,2459.52,2458.77,2459.46,16.1589139,39735.745466891,kucoin_legacy
1788074100,2459.47,2459.47,2457.88,2458.01,25.728954,63261.928048918002,kucoin_legacy
1788074400,2458.01,2458.15,2457.68,2457.69,4.7683492,11719.549297194,kucoin_legacy
1788074700,2457.68,2457.99,2457.68,2457.97,31.3066613,76949.327995066997,kucoin_legacy
1788075000,2457.98,2458.57,2456.99,2457.01,32.6476029,80238.999273084002,kucoin_legacy
1788075300,2457.01,2458.86,2456.78,2456.81,45.3115414,111369.060924723002,kucoin_legacy
1788075600,2457.1,2457.12,2456.13,2456.15,25.9268766,63701.906779457,kucoin_legacy
1788075900,2456.14,2456.25,2454.83,2455.93,13.5347657,33231.271365744004,kucoin_legacy
1788076200,2456.04,2457.24,2455.97,2457.23,9.52123,23388.626680967001,kucoin_legacy
1788076500,2457.24,2457.24,2455.22,2455.23,29.9750793,73628.405113033994,kucoin_legacy
1788076800,2455.23,2457.42,2455.23,2457.42,15.5095622,38091.544126022003,kucoin_legacy
1788077100,2457.41,2458.74,2457.41,2458.64,3.7470675,9211.532030996999,kucoin_legacy
1788077400,2458.65,2458.72,2456.44,2456.45,23.1578203,56917.653353137997,kucoin_legacy
1788077700,2456.44,2459.19,2456.44,2459.19,49.264708,121084.348294291005,kucoin_legacy
1788078000,2459.19,2459.89,2457.44,2457.57,27.1970383,66875.738776290003,kucoin_legacy
1788078300,2458.03,2458.89,2458.03,2458.6,6.4701918,15904.751244511001,kucoin_legacy
1788078600,2458.59,2458.59,2457.88,2458.46,2.4405022,5999.646452825,kucoin_legacy
1788078900,2458.45,2458.45,2455.49,2455.5,21.9156463,53867.574476615002,kucoin_legacy
1788079200,2455.49,2455.96,2454.91,2455.95,35.2779693,86613.647028916996,kucoin_legacy
1788079500,2455.95,2455.96,2454.6,2455.47,34.4650737,84618.377535916996,kucoin_legacy
1788079800,2455.47,2455.59,2455.14,2455.58,2.47257,6071.167370853,kucoin_legacy
1788080100,2455.58,2456.99,2455.58,2456.78,22.0924004,54262.944056141001,kucoin_legacy
1788080400,2456.78,2457.48,2456.29,2457.48,3.2818074,8063.229557195,kucoin_legacy
1788080700,2457.48,2457.48,2456.58,2456.59,3.6377931,8938.294325281,kucoin_legacy
1788081000,2456.59,2457.02,2456.51,2456.95,4.4651919,10969.904275104,kucoin_legacy
1788081300,2456.95,2456.98,2456.04,2456.82,9.0736522,22293.170980015999,kucoin_legacy
1788081600,2456.82,2458.03,2454.63,2455.21,28.8228376,70786.038312784993,kucoin_legacy
1788081900,2455.21,2455.57,2453.23,2453.23,48.3175636,118612.490647632003,kucoin_legacy
1788082200,2453.58,2455.26,2453.58,2453.95,35.9097776,88139.492582431005,kucoin_legacy
1788082500,2453.96,2454.2,2452.65,2452.69,75.2865234,184708.218542685994,kucoin_legacy
1788082800,2452.7,2456.83,2451.99,2454.36,223.4249768,548519.36053708999,kucoin_legacy
1788083100,2454.38,2455.61,2453.12,2453.12,81.8753533,200968.862153205002,kucoin_legacy
1788083400,2453.24,2453.91,2453,2453.36,37.3678535,91680.083206263997,kucoin_legacy
1788083700,2453.37,2453.81,2453.37,2453.61,8.5458078,20968.043711376999,kucoin_legacy
1788084000,2453.47,2453.67,2452.78,2452.78,11.5934663,28440.014393060999,kucoin_legacy
1788084300,2452.73,2454.9,2452.72,2454.44,82.1934919,201681.037659240013,kucoin_legacy
1788084600,2454.66,2455.46,2453.56,2453.56,31.2996176,76842.178209741993,kucoin_legacy
1788084900,2453.56,2453.89,2452.46,2453.7,22.4624152,55110.325843712999,kucoin_legacy
1788085200,2453.6,2455.57,2453.6,2455.57,17.6417983,43302.164701002002,kucoin_legacy
1788085500,2455.56,2458.69,2454.79,2455.31,78.6565029,193216.252901950997,kucoin_legacy
1788085800,2455.43,2456.66,2454.98,2455.63,51.53252,126555.508364759997,kucoin_legacy
1788086100,2455.63,2456.5,2455.62,2456.46,13.4041491,32919.256056338003,kucoin_legacy
1788086400,2456.45,2458.09,2456.2,2457.59,33.3671076,81992.600783684,kucoin_legacy
1788086700,2457.59,2459.22,2457.59,2459.21,48.4294697,119056.143335950997,kucoin_legacy
1788087000,2459.2,2459.46,2458.16,2459.05,29.4960618,72527.458991242005,kucoin_legacy
1788087300,2459.04,2459.46,2459.04,2459.36,19.0875872,46942.019502566,kucoin_legacy
1788087600,2459.37,2459.48,2458.16,2458.16,18.4155847,45284.638831976001,kucoin_legacy
1788087900,2458.14,2459.71,2458.08,2459.6,16.5006838,40565.969227287998,kucoin_legacy
1788088200,2459.59,2459.83,2457.93,2458.8,34.4690986,84770.414374846994,kucoin_legacy
1788088500,2458.81,2458.97,2457.85,2458.97,9.3282568,22934.142619735001,kucoin_legacy
1788088800,2458.97,2459.56,2458.54,2459.48,25.2798608,62173.374693897,kucoin_legacy
1788089100,2459.55,2461.43,2459.16,2461.06,54.3914033,133821.029309809004,kucoin_legacy
1788089400,2461.06,2461.11,2459.49,2460.14,15.7644675,38784.656908960002,kucoin_legacy
1788089700,2459.72,2459.72,2457.66,2458.69,36.6666828,90149.433153723003,kucoin_legacy
1788090000,2458.69,2460.58,2458.69,2459.44,24.140666,59385.414136296997,kucoin_legacy
1788090300,2459.44,2459.93,2458.29,2458.3,10.482741,25778.421533035998,kucoin_legacy
1788090600,2458.3,2458.3,2456.53,2457.83,23.130462,56832.362595154998,kucoin_legacy
1788090900,2457.83,2460.06,2457.78,2459.93,7.3096682,17976.119332363,kucoin_legacy
1788091200,2459.93,2463.5,2459.86,2463.5,56.567023,139277.601861314004,kucoin_legacy
1788091500,2463.5,2470.12,2463.5,2470.12,288.8382418,712693.06676121999,kucoin_legacy
1788091800,2469.94,2473.47,2467.84,2470.02,130.4880138,322289.720217516995,kucoin_legacy
1788092100,2470.1,2470.1,2465.15,2465.49,87.6983642,216364.455684899993,kucoin_legacy
1788092400,2465.49,2467.32,2464.1,2464.76,63.6004755,156817.00574164401,kucoin_legacy
1788092700,2464.79,2465.77,2462.43,2465.77,51.8369665,127721.170291670001,kucoin_legacy
1788093000,2466.03,2466.97,2458.41,2459.81,180.09770965,443844.899617002986,kucoin_legacy
1788093300,2460.35,2463.58,2458.74,2463.57,98.7575475,243043.399246860004,kucoin_legacy
1788093600,2463.58,2466.17,2462.21,2464.43,98.2892213,242203.981657964992,kucoin_legacy
1788093900,2464.43,2465.13,2463.12,2464.88,28.7448226,70828.879285666,kucoin_legacy
1788094200,2464.88,2465.44,2462.76,2464.81,55.8900933,137727.928048831003,kucoin_legacy
1788094500,2464.64,2469.2,2464.51,2469.2,137.4074112,339042.279641970003,kucoin_legacy
1788094800,2469.35,2470.05,2466.26,2469.11,92.3657033,227981.441762731993,kucoin_legacy
1788095100,2468.94,2468.94,2464.21,2464.21,75.0444341,185106.315454294003,kucoin_legacy
1788095400,2464.08,2464.91,2461.54,2461.59,95.2610503,234709.680275107996,kucoin_legacy
1788095700,2461.59,2463.91,2460.77,2463.91,106.1399695,261339.376163576002,kucoin_legacy
1788096000,2464.1,2466.57,2464.1,2466.57,36.3644561,89645.332185146006,kucoin_legacy
1788096300,2466.9,2466.91,2465.46,2466.61,15.0590546,37136.404506858999,kucoin_legacy
1788096600,2466.61,2467.95,2465.27,2466.96,217.2266389,535865.840579879005,kucoin_legacy
1788096900,2467.29,2468.66,2466.01,2467.85,59.02187,145644.486070193001,kucoin_legacy
1788097200,2467.85,2471.57,2467.52,2470,56.8072564,140271.469610528991,kucoin_legacy
1788097500,2469.99,2478.53,2469.99,2474.92,160.5636519,397304.141434547026,kucoin_legacy
1788097800,2475.13,2475.29,2472.3,2474.41,164.5731821,407098.566119709983,kucoin_legacy
1788098100,2474.4,2477.35,2473.7,2475.01,94.5136527,233982.690249912994,kucoin_legacy
1788098400,2475,2475.82,2472.97,2473.74,56.0192661,138601.121136509988,kucoin_legacy
1788098700,2473.74,2475.33,2470.45,2475.25,115.4229691,285525.645056947018,kucoin_legacy
1788099000,2475.24,2479.03,2474.16,2478.47,138.3872324,342670.541723956994,kucoin_legacy
1788099300,2478.46,2479.14,2474.92,2474.92,45.8337342,113527.883287175995,kucoin_legacy
1788099600,2474.75,2476.25,2474.74,2476.24,50.9944097,126230.813824622004,kucoin_legacy
1788099900,2476.24,2477.56,2475.28,2476.61,30.6184783,75825.586672470003,kucoin_legacy
1788100200,2476.61,2479.2,2476.08,2476.09,60.8853209,150829.348749956,kucoin_legacy
1788100500,2475.9,2476.23,2473.16,2474.03,99.9276699,247316.269844213995,kucoin_legacy
1788100800,2474.33,2475.77,2474.33,2475.36,34.0147449,84206.850589081994,kucoin_legacy
1788101100,2475.35,2476.81,2474.11,2475.55,23.4866485,58141.343043464003,kucoin_legacy
1788101400,2475.55,2477.94,2475.49,2477.94,12.8933608,31929.746135019999,kucoin_legacy
1788101700,2478.15,2478.15,2475.75,2476.66,22.5793633,55938.876727183,kucoin_legacy
1788102000,2476.88,2477.52,2474.77,2474.96,130.1477498,322295.238347202016,kucoin_legacy
1788102300,2474.97,2481.69,2474.97,2477.17,62.1932277,154151.818381621997,kucoin_legacy
1788102600,2477.06,2477.87,2472.62,2473.46,97.8615462,242195.141932453,kucoin_legacy
1788102900,2473.33,2477.52,2471.88,2475.44,73.5157544,181943.348478464002,kucoin_legacy
1788103200,2475.45,2477.86,2475.45,2477.86,82.6499765,204743.820333537995,kucoin_legacy
1788103500,2478.12,2479.86,2476.8,2477.47,69.255079,171637.746121687,kucoin_legacy
1788103800,2477.48,2479.67,2477.48,2477.76,53.5305387,132699.462379943987,kucoin_legacy
1788104100,2477.76,2478.24,2476.44,2477.7,20.7198063,51337.802388830001,kucoin_legacy
1788104400,2477.7,2479.62,2477.7,2479.62,16.1727892,40087.288800834001,kucoin_legacy
1788104700,2479.8,2483.64,2478.94,2478.95,69.4488978,172334.282042987994,kucoin_legacy
1788105000,2478.94,2481.19,2478.39,2479.35,37.96016322,94109.342904635807,kucoin_legacy
1788105300,2479.18,2480.96,2478.67,2480.84,65.66740137,162861.003212752199,kucoin_legacy
1788105600,2481.33,2488.7,2479.03,2487.03,115.4258285,286988.315119425999,kucoin_legacy
1788105900,2486.71,2488.36,2483.68,2483.88,80.3522667,199702.063988245005,kucoin_legacy
1788106200,2483.88,2513.73,2482.94,2510.07,779.7126447,1951156.880673687905,kucoin_legacy
1788106500,2510.25,2519.35,2506.98,2516.95,599.4070038,1507685.353037625086,kucoin_legacy
1788106800,2517.1,2517.1,2509.23,2515.88,242.7039905,609683.432733895956,kucoin_legacy
1788107100,2516.08,2517.23,2513.05,2513.42,133.738074639702,336270.204908547399,kucoin_legacy
1788107400,2513.42,2517.76,2512.23,2516.57,129.528132,325697.804063834017,kucoin_legacy
1788107700,2517.32,2525.97,2516.89,2521.71,345.3818455,870879.506424978958,kucoin_legacy
1788108000,2521.51,2534.24,2521.51,2528.63,177.3702218,448632.963866706006,kucoin_legacy
1788108300,2528.75,2530.87,2525.7,2526.03,105.441986,266551.378327323997,kucoin_legacy
1788108600,2526.02,2528.26,2521.47,2522.18,80.2406774,202610.950283462997,kucoin_legacy
1788108900,2522.18,2529.68,2521.02,2529.02,72.0959111,182145.788904451998,kucoin_legacy
1788109200,2528.4,2528.4,2521.73,2523.19,52.9918068,133794.003164355003,kucoin_legacy
1788109500,2523.2,2524.13,2519.56,2522.05,203.9404523,514424.100660655997,kucoin_legacy
1788109800,2521.61,2523.92,2519.86,2520.52,104.5773093,263702.889733237971,kucoin_legacy
1788110100,2520.52,2520.52,2506.59,2509.68,171.8699555,431821.456556137011,kucoin_legacy
1788110400,2509.86,2509.86,2497.52,2501.56,268.5127776,672120.79072455701,kucoin_legacy
1788110700,2501.39,2501.62,2494.35,2498.58,200.5571643,500883.684946043009,kucoin_legacy
1788111000,2497.66,2503.55,2494.61,2503.55,97.7426052,244282.757691170002,kucoin_legacy
1788111300,2503.64,2506.56,2503.04,2504.82,58.00061975,145272.446921558498,kucoin_legacy
1788111600,2505,2507.95,2503.68,2506.5,111.8832768,280298.420109940984,kucoin_legacy
1788111900,2506.85,2508.88,2504.97,2505.37,65.06393244,163101.240819361788,kucoin_legacy
1788112200,2506.38,2507.41,2501.08,2504.7,61.7048362,154498.257948187005,kucoin_legacy
1788112500,2504.69,2505.81,2502.39,2505.38,35.6624137,89293.787496684003,kucoin_legacy
1788112800,2505.38,2508.38,2504.32,2505.96,84.794794,212510.514895392989,kucoin_legacy
1788113100,2505.96,2505.96,2499.55,2499.55,90.172482,225550.48233465699,kucoin_legacy
1788113400,2499.38,2499.76,2496.45,2499.18,100.8191851,251877.82940396,kucoin_legacy
1788113700,2499.18,2503.32,2498.43,2503.07,62.0817892,155250.275846569013,kucoin_legacy
1788114000,2502.93,2502.99,2501.46,2502.97,12.9343419,32371.056257372002,kucoin_legacy
1788114300,2503.42,2512.6,2502.71,2511.69,111.7363043,279951.664814213,kucoin_legacy
1788114600,2511.7,2515.34,2510.37,2515.04,146.9632554,369334.226642859983,kucoin_legacy
1788114900,2515.04,2517.27,2514.21,2515.47,129.453576,325727.318012813979,kucoin_legacy
1788115200,2515.04,2515.43,2512.75,2514.08,33.4059805,83976.946066646007,kucoin_legacy
1788115500,2514.5,2514.5,2511.72,2513.53,63.769482,160266.658703230001,kucoin_legacy
1788115800,2513.15,2513.67,2509.63,2509.99,27.089088541782,68029.707664069036,kucoin_legacy
1788116100,2509.68,2512.24,2509.11,2510.68,28.9088845,72593.802823962993,kucoin_legacy
1788116400,2510.68,2510.74,2506.86,2508.69,82.6924542,207419.12447143899,kucoin_legacy
1788116700,2508.69,2510.67,2506.15,2508.25,28.3769188,71171.739587678996,kucoin_legacy
1788117000,2508.26,2512.08,2508.02,2512.06,29.9151389,75093.053307138995,kucoin_legacy
1788117300,2512.06,2513.18,2508.75,2509.5,48.3496365,121404.635634360005,kucoin_legacy
1788117600,2509.49,2509.49,2506,2506.42,65.7248656,164862.859881654003,kucoin_legacy
1788117900,2506.42,2507.18,2506.01,2506.14,12.4247981,31141.270795660999,kucoin_legacy
1788118200,2506.1,2507.18,2504.02,2505.47,172.8325521,432998.309979196987,kucoin_legacy
1788118500,2505.46,2505.46,2500.11,2500.89,65.4477492,163747.07146377099,kucoin_legacy
1788118800,2500.25,2502.25,2499.3,2499.3,15.5616621,38911.583926564999,kucoin_legacy
1788119100,2499.3,2501.46,2496.62,2498.92,89.5194367,223708.575350713014,kucoin_legacy
1788119400,2498.46,2500.36,2498.12,2499.67,123.6295705,308932.111025931023,kucoin_legacy
1788119700,2499.68,2503.55,2499.68,2503.55,56.1260507,140422.059569617995,kucoin_legacy
1788120000,2503.57,2507.31,2503.57,2504.88,101.5496935,254466.122931660997,kucoin_legacy
1788120300,2504.78,2506.1,2504.17,2506.04,24.7857305,62084.888338871999,kucoin_legacy
1788120600,2506.04,2507.5,2504.7,2504.78,15.5041499,38853.938015136002,kucoin_legacy
1788120900,2504.78,2505.69,2502.84,2505.26,20.8414259,52193.966932477997,kucoin_legacy
1788121200,2505.18,2507.76,2504.77,2507.75,37.5267356,94021.693163511998,kucoin_legacy
1788121500,2507.94,2508.28,2503.56,2503.57,38.9507852,97633.962854418001,kucoin_legacy
1788121800,2503.56,2503.56,2496.5,2500.54,130.5337654,326093.970312376972,kucoin_legacy
1788122100,2500.55,2504.29,2496.98,2497.56,31.7620757,79435.637394399993,kucoin_legacy
1788122400,2497.55,2497.55,2485.12,2488.07,375.9249543,936305.41591921798,kucoin_legacy
1788122700,2488.08,2494.71,2487.04,2493.91,90.5843472,225640.652084406,kucoin_legacy
1788123000,2494.03,2499.54,2494.03,2496.25,76.6603353,191452.372249462991,kucoin_legacy
1788123300,2496.25,2496.26,2490.38,2490.51,144.0014811,358963.774188023002,kucoin_legacy
1788123600,2490.67,2490.67,2460.02,2473.33,1013.3007458,2506106.242648575921,kucoin_legacy
1788123900,2473.35,2475.83,2470.57,2474.7,102.0460109,252321.289729520999,kucoin_legacy
1788124200,2474.7,2475.94,2466.4,2473.93,130.8691615,323568.881119834026,kucoin_legacy
1788124500,2474.15,2479.02,2473.64,2476.67,92.9310026,230125.605955731997,kucoin_legacy
1788124800,2476.67,2478.61,2471.45,2477.23,75.3802203,186595.988704926014,kucoin_legacy
1788125100,2477.22,2479.18,2475.14,2477.75,59.0889304,146399.291947110993,kucoin_legacy
1788125400,2477.75,2481.89,2476.6,2481.89,48.9406898,121372.647216849,kucoin_legacy
1788125700,2481.89,2483.33,2477.69,2478.57,35.8739089,88974.433738168998,kucoin_legacy
1788126000,2479.01,2479.84,2477.68,2479.84,22.8300389,56588.550122159002,kucoin_legacy
1788126300,2479.83,2479.86,2475.14,2476.47,42.8054671,105999.073113284001,kucoin_legacy
1788126600,2475.62,2478.93,2474.76,2478.13,17.2182526,42648.114165787003,kucoin_legacy
1788126900,2478.12,2483,2478.12,2481.61,37.9370175,94135.463944403993,kucoin_legacy
1788127200,2481.71,2488.6,2477.06,2484.53,176.6509161,438656.40552537702,kucoin_legacy
1788127500,2484.52,2485.75,2479.38,2479.67,45.1957743,112171.498029712006,kucoin_legacy
1788127800,2479.88,2479.88,2474.35,2474.55,76.1993933,188678.373859629995,kucoin_legacy
1788128100,2474.62,2475.88,2468.82,2475.26,79.2227266,195874.236221324012,kucoin_legacy
1788128400,2475.16,2475.26,2468.19,2468.65,87.3885798,215982.595776903996,kucoin_legacy
1788128700,2468.25,2468.87,2465.34,2467.32,153.22665085,377989.33891829499,kucoin_legacy
1788129000,2467.32,2467.73,2460.64,2464.6,143.7542342,354131.199857686006,kucoin_legacy
1788129300,2465.07,2472.12,2464.73,2472.12,82.4165356,203408.694545668986,kucoin_legacy
1788129600,2472.11,2475.07,2470.44,2471.5,36.8470085,91108.654129375995,kucoin_legacy
1788129900,2471.49,2472.92,2468.28,2469.32,62.943275,155527.899292065995,kucoin_legacy
1788130200,2469.32,2469.59,2466,2468.31,78.5875029,193966.324449750013,kucoin_legacy
1788130500,2468.3,2472.72,2467.22,2470.73,93.923687,231999.744979304989,kucoin_legacy
1788130800,2470.72,2470.72,2464.68,2464.68,48.2567789,119058.667048154006,kucoin_legacy
1788131100,2464.61,2467.7,2464.6,2466.39,10.6811656,26341.302138853,kucoin_legacy
1788131400,2466.65,2468.96,2464.03,2464.98,46.850047,115585.978391156998,kucoin_legacy
1788131700,2464.88,2465.62,2452.74,2462.6,282.1556035,693574.687129233964,kucoin_legacy
1788132000,2461.79,2463.72,2436.15,2438.91,575.5041808,1406345.158140365034,kucoin_legacy
1788132300,2439.4,2442.47,2422.97,2426.91,437.0502864,1063551.675233094953,kucoin_legacy
1788132600,2426.9,2435.64,2421.39,2425.26,512.7117411,1244833.681673008017,kucoin_legacy
1788132900,2424.66,2425.01,2407.94,2411.87,528.7342347,1278015.846403385978,kucoin_legacy
1788133200,2411.17,2415.61,2403.62,2411.73,463.4647699,1116838.362413584953,kucoin_legacy
1788133500,2412.14,2414.54,2387.75,2402.67,827.3117173,1983980.14334395295,kucoin_legacy
1788133800,2402.36,2416.5,2402.21,2413.76,312.4230035,753247.558886694955,kucoin_legacy
1788134100,2414.15,2419.99,2413.26,2416.95,154.5336851,373534.317936695996,kucoin_legacy
1788134400,2417.09,2421.69,2410.56,2421.41,265.6468599,641801.716506871046,kucoin_legacy
1788134700,2421.42,2421.42,2406.87,2408.56,248.4553618,599541.104429290048,kucoin_legacy
1788135000,2408.31,2421.36,2408.31,2420.25,176.2480974,426132.037828030006,kucoin_legacy
1788135300,2421.2,2430.73,2419.22,2428.01,267.1372488,647973.769384196028,kucoin_legacy
1788135600,2428.06,2432.42,2427.66,2432.14,196.8328293,478241.958588214999,kucoin_legacy
1788135900,2431.98,2431.98,2428.44,2430.72,83.0310249,201803.523808069993,kucoin_legacy
1788136200,2430.72,2432.32,2429.03,2431.9,93.6658159,227672.926784756011,kucoin_legacy
1788136500,2432.5,2440,2431.83,2432.68,261.3896741,636776.899684104952,kucoin_legacy
1788136800,2432.68,2433.94,2432.1,2432.37,48.6647466,118411.659182839998,kucoin_legacy
1788137100,2432.36,2432.36,2428.27,2429.34,62.2338098,151243.13880192599,kucoin_legacy
1788137400,2430.06,2433.73,2429.63,2432.52,48.2667263,117374.992642529003,kucoin_legacy
1788137700,2432.75,2433.27,2426.6,2427.57,78.9186911,191777.286447027989,kucoin_legacy
1788138000,2428.03,2430.4,2420.46,2420.46,248.0515328,601375.626450162963,kucoin_legacy
1788138300,2420.42,2421.43,2416.25,2416.48,240.6666601,581947.48676814395,kucoin_legacy
1788138600,2416.68,2419.17,2414.25,2418.14,55.2919061,133617.740346078994,kucoin_legacy
1788138900,2418.01,2421.94,2415.26,2421.94,80.6464321,194958.893514294003,kucoin_legacy
1788139200,2421.93,2423.53,2417.25,2421.84,53.1870208,128772.421993122,kucoin_legacy
1788139500,2421.76,2423.49,2419.57,2419.88,60.3441475,146106.121928411012,kucoin_legacy
1788139800,2420.38,2421.24,2415.32,2417.37,63.321936,153196.395263782004,kucoin_legacy
1788140100,2417.37,2426.93,2416.17,2422.3,216.76593,524976.296730475035,kucoin_legacy
1788140400,2422.3,2423.64,2417.68,2418.79,80.7418357,195495.443692235014,kucoin_legacy
1788140700,2418.79,2421.96,2417.12,2419.46,43.6455178,105553.453497790993,kucoin_legacy
1788141000,2419.56,2420.27,2415.91,2415.91,61.3485688,148394.80014634601,kucoin_legacy
1788141300,2415.91,2417.71,2409.85,2413.13,114.6798064,276748.612429364992,kucoin_legacy
1788141600,2413,2414.89,2408.53,2414.89,146.6673734,353680.361002856982,kucoin_legacy
1788141900,2414.83,2418.08,2414.36,2416.81,41.3765796,99989.107803752006,kucoin_legacy
1788142200,2417.57,2425,2417.51,2423.17,74.7913281,181115.869323260995,kucoin_legacy
1788142500,2422.78,2423.47,2418.09,2418.09,63.5634924,153923.82147371801,kucoin_legacy
1788142800,2418.75,2419.3,2414.62,2415.58,139.1618965,336400.798113177996,kucoin_legacy
1788143100,2415.16,2417.2,2415.16,2416.7,25.2243362,60949.873240289999,kucoin_legacy
1788143400,2416.69,2419.05,2415.7,2415.99,25.2184692,60960.572981022997,kucoin_legacy
1788143700,2415.99,2416.32,2413.5,2414.65,110.6023093,267067.069859465002,kucoin_legacy
1788144000,2414.77,2415.15,2413.17,2413.62,57.5135659,138842.18351755201,kucoin_legacy
1788144300,2413.63,2414.66,2407.62,2408.85,87.5634528,211345.925056014006,kucoin_legacy
1788144600,2409.45,2410.22,2403.3,2403.63,87.5977919,210715.786992700014,kucoin_legacy
1788144900,2403.45,2408.29,2401.91,2407.77,109.69823949,263905.778683902288,kucoin_legacy
1788145200,2408.12,2412.45,2405.03,2410.65,117.704906,283596.222257530026,kucoin_legacy
1788145500,2410.45,2414.86,2409.68,2414.86,91.2430305,220003.613466762006,kucoin_legacy
1788145800,2414.93,2416.6,2414.47,2415.64,29.3916193,70996.965568428001,kucoin_legacy
1788146100,2415.04,2417.39,2413.83,2414.61,26.295864,63524.955589267003,kucoin_legacy
1788146400,2415.1,2422.17,2415.1,2421.93,55.6472045,134633.693513150996,kucoin_legacy
1788146700,2421.57,2421.57,2419.05,2420.31,19.9673676,48328.690903688002,kucoin_legacy
1788147000,2420.2,2420.35,2418.4,2419.22,25.3815474,61414.238818539998,kucoin_legacy
1788147300,2418.94,2423,2418.94,2422.28,80.0115432,193732.016051376995,kucoin_legacy
1788147600,2422.04,2423.87,2420.55,2423.47,117.4694421,284530.244988557009,kucoin_legacy
1788147900,2423.46,2424.43,2422.75,2422.75,48.3392041,117177.573189243994,kucoin_legacy
1788148200,2422.75,2422.86,2421.36,2421.71,17.6265135,42690.864013199003,kucoin_legacy
1788148500,2421.66,2421.98,2420.75,2421.46,19.2570024,46632.563464780003,kucoin_legacy
1788148800,2421.44,2421.44,2414.09,2414.9,57.6332138,139294.734031286003,kucoin_legacy
1788149100,2414.43,2418.14,2413.97,2415.44,66.7933828,161323.835969898995,kucoin_legacy
1788149400,2414.85,2415.38,2413.66,2414.42,7.5854627,18313.617827859001,kucoin_legacy
1788149700,2414.74,2414.74,2412.31,2413.23,54.4288917,131377.224077358987,kucoin_legacy
1788150000,2412.73,2414.31,2411.54,2412.94,108.502974,261814.137156284007,kucoin_legacy
1788150300,2413.01,2414.32,2411.62,2412.81,52.1489037,125841.832956658007,kucoin_legacy
1788150600,2412.58,2414.41,2412.54,2413.39,76.7847406,185340.872153430013,kucoin_legacy
1788150900,2412.99,2415.54,2412.21,2415,32.0003885,77239.505035576003,kucoin_legacy
1788151200,2415.24,2416.23,2412.5,2415.15,42.8210322,103351.802579556999,kucoin_legacy
1788151500,2415.26,2415.43,2411.4,2411.67,86.5162892,208843.07799895099,kucoin_legacy
1788151800,2411.8,2417.19,2411.8,2417.18,25.4503147,61430.693795979001,kucoin_legacy
1788152100,2417.52,2418.75,2416.15,2417.51,45.5542703,110151.823630436003,kucoin_legacy
1788152400,2417.33,2419.97,2414.29,2419.97,73.9125503,178570.108360104001,kucoin_legacy
1788152700,2420.8,2421.98,2419.28,2420.46,67.5093382,163444.166027325002,kucoin_legacy
1788153000,2420.23,2423.72,2419.55,2423.05,22.8868483,55417.896847532,kucoin_legacy
1788153300,2422.52,2431.44,2422.52,2431.07,195.6933422,474852.924949061999,kucoin_legacy
1788153600,2431.42,2437.21,2428.9,2436.79,281.2679848,683970.418847591965,kucoin_legacy
1788153900,2437.04,2441.66,2432.9,2434.95,168.3327984,410266.451061484986,kucoin_legacy
1788154200,2435.55,2437.83,2434.34,2436.4,70.0587318,170612.486672719999,kucoin_legacy
1788154500,2436.5,2436.74,2429.25,2430.69,58.9772754,143414.006171410001,kucoin_legacy
1788154800,2430.7,2437.13,2430.7,2435.63,205.1634043,499526.778183132992,kucoin_legacy
1788155100,2436.36,2438.03,2435.47,2437.39,46.6985019,113807.322497533998,kucoin_legacy
1788155400,2437.9,2438.9,2435.89,2435.9,56.5373062,137805.226188664004,kucoin_legacy
1788155700,2436.13,2437.65,2433.82,2436.35,62.5371364,152305.716971093003,kucoin_legacy
1788156000,2436.24,2437.82,2434.67,2436.1,35.2117327,85766.636320311998,kucoin_legacy
1788156300,2435.91,2435.91,2431.34,2435.18,75.7834663,184468.924968140986,kucoin_legacy
1788156600,2435.39,2437.08,2434.36,2436.34,38.3549655,93423.801839335007,kucoin_legacy
1788156900,2436.35,2444.22,2436.35,2441.38,183.5656706,448094.130796597979,kucoin_legacy
1788157200,2441.37,2441.37,2436.46,2437.94,61.9103368,150963.242391095991,kucoin_legacy
1788157500,2438.11,2444.83,2438.11,2441.47,122.9410008,300015.894837032014,kucoin_legacy
1788157800,2441.19,2441.19,2436.96,2439.56,72.2553653,176255.622897874011,kucoin_legacy
1788158100,2439.71,2444.25,2437.84,2442.98,167.1225465,407981.889571204025,kucoin_legacy
1788158400,2442.81,2444.33,2442,2442.3,71.5030421,174682.462670551991,kucoin_legacy
1788158700,2442.3,2443.44,2441.64,2442.3,18.03621,44057.455892539998,kucoin_legacy
1788159000,2441.79,2441.79,2439.77,2440.32,13.1962192,32208.005582399001,kucoin_legacy
1788159300,2440.33,2441.2,2438.4,2438.54,39.4151725,96160.871478012996,kucoin_legacy
1788159600,2438.44,2440.46,2436.33,2437.33,74.6510287,182010.093309786986,kucoin_legacy
1788159900,2437.33,2439.34,2436.04,2438.92,28.0958619,68486.432147561994,kucoin_legacy
1788160200,2438.93,2441.78,2438.39,2439.25,64.04614803,156323.773862038506,kucoin_legacy
1788160500,2439.84,2443.76,2439.65,2441.76,53.8579119,131517.857802818005,kucoin_legacy
1788160800,2441.76,2444.78,2441.54,2444.78,56.9155303,139066.561593540013,kucoin_legacy
1788161100,2444.86,2446.39,2442.92,2442.92,65.4031561,159895.863983705989,kucoin_legacy
1788161400,2442.75,2442.84,2438.78,2441.18,40.1591102,97991.534525898998,kucoin_legacy
1788161700,2441.17,2442.8,2440.4,2442.8,19.2655683,47048.063289035003,kucoin_legacy
1788162000,2442.3,2442.78,2438.52,2441.12,65.2137558,159199.896690468013,kucoin_legacy
1788162300,2440.91,2441.32,2438.64,2439.28,61.7867475,150755.442392460012,kucoin_legacy
1788162600,2439.28,2440.44,2439.13,2439.55,14.8299096,36180.158340545,kucoin_legacy
1788162900,2439.61,2440.9,2439.16,2440.37,21.278943,51917.241753868999,kucoin_legacy
1788163200,2440.36,2442.16,2436.94,2437.01,73.055741,178261.96501061201,kucoin_legacy
1788163500,2437.01,2438.98,2434.18,2438.97,39.8945215,97159.002000391003,kucoin_legacy
1788163800,2438.8,2445.77,2438.55,2440.78,100.4619034,245350.418784398003,kucoin_legacy
1788164100,2440.6,2440.6,2436.98,2436.98,39.0312802,95218.870425796005,kucoin_legacy
1788164400,2436.79,2436.79,2433.51,2435.11,48.037597,116971.323491846997,kucoin_legacy
1788164700,2435.11,2436.65,2433.72,2436.52,60.4338134,147177.875628698996,kucoin_legacy
1788165000,2436.17,2438.79,2435.35,2437.18,50.786178,123797.973217488994,kucoin_legacy
1788165300,2438.03,2438.32,2436.25,2438.24,89.793796,218828.627680275997,kucoin_legacy
1788165600,2438.25,2449.6,2437.14,2443.05,173.3143091,423618.368885076023,kucoin_legacy
1788165900,2443.06,2445.89,2442.66,2444.5,24.3851258,59605.375328497001,kucoin_legacy
1788166200,2444.49,2448.03,2443.39,2446.55,37.7446261,92302.208187152006,kucoin_legacy
1788166500,2446.55,2447.63,2445.95,2446.16,25.6074562,62652.190755743002,kucoin_legacy
1788166800,2446.17,2446.68,2444.24,2444.26,57.491191,140572.507721384987,kucoin_legacy
1788167100,2444.26,2452.69,2443.48,2451.15,105.7995918,259098.332546821999,kucoin_legacy
1788167400,2451.14,2451.14,2444.54,2445.58,44.3645484,108555.135660569998,kucoin_legacy
1788167700,2445.42,2448.89,2444.19,2448.11,47.53181606,116272.580885521398,kucoin_legacy
1788168000,2448.11,2452.12,2447.57,2450.68,38.9336561,95406.778830185998,kucoin_legacy
1788168300,2450.68,2451.59,2446.81,2446.81,52.4431571,128417.762584590004,kucoin_legacy
1788168600,2446.82,2449.05,2446.67,2448.07,10.7325734,26271.580561203002,kucoin_legacy
1788168900,2447.58,2448.14,2446.41,2447.47,14.3158228,35037.654336610001,kucoin_legacy
1788169200,2447.76,2449.53,2446.28,2448.83,70.9512281,173722.475046939013,kucoin_legacy
1788169500,2449.18,2456.35,2449.18,2450.91,201.4302636,494097.491547703976,kucoin_legacy
1788169800,2451.13,2451.13,2446.85,2447.62,43.4737181,106426.857079572001,kucoin_legacy
1788170100,2447.98,2447.98,2446.34,2446.63,36.9300039,90360.492781658002,kucoin_legacy
1788170400,2446.64,2447.02,2442.41,2444.02,83.3716943,203792.591756854992,kucoin_legacy
1788170700,2444.21,2444.61,2441.01,2444.61,140.2745882,342706.194264321995,kucoin_legacy
1788171000,2444.29,2449.21,2442.55,2449.21,112.5071706,275355.421701809973,kucoin_legacy
1788171300,2449.21,2449.22,2445.14,2447.55,156.8493019,383948.145754544006,kucoin_legacy
1788171600,2447.54,2448.43,2446.13,2447.29,17.6656172,43232.235480001997,kucoin_legacy
1788171900,2447.29,2449.47,2446.19,2449.26,24.2390646,59357.148941715001,kucoin_legacy
1788172200,2449.06,2449.06,2445.9,2446.95,77.2792266,189121.44127526501,kucoin_legacy
1788172500,2446.96,2451.12,2446.95,2450.13,79.5996283,194892.434785933001,kucoin_legacy
1788172800,2450.13,2451.81,2449.1,2451.19,86.2089197,211250.507656844013,kucoin_legacy
1788173100,2450.68,2451.74,2449.95,2450.51,71.7877665,175919.686298306013,kucoin_legacy
1788173400,2450.51,2456.23,2450,2454.76,132.0511727,324104.084351906029,kucoin_legacy
1788173700,2454.76,2456.09,2454.62,2455.29,81.5418676,200205.171498701005,kucoin_legacy
1788174000,2455.29,2457.15,2452.82,2453.96,140.2108377,344178.076064346998,kucoin_legacy
1788174300,2453.78,2457.64,2452.28,2452.81,109.7077055,269324.051292538003,kucoin_legacy
1788174600,2452.82,2456.02,2452.82,2454.35,46.4413137,113983.024842066996,kucoin_legacy
1788174900,2454.35,2456.47,2452.65,2455.89,53.3533536,130996.646459274998,kucoin_legacy
1788175200,2456.09,2456.32,2453.92,2454.92,18.2340829,44765.780051886002,kucoin_legacy
1788175500,2454.92,2454.92,2450.8,2451.95,50.3143667,123444.654348583004,kucoin_legacy
1788175800,2452.22,2452.22,2449.17,2449.17,46.7234139,114506.089246484,kucoin_legacy
1788176100,2448.85,2449.3,2447.46,2448.68,19.4215334,47552.701636568003,kucoin_legacy
1788176400,2448.68,2449.51,2446.56,2447.03,52.1418146,127658.173469433998,kucoin_legacy
1788176700,2447.03,2448.27,2445.49,2445.8,80.43968962,196808.828587549011,kucoin_legacy
1788177000,2445.79,2446.93,2444.02,2444.7,16.5259227,40417.138755195003,kucoin_legacy
1788177300,2444.7,2446.32,2444.25,2446.13,20.7266014,50684.790866773998,kucoin_legacy
1788177600,2446.13,2456.03,2444.56,2456.03,90.3312505,221303.853012611013,kucoin_legacy
1788177900,2456.18,2456.98,2451.48,2455.21,144.1867537,353861.670982975978,kucoin_legacy
1788178200,2455.29,2456.28,2452.04,2453.08,29.9850667,73584.172562737993,kucoin_legacy
1788178500,2452.92,2464.09,2451.75,2462.12,179.4879148,441013.157685678976,kucoin_legacy
1788178800,2462.13,2462.13,2455.22,2456.74,145.2740127,357159.553316749982,kucoin_legacy
1788179100,2456.62,2457.02,2447.36,2454.82,165.0260279,404879.13485681999,kucoin_legacy
1788179400,2454.78,2456.41,2449.78,2456.35,119.3385667,292709.512181845028,kucoin_legacy
1788179700,2456.52,2458.67,2449.93,2449.93,143.4446441,351988.360764821002,kucoin_legacy
1788180000,2449.83,2451.25,2443.73,2450.81,272.7093503,667733.125628454029,kucoin_legacy
1788180300,2450.81,2451.48,2446.8,2446.8,103.8374303,254402.755061815988,kucoin_legacy
1788180600,2446.81,2452.03,2446.81,2447.85,47.7456254,116918.403642593999,kucoin_legacy
1788180900,2447.58,2451.35,2446.48,2451.35,27.2668872,66775.177215432006,kucoin_legacy
1788181200,2451.35,2458.81,2451.19,2453.79,36.0694568,88549.889570006999,kucoin_legacy
1788181500,2453.79,2455.72,2452.34,2452.81,43.4178886,106532.393714525999,kucoin_legacy
1788181800,2452.66,2454.42,2452.24,2453.77,27.6521396,67835.035019513001,kucoin_legacy
1788182100,2453.74,2454.9,2449.19,2449.66,31.3001694,76733.350267386995,kucoin_legacy
1788182400,2449.44,2453.39,2448.96,2451.96,88.8656862,217928.47455420901,kucoin_legacy
1788182700,2451.76,2451.76,2445.2,2450.5,66.7452727,163418.031239333999,kucoin_legacy
1788183000,2450.4,2458.53,2447.16,2450.9,133.5327826,327510.576853975013,kucoin_legacy
1788183300,2450.49,2453.1,2445.21,2452.12,63.4156229,155237.935590550012,kucoin_legacy
1788183600,2451.82,2456.54,2447.63,2447.87,80.9257598,198444.004552052997,kucoin_legacy
1788183900,2447.49,2449.49,2441.31,2445.16,243.000171,594199.423848442966,kucoin_legacy
1788184200,2445.06,2445.92,2437.39,2441.35,163.4747266,399049.73039019201,kucoin_legacy
1788184500,2441.35,2445.82,2438.57,2439.99,89.7307474,219143.825849012996,kucoin_legacy
1788184800,2440,2446.87,2438.14,2444.88,151.3097425,369359.983682806022,kucoin_legacy
1788185100,2444.67,2447.66,2438.53,2445.39,61.1547876,149404.885782469006,kucoin_legacy
1788185400,2444.73,2445.79,2439.02,2440.42,99.4596508,242968.523554162995,kucoin_legacy
1788185700,2440.25,2446.57,2437.69,2446.56,134.5772089,328738.420170075027,kucoin_legacy
1788186000,2446.44,2448.26,2439.23,2439.23,90.0825803,220126.497591747,kucoin_legacy
1788186300,2439.23,2445.62,2437.78,2445.51,126.1419427,307974.753416416992,kucoin_legacy
1788186600,2445.53,2450.21,2443.65,2444.71,137.7662882,337065.868549784005,kucoin_legacy
1788186900,2444.85,2456,2444.85,2454.68,113.5791933,278343.798252399021,kucoin_legacy
1788187200,2454.41,2474.95,2454.41,2465.14,501.2838671,1237099.649176392937,kucoin_legacy
1788187500,2465.42,2470,2461.41,2463.4,181.3670312,447003.263057899021,kucoin_legacy
1788187800,2463.4,2465.86,2460.87,2463.72,89.8558004,221403.873823934002,kucoin_legacy
1788188100,2463.71,2470.62,2462.01,2466.92,192.2535007,474245.740777973027,kucoin_legacy
1788188400,2467.17,2470.67,2464.49,2465.02,137.9896713,340444.218808429025,kucoin_legacy
1788188700,2465.08,2468.34,2462.57,2465.99,95.7253648,236039.911435231013,kucoin_legacy
1788189000,2465.54,2465.54,2459,2459.46,43.706007,107573.187992755004,kucoin_legacy
1788189300,2459.46,2463.51,2458.32,2460.43,110.0205602,270756.501900619012,kucoin_legacy
1788189600,2460.68,2467.1,2459.87,2466.31,41.9233105,103337.700961398004,kucoin_legacy
1788189900,2466,2470.27,2463.69,2468.18,75.993071,187529.746683534991,kucoin_legacy
1788190200,2468.33,2474.08,2465.63,2470.52,111.1415161,274559.799616163014,kucoin_legacy
1788190500,2470.52,2471.53,2467.42,2469.04,143.1330722,353598.344397353008,kucoin_legacy
1788190800,2468.75,2477.91,2468.3,2476.21,158.5665035,392610.797313397983,kucoin_legacy
1788191100,2476.29,2477.46,2470.97,2472.69,90.129057,222969.312655996997,kucoin_legacy
1788191400,2472.53,2474.5,2469.84,2471.78,32.9004067,81316.682334604993,kucoin_legacy
1788191700,2471.53,2471.96,2467.05,2467.62,128.2254677,316666.347012358019,kucoin_legacy
1788192000,2467.64,2472.36,2464.79,2469.8,98.2575036,242544.144514006999,kucoin_legacy
1788192300,2469.8,2471.58,2465.32,2467.02,106.627612,263191.48847803002,kucoin_legacy
1788192600,2466.92,2471.11,2464.61,2465.73,105.3817748,260175.404893895,kucoin_legacy
1788192900,2465.36,2470.94,2461.81,2468.58,72.5962195,179063.393949966005,kucoin_legacy
1788193200,2468.64,2468.64,2464.07,2464.79,51.5359133,127060.985561167006,kucoin_legacy
1788193500,2464.8,2467.02,2462.12,2464.54,177.0094672,436256.898004235991,kucoin_legacy
1788193800,2464.79,2467.11,2464.15,2465.61,113.1105242,278876.399676689005,kucoin_legacy
1788194100,2466.23,2468.3,2464.91,2466.18,53.4479305,131838.313417689991,kucoin_legacy
1788194400,2466.17,2472.23,2466.16,2471.5,97.2096736,240013.574349750008,kucoin_legacy
1788194700,2471.51,2472.6,2468.4,2470.82,27.0693891,66893.989801917996,kucoin_legacy
1788195000,2470.82,2473.18,2469.14,2472.13,67.7263822,167332.925886604004,kucoin_legacy
1788195300,2472.31,2476.2,2468.95,2469.4,172.9208548,427654.647658526024,kucoin_legacy
1788195600,2468.75,2471.51,2468.22,2469.26,34.6273849,85500.683626469006,kucoin_legacy
1788195900,2469.26,2471.11,2469.05,2470.99,53.8428496,133006.337433542009,kucoin_legacy
1788196200,2470.99,2473.36,2469.4,2471.42,74.1875605,183347.718336875987,kucoin_legacy
1788196500,2471.46,2471.8,2464.46,2467.16,114.9240151,283566.516634638014,kucoin_legacy
1788196800,2468.06,2470.49,2467.06,2467.35,65.2247431,161049.349280622002,kucoin_legacy
1788197100,2467.5,2467.5,2460.98,2463.38,126.8011581,312433.203945049027,kucoin_legacy
1788197400,2463.8,2465.38,2462.06,2463.31,64.0481479,157810.829253570002,kucoin_legacy
1788197700,2463.99,2468.49,2462.26,2468.49,50.3634502,124165.236851169,kucoin_legacy
1788198000,2468.5,2474.47,2468.5,2471.27,156.266237,386254.024461223977,kucoin_legacy
1788198300,2471.67,2474.8,2469.66,2472.35,35.4992698,87748.052523614999,kucoin_legacy
1788198600,2472.36,2476.93,2472.36,2475.86,71.1013328,175880.02573530699,kucoin_legacy
1788198900,2476.09,2476.41,2474.46,2475.26,59.5011558,147283.017461826006,kucoin_legacy
1788199200,2475.19,2475.2,2470.42,2470.93,49.4134134,122165.404798368996,kucoin_legacy
1788199500,2471.04,2472.45,2469.57,2471.78,26.3641358,65149.080537962,kucoin_legacy
1788199800,2471.77,2473.84,2470.21,2473.65,23.0785214,57035.678605588997,kucoin_legacy
1788200100,2473.43,2480.19,2473,2478.23,207.2959725,513696.627380968013,kucoin_legacy
1788200400,2478.11,2478.6,2470.59,2470.59,62.0354032,153447.765237729996,kucoin_legacy
1788200700,2470.59,2472.23,2468.9,2470.83,103.144894,254791.059722047008,kucoin_legacy
1788201000,2471.01,2472.6,2470.15,2470.97,54.7944567,135394.962602882995,kucoin_legacy
1788201300,2470.97,2476.5,2470.73,2474.83,56.567353,139954.154712396994,kucoin_legacy
1788201600,2474.82,2490,2473.99,2487.85,529.1617185,1316244.291317237075,kucoin_legacy
1788201900,2487.04,2487.04,2478.83,2480.45,145.111601,360207.415534548985,kucoin_legacy
1788202200,2480.69,2480.69,2476.83,2477.83,31.5637368,78236.074735094997,kucoin_legacy
1788202500,2477.83,2479.54,2476.7,2477.79,16.3715855,40579.237931944997,kucoin_legacy
1788202800,2477.79,2481.39,2477.79,2480.95,22.0606152,54705.282225586998,kucoin_legacy
1788203100,2480.95,2487.09,2480.41,2486.45,110.537847,274699.148027568008,kucoin_legacy
1788203400,2486.44,2490,2485.84,2486.7,77.1945435,192049.361371245992,kucoin_legacy
1788203700,2486.63,2486.63,2481.51,2483.39,60.6201418,150508.114553138992,kucoin_legacy
1788204000,2483.04,2485.52,2481.78,2485.29,58.6176823,145569.455807243998,kucoin_legacy
1788204300,2485.49,2485.76,2482.45,2485.45,40.9980902,101851.306458902007,kucoin_legacy
1788204600,2485.44,2485.82,2482.17,2484.02,39.7063488,98581.058105029995,kucoin_legacy
1788204900,2484.02,2485.3,2482.64,2482.64,75.7877325,188269.216626407986,kucoin_legacy
1788205200,2482.64,2482.64,2478.12,2479.89,122.7497695,304479.899548707996,kucoin_legacy
1788205500,2479.89,2483.54,2479.29,2483.54,30.6725509,76104.559690352995,kucoin_legacy
1788205800,2483.55,2485.27,2480.06,2480.53,53.659994,133195.330696045014,kucoin_legacy
1788206100,2480.52,2483.74,2477.53,2481.84,71.1173306,176430.523234530992,kucoin_legacy
1788206400,2481.46,2483.05,2478.45,2479.78,69.8580997,173283.512256962014,kucoin_legacy
1788206700,2479.45,2480.96,2478.6,2479.41,55.5486233,137760.430333222001,kucoin_legacy
1788207000,2479.88,2479.88,2478,2479.6,152.7872738,378712.24223492702,kucoin_legacy
1788207300,2479.94,2484.07,2479.63,2484.06,32.2364914,80012.283395427003,kucoin_legacy
1788207600,2484.06,2486.67,2480.98,2481.19,55.107372,136925.454369401006,kucoin_legacy
1788207900,2480.97,2480.97,2475.47,2475.97,77.6165388,192324.92180479801,kucoin_legacy
1788208200,2475.98,2477.74,2473.32,2473.32,57.2875502,141843.149534994009,kucoin_legacy
1788208500,2473.1,2473.74,2470.28,2471.07,130.1423646,321637.128484076005,kucoin_legacy
1788208800,2471.07,2475.26,2471.07,2473.99,83.4029528,206266.479868814,kucoin_legacy
1788209100,2473.8,2474.62,2470.78,2471.65,109.1090706,269846.690947681025,kucoin_legacy
1788209400,2471.31,2474.28,2471.09,2473.72,45.8423144,113358.394633190997,kucoin_legacy
1788209700,2473.72,2474.47,2471.33,2472.56,83.1734756,205679.566540524014,kucoin_legacy
1788210000,2472.56,2472.93,2468.73,2471.11,61.4732984,151893.490831350005,kucoin_legacy
1788210300,2471.26,2476.1,2468.02,2476.1,122.9265431,303889.317500912002,kucoin_legacy
1788210600,2476.09,2476.09,2472.1,2472.64,73.3015475,181299.064799156011,kucoin_legacy
1788210900,2472.58,2473.18,2471.03,2471.03,27.3653858,67654.682157768999,kucoin_legacy
1788211200,2471.03,2473.99,2470.79,2473.75,81.1398349,200636.682017048995,kucoin_legacy
1788211500,2473.74,2478.37,2472.45,2478.37,98.0630362,242822.892571242992,kucoin_legacy
1788211800,2478.75,2482.03,2477.68,2480.16,69.812929,173135.814517969993,kucoin_legacy
1788212100,2480.27,2483.15,2479.65,2479.85,36.0583909,89471.862950953,kucoin_legacy
1788212400,2479.73,2481.3,2479.59,2481.28,13.1003848,32493.288219524999,kucoin_legacy
1788212700,2481.27,2483.1,2479.6,2480.36,50.7327823,125864.890479663998,kucoin_legacy
1788213000,2480.5,2480.55,2479,2479.1,44.7710466,111023.038160819997,kucoin_legacy
1788213300,2479.21,2479.87,2478.36,2478.36,42.7173471,105905.919855154003,kucoin_legacy
1788213600,2478.36,2480.67,2475.27,2475.6,98.259829,243410.441783666989,kucoin_legacy
1788213900,2475.97,2477.93,2475.86,2477.32,25.7900804,63882.191141335999,kucoin_legacy
1788214200,2477.01,2477.94,2474.48,2474.79,47.7691131,118285.309436715004,kucoin_legacy
1788214500,2474.63,2475.29,2472.6,2472.6,83.567665,206776.485239008005,kucoin_legacy
1788214800,2472.38,2472.54,2470.94,2470.94,29.8631919,73808.680225964999,kucoin_legacy
1788215100,2470.89,2471.03,2470.64,2470.91,17.0864134,42218.460065378,kucoin_legacy
1788215400,2470.91,2471.61,2469.69,2470.63,47.3815832,117097.005291783003,kucoin_legacy
1788215700,2471.05,2471.05,2469.02,2469.62,45.0630013,111287.430202914999,kucoin_legacy
1788216000,2469.75,2469.75,2468.01,2468.72,51.2810471,126625.446220796002,kucoin_legacy
1788216300,2468.73,2468.96,2467.8,2468.34,41.5323791,102517.951200201001,kucoin_legacy
1788216600,2468.35,2470.34,2468.35,2470.26,48.0178862,118561.745872688,kucoin_legacy
1788216900,2470.13,2470.13,2469.22,2469.32,28.0784553,69344.810802898995,kucoin_legacy
1788217200,2469.32,2469.32,2461.95,2462.39,114.900741,283298.195392213995,kucoin_legacy
1788217500,2462.5,2467.22,2462.5,2467.14,27.3752336,67475.834116444996,kucoin_legacy
1788217800,2467.13,2467.13,2464.4,2464.4,22.8999859,56457.949652249001,kucoin_legacy
1788218100,2464.33,2465.64,2463.43,2465.64,20.7429782,51130.353116783001,kucoin_legacy
1788218400,2465.65,2465.82,2465.02,2465.37,8.1964867,20208.34936375,kucoin_legacy
1788218700,2465.49,2466.74,2465.49,2466.35,10.4063315,25666.031348165001,kucoin_legacy
1788219000,2466.35,2466.84,2465.52,2466.08,16.5305485,40765.434017369997,kucoin_legacy
1788219300,2466.07,2466.53,2464.04,2465.91,59.5237485,146763.412311869994,kucoin_legacy
1788219600,2465.94,2467.73,2465.94,2467.33,22.6423247,55862.779243962999,kucoin_legacy
1788219900,2467.32,2467.32,2466.56,2466.92,38.9010965,95965.782782009002,kucoin_legacy
1788220200,2466.93,2467.65,2466.65,2466.69,7.5074639,18523.922131961001,kucoin_legacy
1788220500,2466.65,2467.97,2465.66,2467.52,20.1115657,49617.130151630001,kucoin_legacy
1788220800,2467.51,2467.57,2465.65,2467.57,118.9563218,293420.850434106018,kucoin_legacy
1788221100,2467.79,2473.17,2467.47,2472.41,73.5683954,181725.093050413998,kucoin_legacy
1788221400,2472.42,2473.75,2471.4,2472.35,26.7178244,66054.777811341002,kucoin_legacy
1788221700,2472.36,2475.49,2471.45,2475.02,107.883881,266851.06529420102,kucoin_legacy
1788222000,2474.94,2477.41,2474.41,2476.25,83.8542885,207618.925052914012,kucoin_legacy
1788222300,2476.25,2476.82,2474.76,2475.12,33.4722076,82876.636122066993,kucoin_legacy
1788222600,2475.13,2476.75,2471.56,2473.4,111.4534146,275693.020230534021,kucoin_legacy
1788222900,2474.1,2475.54,2471.84,2471.84,22.8610069,56557.608446858001,kucoin_legacy
1788223200,2471.74,2473.26,2471.14,2471.83,58.0223303,143410.667551504011,kucoin_legacy
1788223500,2471.83,2475.58,2471.83,2475.58,18.3699399,45437.829671011001,kucoin_legacy
1788223800,2475.59,2475.77,2471.23,2471.24,26.3163761,65102.954377814,kucoin_legacy
1788224100,2471.24,2472,2469.2,2471.56,20.896076,51630.097081382999,kucoin_legacy
1788224400,2471.71,2473.92,2470,2472.88,29.0607383,71825.715296444003,kucoin_legacy
1788224700,2472.88,2476.33,2471.63,2472.48,65.8513158,162879.698680247006,kucoin_legacy
1788225000,2472.48,2472.48,2467.16,2467.9,43.3169169,107023.887647953001,kucoin_legacy
1788225300,2468.22,2470.28,2465.7,2469.59,47.5026157,117246.299809503995,kucoin_legacy
1788225600,2469.4,2469.59,2467.82,2468.11,38.487741092933,95020.764958888059,kucoin_legacy
1788225900,2467.31,2467.31,2458.66,2461.19,178.7648085,440142.426434628025,kucoin_legacy
1788226200,2461.15,2461.97,2458.64,2461.88,80.2654339,197479.949995945004,kucoin_legacy
1788226500,2461.97,2466.47,2461.85,2466.16,33.2050295,81833.970240680996,kucoin_legacy
1788226800,2465.82,2467.8,2465.82,2467.58,8.7178282,21507.961050655998,kucoin_legacy
1788227100,2467.81,2467.81,2464.68,2465.66,51.5720869,127187.431040675001,kucoin_legacy
1788227400,2465.65,2466.03,2462.82,2463.14,61.5088171,151604.642892856005,kucoin_legacy
1788227700,2462.81,2463.56,2461.78,2462.98,38.9019294,95797.243180955993,kucoin_legacy
1788228000,2462.5,2462.5,2457.73,2460.4,77.4866644,190589.570820107008,kucoin_legacy
1788228300,2460.08,2462.02,2458.68,2459.12,40.2066869,98915.740626990999,kucoin_legacy
1788228600,2459.12,2459.61,2455.01,2457.08,81.7171455,200824.607163645007,kucoin_legacy
1788228900,2457.6,2457.99,2455.37,2457.09,26.9780916,66258.051177425004,kucoin_legacy
1788229200,2457.74,2460.18,2457.45,2460.18,56.2452133,138259.463442484004,kucoin_legacy
1788229500,2460.28,2462.36,2458.17,2458.42,245.4841127,603951.669046252966,kucoin_legacy
1788229800,2458.41,2462.98,2458.41,2461.99,19.8749169,48918.480775663003,kucoin_legacy
1788230100,2462.01,2462.16,2459.96,2459.98,20.4011124,50204.339861089,kucoin_legacy
1788230400,2459.98,2461.88,2459.98,2460.44,17.3047219,42591.515698399999,kucoin_legacy
1788230700,2460.56,2463.33,2459.76,2462.32,19.2239494,47307.836546238002,kucoin_legacy
1788231000,2462.32,2463.29,2462.09,2462.49,14.080637,34677.193316420999,kucoin_legacy
1788231300,2462.3,2464.85,2462.3,2464.85,17.0675092,42059.644531140002,kucoin_legacy
1788231600,2464.94,2466.03,2464.81,2466.03,7.1852972,17714.592694234001,kucoin_legacy
1788231900,2466.04,2466.72,2464.15,2465,44.0368135,108596.595238483002,kucoin_legacy
1788232200,2465.54,2467.19,2464.75,2465.59,47.8136853,117880.193570415999,kucoin_legacy
1788232500,2465.78,2466.84,2464.5,2466.84,42.1484956,103936.899868484994,kucoin_legacy
1788232800,2466.85,2466.85,2464.21,2464.48,7.8979748,19466.895945903001,kucoin_legacy
1788233100,2464.32,2466.77,2463.22,2466.34,40.9990286,101068.210920708996,kucoin_legacy
1788233400,2466.62,2478.09,2466.49,2477.2,63.5284208,157073.022120540001,kucoin_legacy
1788233700,2477.2,2482.5,2476.86,2480.11,135.5636309,336159.215829621011,kucoin_legacy
1788234000,2480.11,2480.56,2475.88,2476.55,108.7491286,269516.655188647972,kucoin_legacy
1788234300,2476.43,2476.43,2473.21,2474.35,59.1007905,146277.954911092005,kucoin_legacy
1788234600,2474.56,2474.61,2472.78,2473.21,26.6130034,65835.778550272007,kucoin_legacy
1788234900,2472.7,2472.71,2471.11,2472.13,5.4431752,13453.862117885001,kucoin_legacy
1788235200,2472.14,2474.05,2471.5,2471.78,10.5706186,26134.179950025002,kucoin_legacy
1788235500,2471.79,2473.47,2470.09,2473.46,34.7641976,85925.076841403003,kucoin_legacy
1788235800,2473.47,2475,2471.72,2472.93,47.9594756,118632.103482966995,kucoin_legacy
1788236100,2472.93,2476.47,2472.93,2474.95,30.8866667,76405.696480618004,kucoin_legacy
1788236400,2474.79,2475.93,2474.61,2475.48,25.9998749,64353.535881369004,kucoin_legacy
1788236700,2475.47,2478.1,2475.47,2476.58,11.0182366,27289.467765434001,kucoin_legacy
1788237000,2476.02,2477,2473.72,2473.72,8.0429959,19907.704850129001,kucoin_legacy
1788237300,2473.36,2474.28,2472.66,2472.66,12.8768024,31849.225083686,kucoin_legacy
1788237600,2472.81,2473.11,2471.19,2471.24,4.3006549,10630.194072695,kucoin_legacy
1788237900,2470.6,2472.23,2470.48,2472.01,24.4836936,60511.286131034001,kucoin_legacy
1788238200,2472.01,2472.51,2469.32,2470.61,107.90776,266610.557087918976,kucoin_legacy
1788238500,2470.57,2471.1,2468.6,2469.95,82.4961462,203714.07777120301,kucoin_legacy
1788238800,2470.3,2474.32,2468.69,2474.32,13.1234732,32426.342791674,kucoin_legacy
1788239100,2474.67,2476.83,2474.41,2475.51,16.424701,40668.785485467,kucoin_legacy
1788239400,2475.51,2475.51,2472.91,2472.92,7.4672713,18471.896551881,kucoin_legacy
1788239700,2472.93,2474.53,2472.02,2472.6,25.7909805,63791.901750431003,kucoin_legacy
1788240000,2472.08,2472.13,2470.18,2470.54,13.3008512,32865.802105602001,kucoin_legacy
1788240300,2470.53,2475.96,2470.46,2475.63,23.6348619,58472.598600785997,kucoin_legacy
1788240600,2475.43,2478.38,2475.21,2477.73,51.44316902,127453.044645605594,kucoin_legacy
1788240900,2478.11,2480.81,2477.88,2479.31,33.5204831,83095.065505519,kucoin_legacy
1788241200,2479.21,2482.04,2477.8,2481.71,14.9071555,36975.871063131002,kucoin_legacy
1788241500,2481.7,2484.21,2479.49,2484.01,54.5644725,135444.679872990993,kucoin_legacy
1788241800,2483.97,2485.33,2482.19,2484.22,22.65486195,56267.338844571997,kucoin_legacy
1788242100,2484.7,2484.88,2483.46,2484.63,26.7366442,66416.908031712999,kucoin_legacy
1788242400,2484.58,2484.58,2482.42,2483.65,14.1240246,35072.918600350997,kucoin_legacy
1788242700,2483.71,2483.71,2479.2,2479.21,36.09978252,89605.808478466599,kucoin_legacy
1788243000,2479.2,2480.21,2478.55,2479.76,39.1384047,97036.285486180001,kucoin_legacy
1788243300,2479.42,2479.42,2475.25,2475.81,32.3164855,80058.533802418999,kucoin_legacy
1788243600,2475.81,2476.56,2473.8,2473.82,25.0393832,61965.682112893002,kucoin_legacy
1788243900,2473.82,2476.91,2473.64,2475.74,75.9857554,188073.721762128989,kucoin_legacy
1788244200,2475.74,2477.62,2475.74,2476.73,21.1931696,52485.177421836997,kucoin_legacy
1788244500,2477.03,2477.71,2475.2,2477.71,31.8057726,78777.822456980997,kucoin_legacy
1788244800,2477.71,2477.71,2476.08,2476.62,21.0243555,52072.01166371,kucoin_legacy
1788245100,2476.61,2476.61,2474.36,2475.21,31.7852179,78703.142873507997,kucoin_legacy
1788245400,2475.22,2475.96,2473.11,2473.8,7.937775,19640.673876812001,kucoin_legacy
1788245700,2473.8,2473.8,2471.73,2471.73,47.0458813,116330.439389203995,kucoin_legacy
1788246000,2471.55,2474.37,2471.08,2473.59,39.095066405585,96677.545788155679,kucoin_legacy
1788246300,2473.28,2475.27,2471.93,2474.16,94.0793697,232719.18537765299,kucoin_legacy
1788246600,2474.04,2474.38,2472.5,2473.44,26.0275942,64379.705825819001,kucoin_legacy
1788246900,2473.74,2476.05,2473.66,2474.7,46.526146,115138.425285277001,kucoin_legacy
1788247200,2474.96,2476.2,2473.87,2475.38,29.4204003,72835.653670461004,kucoin_legacy
1788247500,2475.37,2476.98,2473.34,2474.86,97.4838021,241260.089540168003,kucoin_legacy
1788247800,2475.02,2475.71,2474.14,2475.6,49.6456904,122862.867518903993,kucoin_legacy
1788248100,2475.6,2475.86,2466.75,2468.87,121.9132687,301075.914661503979,kucoin_legacy
1788248400,2468.16,2470.46,2466.92,2470.46,19.1997928,47402.158463460997,kucoin_legacy
1788248700,2470.43,2472.65,2468.78,2472.29,19.212262,47451.241482156001,kucoin_legacy
1788249000,2472.29,2473.74,2471.27,2472.13,24.3405129,60178.034807408003,kucoin_legacy
1788249300,2472.15,2473.32,2471.46,2472.34,40.2385088,99475.529061198002,kucoin_legacy
1788249600,2472.35,2473.34,2470.22,2471.53,32.9096295,81359.326025728005,kucoin_legacy
1788249900,2471.3,2473.52,2461.62,2461.76,119.2566126,294066.502509956015,kucoin_legacy
1788250200,2462.4,2466.02,2462.21,2463.68,70.7501913,174297.198611842003,kucoin_legacy
1788250500,2464.03,2465.15,2457.42,2461.94,119.695537,294578.719737660023,kucoin_legacy
1788250800,2461.88,2463.8,2458.22,2459.18,70.9926222,174665.759050577006,kucoin_legacy
1788251100,2458.48,2459.9,2447.88,2448.17,224.1058774,549749.457748777,kucoin_legacy
1788251400,2448.16,2451.84,2445.03,2451.84,117.2796399,287185.021337617014,kucoin_legacy
1788251700,2451.63,2455.86,2451.32,2452.31,71.9043242,176378.156617611996,kucoin_legacy
1788252000,2452.3,2452.33,2446.86,2451.81,68.727976,168324.105505812011,kucoin_legacy
1788252300,2451.64,2454.44,2448.96,2450.94,48.3272739,118478.517758428003,kucoin_legacy
1788252600,2451.18,2451.68,2446.79,2450.34,61.2382569,149954.460872980009,kucoin_legacy
1788252900,2450.08,2451.75,2447.81,2448.09,46.3496019,113501.940954614998,kucoin_legacy
1788253200,2448.1,2449.9,2444.73,2448.46,35.5487934,86974.521598359002,kucoin_legacy
1788253500,2448.46,2448.7,2443.6,2445.59,463.83293665,1134164.600940138102,kucoin_legacy
1788253800,2445.6,2447.62,2444.35,2444.41,38.9250696,95208.675417934995,kucoin_legacy
1788254100,2444.61,2445.89,2444.04,2445.22,25.5124762,62375.14421192,kucoin_legacy
1788254400,2444.96,2450.67,2444.96,2450.67,81.258985,198826.596768245014,kucoin_legacy
1788254700,2450.66,2453.31,2449.15,2451.47,121.3821448,297561.521708854008,kucoin_legacy
1788255000,2451.48,2452.16,2450.27,2452.16,79.69231412,195363.509927277191,kucoin_legacy
1788255300,2452.16,2452.18,2449.32,2450.67,69.6908823,170775.852725061995,kucoin_legacy
1788255600,2450.68,2455.12,2450.67,2453.99,52.0322851,127702.765531719997,kucoin_legacy
1788255900,2454.21,2454.87,2451.6,2452.63,64.8395559,159044.118313465995,kucoin_legacy
1788256200,2452.24,2454.25,2451.51,2452.28,34.4915384,84608.660255462004,kucoin_legacy
1788256500,2452.36,2453.3,2451.6,2452.2,51.9683332,127447.652489996006,kucoin_legacy
1788256800,2452.19,2454.65,2451.63,2451.63,67.1971303,164864.450561809994,kucoin_legacy
1788257100,2451.63,2453.09,2450.98,2451.08,58.0594101,142347.927596600988,kucoin_legacy
1788257400,2451.08,2454.73,2449.14,2452.21,73.5353726,180328.535545507999,kucoin_legacy
1788257700,2452.14,2453.58,2448.3,2452.39,49.1741629,120500.625082571001,kucoin_legacy
1788258000,2453.11,2457.52,2452.9,2457.52,87.3605958,214539.145568292995,kucoin_legacy
1788258300,2457.54,2459,2455.57,2457.64,45.6356595,112149.581135492001,kucoin_legacy
1788258600,2457.64,2463.11,2457.63,2461.1,70.7539929,174049.996388964006,kucoin_legacy
1788258900,2461.1,2463.27,2459.38,2463.27,70.8531888,174473.699084475986,kucoin_legacy
1788259200,2463.18,2463.78,2460.7,2460.7,385.692349,950125.43427855405,kucoin_legacy
1788259500,2460.69,2462.99,2459.67,2459.83,12.4563284,30659.509994687,kucoin_legacy
1788259800,2459.67,2459.78,2456.37,2456.88,11.1593352,27422.62897528,kucoin_legacy
1788260100,2456.88,2457.44,2456.1,2457.1,8.1109404,19926.437412464998,kucoin_legacy
1788260400,2457.1,2457.1,2453.76,2456.44,58.2572227,143050.415918410989,kucoin_legacy
1788260700,2456.44,2457.12,2453.52,2454.66,26.1651661,64237.916815791003,kucoin_legacy
1788261000,2454.66,2455.37,2454.21,2454.74,12.2464825,30061.165309036998,kucoin_legacy
1788261300,2454.99,2456.6,2454.85,2455.84,11.792288,28961.230295599002,kucoin_legacy
1788261600,2455.84,2456.34,2453.01,2456.09,15.370911,37728.234788592999,kucoin_legacy
1788261900,2456.34,2457.14,2454.79,2456.56,12.7337121,31270.383804617999,kucoin_legacy
1788262200,2456.56,2459.84,2455,2459.12,126.3916116,310660.627318173996,kucoin_legacy
1788262500,2459.38,2463,2459.38,2463,74.970090008886,184552.149580131518,kucoin_legacy
1788262800,2462.76,2463.81,2460,2460.33,45.9152038,113021.306106653996,kucoin_legacy
1788263100,2460.21,2462.28,2459.56,2459.56,73.7526825,181506.60724742501,kucoin_legacy
1788263400,2459.45,2464,2459.45,2462.32,75.6652313,186253.684188721003,kucoin_legacy
1788263700,2462.56,2462.57,2458.31,2459.18,69.69185753,171456.206582314102,kucoin_legacy
1788264000,2459.18,2459.42,2453.31,2456.85,61.7598988,151698.540548488003,kucoin_legacy
1788264300,2456.84,2459.16,2455.48,2456.31,57.5078191,141312.52025418001,kucoin_legacy
1788264600,2456.56,2457.7,2454.34,2455.2,74.5329386,183036.890010214003,kucoin_legacy
1788264900,2455.73,2458.66,2453.7,2453.9,43.3096709,106397.365354316004,kucoin_legacy
1788265200,2453.92,2456.26,2452.5,2454.22,67.023818381815,164502.212082386861,kucoin_legacy
1788265500,2454.5,2457.16,2454.5,2455.31,26.3291473,64674.616590291,kucoin_legacy
1788265800,2455.31,2455.31,2449.1,2449.1,49.2743565,120787.843557247994,kucoin_legacy
1788266100,2449,2449.01,2442.14,2443.84,272.6269168,666287.445246160962,kucoin_legacy
1788266400,2444.16,2447.12,2438.61,2446.15,377.722517653067,922587.024922811426,kucoin_legacy
1788266700,2446.41,2449.58,2444.87,2446.8,43.3640855,106108.151600154,kucoin_legacy
1788267000,2446.14,2448.12,2445.63,2447.19,72.6685969,177821.915948282985,kucoin_legacy
1788267300,2447.26,2448.21,2446.02,2446.72,61.065718,149447.768454047997,kucoin_legacy
1788267600,2446.62,2447.35,2439.47,2440.61,188.4491813,460125.145888073021,kucoin_legacy
1788267900,2441.39,2443.38,2425.97,2437.56,682.5580161,1661379.533152655,kucoin_legacy
1788268200,2437.52,2443.5,2437.52,2441.53,53.4769938,130543.697384283005,kucoin_legacy
1788268500,2441.53,2444.5,2438.65,2440.22,93.3718083,227952.532631456997,kucoin_legacy
1788268800,2441.01,2441.58,2439.32,2439.97,60.0041898,146463.347358161991,kucoin_legacy
1788269100,2440.47,2444.97,2439.66,2444.38,78.8330455,192524.990522284992,kucoin_legacy
1788269400,2445,2449.81,2442.91,2443.68,67.6304524,165450.460483386007,kucoin_legacy
1788269700,2444.73,2444.73,2434.16,2435.75,107.6917159,262566.732849863998,kucoin_legacy
1788270000,2437.11,2443.9,2431.58,2443.3,227.8571454,555918.138991374988,kucoin_legacy
1788270300,2442.92,2449.48,2440.62,2445.15,210.9557565,515463.283922143979,kucoin_legacy
1788270600,2445.13,2448.34,2441.46,2442.63,156.2745769,381911.127022797009,kucoin_legacy
1788270900,2442.64,2443.67,2440.1,2443.67,45.2534985,110507.162599179006,kucoin_legacy
1788271200,2443.68,2452,2442.3,2448.16,189.4426418,463652.805279076973,kucoin_legacy
1788271500,2448.02,2456.35,2447.79,2453.71,119.9515125,294133.804988107004,kucoin_legacy
1788271800,2452.74,2454.98,2450.32,2451.24,131.3408239,322132.272601197008,kucoin_legacy
1788272100,2450.9,2454.57,2446.6,2447.72,77.461362,189874.199808875012,kucoin_legacy
1788272400,2447.73,2450.24,2446.6,2449.73,16.5289905,40470.274830773997,kucoin_legacy
1788272700,2450.28,2454.97,2450.28,2451.52,76.1751021,186785.986580808996,kucoin_legacy
1788273000,2451.26,2454.71,2450.19,2454.25,33.8121664,82932.713871739994,kucoin_legacy
1788273300,2454.25,2455.89,2452.57,2453.39,46.0752459,113068.648374558004,kucoin_legacy
1788273600,2453.49,2454.91,2451.39,2454.91,80.3670742,197110.520663292002,kucoin_legacy
1788273900,2454.91,2457.3,2453.74,2454.5,15.012651,36865.272531504001,kucoin_legacy
1788274200,2453.5,2454.53,2450.69,2451.99,45.2415854,110936.087459183997,kucoin_legacy
1788274500,2451.99,2451.99,2447.51,2449.32,85.9385011,210477.876185311005,kucoin_legacy
1788274800,2449.33,2449.58,2438.31,2439.78,173.4866826,423762.489556660003,kucoin_legacy
1788275100,2439.97,2441.21,2435.11,2435.99,70.6439432,172153.794435905991,kucoin_legacy
1788275400,2435.99,2438.9,2435.54,2438.06,32.5565867,79345.204611396999,kucoin_legacy
1788275700,2438.05,2439.79,2435.41,2438,64.7974609,157994.834204829996,kucoin_legacy
1788276000,2438.43,2440.75,2438.26,2440.27,46.7163918,113955.825792239004,kucoin_legacy
1788276300,2440.9,2443.12,2439.17,2443.12,19.7236977,48137.463724916001,kucoin_legacy
1788276600,2443.75,2446.19,2441.35,2445.4,15.7904548,38587.322062075997,kucoin_legacy
1788276900,2445.39,2447.08,2444.52,2444.59,45.0624689,110189.477054147996,kucoin_legacy
1788277200,2444.6,2449.28,2444.6,2448.96,25.4236134,62212.406045953998,kucoin_legacy
1788277500,2448.89,2451.15,2448.06,2451.15,58.063748089995,142203.723386121681,kucoin_legacy
1788277800,2451.14,2454.72,2450.4,2450.73,70.7053134,173414.632358053001,kucoin_legacy
1788278100,2450.92,2452.45,2448.98,2448.98,24.42302972,59845.510906323398,kucoin_legacy
1788278400,2448.99,2449.55,2443.54,2445.83,118.9970265,291062.884418810019,kucoin_legacy
1788278700,2445.82,2447.59,2440.11,2440.67,144.14102481,352183.404215944523,kucoin_legacy
1788279000,2440.57,2441.61,2434.37,2434.56,113.0292348,275540.425681273977,kucoin_legacy
1788279300,2434.61,2438.42,2432.82,2433.32,155.6979837,379193.264738078986,kucoin_legacy
1788279600,2433.31,2433.41,2426.22,2429.04,190.4016027,462634.73498211999,kucoin_legacy
1788279900,2429.45,2435.13,2429.09,2433.21,119.5916368,290936.333310323011,kucoin_legacy
1788280200,2433.57,2433.85,2428.4,2429.65,31.9352805,77639.637163830004,kucoin_legacy
1788280500,2429.65,2433.2,2420.21,2433.19,309.7227511,750846.521862342022,kucoin_legacy
1788280800,2433.28,2435.58,2428.17,2428.48,132.4437676,322063.845241800998,kucoin_legacy
1788281100,2429.7,2432.8,2428.27,2431.64,80.7442961,196267.430417536001,kucoin_legacy
1788281400,2431.63,2434.77,2431.3,2434.67,50.2994462,122360.204136100001,kucoin_legacy
1788281700,2434.73,2435.08,2432.78,2433.01,44.7621691,108953.350037454002,kucoin_legacy
1788282000,2433,2435,2431.67,2431.99,41.1417234,100096.166133466002,kucoin_legacy
1788282300,2432.1,2434,2431.12,2433.49,45.551923,110810.598300390004,kucoin_legacy
1788282600,2433.91,2434.46,2432.81,2433.24,58.572135,142528.140612040006,kucoin_legacy
1788282900,2433.17,2433.98,2428.19,2433.45,89.9735287,218817.745657975,kucoin_legacy
1788283200,2433.45,2436.79,2433.32,2435.44,102.5670416,249775.519603160006,kucoin_legacy
1788283500,2435.44,2435.45,2431.51,2432.86,61.4906601,149654.537901223986,kucoin_legacy
1788283800,2432.87,2439.06,2432.82,2437.34,51.0159448,124291.836751223003,kucoin_legacy
1788284100,2437.24,2437.67,2434.32,2434.84,27.8280529,67794.669814836001,kucoin_legacy
1788284400,2434.79,2436.96,2433.01,2433.37,22.4036819,54558.044598248998,kucoin_legacy
1788284700,2433.36,2433.36,2425.18,2427.81,194.7696381,473134.66323490598,kucoin_legacy
