{
  "schema": "baseline_probs_v1",
  "source_labels": "data/labels/labels_v1.csv",
  "n_rows_labels": 1043,
  "thresholds": [
    0.5,
    1.0,
    2.0,
    3.0,
    5.0
  ],
  "horizons": [
    12,
    24,
    36,
    48,
    60,
    72,
    84,
    96
  ],
  "results": {
    "0.5": {
      "12": {
        "n_total": 1043,
        "n_hit": 708,
        "p_hit": 0.678811,
        "t_hit_p25": 1.0,
        "t_hit_median": 3.0,
        "t_hit_p75": 5.0,
        "mdd_p25": -0.67755,
        "mdd_median": -0.2626,
        "mdd_p75": -0.05055
      },
      "24": {
        "n_total": 1043,
        "n_hit": 826,
        "p_hit": 0.791946,
        "t_hit_p25": 1.0,
        "t_hit_median": 3.0,
        "t_hit_p75": 8.0,
        "mdd_p25": -0.8421250000000001,
        "mdd_median": -0.33665,
        "mdd_p75": -0.083275
      },
      "36": {
        "n_total": 1043,
        "n_hit": 868,
        "p_hit": 0.832215,
        "t_hit_p25": 1.0,
        "t_hit_median": 4.0,
        "t_hit_p75": 9.0,
        "mdd_p25": -0.9269499999999999,
        "mdd_median": -0.3688,
        "mdd_p75": -0.0926
      },
      "48": {
        "n_total": 1043,
        "n_hit": 878,
        "p_hit": 0.841802,
        "t_hit_p25": 1.0,
        "t_hit_median": 4.0,
        "t_hit_p75": 10.0,
        "mdd_p25": -0.93925,
        "mdd_median": -0.3754,
        "mdd_p75": -0.095775
      },
      "60": {
        "n_total": 1043,
        "n_hit": 892,
        "p_hit": 0.855225,
        "t_hit_p25": 1.0,
        "t_hit_median": 4.0,
        "t_hit_p75": 10.0,
        "mdd_p25": -0.9834499999999999,
        "mdd_median": -0.38625,
        "mdd_p75": -0.100825
      },
      "72": {
        "n_total": 1043,
        "n_hit": 914,
        "p_hit": 0.876318,
        "t_hit_p25": 2.0,
        "t_hit_median": 4.0,
        "t_hit_p75": 11.0,
        "mdd_p25": -1.0567,
        "mdd_median": -0.4097,
        "mdd_p75": -0.10415
      },
      "84": {
        "n_total": 1043,
        "n_hit": 930,
        "p_hit": 0.891659,
        "t_hit_p25": 2.0,
        "t_hit_median": 4.0,
        "t_hit_p75": 12.0,
        "mdd_p25": -1.149175,
        "mdd_median": -0.42005,
        "mdd_p75": -0.1057
      },
      "96": {
        "n_total": 1043,
        "n_hit": 936,
        "p_hit": 0.897411,
        "t_hit_p25": 2.0,
        "t_hit_median": 4.0,
        "t_hit_p75": 12.0,
        "mdd_p25": -1.1688749999999999,
        "mdd_median": -0.427,
        "mdd_p75": -0.10615000000000001
      }
    },
    "1.0": {
      "12": {
        "n_total": 1043,
        "n_hit": 498,
        "p_hit": 0.477469,
        "t_hit_p25": 2.0,
        "t_hit_median": 4.0,
        "t_hit_p75": 7.0,
        "mdd_p25": -0.80855,
        "mdd_median": -0.2954,
        "mdd_p75": -0.061375
      },
      "24": {
        "n_total": 1043,
        "n_hit": 648,
        "p_hit": 0.621285,
        "t_hit_p25": 3.0,
        "t_hit_median": 6.0,
        "t_hit_p75": 12.0,
        "mdd_p25": -0.98415,
        "mdd_median": -0.41475,
        "mdd_p75": -0.101725
      },
      "36": {
        "n_total": 1043,
        "n_hit": 729,
        "p_hit": 0.698945,
        "t_hit_p25": 3.0,
        "t_hit_median": 7.0,
        "t_hit_p75": 16.0,
        "mdd_p25": -1.0666,
        "mdd_median": -0.4433,
        "mdd_p75": -0.1272
      },
      "48": {
        "n_total": 1043,
        "n_hit": 764,
        "p_hit": 0.732502,
        "t_hit_p25": 3.0,
        "t_hit_median": 7.0,
        "t_hit_p75": 18.0,
        "mdd_p25": -1.1219999999999999,
        "mdd_median": -0.4514,
        "mdd_p75": -0.13915
      },
      "60": {
        "n_total": 1043,
        "n_hit": 800,
        "p_hit": 0.767018,
        "t_hit_p25": 4.0,
        "t_hit_median": 8.0,
        "t_hit_p75": 20.0,
        "mdd_p25": -1.236525,
        "mdd_median": -0.4769,
        "mdd_p75": -0.148125
      },
      "72": {
        "n_total": 1043,
        "n_hit": 831,
        "p_hit": 0.79674,
        "t_hit_p25": 4.0,
        "t_hit_median": 9.0,
        "t_hit_p75": 22.0,
        "mdd_p25": -1.34605,
        "mdd_median": -0.5065,
        "mdd_p75": -0.15965000000000001
      },
      "84": {
        "n_total": 1043,
        "n_hit": 852,
        "p_hit": 0.816874,
        "t_hit_p25": 4.0,
        "t_hit_median": 9.0,
        "t_hit_p75": 23.0,
        "mdd_p25": -1.396825,
        "mdd_median": -0.53125,
        "mdd_p75": -0.1633
      },
      "96": {
        "n_total": 1043,
        "n_hit": 863,
        "p_hit": 0.827421,
        "t_hit_p25": 4.0,
        "t_hit_median": 9.0,
        "t_hit_p75": 24.0,
        "mdd_p25": -1.46385,
        "mdd_median": -0.5428,
        "mdd_p75": -0.1679
      }
    },
    "2.0": {
      "12": {
        "n_total": 1043,
        "n_hit": 227,
        "p_hit": 0.217641,
        "t_hit_p25": 3.0,
        "t_hit_median": 6.0,
        "t_hit_p75": 9.0,
        "mdd_p25": -0.7985,
        "mdd_median": -0.3594,
        "mdd_p75": -0.07264999999999999
      },
      "24": {
        "n_total": 1043,
        "n_hit": 388,
        "p_hit": 0.372004,
        "t_hit_p25": 5.0,
        "t_hit_median": 10.0,
        "t_hit_p75": 17.0,
        "mdd_p25": -1.16445,
        "mdd_median": -0.5255000000000001,
        "mdd_p75": -0.1633
      },
      "36": {
        "n_total": 1043,
        "n_hit": 481,
        "p_hit": 0.46117,
        "t_hit_p25": 6.0,
        "t_hit_median": 13.0,
        "t_hit_p75": 21.0,
        "mdd_p25": -1.0937,
        "mdd_median": -0.4818,
        "mdd_p75": -0.1624
      },
      "48": {
        "n_total": 1043,
        "n_hit": 563,
        "p_hit": 0.539789,
        "t_hit_p25": 7.0,
        "t_hit_median": 16.0,
        "t_hit_p75": 30.0,
        "mdd_p25": -1.2042,
        "mdd_median": -0.5066,
        "mdd_p75": -0.17745
      },
      "60": {
        "n_total": 1043,
        "n_hit": 623,
        "p_hit": 0.597315,
        "t_hit_p25": 8.0,
        "t_hit_median": 18.0,
        "t_hit_p75": 35.0,
        "mdd_p25": -1.27175,
        "mdd_median": -0.5454,
        "mdd_p75": -0.20745
      },
      "72": {
        "n_total": 1043,
        "n_hit": 666,
        "p_hit": 0.638543,
        "t_hit_p25": 9.0,
        "t_hit_median": 20.0,
        "t_hit_p75": 40.0,
        "mdd_p25": -1.34165,
        "mdd_median": -0.5943499999999999,
        "mdd_p75": -0.23885
      },
      "84": {
        "n_total": 1043,
        "n_hit": 691,
        "p_hit": 0.662512,
        "t_hit_p25": 9.0,
        "t_hit_median": 21.0,
        "t_hit_p75": 42.5,
        "mdd_p25": -1.4039,
        "mdd_median": -0.6207,
        "mdd_p75": -0.2479
      },
      "96": {
        "n_total": 1043,
        "n_hit": 713,
        "p_hit": 0.683605,
        "t_hit_p25": 9.0,
        "t_hit_median": 21.0,
        "t_hit_p75": 44.0,
        "mdd_p25": -1.4842,
        "mdd_median": -0.6549,
        "mdd_p75": -0.2637
      }
    },
    "3.0": {
      "12": {
        "n_total": 1043,
        "n_hit": 110,
        "p_hit": 0.105465,
        "t_hit_p25": 4.0,
        "t_hit_median": 6.0,
        "t_hit_p75": 10.0,
        "mdd_p25": -0.8084,
        "mdd_median": -0.33314999999999995,
        "mdd_p75": -0.11910000000000001
      },
      "24": {
        "n_total": 1043,
        "n_hit": 193,
        "p_hit": 0.185043,
        "t_hit_p25": 6.0,
        "t_hit_median": 11.0,
        "t_hit_p75": 18.0,
        "mdd_p25": -0.7982,
        "mdd_median": -0.3775,
        "mdd_p75": -0.1176
      },
      "36": {
        "n_total": 1043,
        "n_hit": 283,
        "p_hit": 0.271333,
        "t_hit_p25": 8.5,
        "t_hit_median": 18.0,
        "t_hit_p75": 28.0,
        "mdd_p25": -0.9376,
        "mdd_median": -0.4585,
        "mdd_p75": -0.14429999999999998
      },
      "48": {
        "n_total": 1043,
        "n_hit": 356,
        "p_hit": 0.341323,
        "t_hit_p25": 10.0,
        "t_hit_median": 23.0,
        "t_hit_p75": 34.0,
        "mdd_p25": -0.991575,
        "mdd_median": -0.49005,
        "mdd_p75": -0.194675
      },