{
  "schema": "baseline_probs_v1",
  "source_labels": "data/labels/labels_v1.csv",
  "n_rows_labels": 2349,
  "thresholds": [
    0.5,
    1.0,
    2.0,
    3.0,
    5.0
  ],
  "horizons": [
    12,
    24,
    36,
    48,
    60,
    72,
    84,
    96
  ],
  "results": {
    "0.5": {
      "12": {
        "n_total": 2349,
        "n_hit": 1690,
        "p_hit": 0.719455,
        "t_hit_p25": 1.0,
        "t_hit_median": 2.0,
        "t_hit_p75": 4.0,
        "mdd_p25": -0.7981,
        "mdd_median": -0.30845,
        "mdd_p75": -0.05625
      },
      "24": {
        "n_total": 2349,
        "n_hit": 1905,
        "p_hit": 0.810983,
        "t_hit_p25": 1.0,
        "t_hit_median": 3.0,
        "t_hit_p75": 6.0,
        "mdd_p25": -0.9453,
        "mdd_median": -0.3709,
        "mdd_p75": -0.0869
      },
      "36": {
        "n_total": 2349,
        "n_hit": 2010,
        "p_hit": 0.855683,
        "t_hit_p25": 1.0,
        "t_hit_median": 3.0,
        "t_hit_p75": 8.0,
        "mdd_p25": -1.0559,
        "mdd_median": -0.41375,
        "mdd_p75": -0.10177499999999999
      },
      "48": {
        "n_total": 2349,
        "n_hit": 2049,
        "p_hit": 0.872286,
        "t_hit_p25": 1.0,
        "t_hit_median": 3.0,
        "t_hit_p75": 8.0,
        "mdd_p25": -1.1454,
        "mdd_median": -0.428,
        "mdd_p75": -0.1048
      },
      "60": {
        "n_total": 2349,
        "n_hit": 2071,
        "p_hit": 0.881652,
        "t_hit_p25": 1.0,
        "t_hit_median": 3.0,
        "t_hit_p75": 9.0,
        "mdd_p25": -1.1751,
        "mdd_median": -0.4385,
        "mdd_p75": -0.1071
      },
      "72": {
        "n_total": 2349,
        "n_hit": 2106,
        "p_hit": 0.896552,
        "t_hit_p25": 1.0,
        "t_hit_median": 3.0,
        "t_hit_p75": 9.0,
        "mdd_p25": -1.2578,
        "mdd_median": -0.45105,
        "mdd_p75": -0.112675
      },
      "84": {
        "n_total": 2349,
        "n_hit": 2145,
        "p_hit": 0.913155,
        "t_hit_p25": 1.0,
        "t_hit_median": 3.0,
        "t_hit_p75": 10.0,
        "mdd_p25": -1.3455,
        "mdd_median": -0.4738,
        "mdd_p75": -0.1177
      },
      "96": {
        "n_total": 2349,
        "n_hit": 2169,
        "p_hit": 0.923372,
        "t_hit_p25": 1.0,
        "t_hit_median": 3.0,
        "t_hit_p75": 10.0,
        "mdd_p25": -1.3777,
        "mdd_median": -0.4826,
        "mdd_p75": -0.1209
      }
    },
    "1.0": {
      "12": {
        "n_total": 2349,
        "n_hit": 1256,
        "p_hit": 0.534696,
        "t_hit_p25": 2.0,
        "t_hit_median": 4.0,
        "t_hit_p75": 7.0,
        "mdd_p25": -0.998775,
        "mdd_median": -0.40565,
        "mdd_p75": -0.08277499999999999
      },
      "24": {
        "n_total": 2349,
        "n_hit": 1540,
        "p_hit": 0.655598,
        "t_hit_p25": 2.0,
        "t_hit_median": 5.0,
        "t_hit_p75": 10.0,
        "mdd_p25": -1.1735,
        "mdd_median": -0.49995,
        "mdd_p75": -0.1356
      },
      "36": {
        "n_total": 2349,
        "n_hit": 1723,
        "p_hit": 0.733504,
        "t_hit_p25": 2.0,
        "t_hit_median": 6.0,
        "t_hit_p75": 14.0,
        "mdd_p25": -1.3715,
        "mdd_median": -0.5477,
        "mdd_p75": -0.16435
      },
      "48": {
        "n_total": 2349,
        "n_hit": 1809,
        "p_hit": 0.770115,
        "t_hit_p25": 3.0,
        "t_hit_median": 6.0,
        "t_hit_p75": 16.0,
        "mdd_p25": -1.4668,
        "mdd_median": -0.5803,
        "mdd_p75": -0.175
      },
      "60": {
        "n_total": 2349,
        "n_hit": 1882,
        "p_hit": 0.801192,
        "t_hit_p25": 3.0,
        "t_hit_median": 7.0,
        "t_hit_p75": 18.0,
        "mdd_p25": -1.5888749999999998,
        "mdd_median": -0.61615,
        "mdd_p75": -0.190025
      },
      "72": {
        "n_total": 2349,
        "n_hit": 1942,
        "p_hit": 0.826735,
        "t_hit_p25": 3.0,
        "t_hit_median": 7.0,
        "t_hit_p75": 20.0,
        "mdd_p25": -1.697,
        "mdd_median": -0.6669499999999999,
        "mdd_p75": -0.20417500000000002
      },
      "84": {
        "n_total": 2349,
        "n_hit": 1994,
        "p_hit": 0.848872,
        "t_hit_p25": 3.0,
        "t_hit_median": 7.0,
        "t_hit_p75": 22.0,
        "mdd_p25": -1.815175,
        "mdd_median": -0.70225,
        "mdd_p75": -0.218025
      },
      "96": {
        "n_total": 2349,
        "n_hit": 2027,
        "p_hit": 0.86292,
        "t_hit_p25": 3.0,
        "t_hit_median": 8.0,
        "t_hit_p75": 23.0,
        "mdd_p25": -1.89955,
        "mdd_median": -0.7309,
        "mdd_p75": -0.2246
      }
    },
    "2.0": {
      "12": {
        "n_total": 2349,
        "n_hit": 630,
        "p_hit": 0.268199,
        "t_hit_p25": 3.0,
        "t_hit_median": 5.0,
        "t_hit_p75": 8.0,
        "mdd_p25": -0.996525,
        "mdd_median": -0.41655,
        "mdd_p75": -0.105
      },
      "24": {
        "n_total": 2349,
        "n_hit": 991,
        "p_hit": 0.421882,
        "t_hit_p25": 4.0,
        "t_hit_median": 9.0,
        "t_hit_p75": 16.0,
        "mdd_p25": -1.3498999999999999,
        "mdd_median": -0.5981,
        "mdd_p75": -0.18705
      },
      "36": {
        "n_total": 2349,
        "n_hit": 1226,
        "p_hit": 0.521924,
        "t_hit_p25": 5.0,
        "t_hit_median": 12.0,
        "t_hit_p75": 22.0,
        "mdd_p25": -1.589575,
        "mdd_median": -0.7342,
        "mdd_p75": -0.23435
      },
      "48": {
        "n_total": 2349,
        "n_hit": 1390,
        "p_hit": 0.591741,
        "t_hit_p25": 6.0,
        "t_hit_median": 15.0,
        "t_hit_p75": 27.0,
        "mdd_p25": -1.6826,
        "mdd_median": -0.83765,
        "mdd_p75": -0.27009999999999995
      },
      "60": {
        "n_total": 2349,
        "n_hit": 1500,
        "p_hit": 0.63857,
        "t_hit_p25": 6.0,
        "t_hit_median": 16.0,
        "t_hit_p75": 31.0,
        "mdd_p25": -1.752325,
        "mdd_median": -0.9063,
        "mdd_p75": -0.2927
      },
      "72": {
        "n_total": 2349,
        "n_hit": 1606,
        "p_hit": 0.683695,
        "t_hit_p25": 7.0,
        "t_hit_median": 17.0,
        "t_hit_p75": 35.0,
        "mdd_p25": -1.971025,
        "mdd_median": -0.97915,
        "mdd_p75": -0.318325
      },
      "84": {
        "n_total": 2349,
        "n_hit": 1681,
        "p_hit": 0.715624,
        "t_hit_p25": 7.0,
        "t_hit_median": 19.0,
        "t_hit_p75": 39.0,
        "mdd_p25": -2.1776,
        "mdd_median": -1.0553,
        "mdd_p75": -0.3427
      },
      "96": {
        "n_total": 2349,
        "n_hit": 1749,
        "p_hit": 0.744572,
        "t_hit_p25": 7.0,
        "t_hit_median": 20.0,
        "t_hit_p75": 42.0,
        "mdd_p25": -2.3239,
        "mdd_median": -1.1351,
        "mdd_p75": -0.3641
      }
    },
    "3.0": {
      "12": {
        "n_total": 2349,
        "n_hit": 356,
        "p_hit": 0.151554,
        "t_hit_p25": 3.0,
        "t_hit_median": 6.0,
        "t_hit_p75": 9.0,
        "mdd_p25": -0.963875,
        "mdd_median": -0.39339999999999997,
        "mdd_p75": -0.11560000000000001
      },
      "24": {
        "n_total": 2349,
        "n_hit": 603,
        "p_hit": 0.256705,
        "t_hit_p25": 5.0,
        "t_hit_median": 10.0,
        "t_hit_p75": 17.0,
        "mdd_p25": -1.34805,
        "mdd_median": -0.5722,
        "mdd_p75": -0.17195
      },
      "36": {
        "n_total": 2349,
        "n_hit": 839,
        "p_hit": 0.357173,
        "t_hit_p25": 7.0,
        "t_hit_median": 15.0,
        "t_hit_p75": 26.0,
        "mdd_p25": -1.65425,
        "mdd_median": -0.7144,
        "mdd_p75": -0.22865000000000002
      },
      "48": {
        "n_total": 2349,
        "n_hit": 1022,
        "p_hit": 0.435079,
        "t_hit_p25": 8.0,
        "t_hit_median": 20.0,
        "t_hit_p75": 32.0,
        "mdd_p25": -1.8068499999999998,
        "mdd_median": -0.8887499999999999,
        "mdd_p75": -0.283475
      },