{
  "schema": "baseline_probs_v1",
  "source_labels": "data/labels/labels_v1.csv",
  "n_rows_labels": 1376,
  "thresholds": [
    0.5,
    1.0,
    2.0,
    3.0,
    5.0
  ],
  "horizons": [
    12,
    24,
    36,
    48,
    60,
    72,
    84,
    96
  ],
  "results": {
    "0.5": {
      "12": {
        "n_total": 1376,
        "n_hit": 965,
        "p_hit": 0.701308,
        "t_hit_p25": 1.0,
        "t_hit_median": 2.0,
        "t_hit_p75": 5.0,
        "mdd_p25": -0.8194,
        "mdd_median": -0.2805,
        "mdd_p75": -0.0528
      },
      "24": {
        "n_total": 1376,
        "n_hit": 1106,
        "p_hit": 0.803779,
        "t_hit_p25": 1.0,
        "t_hit_median": 3.0,
        "t_hit_p75": 7.0,
        "mdd_p25": -0.973225,
        "mdd_median": -0.36819999999999997,
        "mdd_p75": -0.0832
      },
      "36": {
        "n_total": 1376,
        "n_hit": 1154,
        "p_hit": 0.838663,
        "t_hit_p25": 1.0,
        "t_hit_median": 3.0,
        "t_hit_p75": 8.0,
        "mdd_p25": -1.002075,
        "mdd_median": -0.39,
        "mdd_p75": -0.09305000000000001
      },
      "48": {
        "n_total": 1376,
        "n_hit": 1164,
        "p_hit": 0.84593,
        "t_hit_p25": 1.0,
        "t_hit_median": 3.0,
        "t_hit_p75": 9.0,
        "mdd_p25": -1.043275,
        "mdd_median": -0.4003,
        "mdd_p75": -0.09522499999999999
      },
      "60": {
        "n_total": 1376,
        "n_hit": 1178,
        "p_hit": 0.856105,
        "t_hit_p25": 1.0,
        "t_hit_median": 3.0,
        "t_hit_p75": 9.0,
        "mdd_p25": -1.08595,
        "mdd_median": -0.41005,
        "mdd_p75": -0.10067499999999999
      },
      "72": {
        "n_total": 1376,
        "n_hit": 1205,
        "p_hit": 0.875727,
        "t_hit_p25": 1.0,
        "t_hit_median": 3.0,
        "t_hit_p75": 10.0,
        "mdd_p25": -1.1687,
        "mdd_median": -0.426,
        "mdd_p75": -0.1035
      },
      "84": {
        "n_total": 1376,
        "n_hit": 1231,
        "p_hit": 0.894622,
        "t_hit_p25": 1.0,
        "t_hit_median": 3.0,
        "t_hit_p75": 10.0,
        "mdd_p25": -1.2633,
        "mdd_median": -0.4433,
        "mdd_p75": -0.1057
      },
      "96": {
        "n_total": 1376,
        "n_hit": 1247,
        "p_hit": 0.90625,
        "t_hit_p25": 1.0,
        "t_hit_median": 3.0,
        "t_hit_p75": 11.0,
        "mdd_p25": -1.32385,
        "mdd_median": -0.4582,
        "mdd_p75": -0.10815
      }
    },
    "1.0": {
      "12": {
        "n_total": 1376,
        "n_hit": 712,
        "p_hit": 0.517442,
        "t_hit_p25": 2.0,
        "t_hit_median": 4.0,
        "t_hit_p75": 7.0,
        "mdd_p25": -0.9956,
        "mdd_median": -0.37295,
        "mdd_p75": -0.0789
      },
      "24": {
        "n_total": 1376,
        "n_hit": 885,
        "p_hit": 0.643169,
        "t_hit_p25": 2.0,
        "t_hit_median": 5.0,
        "t_hit_p75": 10.0,
        "mdd_p25": -1.1293,
        "mdd_median": -0.4665,
        "mdd_p75": -0.1176
      },
      "36": {
        "n_total": 1376,
        "n_hit": 977,
        "p_hit": 0.710029,
        "t_hit_p25": 3.0,
        "t_hit_median": 6.0,
        "t_hit_p75": 14.0,
        "mdd_p25": -1.2181,
        "mdd_median": -0.4798,
        "mdd_p75": -0.1445
      },
      "48": {
        "n_total": 1376,
        "n_hit": 1013,
        "p_hit": 0.736192,
        "t_hit_p25": 3.0,
        "t_hit_median": 7.0,
        "t_hit_p75": 15.0,
        "mdd_p25": -1.2462,
        "mdd_median": -0.4848,
        "mdd_p75": -0.1558
      },
      "60": {
        "n_total": 1376,
        "n_hit": 1053,
        "p_hit": 0.765262,
        "t_hit_p25": 3.0,
        "t_hit_median": 7.0,
        "t_hit_p75": 17.0,
        "mdd_p25": -1.337,
        "mdd_median": -0.5227,
        "mdd_p75": -0.1608
      },
      "72": {
        "n_total": 1376,
        "n_hit": 1095,
        "p_hit": 0.795785,
        "t_hit_p25": 3.0,
        "t_hit_median": 7.0,
        "t_hit_p75": 19.0,
        "mdd_p25": -1.4113,
        "mdd_median": -0.5526,
        "mdd_p75": -0.16975
      },
      "84": {
        "n_total": 1376,
        "n_hit": 1126,
        "p_hit": 0.818314,
        "t_hit_p25": 3.0,
        "t_hit_median": 8.0,
        "t_hit_p75": 21.0,
        "mdd_p25": -1.5373,
        "mdd_median": -0.58585,
        "mdd_p75": -0.172425
      },
      "96": {
        "n_total": 1376,
        "n_hit": 1145,
        "p_hit": 0.832122,
        "t_hit_p25": 3.0,
        "t_hit_median": 8.0,
        "t_hit_p75": 22.0,
        "mdd_p25": -1.5877,
        "mdd_median": -0.5963,
        "mdd_p75": -0.176
      }
    },
    "2.0": {
      "12": {
        "n_total": 1376,
        "n_hit": 340,
        "p_hit": 0.247093,
        "t_hit_p25": 3.0,
        "t_hit_median": 5.0,
        "t_hit_p75": 9.0,
        "mdd_p25": -1.0827,
        "mdd_median": -0.40785,
        "mdd_p75": -0.12455000000000001
      },
      "24": {
        "n_total": 1376,
        "n_hit": 544,
        "p_hit": 0.395349,
        "t_hit_p25": 4.0,
        "t_hit_median": 9.0,
        "t_hit_p75": 16.0,
        "mdd_p25": -1.2530000000000001,
        "mdd_median": -0.57155,
        "mdd_p75": -0.172475
      },
      "36": {
        "n_total": 1376,
        "n_hit": 660,
        "p_hit": 0.479651,
        "t_hit_p25": 5.0,
        "t_hit_median": 12.0,
        "t_hit_p75": 21.0,
        "mdd_p25": -1.307475,
        "mdd_median": -0.5744,
        "mdd_p75": -0.17572500000000002
      },
      "48": {
        "n_total": 1376,
        "n_hit": 754,
        "p_hit": 0.547965,
        "t_hit_p25": 6.0,
        "t_hit_median": 15.0,
        "t_hit_p75": 27.0,
        "mdd_p25": -1.340525,
        "mdd_median": -0.58585,
        "mdd_p75": -0.20617500000000002
      },
      "60": {
        "n_total": 1376,
        "n_hit": 818,
        "p_hit": 0.594477,
        "t_hit_p25": 6.25,
        "t_hit_median": 16.0,
        "t_hit_p75": 32.0,
        "mdd_p25": -1.3904249999999998,
        "mdd_median": -0.60675,
        "mdd_p75": -0.2348
      },
      "72": {
        "n_total": 1376,
        "n_hit": 873,
        "p_hit": 0.634448,
        "t_hit_p25": 7.0,
        "t_hit_median": 17.0,
        "t_hit_p75": 36.0,
        "mdd_p25": -1.4803,
        "mdd_median": -0.7081,
        "mdd_p75": -0.2594
      },
      "84": {
        "n_total": 1376,
        "n_hit": 912,
        "p_hit": 0.662791,
        "t_hit_p25": 7.0,
        "t_hit_median": 18.0,
        "t_hit_p75": 40.0,
        "mdd_p25": -1.5876249999999998,
        "mdd_median": -0.7858499999999999,
        "mdd_p75": -0.27295
      },
      "96": {
        "n_total": 1376,
        "n_hit": 942,
        "p_hit": 0.684593,
        "t_hit_p25": 8.0,
        "t_hit_median": 19.0,
        "t_hit_p75": 42.75,
        "mdd_p25": -1.66005,
        "mdd_median": -0.8429500000000001,
        "mdd_p75": -0.2784
      }
    },
    "3.0": {
      "12": {
        "n_total": 1376,
        "n_hit": 168,
        "p_hit": 0.122093,
        "t_hit_p25": 3.0,
        "t_hit_median": 5.5,
        "t_hit_p75": 9.0,
        "mdd_p25": -0.9993749999999999,
        "mdd_median": -0.42374999999999996,
        "mdd_p75": -0.144475
      },
      "24": {
        "n_total": 1376,
        "n_hit": 283,
        "p_hit": 0.205669,
        "t_hit_p25": 5.0,
        "t_hit_median": 10.0,
        "t_hit_p75": 17.5,
        "mdd_p25": -1.10615,
        "mdd_median": -0.4653,
        "mdd_p75": -0.1467
      },
      "36": {
        "n_total": 1376,
        "n_hit": 387,
        "p_hit": 0.28125,
        "t_hit_p25": 6.0,
        "t_hit_median": 16.0,
        "t_hit_p75": 25.0,
        "mdd_p25": -1.1640000000000001,
        "mdd_median": -0.5351,
        "mdd_p75": -0.16935
      },
      "48": {
        "n_total": 1376,
        "n_hit": 481,
        "p_hit": 0.349564,
        "t_hit_p25": 8.0,
        "t_hit_median": 21.0,
        "t_hit_p75": 33.0,
        "mdd_p25": -1.2711,
        "mdd_median": -0.5708,
        "mdd_p75": -0.2073
      },