{
  "schema": "baseline_probs_v1",
  "source_labels": "data/labels/labels_v1.csv",
  "n_rows_labels": 1722,
  "thresholds": [
    0.5,
    1.0,
    2.0,
    3.0,
    5.0
  ],
  "horizons": [
    12,
    24,
    36,
    48,
    60,
    72,
    84,
    96
  ],
  "results": {
    "0.5": {
      "12": {
        "n_total": 1722,
        "n_hit": 1242,
        "p_hit": 0.721254,
        "t_hit_p25": 1.0,
        "t_hit_median": 2.0,
        "t_hit_p75": 4.0,
        "mdd_p25": -0.83535,
        "mdd_median": -0.30845,
        "mdd_p75": -0.057525
      },
      "24": {
        "n_total": 1722,
        "n_hit": 1398,
        "p_hit": 0.811847,
        "t_hit_p25": 1.0,
        "t_hit_median": 2.5,
        "t_hit_p75": 6.0,
        "mdd_p25": -0.974025,
        "mdd_median": -0.3754,
        "mdd_p75": -0.09135000000000001
      },
      "36": {
        "n_total": 1722,
        "n_hit": 1466,
        "p_hit": 0.851336,
        "t_hit_p25": 1.0,
        "t_hit_median": 3.0,
        "t_hit_p75": 7.0,
        "mdd_p25": -1.06165,
        "mdd_median": -0.4096,
        "mdd_p75": -0.10177499999999999
      },
      "48": {
        "n_total": 1722,
        "n_hit": 1487,
        "p_hit": 0.863531,
        "t_hit_p25": 1.0,
        "t_hit_median": 3.0,
        "t_hit_p75": 8.0,
        "mdd_p25": -1.12615,
        "mdd_median": -0.4181,
        "mdd_p75": -0.1042
      },
      "60": {
        "n_total": 1722,
        "n_hit": 1501,
        "p_hit": 0.871661,
        "t_hit_p25": 1.0,
        "t_hit_median": 3.0,
        "t_hit_p75": 8.0,
        "mdd_p25": -1.152,
        "mdd_median": -0.4258,
        "mdd_p75": -0.1056
      },
      "72": {
        "n_total": 1722,
        "n_hit": 1530,
        "p_hit": 0.888502,
        "t_hit_p25": 1.0,
        "t_hit_median": 3.0,
        "t_hit_p75": 9.0,
        "mdd_p25": -1.2346,
        "mdd_median": -0.4397,
        "mdd_p75": -0.1092
      },
      "84": {
        "n_total": 1722,
        "n_hit": 1557,
        "p_hit": 0.904181,
        "t_hit_p25": 1.0,
        "t_hit_median": 3.0,
        "t_hit_p75": 9.0,
        "mdd_p25": -1.3075,
        "mdd_median": -0.4615,
        "mdd_p75": -0.1164
      },
      "96": {
        "n_total": 1722,
        "n_hit": 1576,
        "p_hit": 0.915215,
        "t_hit_p25": 1.0,
        "t_hit_median": 3.0,
        "t_hit_p75": 10.0,
        "mdd_p25": -1.3527749999999998,
        "mdd_median": -0.4727,
        "mdd_p75": -0.11767499999999999
      }
    },
    "1.0": {
      "12": {
        "n_total": 1722,
        "n_hit": 925,
        "p_hit": 0.537166,
        "t_hit_p25": 2.0,
        "t_hit_median": 4.0,
        "t_hit_p75": 7.0,
        "mdd_p25": -1.0054,
        "mdd_median": -0.4058,
        "mdd_p75": -0.0916
      },
      "24": {
        "n_total": 1722,
        "n_hit": 1126,
        "p_hit": 0.653891,
        "t_hit_p25": 2.0,
        "t_hit_median": 5.0,
        "t_hit_p75": 10.0,
        "mdd_p25": -1.201875,
        "mdd_median": -0.4808,
        "mdd_p75": -0.13157500000000003
      },
      "36": {
        "n_total": 1722,
        "n_hit": 1250,
        "p_hit": 0.7259,
        "t_hit_p25": 2.0,
        "t_hit_median": 6.0,
        "t_hit_p75": 13.0,
        "mdd_p25": -1.3572000000000002,
        "mdd_median": -0.5342,
        "mdd_p75": -0.15635
      },
      "48": {
        "n_total": 1722,
        "n_hit": 1305,
        "p_hit": 0.75784,
        "t_hit_p25": 2.0,
        "t_hit_median": 6.0,
        "t_hit_p75": 15.0,
        "mdd_p25": -1.3861,
        "mdd_median": -0.5429,
        "mdd_p75": -0.1651
      },
      "60": {
        "n_total": 1722,
        "n_hit": 1359,
        "p_hit": 0.789199,
        "t_hit_p25": 3.0,
        "t_hit_median": 6.0,
        "t_hit_p75": 17.5,
        "mdd_p25": -1.50475,
        "mdd_median": -0.5803,
        "mdd_p75": -0.17245
      },
      "72": {
        "n_total": 1722,
        "n_hit": 1408,
        "p_hit": 0.817654,
        "t_hit_p25": 3.0,
        "t_hit_median": 7.0,
        "t_hit_p75": 19.0,
        "mdd_p25": -1.6292749999999998,
        "mdd_median": -0.61485,
        "mdd_p75": -0.18415
      },
      "84": {
        "n_total": 1722,
        "n_hit": 1442,
        "p_hit": 0.837398,
        "t_hit_p25": 3.0,
        "t_hit_median": 7.0,
        "t_hit_p75": 21.0,
        "mdd_p25": -1.7193500000000002,
        "mdd_median": -0.6455,
        "mdd_p75": -0.192275
      },
      "96": {
        "n_total": 1722,
        "n_hit": 1462,
        "p_hit": 0.849013,
        "t_hit_p25": 3.0,
        "t_hit_median": 7.0,
        "t_hit_p75": 22.0,
        "mdd_p25": -1.785625,
        "mdd_median": -0.6681,
        "mdd_p75": -0.198625
      }
    },
    "2.0": {
      "12": {
        "n_total": 1722,
        "n_hit": 482,
        "p_hit": 0.279907,
        "t_hit_p25": 3.0,
        "t_hit_median": 5.0,
        "t_hit_p75": 8.0,
        "mdd_p25": -1.085775,
        "mdd_median": -0.44405,
        "mdd_p75": -0.133475
      },
      "24": {
        "n_total": 1722,
        "n_hit": 730,
        "p_hit": 0.423926,
        "t_hit_p25": 4.0,
        "t_hit_median": 8.0,
        "t_hit_p75": 15.0,
        "mdd_p25": -1.3678499999999998,
        "mdd_median": -0.60135,
        "mdd_p75": -0.186925
      },
      "36": {
        "n_total": 1722,
        "n_hit": 890,
        "p_hit": 0.516841,
        "t_hit_p25": 5.0,
        "t_hit_median": 11.0,
        "t_hit_p75": 21.0,
        "mdd_p25": -1.5493000000000001,
        "mdd_median": -0.67575,
        "mdd_p75": -0.207325
      },
      "48": {
        "n_total": 1722,
        "n_hit": 1003,
        "p_hit": 0.582462,
        "t_hit_p25": 5.0,
        "t_hit_median": 13.0,
        "t_hit_p75": 26.0,
        "mdd_p25": -1.5819999999999999,
        "mdd_median": -0.7064,
        "mdd_p75": -0.24359999999999998
      },
      "60": {
        "n_total": 1722,
        "n_hit": 1087,
        "p_hit": 0.631243,
        "t_hit_p25": 6.0,
        "t_hit_median": 15.0,
        "t_hit_p75": 31.0,
        "mdd_p25": -1.63145,
        "mdd_median": -0.7653,
        "mdd_p75": -0.26990000000000003
      },
      "72": {
        "n_total": 1722,
        "n_hit": 1162,
        "p_hit": 0.674797,
        "t_hit_p25": 6.0,
        "t_hit_median": 16.5,
        "t_hit_p75": 35.0,
        "mdd_p25": -1.79365,
        "mdd_median": -0.8955,
        "mdd_p75": -0.29375
      },
      "84": {
        "n_total": 1722,
        "n_hit": 1205,
        "p_hit": 0.699768,
        "t_hit_p25": 6.0,
        "t_hit_median": 17.0,
        "t_hit_p75": 38.0,
        "mdd_p25": -1.97,
        "mdd_median": -0.9568,
        "mdd_p75": -0.3049
      },
      "96": {
        "n_total": 1722,
        "n_hit": 1242,
        "p_hit": 0.721254,
        "t_hit_p25": 7.0,
        "t_hit_median": 18.0,
        "t_hit_p75": 41.0,
        "mdd_p25": -2.1473500000000003,
        "mdd_median": -0.9903500000000001,
        "mdd_p75": -0.318325
      }
    },
    "3.0": {
      "12": {
        "n_total": 1722,
        "n_hit": 272,
        "p_hit": 0.157956,
        "t_hit_p25": 3.0,
        "t_hit_median": 5.0,
        "t_hit_p75": 9.0,
        "mdd_p25": -0.990775,
        "mdd_median": -0.4426,
        "mdd_p75": -0.14435
      },
      "24": {
        "n_total": 1722,
        "n_hit": 439,
        "p_hit": 0.254936,
        "t_hit_p25": 5.0,
        "t_hit_median": 9.0,
        "t_hit_p75": 17.0,
        "mdd_p25": -1.2774999999999999,
        "mdd_median": -0.5437,
        "mdd_p75": -0.1696
      },
      "36": {
        "n_total": 1722,
        "n_hit": 592,
        "p_hit": 0.343786,
        "t_hit_p25": 6.0,
        "t_hit_median": 14.0,
        "t_hit_p75": 25.0,
        "mdd_p25": -1.552775,
        "mdd_median": -0.6537,
        "mdd_p75": -0.207375
      },
      "48": {
        "n_total": 1722,
        "n_hit": 709,
        "p_hit": 0.411731,
        "t_hit_p25": 7.0,
        "t_hit_median": 19.0,
        "t_hit_p75": 31.0,
        "mdd_p25": -1.6495,
        "mdd_median": -0.7144,