{
  "schema": "baseline_probs_v1",
  "source_labels": "data/labels/labels_v1.csv",
  "n_rows_labels": 1916,
  "thresholds": [
    0.5,
    1.0,
    2.0,
    3.0,
    5.0
  ],
  "horizons": [
    12,
    24,
    36,
    48,
    60,
    72,
    84,
    96
  ],
  "results": {
    "0.5": {
      "12": {
        "n_total": 1916,
        "n_hit": 1380,
        "p_hit": 0.720251,
        "t_hit_p25": 1.0,
        "t_hit_median": 2.0,
        "t_hit_p75": 4.0,
        "mdd_p25": -0.80015,
        "mdd_median": -0.3034,
        "mdd_p75": -0.056975000000000005
      },
      "24": {
        "n_total": 1916,
        "n_hit": 1551,
        "p_hit": 0.809499,
        "t_hit_p25": 1.0,
        "t_hit_median": 2.0,
        "t_hit_p75": 6.0,
        "mdd_p25": -0.9612499999999999,
        "mdd_median": -0.3709,
        "mdd_p75": -0.08795
      },
      "36": {
        "n_total": 1916,
        "n_hit": 1627,
        "p_hit": 0.849165,
        "t_hit_p25": 1.0,
        "t_hit_median": 3.0,
        "t_hit_p75": 7.0,
        "mdd_p25": -1.0608,
        "mdd_median": -0.4058,
        "mdd_p75": -0.10095000000000001
      },
      "48": {
        "n_total": 1916,
        "n_hit": 1661,
        "p_hit": 0.86691,
        "t_hit_p25": 1.0,
        "t_hit_median": 3.0,
        "t_hit_p75": 8.0,
        "mdd_p25": -1.1496,
        "mdd_median": -0.421,
        "mdd_p75": -0.1043
      },
      "60": {
        "n_total": 1916,
        "n_hit": 1678,
        "p_hit": 0.875783,
        "t_hit_p25": 1.0,
        "t_hit_median": 3.0,
        "t_hit_p75": 8.0,
        "mdd_p25": -1.181625,
        "mdd_median": -0.42745,
        "mdd_p75": -0.1057
      },
      "72": {
        "n_total": 1916,
        "n_hit": 1707,
        "p_hit": 0.890919,
        "t_hit_p25": 1.0,
        "t_hit_median": 3.0,
        "t_hit_p75": 9.0,
        "mdd_p25": -1.25345,
        "mdd_median": -0.4427,
        "mdd_p75": -0.1095
      },
      "84": {
        "n_total": 1916,
        "n_hit": 1735,
        "p_hit": 0.905532,
        "t_hit_p25": 1.0,
        "t_hit_median": 3.0,
        "t_hit_p75": 9.5,
        "mdd_p25": -1.33565,
        "mdd_median": -0.4638,
        "mdd_p75": -0.11645
      },
      "96": {
        "n_total": 1916,
        "n_hit": 1754,
        "p_hit": 0.915449,
        "t_hit_p25": 1.0,
        "t_hit_median": 3.0,
        "t_hit_p75": 10.0,
        "mdd_p25": -1.363025,
        "mdd_median": -0.4727,
        "mdd_p75": -0.117725
      }
    },
    "1.0": {
      "12": {
        "n_total": 1916,
        "n_hit": 1024,
        "p_hit": 0.534447,
        "t_hit_p25": 2.0,
        "t_hit_median": 4.0,
        "t_hit_p75": 7.0,
        "mdd_p25": -0.9994749999999999,
        "mdd_median": -0.40015,
        "mdd_p75": -0.08597500000000001
      },
      "24": {
        "n_total": 1916,
        "n_hit": 1248,
        "p_hit": 0.651357,
        "t_hit_p25": 2.0,
        "t_hit_median": 5.0,
        "t_hit_p75": 10.0,
        "mdd_p25": -1.21395,
        "mdd_median": -0.48285,
        "mdd_p75": -0.1297
      },
      "36": {
        "n_total": 1916,
        "n_hit": 1385,
        "p_hit": 0.72286,
        "t_hit_p25": 2.0,
        "t_hit_median": 6.0,
        "t_hit_p75": 13.0,
        "mdd_p25": -1.3766,
        "mdd_median": -0.5372,
        "mdd_p75": -0.1558
      },
      "48": {
        "n_total": 1916,
        "n_hit": 1457,
        "p_hit": 0.760438,
        "t_hit_p25": 2.0,
        "t_hit_median": 6.0,
        "t_hit_p75": 16.0,
        "mdd_p25": -1.4367,
        "mdd_median": -0.5546,
        "mdd_p75": -0.1671
      },
      "60": {
        "n_total": 1916,
        "n_hit": 1522,
        "p_hit": 0.794363,
        "t_hit_p25": 3.0,
        "t_hit_median": 7.0,
        "t_hit_p75": 18.0,
        "mdd_p25": -1.580725,
        "mdd_median": -0.59975,
        "mdd_p75": -0.174825
      },
      "72": {
        "n_total": 1916,
        "n_hit": 1574,
        "p_hit": 0.821503,
        "t_hit_p25": 3.0,
        "t_hit_median": 7.0,
        "t_hit_p75": 20.0,
        "mdd_p25": -1.6914749999999998,
        "mdd_median": -0.6367499999999999,
        "mdd_p75": -0.18524999999999997
      },
      "84": {
        "n_total": 1916,
        "n_hit": 1610,
        "p_hit": 0.840292,
        "t_hit_p25": 3.0,
        "t_hit_median": 7.0,
        "t_hit_p75": 21.0,
        "mdd_p25": -1.795175,
        "mdd_median": -0.67485,
        "mdd_p75": -0.19285
      },
      "96": {
        "n_total": 1916,
        "n_hit": 1630,
        "p_hit": 0.850731,
        "t_hit_p25": 3.0,
        "t_hit_median": 7.0,
        "t_hit_p75": 23.0,
        "mdd_p25": -1.8311,
        "mdd_median": -0.6870499999999999,
        "mdd_p75": -0.200775
      }
    },
    "2.0": {
      "12": {
        "n_total": 1916,
        "n_hit": 522,
        "p_hit": 0.272443,
        "t_hit_p25": 3.0,
        "t_hit_median": 5.0,
        "t_hit_p75": 8.0,
        "mdd_p25": -1.07665,
        "mdd_median": -0.43935,
        "mdd_p75": -0.11674999999999999
      },
      "24": {
        "n_total": 1916,
        "n_hit": 808,
        "p_hit": 0.421712,
        "t_hit_p25": 4.0,
        "t_hit_median": 9.0,
        "t_hit_p75": 16.0,
        "mdd_p25": -1.383625,
        "mdd_median": -0.5972,
        "mdd_p75": -0.17454999999999998
      },
      "36": {
        "n_total": 1916,
        "n_hit": 979,
        "p_hit": 0.51096,
        "t_hit_p25": 5.0,
        "t_hit_median": 11.0,
        "t_hit_p75": 21.0,
        "mdd_p25": -1.5563500000000001,
        "mdd_median": -0.6742,
        "mdd_p75": -0.19895000000000002
      },
      "48": {
        "n_total": 1916,
        "n_hit": 1102,
        "p_hit": 0.575157,
        "t_hit_p25": 5.0,
        "t_hit_median": 14.0,
        "t_hit_p75": 26.0,
        "mdd_p25": -1.5888,
        "mdd_median": -0.7154,
        "mdd_p75": -0.23585
      },
      "60": {
        "n_total": 1916,
        "n_hit": 1192,
        "p_hit": 0.622129,
        "t_hit_p25": 6.0,
        "t_hit_median": 15.0,
        "t_hit_p75": 30.25,
        "mdd_p25": -1.6661249999999999,
        "mdd_median": -0.7949999999999999,
        "mdd_p75": -0.2654
      },
      "72": {
        "n_total": 1916,
        "n_hit": 1276,
        "p_hit": 0.665971,
        "t_hit_p25": 6.0,
        "t_hit_median": 16.5,
        "t_hit_p75": 35.0,
        "mdd_p25": -1.833425,
        "mdd_median": -0.91215,
        "mdd_p75": -0.283825
      },
      "84": {
        "n_total": 1916,
        "n_hit": 1325,
        "p_hit": 0.691545,
        "t_hit_p25": 7.0,
        "t_hit_median": 17.0,
        "t_hit_p75": 38.0,
        "mdd_p25": -2.0202,
        "mdd_median": -0.9712,
        "mdd_p75": -0.3038
      },
      "96": {
        "n_total": 1916,
        "n_hit": 1370,
        "p_hit": 0.715031,
        "t_hit_p25": 7.0,
        "t_hit_median": 18.0,
        "t_hit_p75": 41.0,
        "mdd_p25": -2.19465,
        "mdd_median": -1.00285,
        "mdd_p75": -0.318325
      }
    },
    "3.0": {
      "12": {
        "n_total": 1916,
        "n_hit": 296,
        "p_hit": 0.154489,
        "t_hit_p25": 3.0,
        "t_hit_median": 6.0,
        "t_hit_p75": 9.0,
        "mdd_p25": -0.990225,
        "mdd_median": -0.43525,
        "mdd_p75": -0.135025
      },
      "24": {
        "n_total": 1916,
        "n_hit": 486,
        "p_hit": 0.253653,
        "t_hit_p25": 5.0,
        "t_hit_median": 10.0,
        "t_hit_p75": 17.0,
        "mdd_p25": -1.337575,
        "mdd_median": -0.5540499999999999,
        "mdd_p75": -0.1688
      },
      "36": {
        "n_total": 1916,
        "n_hit": 660,
        "p_hit": 0.344468,
        "t_hit_p25": 6.0,
        "t_hit_median": 15.0,
        "t_hit_p75": 25.0,
        "mdd_p25": -1.5838,
        "mdd_median": -0.6444,
        "mdd_p75": -0.20370000000000002
      },
      "48": {
        "n_total": 1916,
        "n_hit": 784,
        "p_hit": 0.409186,
        "t_hit_p25": 7.0,
        "t_hit_median": 19.0,
        "t_hit_p75": 31.0,
        "mdd_p25": -1.660725,