{
  "schema": "baseline_probs_v1",
  "source_labels": "data/labels/labels_v1.csv",
  "n_rows_labels": 304,
  "thresholds": [
    0.5,
    1.0,
    2.0,
    3.0,
    5.0
  ],
  "horizons": [
    12,
    24,
    36,
    48,
    60,
    72,
    84,
    96
  ],
  "results": {
    "0.5": {
      "12": {
        "n_total": 304,
        "n_hit": 215,
        "p_hit": 0.707237,
        "t_hit_p25": 1.0,
        "t_hit_median": 3.0,
        "t_hit_p75": 6.0,
        "mdd_p25": -0.67885,
        "mdd_median": -0.2933,
        "mdd_p75": -0.08055
      },
      "24": {
        "n_total": 304,
        "n_hit": 260,
        "p_hit": 0.855263,
        "t_hit_p25": 2.0,
        "t_hit_median": 4.0,
        "t_hit_p75": 10.0,
        "mdd_p25": -0.82935,
        "mdd_median": -0.38980000000000004,
        "mdd_p75": -0.109525
      },
      "36": {
        "n_total": 304,
        "n_hit": 275,
        "p_hit": 0.904605,
        "t_hit_p25": 2.0,
        "t_hit_median": 4.0,
        "t_hit_p75": 11.0,
        "mdd_p25": -0.8237,
        "mdd_median": -0.4191,
        "mdd_p75": -0.1231
      },
      "48": {
        "n_total": 304,
        "n_hit": 275,
        "p_hit": 0.904605,
        "t_hit_p25": 2.0,
        "t_hit_median": 4.0,
        "t_hit_p75": 11.0,
        "mdd_p25": -0.8237,
        "mdd_median": -0.4191,
        "mdd_p75": -0.1231
      },
      "60": {
        "n_total": 304,
        "n_hit": 281,
        "p_hit": 0.924342,
        "t_hit_p25": 2.0,
        "t_hit_median": 5.0,
        "t_hit_p75": 12.0,
        "mdd_p25": -0.8852,
        "mdd_median": -0.439,
        "mdd_p75": -0.1267
      },
      "72": {
        "n_total": 304,
        "n_hit": 293,
        "p_hit": 0.963816,
        "t_hit_p25": 2.0,
        "t_hit_median": 5.0,
        "t_hit_p75": 13.0,
        "mdd_p25": -1.0056,
        "mdd_median": -0.469,
        "mdd_p75": -0.1402
      },
      "84": {
        "n_total": 304,
        "n_hit": 293,
        "p_hit": 0.963816,
        "t_hit_p25": 2.0,
        "t_hit_median": 5.0,
        "t_hit_p75": 13.0,
        "mdd_p25": -1.0056,
        "mdd_median": -0.469,
        "mdd_p75": -0.1402
      },
      "96": {
        "n_total": 304,
        "n_hit": 295,
        "p_hit": 0.970395,
        "t_hit_p25": 2.0,
        "t_hit_median": 5.0,
        "t_hit_p75": 13.5,
        "mdd_p25": -1.04115,
        "mdd_median": -0.4718,
        "mdd_p75": -0.14079999999999998
      }
    },
    "1.0": {
      "12": {
        "n_total": 304,
        "n_hit": 151,
        "p_hit": 0.496711,
        "t_hit_p25": 3.0,
        "t_hit_median": 5.0,
        "t_hit_p75": 7.0,
        "mdd_p25": -0.8338,
        "mdd_median": -0.3775,
        "mdd_p75": -0.1042
      },
      "24": {
        "n_total": 304,
        "n_hit": 204,
        "p_hit": 0.671053,
        "t_hit_p25": 3.75,
        "t_hit_median": 6.5,
        "t_hit_p75": 13.0,
        "mdd_p25": -1.12065,
        "mdd_median": -0.4953,
        "mdd_p75": -0.15157500000000002
      },
      "36": {
        "n_total": 304,
        "n_hit": 233,
        "p_hit": 0.766447,
        "t_hit_p25": 4.0,
        "t_hit_median": 7.0,
        "t_hit_p75": 18.0,
        "mdd_p25": -1.2181,
        "mdd_median": -0.4983,
        "mdd_p75": -0.1724
      },
      "48": {
        "n_total": 304,
        "n_hit": 254,
        "p_hit": 0.835526,
        "t_hit_p25": 4.0,
        "t_hit_median": 9.0,
        "t_hit_p75": 20.0,
        "mdd_p25": -1.2747000000000002,
        "mdd_median": -0.5051000000000001,
        "mdd_p75": -0.21157499999999999
      },
      "60": {
        "n_total": 304,
        "n_hit": 265,
        "p_hit": 0.871711,
        "t_hit_p25": 4.0,
        "t_hit_median": 10.0,
        "t_hit_p75": 22.0,
        "mdd_p25": -1.3504,
        "mdd_median": -0.5342,
        "mdd_p75": -0.2336
      },
      "72": {
        "n_total": 304,
        "n_hit": 280,
        "p_hit": 0.921053,
        "t_hit_p25": 5.0,
        "t_hit_median": 11.0,
        "t_hit_p75": 27.0,
        "mdd_p25": -1.4898,
        "mdd_median": -0.54925,
        "mdd_p75": -0.244475
      },
      "84": {
        "n_total": 304,
        "n_hit": 281,
        "p_hit": 0.924342,
        "t_hit_p25": 5.0,
        "t_hit_median": 11.0,
        "t_hit_p75": 27.0,
        "mdd_p25": -1.5066,
        "mdd_median": -0.5508,
        "mdd_p75": -0.2449
      },
      "96": {
        "n_total": 304,
        "n_hit": 281,
        "p_hit": 0.924342,
        "t_hit_p25": 5.0,
        "t_hit_median": 11.0,
        "t_hit_p75": 27.0,
        "mdd_p25": -1.5066,
        "mdd_median": -0.5508,
        "mdd_p75": -0.2449
      }
    },
    "2.0": {
      "12": {
        "n_total": 304,
        "n_hit": 73,
        "p_hit": 0.240132,
        "t_hit_p25": 4.0,
        "t_hit_median": 7.0,
        "t_hit_p75": 9.0,
        "mdd_p25": -0.7209,
        "mdd_median": -0.4142,
        "mdd_p75": -0.1749
      },
      "24": {
        "n_total": 304,
        "n_hit": 131,
        "p_hit": 0.430921,
        "t_hit_p25": 6.0,
        "t_hit_median": 11.0,
        "t_hit_p75": 17.0,
        "mdd_p25": -1.2777,
        "mdd_median": -0.6004,
        "mdd_p75": -0.33065
      },
      "36": {
        "n_total": 304,
        "n_hit": 164,
        "p_hit": 0.539474,
        "t_hit_p25": 8.0,
        "t_hit_median": 14.5,
        "t_hit_p75": 21.0,
        "mdd_p25": -1.305025,
        "mdd_median": -0.6614500000000001,
        "mdd_p75": -0.33152499999999996
      },
      "48": {
        "n_total": 304,
        "n_hit": 194,
        "p_hit": 0.638158,
        "t_hit_p25": 9.0,
        "t_hit_median": 17.0,
        "t_hit_p75": 30.0,
        "mdd_p25": -1.303575,
        "mdd_median": -0.6935,
        "mdd_p75": -0.361175
      },
      "60": {
        "n_total": 304,
        "n_hit": 218,
        "p_hit": 0.717105,
        "t_hit_p25": 9.25,
        "t_hit_median": 19.0,
        "t_hit_p75": 35.75,
        "mdd_p25": -1.303575,
        "mdd_median": -0.7073,
        "mdd_p75": -0.361175
      },
      "72": {
        "n_total": 304,
        "n_hit": 232,
        "p_hit": 0.763158,
        "t_hit_p25": 10.0,
        "t_hit_median": 20.0,
        "t_hit_p75": 40.0,
        "mdd_p25": -1.39285,
        "mdd_median": -0.81515,
        "mdd_p75": -0.3775
      },
      "84": {
        "n_total": 304,
        "n_hit": 241,
        "p_hit": 0.792763,
        "t_hit_p25": 10.0,
        "t_hit_median": 21.0,
        "t_hit_p75": 42.0,
        "mdd_p25": -1.4609,
        "mdd_median": -0.8412,
        "mdd_p75": -0.389
      },
      "96": {
        "n_total": 304,
        "n_hit": 248,
        "p_hit": 0.815789,
        "t_hit_p25": 10.0,
        "t_hit_median": 21.5,
        "t_hit_p75": 44.25,
        "mdd_p25": -1.5460500000000001,
        "mdd_median": -0.9002,
        "mdd_p75": -0.3945
      }
    },
    "3.0": {
      "12": {
        "n_total": 304,
        "n_hit": 45,
        "p_hit": 0.148026,
        "t_hit_p25": 5.0,
        "t_hit_median": 8.0,
        "t_hit_p75": 10.0,
        "mdd_p25": -0.9901,
        "mdd_median": -0.3594,
        "mdd_p75": -0.1537
      },
      "24": {
        "n_total": 304,
        "n_hit": 73,
        "p_hit": 0.240132,
        "t_hit_p25": 7.0,
        "t_hit_median": 10.0,
        "t_hit_p75": 17.0,
        "mdd_p25": -0.8118,
        "mdd_median": -0.5066,
        "mdd_p75": -0.2408
      },
      "36": {
        "n_total": 304,
        "n_hit": 101,
        "p_hit": 0.332237,
        "t_hit_p25": 9.0,
        "t_hit_median": 15.0,
        "t_hit_p75": 26.0,
        "mdd_p25": -1.017,
        "mdd_median": -0.5508,
        "mdd_p75": -0.2432
      },
      "48": {
        "n_total": 304,
        "n_hit": 134,
        "p_hit": 0.440789,
        "t_hit_p25": 10.0,
        "t_hit_median": 21.0,
        "t_hit_p75": 35.75,
        "mdd_p25": -0.9865999999999999,
        "mdd_median": -0.54925,
        "mdd_p75": -0.321825
      },
      "60": {
        "n_total": 304,
        "n_hit": 158,
        "p_hit": 0.519737,