{
  "schema": "baseline_probs_v1",
  "source_labels": "data/labels/labels_v1.csv",
  "n_rows_labels": 2579,
  "thresholds": [
    0.5,
    1.0,
    2.0,
    3.0,
    5.0
  ],
  "horizons": [
    12,
    24,
    36,
    48,
    60,
    72,
    84,
    96
  ],
  "results": {
    "0.5": {
      "12": {
        "n_total": 2579,
        "n_hit": 1852,
        "p_hit": 0.718108,
        "t_hit_p25": 1.0,
        "t_hit_median": 2.0,
        "t_hit_p75": 4.0,
        "mdd_p25": -0.7282749999999999,
        "mdd_median": -0.2924,
        "mdd_p75": -0.051449999999999996
      },
      "24": {
        "n_total": 2579,
        "n_hit": 2094,
        "p_hit": 0.811943,
        "t_hit_p25": 1.0,
        "t_hit_median": 3.0,
        "t_hit_p75": 6.0,
        "mdd_p25": -0.904075,
        "mdd_median": -0.35525,
        "mdd_p75": -0.08082500000000001
      },
      "36": {
        "n_total": 2579,
        "n_hit": 2209,
        "p_hit": 0.856534,
        "t_hit_p25": 1.0,
        "t_hit_median": 3.0,
        "t_hit_p75": 8.0,
        "mdd_p25": -0.9871,
        "mdd_median": -0.3972,
        "mdd_p75": -0.0955
      },
      "48": {
        "n_total": 2579,
        "n_hit": 2254,
        "p_hit": 0.873982,
        "t_hit_p25": 1.0,
        "t_hit_median": 3.0,
        "t_hit_p75": 8.0,
        "mdd_p25": -1.0608499999999998,
        "mdd_median": -0.41475,
        "mdd_p75": -0.10117500000000001
      },
      "60": {
        "n_total": 2579,
        "n_hit": 2277,
        "p_hit": 0.8829,
        "t_hit_p25": 1.0,
        "t_hit_median": 3.0,
        "t_hit_p75": 9.0,
        "mdd_p25": -1.1089,
        "mdd_median": -0.421,
        "mdd_p75": -0.1029
      },
      "72": {
        "n_total": 2579,
        "n_hit": 2316,
        "p_hit": 0.898022,
        "t_hit_p25": 1.0,
        "t_hit_median": 3.0,
        "t_hit_p75": 10.0,
        "mdd_p25": -1.1688749999999999,
        "mdd_median": -0.43684999999999996,
        "mdd_p75": -0.1057
      },
      "84": {
        "n_total": 2579,
        "n_hit": 2359,
        "p_hit": 0.914696,
        "t_hit_p25": 1.0,
        "t_hit_median": 3.0,
        "t_hit_p75": 10.0,
        "mdd_p25": -1.25345,
        "mdd_median": -0.4492,
        "mdd_p75": -0.1104
      },
      "96": {
        "n_total": 2579,
        "n_hit": 2388,
        "p_hit": 0.92594,
        "t_hit_p25": 1.0,
        "t_hit_median": 3.0,
        "t_hit_p75": 11.0,
        "mdd_p25": -1.322525,
        "mdd_median": -0.4678,
        "mdd_p75": -0.115875
      }
    },
    "1.0": {
      "12": {
        "n_total": 2579,
        "n_hit": 1370,
        "p_hit": 0.531214,
        "t_hit_p25": 2.0,
        "t_hit_median": 4.0,
        "t_hit_p75": 7.0,
        "mdd_p25": -0.9619249999999999,
        "mdd_median": -0.3691,
        "mdd_p75": -0.08082500000000001
      },
      "24": {
        "n_total": 2579,
        "n_hit": 1692,
        "p_hit": 0.656068,
        "t_hit_p25": 2.0,
        "t_hit_median": 5.0,
        "t_hit_p75": 10.0,
        "mdd_p25": -1.1090499999999999,
        "mdd_median": -0.47150000000000003,
        "mdd_p75": -0.12874999999999998
      },
      "36": {
        "n_total": 2579,
        "n_hit": 1901,
        "p_hit": 0.737107,
        "t_hit_p25": 3.0,
        "t_hit_median": 6.0,
        "t_hit_p75": 14.0,
        "mdd_p25": -1.3171,
        "mdd_median": -0.5342,
        "mdd_p75": -0.1589
      },
      "48": {
        "n_total": 2579,
        "n_hit": 2003,
        "p_hit": 0.776658,
        "t_hit_p25": 3.0,
        "t_hit_median": 7.0,
        "t_hit_p75": 17.0,
        "mdd_p25": -1.3771499999999999,
        "mdd_median": -0.5528,
        "mdd_p75": -0.1719
      },
      "60": {
        "n_total": 2579,
        "n_hit": 2080,
        "p_hit": 0.806514,
        "t_hit_p25": 3.0,
        "t_hit_median": 7.0,
        "t_hit_p75": 18.0,
        "mdd_p25": -1.4811,
        "mdd_median": -0.5943499999999999,
        "mdd_p75": -0.18415
      },
      "72": {
        "n_total": 2579,
        "n_hit": 2145,
        "p_hit": 0.831718,
        "t_hit_p25": 3.0,
        "t_hit_median": 7.0,
        "t_hit_p75": 20.0,
        "mdd_p25": -1.595,
        "mdd_median": -0.619,
        "mdd_p75": -0.1949
      },
      "84": {
        "n_total": 2579,
        "n_hit": 2203,
        "p_hit": 0.854207,
        "t_hit_p25": 3.0,
        "t_hit_median": 8.0,
        "t_hit_p75": 23.0,
        "mdd_p25": -1.70455,
        "mdd_median": -0.66,
        "mdd_p75": -0.20655
      },
      "96": {
        "n_total": 2579,
        "n_hit": 2240,
        "p_hit": 0.868554,
        "t_hit_p25": 3.0,
        "t_hit_median": 8.0,
        "t_hit_p75": 24.0,
        "mdd_p25": -1.78865,
        "mdd_median": -0.68135,
        "mdd_p75": -0.217275
      }
    },
    "2.0": {
      "12": {
        "n_total": 2579,
        "n_hit": 667,
        "p_hit": 0.258627,
        "t_hit_p25": 3.0,
        "t_hit_median": 5.0,
        "t_hit_p75": 9.0,
        "mdd_p25": -0.98455,
        "mdd_median": -0.4163,
        "mdd_p75": -0.1054
      },
      "24": {
        "n_total": 2579,
        "n_hit": 1072,
        "p_hit": 0.415665,
        "t_hit_p25": 4.0,
        "t_hit_median": 9.0,
        "t_hit_p75": 16.0,
        "mdd_p25": -1.3003,
        "mdd_median": -0.5744,
        "mdd_p75": -0.179225
      },
      "36": {
        "n_total": 2579,
        "n_hit": 1354,
        "p_hit": 0.52501,
        "t_hit_p25": 5.0,
        "t_hit_median": 13.0,
        "t_hit_p75": 23.0,
        "mdd_p25": -1.5018499999999997,
        "mdd_median": -0.6782,
        "mdd_p75": -0.2239
      },
      "48": {
        "n_total": 2579,
        "n_hit": 1543,
        "p_hit": 0.598294,
        "t_hit_p25": 6.0,
        "t_hit_median": 15.0,
        "t_hit_p75": 28.0,
        "mdd_p25": -1.58405,
        "mdd_median": -0.7378,
        "mdd_p75": -0.2655
      },
      "60": {
        "n_total": 2579,
        "n_hit": 1670,
        "p_hit": 0.647538,
        "t_hit_p25": 7.0,
        "t_hit_median": 17.0,
        "t_hit_p75": 32.0,
        "mdd_p25": -1.634525,
        "mdd_median": -0.8165,
        "mdd_p75": -0.2857
      },
      "72": {
        "n_total": 2579,
        "n_hit": 1781,
        "p_hit": 0.690578,
        "t_hit_p25": 7.0,
        "t_hit_median": 18.0,
        "t_hit_p75": 36.0,
        "mdd_p25": -1.8047,
        "mdd_median": -0.9073,
        "mdd_p75": -0.3125
      },
      "84": {
        "n_total": 2579,
        "n_hit": 1862,
        "p_hit": 0.721985,
        "t_hit_p25": 8.0,
        "t_hit_median": 20.0,
        "t_hit_p75": 39.0,
        "mdd_p25": -1.971025,
        "mdd_median": -0.9712,
        "mdd_p75": -0.33475
      },
      "96": {
        "n_total": 2579,
        "n_hit": 1937,
        "p_hit": 0.751066,
        "t_hit_p25": 8.0,
        "t_hit_median": 21.0,
        "t_hit_p75": 42.0,
        "mdd_p25": -2.1569,
        "mdd_median": -1.014,
        "mdd_p75": -0.3489
      }
    },
    "3.0": {
      "12": {
        "n_total": 2579,
        "n_hit": 366,
        "p_hit": 0.141915,
        "t_hit_p25": 3.0,
        "t_hit_median": 6.0,
        "t_hit_p75": 9.0,
        "mdd_p25": -0.9551249999999999,
        "mdd_median": -0.39339999999999997,
        "mdd_p75": -0.11019999999999999
      },
      "24": {
        "n_total": 2579,
        "n_hit": 633,
        "p_hit": 0.245444,
        "t_hit_p25": 5.0,
        "t_hit_median": 10.0,
        "t_hit_p75": 17.0,
        "mdd_p25": -1.3223,
        "mdd_median": -0.5524,
        "mdd_p75": -0.1663
      },
      "36": {
        "n_total": 2579,
        "n_hit": 895,
        "p_hit": 0.347034,
        "t_hit_p25": 7.0,
        "t_hit_median": 16.0,
        "t_hit_p75": 26.0,
        "mdd_p25": -1.58795,
        "mdd_median": -0.6767,
        "mdd_p75": -0.21225
      },
      "48": {
        "n_total": 2579,
        "n_hit": 1109,
        "p_hit": 0.430012,
        "t_hit_p25": 9.0,
        "t_hit_median": 21.0,
        "t_hit_p75": 33.0,
        "mdd_p25": -1.7032,
        "mdd_median": -0.8007,