{
  "schema": "baseline_probs_v1",
  "source_labels": "data/labels/labels_v1.csv",
  "n_rows_labels": 2502,
  "thresholds": [
    0.5,
    1.0,
    2.0,
    3.0,
    5.0
  ],
  "horizons": [
    12,
    24,
    36,
    48,
    60,
    72,
    84,
    96
  ],
  "results": {
    "0.5": {
      "12": {
        "n_total": 2502,
        "n_hit": 1798,
        "p_hit": 0.718625,
        "t_hit_p25": 1.0,
        "t_hit_median": 2.0,
        "t_hit_p75": 4.0,
        "mdd_p25": -0.7347250000000001,
        "mdd_median": -0.29615,
        "mdd_p75": -0.0515
      },
      "24": {
        "n_total": 2502,
        "n_hit": 2028,
        "p_hit": 0.810552,
        "t_hit_p25": 1.0,
        "t_hit_median": 3.0,
        "t_hit_p75": 6.0,
        "mdd_p25": -0.915125,
        "mdd_median": -0.3587,
        "mdd_p75": -0.08155000000000001
      },
      "36": {
        "n_total": 2502,
        "n_hit": 2142,
        "p_hit": 0.856115,
        "t_hit_p25": 1.0,
        "t_hit_median": 3.0,
        "t_hit_p75": 8.0,
        "mdd_p25": -0.9946999999999999,
        "mdd_median": -0.4028,
        "mdd_p75": -0.0978
      },
      "48": {
        "n_total": 2502,
        "n_hit": 2187,
        "p_hit": 0.874101,
        "t_hit_p25": 1.0,
        "t_hit_median": 3.0,
        "t_hit_p75": 8.0,
        "mdd_p25": -1.0697,
        "mdd_median": -0.4166,
        "mdd_p75": -0.10300000000000001
      },
      "60": {
        "n_total": 2502,
        "n_hit": 2210,
        "p_hit": 0.883293,
        "t_hit_p25": 1.0,
        "t_hit_median": 3.0,
        "t_hit_p75": 9.0,
        "mdd_p25": -1.132375,
        "mdd_median": -0.42355,
        "mdd_p75": -0.10500000000000001
      },
      "72": {
        "n_total": 2502,
        "n_hit": 2249,
        "p_hit": 0.898881,
        "t_hit_p25": 1.0,
        "t_hit_median": 3.0,
        "t_hit_p75": 10.0,
        "mdd_p25": -1.1876,
        "mdd_median": -0.4389,
        "mdd_p75": -0.109
      },
      "84": {
        "n_total": 2502,
        "n_hit": 2290,
        "p_hit": 0.915268,
        "t_hit_p25": 1.0,
        "t_hit_median": 3.0,
        "t_hit_p75": 10.0,
        "mdd_p25": -1.28405,
        "mdd_median": -0.4578,
        "mdd_p75": -0.115225
      },
      "96": {
        "n_total": 2502,
        "n_hit": 2314,
        "p_hit": 0.92486,
        "t_hit_p25": 1.0,
        "t_hit_median": 3.0,
        "t_hit_p75": 10.0,
        "mdd_p25": -1.3341500000000002,
        "mdd_median": -0.47004999999999997,
        "mdd_p75": -0.116975
      }
    },
    "1.0": {
      "12": {
        "n_total": 2502,
        "n_hit": 1328,
        "p_hit": 0.530775,
        "t_hit_p25": 2.0,
        "t_hit_median": 4.0,
        "t_hit_p75": 7.0,
        "mdd_p25": -0.9743,
        "mdd_median": -0.3776,
        "mdd_p75": -0.081275
      },
      "24": {
        "n_total": 2502,
        "n_hit": 1636,
        "p_hit": 0.653877,
        "t_hit_p25": 2.0,
        "t_hit_median": 5.0,
        "t_hit_p75": 10.0,
        "mdd_p25": -1.130325,
        "mdd_median": -0.47425,
        "mdd_p75": -0.1297
      },
      "36": {
        "n_total": 2502,
        "n_hit": 1838,
        "p_hit": 0.734612,
        "t_hit_p25": 3.0,
        "t_hit_median": 6.0,
        "t_hit_p75": 14.0,
        "mdd_p25": -1.336325,
        "mdd_median": -0.5367999999999999,
        "mdd_p75": -0.159375
      },
      "48": {
        "n_total": 2502,
        "n_hit": 1938,
        "p_hit": 0.77458,
        "t_hit_p25": 3.0,
        "t_hit_median": 7.0,
        "t_hit_p75": 17.0,
        "mdd_p25": -1.3975,
        "mdd_median": -0.55965,
        "mdd_p75": -0.171925
      },
      "60": {
        "n_total": 2502,
        "n_hit": 2014,
        "p_hit": 0.804956,
        "t_hit_p25": 3.0,
        "t_hit_median": 7.0,
        "t_hit_p75": 18.0,
        "mdd_p25": -1.533875,
        "mdd_median": -0.59975,
        "mdd_p75": -0.1844
      },
      "72": {
        "n_total": 2502,
        "n_hit": 2079,
        "p_hit": 0.830935,
        "t_hit_p25": 3.0,
        "t_hit_median": 7.0,
        "t_hit_p75": 21.0,
        "mdd_p25": -1.6385,
        "mdd_median": -0.6287,
        "mdd_p75": -0.19505
      },
      "84": {
        "n_total": 2502,
        "n_hit": 2134,
        "p_hit": 0.852918,
        "t_hit_p25": 3.0,
        "t_hit_median": 8.0,
        "t_hit_p75": 23.0,
        "mdd_p25": -1.73785,
        "mdd_median": -0.6716,
        "mdd_p75": -0.20735
      },
      "96": {
        "n_total": 2502,
        "n_hit": 2168,
        "p_hit": 0.866507,
        "t_hit_p25": 3.0,
        "t_hit_median": 8.0,
        "t_hit_p75": 24.0,
        "mdd_p25": -1.8164500000000001,
        "mdd_median": -0.6942999999999999,
        "mdd_p75": -0.217275
      }
    },
    "2.0": {
      "12": {
        "n_total": 2502,
        "n_hit": 656,
        "p_hit": 0.26219,
        "t_hit_p25": 3.0,
        "t_hit_median": 5.0,
        "t_hit_p75": 8.25,
        "mdd_p25": -0.990225,
        "mdd_median": -0.4137,
        "mdd_p75": -0.103775
      },
      "24": {
        "n_total": 2502,
        "n_hit": 1048,
        "p_hit": 0.418865,
        "t_hit_p25": 4.0,
        "t_hit_median": 9.0,
        "t_hit_p75": 16.0,
        "mdd_p25": -1.322525,
        "mdd_median": -0.58005,
        "mdd_p75": -0.178175
      },
      "36": {
        "n_total": 2502,
        "n_hit": 1314,
        "p_hit": 0.52518,
        "t_hit_p25": 5.0,
        "t_hit_median": 13.0,
        "t_hit_p75": 22.0,
        "mdd_p25": -1.542225,
        "mdd_median": -0.6838,
        "mdd_p75": -0.219775
      },
      "48": {
        "n_total": 2502,
        "n_hit": 1492,
        "p_hit": 0.596323,
        "t_hit_p25": 6.0,
        "t_hit_median": 15.0,
        "t_hit_p75": 27.0,
        "mdd_p25": -1.6125500000000001,
        "mdd_median": -0.7683500000000001,
        "mdd_p75": -0.26287499999999997
      },
      "60": {
        "n_total": 2502,
        "n_hit": 1614,
        "p_hit": 0.645084,
        "t_hit_p25": 6.0,
        "t_hit_median": 16.0,
        "t_hit_p75": 32.0,
        "mdd_p25": -1.673475,
        "mdd_median": -0.8390500000000001,
        "mdd_p75": -0.27915
      },
      "72": {
        "n_total": 2502,
        "n_hit": 1724,
        "p_hit": 0.689049,
        "t_hit_p25": 7.0,
        "t_hit_median": 18.0,
        "t_hit_p75": 36.0,
        "mdd_p25": -1.835825,
        "mdd_median": -0.9331499999999999,
        "mdd_p75": -0.30835
      },
      "84": {
        "n_total": 2502,
        "n_hit": 1804,
        "p_hit": 0.721023,
        "t_hit_p25": 7.0,
        "t_hit_median": 19.0,
        "t_hit_p75": 39.0,
        "mdd_p25": -2.025825,
        "mdd_median": -0.9863500000000001,
        "mdd_p75": -0.33042499999999997
      },
      "96": {
        "n_total": 2502,
        "n_hit": 1875,
        "p_hit": 0.7494,
        "t_hit_p25": 8.0,
        "t_hit_median": 21.0,
        "t_hit_p75": 42.0,
        "mdd_p25": -2.1802,
        "mdd_median": -1.0553,
        "mdd_p75": -0.348
      }
    },
    "3.0": {
      "12": {
        "n_total": 2502,
        "n_hit": 365,
        "p_hit": 0.145883,
        "t_hit_p25": 3.0,
        "t_hit_median": 6.0,
        "t_hit_p75": 9.0,
        "mdd_p25": -0.9599,
        "mdd_median": -0.3885,
        "mdd_p75": -0.1092
      },
      "24": {
        "n_total": 2502,
        "n_hit": 628,
        "p_hit": 0.250999,
        "t_hit_p25": 5.0,
        "t_hit_median": 10.0,
        "t_hit_p75": 17.0,
        "mdd_p25": -1.325275,
        "mdd_median": -0.5561,
        "mdd_p75": -0.16899999999999998
      },
      "36": {
        "n_total": 2502,
        "n_hit": 884,
        "p_hit": 0.353317,
        "t_hit_p25": 7.0,
        "t_hit_median": 16.0,
        "t_hit_p75": 26.0,
        "mdd_p25": -1.6055249999999999,
        "mdd_median": -0.6815,
        "mdd_p75": -0.218675
      },
      "48": {
        "n_total": 2502,
        "n_hit": 1088,
        "p_hit": 0.434852,
        "t_hit_p25": 9.0,
        "t_hit_median": 21.0,
        "t_hit_p75": 33.0,