{
  "schema": "baseline_probs_v1",
  "source_labels": "data/labels/labels_v1.csv",
  "n_rows_labels": 2016,
  "thresholds": [
    0.5,
    1.0,
    2.0,
    3.0,
    5.0
  ],
  "horizons": [
    12,
    24,
    36,
    48,
    60,
    72,
    84,
    96
  ],
  "results": {
    "0.5": {
      "12": {
        "n_total": 2016,
        "n_hit": 1447,
        "p_hit": 0.717758,
        "t_hit_p25": 1.0,
        "t_hit_median": 2.0,
        "t_hit_p75": 4.0,
        "mdd_p25": -0.8002,
        "mdd_median": -0.3137,
        "mdd_p75": -0.0592
      },
      "24": {
        "n_total": 2016,
        "n_hit": 1629,
        "p_hit": 0.808036,
        "t_hit_p25": 1.0,
        "t_hit_median": 2.0,
        "t_hit_p75": 6.0,
        "mdd_p25": -0.9626,
        "mdd_median": -0.3775,
        "mdd_p75": -0.0913
      },
      "36": {
        "n_total": 2016,
        "n_hit": 1713,
        "p_hit": 0.849702,
        "t_hit_p25": 1.0,
        "t_hit_median": 3.0,
        "t_hit_p75": 7.0,
        "mdd_p25": -1.0709,
        "mdd_median": -0.4105,
        "mdd_p75": -0.1027
      },
      "48": {
        "n_total": 2016,
        "n_hit": 1747,
        "p_hit": 0.866567,
        "t_hit_p25": 1.0,
        "t_hit_median": 3.0,
        "t_hit_p75": 8.0,
        "mdd_p25": -1.1542,
        "mdd_median": -0.4243,
        "mdd_p75": -0.10565
      },
      "60": {
        "n_total": 2016,
        "n_hit": 1764,
        "p_hit": 0.875,
        "t_hit_p25": 1.0,
        "t_hit_median": 3.0,
        "t_hit_p75": 8.0,
        "mdd_p25": -1.189025,
        "mdd_median": -0.43194999999999995,
        "mdd_p75": -0.10735
      },
      "72": {
        "n_total": 2016,
        "n_hit": 1795,
        "p_hit": 0.890377,
        "t_hit_p25": 1.0,
        "t_hit_median": 3.0,
        "t_hit_p75": 9.0,
        "mdd_p25": -1.2716500000000002,
        "mdd_median": -0.447,
        "mdd_p75": -0.1121
      },
      "84": {
        "n_total": 2016,
        "n_hit": 1825,
        "p_hit": 0.905258,
        "t_hit_p25": 1.0,
        "t_hit_median": 3.0,
        "t_hit_p75": 10.0,
        "mdd_p25": -1.3506,
        "mdd_median": -0.4685,
        "mdd_p75": -0.1176
      },
      "96": {
        "n_total": 2016,
        "n_hit": 1846,
        "p_hit": 0.915675,
        "t_hit_p25": 1.0,
        "t_hit_median": 3.0,
        "t_hit_p75": 10.0,
        "mdd_p25": -1.381725,
        "mdd_median": -0.47514999999999996,
        "mdd_p75": -0.119575
      }
    },
    "1.0": {
      "12": {
        "n_total": 2016,
        "n_hit": 1073,
        "p_hit": 0.532242,
        "t_hit_p25": 2.0,
        "t_hit_median": 4.0,
        "t_hit_p75": 7.0,
        "mdd_p25": -1.0056,
        "mdd_median": -0.4025,
        "mdd_p75": -0.0916
      },
      "24": {
        "n_total": 2016,
        "n_hit": 1309,
        "p_hit": 0.649306,
        "t_hit_p25": 2.0,
        "t_hit_median": 5.0,
        "t_hit_p75": 10.0,
        "mdd_p25": -1.2485,
        "mdd_median": -0.4872,
        "mdd_p75": -0.1327
      },
      "36": {
        "n_total": 2016,
        "n_hit": 1455,
        "p_hit": 0.721726,
        "t_hit_p25": 2.0,
        "t_hit_median": 6.0,
        "t_hit_p75": 13.0,
        "mdd_p25": -1.3975,
        "mdd_median": -0.5426,
        "mdd_p75": -0.15885
      },
      "48": {
        "n_total": 2016,
        "n_hit": 1529,
        "p_hit": 0.758433,
        "t_hit_p25": 2.0,
        "t_hit_median": 6.0,
        "t_hit_p75": 16.0,
        "mdd_p25": -1.4987,
        "mdd_median": -0.5723,
        "mdd_p75": -0.1699
      },
      "60": {
        "n_total": 2016,
        "n_hit": 1594,
        "p_hit": 0.790675,
        "t_hit_p25": 3.0,
        "t_hit_median": 7.0,
        "t_hit_p75": 18.0,
        "mdd_p25": -1.627875,
        "mdd_median": -0.61055,
        "mdd_p75": -0.17732499999999998
      },
      "72": {
        "n_total": 2016,
        "n_hit": 1648,
        "p_hit": 0.81746,
        "t_hit_p25": 3.0,
        "t_hit_median": 7.0,
        "t_hit_p75": 20.0,
        "mdd_p25": -1.7486,
        "mdd_median": -0.6582,
        "mdd_p75": -0.19145
      },
      "84": {
        "n_total": 2016,
        "n_hit": 1686,
        "p_hit": 0.83631,
        "t_hit_p25": 3.0,
        "t_hit_median": 7.0,
        "t_hit_p75": 21.0,
        "mdd_p25": -1.8311,
        "mdd_median": -0.6853,
        "mdd_p75": -0.20290000000000002
      },
      "96": {
        "n_total": 2016,
        "n_hit": 1710,
        "p_hit": 0.848214,
        "t_hit_p25": 3.0,
        "t_hit_median": 7.0,
        "t_hit_p75": 23.0,
        "mdd_p25": -1.907025,
        "mdd_median": -0.7095499999999999,
        "mdd_p75": -0.20804999999999998
      }
    },
    "2.0": {
      "12": {
        "n_total": 2016,
        "n_hit": 550,
        "p_hit": 0.272817,
        "t_hit_p25": 3.0,
        "t_hit_median": 5.0,
        "t_hit_p75": 8.0,
        "mdd_p25": -1.09685,
        "mdd_median": -0.44405,
        "mdd_p75": -0.1174
      },
      "24": {
        "n_total": 2016,
        "n_hit": 855,
        "p_hit": 0.424107,
        "t_hit_p25": 4.0,
        "t_hit_median": 9.0,
        "t_hit_p75": 16.0,
        "mdd_p25": -1.4097,
        "mdd_median": -0.6023,
        "mdd_p75": -0.1839
      },
      "36": {
        "n_total": 2016,
        "n_hit": 1041,
        "p_hit": 0.516369,
        "t_hit_p25": 5.0,
        "t_hit_median": 11.0,
        "t_hit_p75": 21.0,
        "mdd_p25": -1.6181,
        "mdd_median": -0.7002,
        "mdd_p75": -0.2097
      },
      "48": {
        "n_total": 2016,
        "n_hit": 1171,
        "p_hit": 0.580853,
        "t_hit_p25": 5.0,
        "t_hit_median": 14.0,
        "t_hit_p75": 26.0,
        "mdd_p25": -1.6777,
        "mdd_median": -0.7615,
        "mdd_p75": -0.2479
      },
      "60": {
        "n_total": 2016,
        "n_hit": 1261,
        "p_hit": 0.625496,
        "t_hit_p25": 6.0,
        "t_hit_median": 15.0,
        "t_hit_p75": 30.0,
        "mdd_p25": -1.7475,
        "mdd_median": -0.834,
        "mdd_p75": -0.2723
      },
      "72": {
        "n_total": 2016,
        "n_hit": 1345,
        "p_hit": 0.667163,
        "t_hit_p25": 6.0,
        "t_hit_median": 16.0,
        "t_hit_p75": 34.0,
        "mdd_p25": -1.9683,
        "mdd_median": -0.9343,
        "mdd_p75": -0.2957
      },
      "84": {
        "n_total": 2016,
        "n_hit": 1395,
        "p_hit": 0.691964,
        "t_hit_p25": 7.0,
        "t_hit_median": 17.0,
        "t_hit_p75": 37.0,
        "mdd_p25": -2.1712499999999997,
        "mdd_median": -0.9823,
        "mdd_p75": -0.30994999999999995
      },
      "96": {
        "n_total": 2016,
        "n_hit": 1441,
        "p_hit": 0.714782,
        "t_hit_p25": 7.0,
        "t_hit_median": 18.0,
        "t_hit_p75": 40.0,
        "mdd_p25": -2.3135,
        "mdd_median": -1.0361,
        "mdd_p75": -0.3279
      }
    },
    "3.0": {
      "12": {
        "n_total": 2016,
        "n_hit": 309,
        "p_hit": 0.153274,
        "t_hit_p25": 3.0,
        "t_hit_median": 6.0,
        "t_hit_p75": 9.0,
        "mdd_p25": -0.9948,
        "mdd_median": -0.4404,
        "mdd_p75": -0.1366
      },
      "24": {
        "n_total": 2016,
        "n_hit": 515,
        "p_hit": 0.255456,
        "t_hit_p25": 5.0,
        "t_hit_median": 10.0,
        "t_hit_p75": 17.0,
        "mdd_p25": -1.42265,
        "mdd_median": -0.5996,
        "mdd_p75": -0.1797
      },
      "36": {
        "n_total": 2016,
        "n_hit": 696,
        "p_hit": 0.345238,
        "t_hit_p25": 6.0,
        "t_hit_median": 15.0,
        "t_hit_p75": 25.0,
        "mdd_p25": -1.680125,
        "mdd_median": -0.69355,
        "mdd_p75": -0.20915
      },
      "48": {
        "n_total": 2016,
        "n_hit": 839,
        "p_hit": 0.416171,
        "t_hit_p25": 8.0,
        "t_hit_median": 19.0,
        "t_hit_p75": 32.0,
        "mdd_p25": -1.8248,
        "mdd_median": -0.8118,
        "mdd_p75": -0.2724
      },
      "60": {
        "n_total": 2016,
        "n_hit": 941,