{
  "schema": "baseline_probs_v1",
  "source_labels": "data/labels/labels_v1.csv",
  "n_rows_labels": 2197,
  "thresholds": [
    0.5,
    1.0,
    2.0,
    3.0,
    5.0
  ],
  "horizons": [
    12,
    24,
    36,
    48,
    60,
    72,
    84,
    96
  ],
  "results": {
    "0.5": {
      "12": {
        "n_total": 2197,
        "n_hit": 1588,
        "p_hit": 0.722804,
        "t_hit_p25": 1.0,
        "t_hit_median": 2.0,
        "t_hit_p75": 4.0,
        "mdd_p25": -0.8185,
        "mdd_median": -0.31394999999999995,
        "mdd_p75": -0.05715
      },
      "24": {
        "n_total": 2197,
        "n_hit": 1796,
        "p_hit": 0.817478,
        "t_hit_p25": 1.0,
        "t_hit_median": 3.0,
        "t_hit_p75": 6.0,
        "mdd_p25": -0.9635,
        "mdd_median": -0.37895,
        "mdd_p75": -0.09157499999999999
      },
      "36": {
        "n_total": 2197,
        "n_hit": 1889,
        "p_hit": 0.859809,
        "t_hit_p25": 1.0,
        "t_hit_median": 3.0,
        "t_hit_p75": 8.0,
        "mdd_p25": -1.0578,
        "mdd_median": -0.4153,
        "mdd_p75": -0.1032
      },
      "48": {
        "n_total": 2197,
        "n_hit": 1924,
        "p_hit": 0.87574,
        "t_hit_p25": 1.0,
        "t_hit_median": 3.0,
        "t_hit_p75": 8.0,
        "mdd_p25": -1.1459,
        "mdd_median": -0.4279,
        "mdd_p75": -0.10615000000000001
      },
      "60": {
        "n_total": 2197,
        "n_hit": 1942,
        "p_hit": 0.883933,
        "t_hit_p25": 1.0,
        "t_hit_median": 3.0,
        "t_hit_p75": 8.0,
        "mdd_p25": -1.168225,
        "mdd_median": -0.438,
        "mdd_p75": -0.10905000000000001
      },
      "72": {
        "n_total": 2197,
        "n_hit": 1974,
        "p_hit": 0.898498,
        "t_hit_p25": 1.0,
        "t_hit_median": 3.0,
        "t_hit_p75": 9.0,
        "mdd_p25": -1.246975,
        "mdd_median": -0.44884999999999997,
        "mdd_p75": -0.115275
      },
      "84": {
        "n_total": 2197,
        "n_hit": 2004,
        "p_hit": 0.912153,
        "t_hit_p25": 1.0,
        "t_hit_median": 3.0,
        "t_hit_p75": 10.0,
        "mdd_p25": -1.325,
        "mdd_median": -0.46935,
        "mdd_p75": -0.11777499999999999
      },
      "96": {
        "n_total": 2197,
        "n_hit": 2025,
        "p_hit": 0.921711,
        "t_hit_p25": 1.0,
        "t_hit_median": 3.0,
        "t_hit_p75": 10.0,
        "mdd_p25": -1.3536,
        "mdd_median": -0.4764,
        "mdd_p75": -0.1209
      }
    },
    "1.0": {
      "12": {
        "n_total": 2197,
        "n_hit": 1180,
        "p_hit": 0.537096,
        "t_hit_p25": 2.0,
        "t_hit_median": 4.0,
        "t_hit_p75": 7.0,
        "mdd_p25": -1.005975,
        "mdd_median": -0.41245,
        "mdd_p75": -0.09242500000000001
      },
      "24": {
        "n_total": 2197,
        "n_hit": 1449,
        "p_hit": 0.659536,
        "t_hit_p25": 2.0,
        "t_hit_median": 5.0,
        "t_hit_p75": 10.0,
        "mdd_p25": -1.1968,
        "mdd_median": -0.5028,
        "mdd_p75": -0.1366
      },
      "36": {
        "n_total": 2197,
        "n_hit": 1618,
        "p_hit": 0.736459,
        "t_hit_p25": 2.0,
        "t_hit_median": 6.0,
        "t_hit_p75": 14.0,
        "mdd_p25": -1.3826500000000002,
        "mdd_median": -0.54835,
        "mdd_p75": -0.1654
      },
      "48": {
        "n_total": 2197,
        "n_hit": 1696,
        "p_hit": 0.771962,
        "t_hit_p25": 3.0,
        "t_hit_median": 6.0,
        "t_hit_p75": 16.0,
        "mdd_p25": -1.46865,
        "mdd_median": -0.58065,
        "mdd_p75": -0.174875
      },
      "60": {
        "n_total": 2197,
        "n_hit": 1763,
        "p_hit": 0.802458,
        "t_hit_p25": 3.0,
        "t_hit_median": 7.0,
        "t_hit_p75": 18.0,
        "mdd_p25": -1.5838,
        "mdd_median": -0.6162,
        "mdd_p75": -0.1879
      },
      "72": {
        "n_total": 2197,
        "n_hit": 1818,
        "p_hit": 0.827492,
        "t_hit_p25": 3.0,
        "t_hit_median": 7.0,
        "t_hit_p75": 20.0,
        "mdd_p25": -1.6914749999999998,
        "mdd_median": -0.66475,
        "mdd_p75": -0.20290000000000002
      },
      "84": {
        "n_total": 2197,
        "n_hit": 1860,
        "p_hit": 0.846609,
        "t_hit_p25": 3.0,
        "t_hit_median": 7.0,
        "t_hit_p75": 21.0,
        "mdd_p25": -1.7945250000000001,
        "mdd_median": -0.6959,
        "mdd_p75": -0.215025
      },
      "96": {
        "n_total": 2197,
        "n_hit": 1886,
        "p_hit": 0.858443,
        "t_hit_p25": 3.0,
        "t_hit_median": 8.0,
        "t_hit_p75": 23.0,
        "mdd_p25": -1.848825,
        "mdd_median": -0.7164,
        "mdd_p75": -0.223875
      }
    },
    "2.0": {
      "12": {
        "n_total": 2197,
        "n_hit": 595,
        "p_hit": 0.270824,
        "t_hit_p25": 3.0,
        "t_hit_median": 5.0,
        "t_hit_p75": 8.0,
        "mdd_p25": -1.03,
        "mdd_median": -0.4433,
        "mdd_p75": -0.1148
      },
      "24": {
        "n_total": 2197,
        "n_hit": 925,
        "p_hit": 0.421029,
        "t_hit_p25": 4.0,
        "t_hit_median": 9.0,
        "t_hit_p75": 16.0,
        "mdd_p25": -1.4018,
        "mdd_median": -0.6178,
        "mdd_p75": -0.1844
      },
      "36": {
        "n_total": 2197,
        "n_hit": 1141,
        "p_hit": 0.519345,
        "t_hit_p25": 5.0,
        "t_hit_median": 12.0,
        "t_hit_p75": 21.0,
        "mdd_p25": -1.6192,
        "mdd_median": -0.7588,
        "mdd_p75": -0.2242
      },
      "48": {
        "n_total": 2197,
        "n_hit": 1292,
        "p_hit": 0.588075,
        "t_hit_p25": 5.0,
        "t_hit_median": 14.0,
        "t_hit_p75": 26.25,
        "mdd_p25": -1.6835,
        "mdd_median": -0.84665,
        "mdd_p75": -0.26555
      },
      "60": {
        "n_total": 2197,
        "n_hit": 1395,
        "p_hit": 0.634957,
        "t_hit_p25": 6.0,
        "t_hit_median": 16.0,
        "t_hit_p75": 31.0,
        "mdd_p25": -1.7443,
        "mdd_median": -0.917,
        "mdd_p75": -0.2828
      },
      "72": {
        "n_total": 2197,
        "n_hit": 1490,
        "p_hit": 0.678198,
        "t_hit_p25": 6.25,
        "t_hit_median": 17.0,
        "t_hit_p75": 35.0,
        "mdd_p25": -1.952975,
        "mdd_median": -0.98215,
        "mdd_p75": -0.31427499999999997
      },
      "84": {
        "n_total": 2197,
        "n_hit": 1551,
        "p_hit": 0.705963,
        "t_hit_p25": 7.0,
        "t_hit_median": 18.0,
        "t_hit_p75": 38.0,
        "mdd_p25": -2.1454,
        "mdd_median": -1.0394,
        "mdd_p75": -0.3389
      },
      "96": {
        "n_total": 2197,
        "n_hit": 1611,
        "p_hit": 0.733273,
        "t_hit_p25": 7.0,
        "t_hit_median": 19.0,
        "t_hit_p75": 42.0,
        "mdd_p25": -2.2414,
        "mdd_median": -1.1232,
        "mdd_p75": -0.35545
      }
    },
    "3.0": {
      "12": {
        "n_total": 2197,
        "n_hit": 332,
        "p_hit": 0.151115,
        "t_hit_p25": 3.0,
        "t_hit_median": 6.0,
        "t_hit_p75": 9.0,
        "mdd_p25": -0.990225,
        "mdd_median": -0.42435,
        "mdd_p75": -0.1264
      },
      "24": {
        "n_total": 2197,
        "n_hit": 559,
        "p_hit": 0.254438,
        "t_hit_p25": 5.0,
        "t_hit_median": 10.0,
        "t_hit_p75": 17.0,
        "mdd_p25": -1.42265,
        "mdd_median": -0.5996,
        "mdd_p75": -0.1797
      },
      "36": {
        "n_total": 2197,
        "n_hit": 776,
        "p_hit": 0.353209,
        "t_hit_p25": 7.0,
        "t_hit_median": 15.0,
        "t_hit_p75": 26.0,
        "mdd_p25": -1.693175,
        "mdd_median": -0.7417499999999999,
        "mdd_p75": -0.23410000000000003
      },
      "48": {
        "n_total": 2197,
        "n_hit": 940,
        "p_hit": 0.427856,
        "t_hit_p25": 8.0,
        "t_hit_median": 20.0,
        "t_hit_p75": 32.0,
        "mdd_p25": -1.827875,
        "mdd_median": -0.88965,