{
  "schema": "baseline_probs_v1",
  "source_labels": "data/labels/labels_v1.csv",
  "n_rows_labels": 536,
  "thresholds": [
    0.5,
    1.0,
    2.0,
    3.0,
    5.0
  ],
  "horizons": [
    12,
    24,
    36,
    48,
    60,
    72,
    84,
    96
  ],
  "results": {
    "0.5": {
      "12": {
        "n_total": 536,
        "n_hit": 390,
        "p_hit": 0.727612,
        "t_hit_p25": 1.0,
        "t_hit_median": 3.0,
        "t_hit_p75": 6.0,
        "mdd_p25": -0.619975,
        "mdd_median": -0.24485,
        "mdd_p75": -0.057350000000000005
      },
      "24": {
        "n_total": 536,
        "n_hit": 467,
        "p_hit": 0.871269,
        "t_hit_p25": 2.0,
        "t_hit_median": 4.0,
        "t_hit_p75": 9.0,
        "mdd_p25": -0.8298,
        "mdd_median": -0.3383,
        "mdd_p75": -0.0948
      },
      "36": {
        "n_total": 536,
        "n_hit": 488,
        "p_hit": 0.910448,
        "t_hit_p25": 2.0,
        "t_hit_median": 4.0,
        "t_hit_p75": 10.0,
        "mdd_p25": -0.840825,
        "mdd_median": -0.36660000000000004,
        "mdd_p75": -0.10425000000000001
      },
      "48": {
        "n_total": 536,
        "n_hit": 489,
        "p_hit": 0.912313,
        "t_hit_p25": 2.0,
        "t_hit_median": 4.0,
        "t_hit_p75": 10.0,
        "mdd_p25": -0.8481,
        "mdd_median": -0.3667,
        "mdd_p75": -0.1043
      },
      "60": {
        "n_total": 536,
        "n_hit": 495,
        "p_hit": 0.923507,
        "t_hit_p25": 2.0,
        "t_hit_median": 4.0,
        "t_hit_p75": 11.0,
        "mdd_p25": -0.89005,
        "mdd_median": -0.3733,
        "mdd_p75": -0.10525000000000001
      },
      "72": {
        "n_total": 536,
        "n_hit": 507,
        "p_hit": 0.945896,
        "t_hit_p25": 2.0,
        "t_hit_median": 5.0,
        "t_hit_p75": 12.0,
        "mdd_p25": -0.94255,
        "mdd_median": -0.3906,
        "mdd_p75": -0.10925
      },
      "84": {
        "n_total": 536,
        "n_hit": 507,
        "p_hit": 0.945896,
        "t_hit_p25": 2.0,
        "t_hit_median": 5.0,
        "t_hit_p75": 12.0,
        "mdd_p25": -0.94255,
        "mdd_median": -0.3906,
        "mdd_p75": -0.10925
      },
      "96": {
        "n_total": 536,
        "n_hit": 510,
        "p_hit": 0.951493,
        "t_hit_p25": 2.0,
        "t_hit_median": 5.0,
        "t_hit_p75": 12.0,
        "mdd_p25": -0.97615,
        "mdd_median": -0.3943,
        "mdd_p75": -0.11047499999999999
      }
    },
    "1.0": {
      "12": {
        "n_total": 536,
        "n_hit": 273,
        "p_hit": 0.509328,
        "t_hit_p25": 3.0,
        "t_hit_median": 5.0,
        "t_hit_p75": 7.0,
        "mdd_p25": -0.6385,
        "mdd_median": -0.2595,
        "mdd_p75": -0.07
      },
      "24": {
        "n_total": 536,
        "n_hit": 373,
        "p_hit": 0.695896,
        "t_hit_p25": 4.0,
        "t_hit_median": 7.0,
        "t_hit_p75": 13.0,
        "mdd_p25": -0.8949,
        "mdd_median": -0.3906,
        "mdd_p75": -0.1043
      },
      "36": {
        "n_total": 536,
        "n_hit": 423,
        "p_hit": 0.789179,
        "t_hit_p25": 4.0,
        "t_hit_median": 8.0,
        "t_hit_p75": 17.0,
        "mdd_p25": -1.0032,
        "mdd_median": -0.4383,
        "mdd_p75": -0.1306
      },
      "48": {
        "n_total": 536,
        "n_hit": 445,
        "p_hit": 0.830224,
        "t_hit_p25": 4.0,
        "t_hit_median": 8.0,
        "t_hit_p75": 19.0,
        "mdd_p25": -1.0987,
        "mdd_median": -0.4543,
        "mdd_p75": -0.1424
      },
      "60": {
        "n_total": 536,
        "n_hit": 458,
        "p_hit": 0.854478,
        "t_hit_p25": 4.0,
        "t_hit_median": 9.0,
        "t_hit_p75": 20.0,
        "mdd_p25": -1.163025,
        "mdd_median": -0.4693,
        "mdd_p75": -0.145875
      },
      "72": {
        "n_total": 536,
        "n_hit": 477,
        "p_hit": 0.889925,
        "t_hit_p25": 4.0,
        "t_hit_median": 10.0,
        "t_hit_p75": 21.0,
        "mdd_p25": -1.2336,
        "mdd_median": -0.4839,
        "mdd_p75": -0.1583
      },
      "84": {
        "n_total": 536,
        "n_hit": 482,
        "p_hit": 0.899254,
        "t_hit_p25": 4.0,
        "t_hit_median": 10.0,
        "t_hit_p75": 22.0,
        "mdd_p25": -1.2682,
        "mdd_median": -0.48975,
        "mdd_p75": -0.16152499999999997
      },
      "96": {
        "n_total": 536,
        "n_hit": 488,
        "p_hit": 0.910448,
        "t_hit_p25": 4.0,
        "t_hit_median": 10.0,
        "t_hit_p75": 23.0,
        "mdd_p25": -1.305175,
        "mdd_median": -0.49845,
        "mdd_p75": -0.1643
      }
    },
    "2.0": {
      "12": {
        "n_total": 536,
        "n_hit": 130,
        "p_hit": 0.242537,
        "t_hit_p25": 4.0,
        "t_hit_median": 7.0,
        "t_hit_p75": 9.0,
        "mdd_p25": -0.6238750000000001,
        "mdd_median": -0.34425,
        "mdd_p75": -0.114
      },
      "24": {
        "n_total": 536,
        "n_hit": 231,
        "p_hit": 0.43097,
        "t_hit_p25": 6.0,
        "t_hit_median": 11.0,
        "t_hit_p75": 17.0,
        "mdd_p25": -0.86365,
        "mdd_median": -0.4983,
        "mdd_p75": -0.1622
      },
      "36": {
        "n_total": 536,
        "n_hit": 292,
        "p_hit": 0.544776,
        "t_hit_p25": 7.0,
        "t_hit_median": 14.0,
        "t_hit_p75": 22.0,
        "mdd_p25": -0.9459,
        "mdd_median": -0.4619,
        "mdd_p75": -0.1618
      },
      "48": {
        "n_total": 536,
        "n_hit": 340,
        "p_hit": 0.634328,
        "t_hit_p25": 8.0,
        "t_hit_median": 17.0,
        "t_hit_p75": 30.0,
        "mdd_p25": -0.9847,
        "mdd_median": -0.49005,
        "mdd_p75": -0.1814
      },
      "60": {
        "n_total": 536,
        "n_hit": 378,
        "p_hit": 0.705224,
        "t_hit_p25": 9.0,
        "t_hit_median": 18.0,
        "t_hit_p75": 35.0,
        "mdd_p25": -1.08805,
        "mdd_median": -0.5206500000000001,
        "mdd_p75": -0.207425
      },
      "72": {
        "n_total": 536,
        "n_hit": 405,
        "p_hit": 0.755597,
        "t_hit_p25": 10.0,
        "t_hit_median": 20.0,
        "t_hit_p75": 41.0,
        "mdd_p25": -1.1933,
        "mdd_median": -0.5725,
        "mdd_p75": -0.2382
      },
      "84": {
        "n_total": 536,
        "n_hit": 418,
        "p_hit": 0.779851,
        "t_hit_p25": 10.0,
        "t_hit_median": 20.5,
        "t_hit_p75": 43.0,
        "mdd_p25": -1.242375,
        "mdd_median": -0.5900000000000001,
        "mdd_p75": -0.24435
      },
      "96": {
        "n_total": 536,
        "n_hit": 428,
        "p_hit": 0.798507,
        "t_hit_p25": 10.0,
        "t_hit_median": 21.0,
        "t_hit_p75": 44.0,
        "mdd_p25": -1.2727,
        "mdd_median": -0.60225,
        "mdd_p75": -0.2563
      }
    },
    "3.0": {
      "12": {
        "n_total": 536,
        "n_hit": 62,
        "p_hit": 0.115672,
        "t_hit_p25": 5.0,
        "t_hit_median": 8.0,
        "t_hit_p75": 10.0,
        "mdd_p25": -0.8750249999999999,
        "mdd_median": -0.36175,
        "mdd_p75": -0.15825
      },
      "24": {
        "n_total": 536,
        "n_hit": 113,
        "p_hit": 0.210821,
        "t_hit_p25": 7.0,
        "t_hit_median": 11.0,
        "t_hit_p75": 19.0,
        "mdd_p25": -0.7065,
        "mdd_median": -0.3775,
        "mdd_p75": -0.1297
      },
      "36": {
        "n_total": 536,
        "n_hit": 182,
        "p_hit": 0.339552,
        "t_hit_p25": 10.0,
        "t_hit_median": 20.0,
        "t_hit_p75": 29.75,
        "mdd_p25": -0.7793249999999999,
        "mdd_median": -0.40754999999999997,
        "mdd_p75": -0.1341
      },
      "48": {
        "n_total": 536,
        "n_hit": 243,
        "p_hit": 0.453358,
        "t_hit_p25": 12.0,
        "t_hit_median": 27.0,
        "t_hit_p75": 36.5,
        "mdd_p25": -0.85595,
        "mdd_median": -0.4543,
        "mdd_p75": -0.18664999999999998
      },
      "60": {
        "n_total": 536,