{
  "schema": "baseline_probs_v1",
  "source_labels": "data/labels/labels_v1.csv",
  "n_rows_labels": 1455,
  "thresholds": [
    0.5,
    1.0,
    2.0,
    3.0,
    5.0
  ],
  "horizons": [
    12,
    24,
    36,
    48,
    60,
    72,
    84,
    96
  ],
  "results": {
    "0.5": {
      "12": {
        "n_total": 1455,
        "n_hit": 1022,
        "p_hit": 0.702405,
        "t_hit_p25": 1.0,
        "t_hit_median": 2.0,
        "t_hit_p75": 5.0,
        "mdd_p25": -0.80855,
        "mdd_median": -0.28215,
        "mdd_p75": -0.052724999999999994
      },
      "24": {
        "n_total": 1455,
        "n_hit": 1164,
        "p_hit": 0.8,
        "t_hit_p25": 1.0,
        "t_hit_median": 3.0,
        "t_hit_p75": 7.0,
        "mdd_p25": -0.9714999999999999,
        "mdd_median": -0.36819999999999997,
        "mdd_p75": -0.083175
      },
      "36": {
        "n_total": 1455,
        "n_hit": 1218,
        "p_hit": 0.837113,
        "t_hit_p25": 1.0,
        "t_hit_median": 3.0,
        "t_hit_p75": 8.0,
        "mdd_p25": -1.0077,
        "mdd_median": -0.39395,
        "mdd_p75": -0.094175
      },
      "48": {
        "n_total": 1455,
        "n_hit": 1235,
        "p_hit": 0.848797,
        "t_hit_p25": 1.0,
        "t_hit_median": 3.0,
        "t_hit_p75": 8.5,
        "mdd_p25": -1.07675,
        "mdd_median": -0.4096,
        "mdd_p75": -0.09895
      },
      "60": {
        "n_total": 1455,
        "n_hit": 1249,
        "p_hit": 0.858419,
        "t_hit_p25": 1.0,
        "t_hit_median": 3.0,
        "t_hit_p75": 9.0,
        "mdd_p25": -1.1293,
        "mdd_median": -0.4157,
        "mdd_p75": -0.1017
      },
      "72": {
        "n_total": 1455,
        "n_hit": 1278,
        "p_hit": 0.878351,
        "t_hit_p25": 1.0,
        "t_hit_median": 3.0,
        "t_hit_p75": 10.0,
        "mdd_p25": -1.21975,
        "mdd_median": -0.438,
        "mdd_p75": -0.10464999999999999
      },
      "84": {
        "n_total": 1455,
        "n_hit": 1305,
        "p_hit": 0.896907,
        "t_hit_p25": 1.0,
        "t_hit_median": 3.0,
        "t_hit_p75": 10.0,
        "mdd_p25": -1.311,
        "mdd_median": -0.4574,
        "mdd_p75": -0.1076
      },
      "96": {
        "n_total": 1455,
        "n_hit": 1321,
        "p_hit": 0.907904,
        "t_hit_p25": 1.0,
        "t_hit_median": 3.0,
        "t_hit_p75": 11.0,
        "mdd_p25": -1.3527,
        "mdd_median": -0.4697,
        "mdd_p75": -0.11
      }
    },
    "1.0": {
      "12": {
        "n_total": 1455,
        "n_hit": 758,
        "p_hit": 0.520962,
        "t_hit_p25": 2.0,
        "t_hit_median": 4.0,
        "t_hit_p75": 7.0,
        "mdd_p25": -0.999125,
        "mdd_median": -0.38134999999999997,
        "mdd_p75": -0.07944999999999999
      },
      "24": {
        "n_total": 1455,
        "n_hit": 932,
        "p_hit": 0.64055,
        "t_hit_p25": 2.0,
        "t_hit_median": 5.0,
        "t_hit_p75": 10.0,
        "mdd_p25": -1.1363750000000001,
        "mdd_median": -0.4693,
        "mdd_p75": -0.11767499999999999
      },
      "36": {
        "n_total": 1455,
        "n_hit": 1033,
        "p_hit": 0.709966,
        "t_hit_p25": 2.0,
        "t_hit_median": 6.0,
        "t_hit_p75": 13.0,
        "mdd_p25": -1.2603,
        "mdd_median": -0.4923,
        "mdd_p75": -0.1454
      },
      "48": {
        "n_total": 1455,
        "n_hit": 1075,
        "p_hit": 0.738832,
        "t_hit_p25": 3.0,
        "t_hit_median": 6.0,
        "t_hit_p75": 15.0,
        "mdd_p25": -1.27835,
        "mdd_median": -0.5064,
        "mdd_p75": -0.15585
      },
      "60": {
        "n_total": 1455,
        "n_hit": 1115,
        "p_hit": 0.766323,
        "t_hit_p25": 3.0,
        "t_hit_median": 7.0,
        "t_hit_p75": 17.0,
        "mdd_p25": -1.3587500000000001,
        "mdd_median": -0.5397,
        "mdd_p75": -0.16165
      },
      "72": {
        "n_total": 1455,
        "n_hit": 1163,
        "p_hit": 0.799313,
        "t_hit_p25": 3.0,
        "t_hit_median": 7.0,
        "t_hit_p75": 19.0,
        "mdd_p25": -1.4751,
        "mdd_median": -0.5763,
        "mdd_p75": -0.1704
      },
      "84": {
        "n_total": 1455,
        "n_hit": 1197,
        "p_hit": 0.82268,
        "t_hit_p25": 3.0,
        "t_hit_median": 8.0,
        "t_hit_p75": 21.0,
        "mdd_p25": -1.5815,
        "mdd_median": -0.5963,
        "mdd_p75": -0.1749
      },
      "96": {
        "n_total": 1455,
        "n_hit": 1216,
        "p_hit": 0.835739,
        "t_hit_p25": 3.0,
        "t_hit_median": 8.0,
        "t_hit_p75": 22.0,
        "mdd_p25": -1.65935,
        "mdd_median": -0.61055,
        "mdd_p75": -0.177975
      }
    },
    "2.0": {
      "12": {
        "n_total": 1455,
        "n_hit": 372,
        "p_hit": 0.25567,
        "t_hit_p25": 3.0,
        "t_hit_median": 5.0,
        "t_hit_p75": 8.0,
        "mdd_p25": -1.032675,
        "mdd_median": -0.41225,
        "mdd_p75": -0.12735000000000002
      },
      "24": {
        "n_total": 1455,
        "n_hit": 578,
        "p_hit": 0.397251,
        "t_hit_p25": 4.0,
        "t_hit_median": 9.0,
        "t_hit_p75": 16.0,
        "mdd_p25": -1.24895,
        "mdd_median": -0.5627,
        "mdd_p75": -0.172025
      },
      "36": {
        "n_total": 1455,
        "n_hit": 701,
        "p_hit": 0.481787,
        "t_hit_p25": 5.0,
        "t_hit_median": 11.0,
        "t_hit_p75": 21.0,
        "mdd_p25": -1.3262,
        "mdd_median": -0.5798,
        "mdd_p75": -0.176
      },
      "48": {
        "n_total": 1455,
        "n_hit": 800,
        "p_hit": 0.549828,
        "t_hit_p25": 6.0,
        "t_hit_median": 14.0,
        "t_hit_p75": 27.0,
        "mdd_p25": -1.3651499999999999,
        "mdd_median": -0.5952,
        "mdd_p75": -0.207375
      },
      "60": {
        "n_total": 1455,
        "n_hit": 866,
        "p_hit": 0.595189,
        "t_hit_p25": 6.0,
        "t_hit_median": 16.0,
        "t_hit_p75": 31.75,
        "mdd_p25": -1.4065249999999998,
        "mdd_median": -0.6212,
        "mdd_p75": -0.23632499999999998
      },
      "72": {
        "n_total": 1455,
        "n_hit": 928,
        "p_hit": 0.637801,
        "t_hit_p25": 7.0,
        "t_hit_median": 17.0,
        "t_hit_p75": 36.0,
        "mdd_p25": -1.5328249999999999,
        "mdd_median": -0.71645,
        "mdd_p75": -0.264975
      },
      "84": {
        "n_total": 1455,
        "n_hit": 971,
        "p_hit": 0.667354,
        "t_hit_p25": 7.0,
        "t_hit_median": 18.0,
        "t_hit_p75": 40.0,
        "mdd_p25": -1.638,
        "mdd_median": -0.8025,
        "mdd_p75": -0.27535
      },
      "96": {
        "n_total": 1455,
        "n_hit": 1008,
        "p_hit": 0.692784,
        "t_hit_p25": 7.0,
        "t_hit_median": 19.0,
        "t_hit_p75": 43.0,
        "mdd_p25": -1.758075,
        "mdd_median": -0.86365,
        "mdd_p75": -0.28985
      }
    },
    "3.0": {
      "12": {
        "n_total": 1455,
        "n_hit": 192,
        "p_hit": 0.131959,
        "t_hit_p25": 3.0,
        "t_hit_median": 5.0,
        "t_hit_p75": 9.0,
        "mdd_p25": -0.9318500000000001,
        "mdd_median": -0.4068,
        "mdd_p75": -0.14435
      },
      "24": {
        "n_total": 1455,
        "n_hit": 314,
        "p_hit": 0.215808,
        "t_hit_p25": 5.0,
        "t_hit_median": 10.0,
        "t_hit_p75": 17.0,
        "mdd_p25": -1.116225,
        "mdd_median": -0.47215,
        "mdd_p75": -0.14982499999999999
      },
      "36": {
        "n_total": 1455,
        "n_hit": 424,
        "p_hit": 0.291409,
        "t_hit_p25": 6.0,
        "t_hit_median": 15.0,
        "t_hit_p75": 25.0,
        "mdd_p25": -1.2132,
        "mdd_median": -0.54285,
        "mdd_p75": -0.16947500000000001
      },
      "48": {
        "n_total": 1455,
        "n_hit": 524,
        "p_hit": 0.360137,
        "t_hit_p25": 7.0,
        "t_hit_median": 20.0,
        "t_hit_p75": 33.0,
        "mdd_p25": -1.318625,
        "mdd_median": -0.5822,