{
  "schema": "baseline_probs_v1",
  "source_labels": "data/labels/labels_v1.csv",
  "n_rows_labels": 2757,
  "thresholds": [
    0.5,
    1.0,
    2.0,
    3.0,
    5.0
  ],
  "horizons": [
    12,
    24,
    36,
    48,
    60,
    72,
    84,
    96
  ],
  "results": {
    "0.5": {
      "12": {
        "n_total": 2757,
        "n_hit": 1939,
        "p_hit": 0.703301,
        "t_hit_p25": 1.0,
        "t_hit_median": 2.0,
        "t_hit_p75": 4.0,
        "mdd_p25": -0.72175,
        "mdd_median": -0.293,
        "mdd_p75": -0.05075
      },
      "24": {
        "n_total": 2757,
        "n_hit": 2207,
        "p_hit": 0.800508,
        "t_hit_p25": 1.0,
        "t_hit_median": 3.0,
        "t_hit_p75": 7.0,
        "mdd_p25": -0.8996,
        "mdd_median": -0.3596,
        "mdd_p75": -0.08095
      },
      "36": {
        "n_total": 2757,
        "n_hit": 2344,
        "p_hit": 0.850199,
        "t_hit_p25": 1.0,
        "t_hit_median": 3.0,
        "t_hit_p75": 8.0,
        "mdd_p25": -1.003225,
        "mdd_median": -0.41005,
        "mdd_p75": -0.0978
      },
      "48": {
        "n_total": 2757,
        "n_hit": 2395,
        "p_hit": 0.868698,
        "t_hit_p25": 1.0,
        "t_hit_median": 3.0,
        "t_hit_p75": 9.0,
        "mdd_p25": -1.09885,
        "mdd_median": -0.4234,
        "mdd_p75": -0.10335
      },
      "60": {
        "n_total": 2757,
        "n_hit": 2418,
        "p_hit": 0.87704,
        "t_hit_p25": 1.0,
        "t_hit_median": 3.0,
        "t_hit_p75": 9.0,
        "mdd_p25": -1.1472499999999999,
        "mdd_median": -0.431,
        "mdd_p75": -0.10500000000000001
      },
      "72": {
        "n_total": 2757,
        "n_hit": 2457,
        "p_hit": 0.891186,
        "t_hit_p25": 1.0,
        "t_hit_median": 3.0,
        "t_hit_p75": 10.0,
        "mdd_p25": -1.1975,
        "mdd_median": -0.4467,
        "mdd_p75": -0.1089
      },
      "84": {
        "n_total": 2757,
        "n_hit": 2500,
        "p_hit": 0.906783,
        "t_hit_p25": 1.0,
        "t_hit_median": 3.0,
        "t_hit_p75": 11.0,
        "mdd_p25": -1.28295,
        "mdd_median": -0.46585,
        "mdd_p75": -0.114475
      },
      "96": {
        "n_total": 2757,
        "n_hit": 2529,
        "p_hit": 0.917301,
        "t_hit_p25": 1.0,
        "t_hit_median": 3.0,
        "t_hit_p75": 11.0,
        "mdd_p25": -1.3396,
        "mdd_median": -0.4749,
        "mdd_p75": -0.1172
      }
    },
    "1.0": {
      "12": {
        "n_total": 2757,
        "n_hit": 1417,
        "p_hit": 0.513964,
        "t_hit_p25": 2.0,
        "t_hit_median": 4.0,
        "t_hit_p75": 7.0,
        "mdd_p25": -0.9312,
        "mdd_median": -0.3684,
        "mdd_p75": -0.0808
      },
      "24": {
        "n_total": 2757,
        "n_hit": 1773,
        "p_hit": 0.64309,
        "t_hit_p25": 2.0,
        "t_hit_median": 5.0,
        "t_hit_p75": 11.0,
        "mdd_p25": -1.0944,
        "mdd_median": -0.4726,
        "mdd_p75": -0.13
      },
      "36": {
        "n_total": 2757,
        "n_hit": 1998,
        "p_hit": 0.724701,
        "t_hit_p25": 3.0,
        "t_hit_median": 6.0,
        "t_hit_p75": 15.0,
        "mdd_p25": -1.321,
        "mdd_median": -0.53575,
        "mdd_p75": -0.16152499999999997
      },
      "48": {
        "n_total": 2757,
        "n_hit": 2103,
        "p_hit": 0.762786,
        "t_hit_p25": 3.0,
        "t_hit_median": 7.0,
        "t_hit_p75": 17.0,
        "mdd_p25": -1.37945,
        "mdd_median": -0.5535,
        "mdd_p75": -0.17415
      },
      "60": {
        "n_total": 2757,
        "n_hit": 2181,
        "p_hit": 0.791077,
        "t_hit_p25": 3.0,
        "t_hit_median": 7.0,
        "t_hit_p75": 19.0,
        "mdd_p25": -1.4803,
        "mdd_median": -0.5949,
        "mdd_p75": -0.1877
      },
      "72": {
        "n_total": 2757,
        "n_hit": 2246,
        "p_hit": 0.814654,
        "t_hit_p25": 3.0,
        "t_hit_median": 8.0,
        "t_hit_p75": 21.0,
        "mdd_p25": -1.58445,
        "mdd_median": -0.6189,
        "mdd_p75": -0.19845000000000002
      },
      "84": {
        "n_total": 2757,
        "n_hit": 2304,
        "p_hit": 0.835691,
        "t_hit_p25": 3.0,
        "t_hit_median": 8.0,
        "t_hit_p75": 23.0,
        "mdd_p25": -1.687375,
        "mdd_median": -0.655,
        "mdd_p75": -0.209425
      },
      "96": {
        "n_total": 2757,
        "n_hit": 2341,
        "p_hit": 0.849111,
        "t_hit_p25": 3.0,
        "t_hit_median": 8.0,
        "t_hit_p75": 24.0,
        "mdd_p25": -1.7576,
        "mdd_median": -0.6798,
        "mdd_p75": -0.2189
      }
    },
    "2.0": {
      "12": {
        "n_total": 2757,
        "n_hit": 685,
        "p_hit": 0.248458,
        "t_hit_p25": 3.0,
        "t_hit_median": 5.0,
        "t_hit_p75": 9.0,
        "mdd_p25": -0.9742,
        "mdd_median": -0.4163,
        "mdd_p75": -0.1062
      },
      "24": {
        "n_total": 2757,
        "n_hit": 1111,
        "p_hit": 0.402974,
        "t_hit_p25": 4.0,
        "t_hit_median": 9.0,
        "t_hit_p75": 16.0,
        "mdd_p25": -1.2759,
        "mdd_median": -0.5803,
        "mdd_p75": -0.17905
      },
      "36": {
        "n_total": 2757,
        "n_hit": 1406,
        "p_hit": 0.509975,
        "t_hit_p25": 5.0,
        "t_hit_median": 13.0,
        "t_hit_p75": 23.0,
        "mdd_p25": -1.4668,
        "mdd_median": -0.6768,
        "mdd_p75": -0.2239
      },
      "48": {
        "n_total": 2757,
        "n_hit": 1596,
        "p_hit": 0.57889,
        "t_hit_p25": 6.0,
        "t_hit_median": 15.0,
        "t_hit_p75": 28.0,
        "mdd_p25": -1.559875,
        "mdd_median": -0.7311,
        "mdd_p75": -0.26555
      },
      "60": {
        "n_total": 2757,
        "n_hit": 1723,
        "p_hit": 0.624955,
        "t_hit_p25": 7.0,
        "t_hit_median": 17.0,
        "t_hit_p75": 32.0,
        "mdd_p25": -1.6174,
        "mdd_median": -0.7988,
        "mdd_p75": -0.28600000000000003
      },
      "72": {
        "n_total": 2757,
        "n_hit": 1834,
        "p_hit": 0.665216,
        "t_hit_p25": 7.0,
        "t_hit_median": 18.0,
        "t_hit_p75": 35.0,
        "mdd_p25": -1.771275,
        "mdd_median": -0.88455,
        "mdd_p75": -0.3122
      },
      "84": {
        "n_total": 2757,
        "n_hit": 1915,
        "p_hit": 0.694596,
        "t_hit_p25": 8.0,
        "t_hit_median": 20.0,
        "t_hit_p75": 38.0,
        "mdd_p25": -1.9300000000000002,
        "mdd_median": -0.9456,
        "mdd_p75": -0.3316
      },
      "96": {
        "n_total": 2757,
        "n_hit": 1990,
        "p_hit": 0.721799,
        "t_hit_p25": 8.0,
        "t_hit_median": 21.0,
        "t_hit_p75": 42.0,
        "mdd_p25": -2.12995,
        "mdd_median": -0.9903500000000001,
        "mdd_p75": -0.348325
      }
    },
    "3.0": {
      "12": {
        "n_total": 2757,
        "n_hit": 373,
        "p_hit": 0.135292,
        "t_hit_p25": 3.0,
        "t_hit_median": 6.0,
        "t_hit_p75": 9.0,
        "mdd_p25": -0.9293,
        "mdd_median": -0.3777,
        "mdd_p75": -0.1062
      },
      "24": {
        "n_total": 2757,
        "n_hit": 646,
        "p_hit": 0.234313,
        "t_hit_p25": 5.0,
        "t_hit_median": 10.0,
        "t_hit_p75": 17.0,
        "mdd_p25": -1.3294249999999999,
        "mdd_median": -0.55085,
        "mdd_p75": -0.1612
      },
      "36": {
        "n_total": 2757,
        "n_hit": 909,
        "p_hit": 0.329706,
        "t_hit_p25": 7.0,
        "t_hit_median": 16.0,
        "t_hit_p75": 26.0,
        "mdd_p25": -1.5889,
        "mdd_median": -0.6742,
        "mdd_p75": -0.2074
      },
      "48": {
        "n_total": 2757,
        "n_hit": 1124,
        "p_hit": 0.40769,
        "t_hit_p25": 9.0,
        "t_hit_median": 21.0,
        "t_hit_p75": 33.0,
        "mdd_p25": -1.709725,
        "mdd_median": -0.79705,
        "mdd_p75": -0.2719
      },
      "60": {
        "n_total": 2757,
        "n_hit": 1283,