{
  "schema": "baseline_probs_v1",
  "source_labels": "data/labels/labels_v1.csv",
  "n_rows_labels": 2156,
  "thresholds": [
    0.5,
    1.0,
    2.0,
    3.0,
    5.0
  ],
  "horizons": [
    12,
    24,
    36,
    48,
    60,
    72,
    84,
    96
  ],
  "results": {
    "0.5": {
      "12": {
        "n_total": 2156,
        "n_hit": 1561,
        "p_hit": 0.724026,
        "t_hit_p25": 1.0,
        "t_hit_median": 2.0,
        "t_hit_p75": 4.0,
        "mdd_p25": -0.8194,
        "mdd_median": -0.3155,
        "mdd_p75": -0.06
      },
      "24": {
        "n_total": 2156,
        "n_hit": 1758,
        "p_hit": 0.815399,
        "t_hit_p25": 1.0,
        "t_hit_median": 3.0,
        "t_hit_p75": 6.0,
        "mdd_p25": -0.95615,
        "mdd_median": -0.37795,
        "mdd_p75": -0.09175
      },
      "36": {
        "n_total": 2156,
        "n_hit": 1849,
        "p_hit": 0.857607,
        "t_hit_p25": 1.0,
        "t_hit_median": 3.0,
        "t_hit_p75": 7.0,
        "mdd_p25": -1.0607,
        "mdd_median": -0.4133,
        "mdd_p75": -0.1032
      },
      "48": {
        "n_total": 2156,
        "n_hit": 1884,
        "p_hit": 0.87384,
        "t_hit_p25": 1.0,
        "t_hit_median": 3.0,
        "t_hit_p75": 8.0,
        "mdd_p25": -1.1474499999999999,
        "mdd_median": -0.4265,
        "mdd_p75": -0.10615000000000001
      },
      "60": {
        "n_total": 2156,
        "n_hit": 1901,
        "p_hit": 0.881725,
        "t_hit_p25": 1.0,
        "t_hit_median": 3.0,
        "t_hit_p75": 8.0,
        "mdd_p25": -1.1687,
        "mdd_median": -0.4359,
        "mdd_p75": -0.109
      },
      "72": {
        "n_total": 2156,
        "n_hit": 1933,
        "p_hit": 0.896568,
        "t_hit_p25": 1.0,
        "t_hit_median": 3.0,
        "t_hit_p75": 9.0,
        "mdd_p25": -1.2472,
        "mdd_median": -0.4477,
        "mdd_p75": -0.1149
      },
      "84": {
        "n_total": 2156,
        "n_hit": 1963,
        "p_hit": 0.910482,
        "t_hit_p25": 1.0,
        "t_hit_median": 3.0,
        "t_hit_p75": 10.0,
        "mdd_p25": -1.3255,
        "mdd_median": -0.4671,
        "mdd_p75": -0.11775
      },
      "96": {
        "n_total": 2156,
        "n_hit": 1984,
        "p_hit": 0.920223,
        "t_hit_p25": 1.0,
        "t_hit_median": 3.0,
        "t_hit_p75": 10.0,
        "mdd_p25": -1.3590499999999999,
        "mdd_median": -0.4748,
        "mdd_p75": -0.120775
      }
    },
    "1.0": {
      "12": {
        "n_total": 2156,
        "n_hit": 1158,
        "p_hit": 0.537106,
        "t_hit_p25": 2.0,
        "t_hit_median": 4.0,
        "t_hit_p75": 7.0,
        "mdd_p25": -1.006725,
        "mdd_median": -0.40995000000000004,
        "mdd_p75": -0.093125
      },
      "24": {
        "n_total": 2156,
        "n_hit": 1416,
        "p_hit": 0.656772,
        "t_hit_p25": 2.0,
        "t_hit_median": 5.0,
        "t_hit_p75": 10.0,
        "mdd_p25": -1.204425,
        "mdd_median": -0.49305,
        "mdd_p75": -0.1356
      },
      "36": {
        "n_total": 2156,
        "n_hit": 1582,
        "p_hit": 0.733766,
        "t_hit_p25": 2.0,
        "t_hit_median": 6.0,
        "t_hit_p75": 14.0,
        "mdd_p25": -1.3913749999999998,
        "mdd_median": -0.5434,
        "mdd_p75": -0.16255
      },
      "48": {
        "n_total": 2156,
        "n_hit": 1658,
        "p_hit": 0.769017,
        "t_hit_p25": 3.0,
        "t_hit_median": 6.0,
        "t_hit_p75": 16.0,
        "mdd_p25": -1.47905,
        "mdd_median": -0.57655,
        "mdd_p75": -0.172425
      },
      "60": {
        "n_total": 2156,
        "n_hit": 1725,
        "p_hit": 0.800093,
        "t_hit_p25": 3.0,
        "t_hit_median": 7.0,
        "t_hit_p75": 18.0,
        "mdd_p25": -1.5891,
        "mdd_median": -0.6117,
        "mdd_p75": -0.1844
      },
      "72": {
        "n_total": 2156,
        "n_hit": 1780,
        "p_hit": 0.825603,
        "t_hit_p25": 3.0,
        "t_hit_median": 7.0,
        "t_hit_p75": 20.0,
        "mdd_p25": -1.7041250000000001,
        "mdd_median": -0.6609,
        "mdd_p75": -0.19782500000000003
      },
      "84": {
        "n_total": 2156,
        "n_hit": 1819,
        "p_hit": 0.843692,
        "t_hit_p25": 3.0,
        "t_hit_median": 7.0,
        "t_hit_p75": 21.0,
        "mdd_p25": -1.8045,
        "mdd_median": -0.688,
        "mdd_p75": -0.2086
      },
      "96": {
        "n_total": 2156,
        "n_hit": 1845,
        "p_hit": 0.855751,
        "t_hit_p25": 3.0,
        "t_hit_median": 8.0,
        "t_hit_p75": 23.0,
        "mdd_p25": -1.8696,
        "mdd_median": -0.7081,
        "mdd_p75": -0.2187
      }
    },
    "2.0": {
      "12": {
        "n_total": 2156,
        "n_hit": 583,
        "p_hit": 0.270408,
        "t_hit_p25": 3.0,
        "t_hit_median": 5.0,
        "t_hit_p75": 8.0,
        "mdd_p25": -1.03555,
        "mdd_median": -0.4433,
        "mdd_p75": -0.11649999999999999
      },
      "24": {
        "n_total": 2156,
        "n_hit": 903,
        "p_hit": 0.418831,
        "t_hit_p25": 4.0,
        "t_hit_median": 9.0,
        "t_hit_p75": 16.0,
        "mdd_p25": -1.4097,
        "mdd_median": -0.6161,
        "mdd_p75": -0.1839
      },
      "36": {
        "n_total": 2156,
        "n_hit": 1115,
        "p_hit": 0.517161,
        "t_hit_p25": 5.0,
        "t_hit_median": 12.0,
        "t_hit_p75": 21.0,
        "mdd_p25": -1.63435,
        "mdd_median": -0.7505,
        "mdd_p75": -0.2233
      },
      "48": {
        "n_total": 2156,
        "n_hit": 1260,
        "p_hit": 0.584416,
        "t_hit_p25": 5.0,
        "t_hit_median": 14.0,
        "t_hit_p75": 26.25,
        "mdd_p25": -1.6880249999999999,
        "mdd_median": -0.83545,
        "mdd_p75": -0.2653
      },
      "60": {
        "n_total": 2156,
        "n_hit": 1362,
        "p_hit": 0.631725,
        "t_hit_p25": 6.0,
        "t_hit_median": 16.0,
        "t_hit_p75": 31.0,
        "mdd_p25": -1.7540499999999999,
        "mdd_median": -0.9039999999999999,
        "mdd_p75": -0.27915
      },
      "72": {
        "n_total": 2156,
        "n_hit": 1454,
        "p_hit": 0.674397,
        "t_hit_p25": 6.0,
        "t_hit_median": 17.0,
        "t_hit_p75": 35.0,
        "mdd_p25": -1.966775,
        "mdd_median": -0.97915,
        "mdd_p75": -0.311425
      },
      "84": {
        "n_total": 2156,
        "n_hit": 1511,
        "p_hit": 0.700835,
        "t_hit_p25": 7.0,
        "t_hit_median": 18.0,
        "t_hit_p75": 38.0,
        "mdd_p25": -2.1454,
        "mdd_median": -1.0394,
        "mdd_p75": -0.3316
      },
      "96": {
        "n_total": 2156,
        "n_hit": 1570,
        "p_hit": 0.7282,
        "t_hit_p25": 7.0,
        "t_hit_median": 19.0,
        "t_hit_p75": 41.0,
        "mdd_p25": -2.24625,
        "mdd_median": -1.12305,
        "mdd_p75": -0.350275
      }
    },
    "3.0": {
      "12": {
        "n_total": 2156,
        "n_hit": 329,
        "p_hit": 0.152597,
        "t_hit_p25": 3.0,
        "t_hit_median": 6.0,
        "t_hit_p75": 9.0,
        "mdd_p25": -0.9906,
        "mdd_median": -0.4322,
        "mdd_p75": -0.1327
      },
      "24": {
        "n_total": 2156,
        "n_hit": 552,
        "p_hit": 0.25603,
        "t_hit_p25": 5.0,
        "t_hit_median": 10.0,
        "t_hit_p75": 17.0,
        "mdd_p25": -1.430475,
        "mdd_median": -0.60015,
        "mdd_p75": -0.18155
      },
      "36": {
        "n_total": 2156,
        "n_hit": 756,
        "p_hit": 0.350649,
        "t_hit_p25": 6.0,
        "t_hit_median": 15.0,
        "t_hit_p75": 25.0,
        "mdd_p25": -1.713875,
        "mdd_median": -0.7496499999999999,
        "mdd_p75": -0.23410000000000003
      },
      "48": {
        "n_total": 2156,
        "n_hit": 915,
        "p_hit": 0.424397,
        "t_hit_p25": 8.0,
        "t_hit_median": 19.0,
        "t_hit_p75": 32.0,
        "mdd_p25": -1.87865,
        "mdd_median": -0.8902,
        "mdd_p75": -0.28180000000000005
      },