{
  "schema": "baseline_probs_v1",
  "source_labels": "data/labels/labels_v1.csv",
  "n_rows_labels": 1706,
  "thresholds": [
    0.5,
    1.0,
    2.0,
    3.0,
    5.0
  ],
  "horizons": [
    12,
    24,
    36,
    48,
    60,
    72,
    84,
    96
  ],
  "results": {
    "0.5": {
      "12": {
        "n_total": 1706,
        "n_hit": 1226,
        "p_hit": 0.71864,
        "t_hit_p25": 1.0,
        "t_hit_median": 2.0,
        "t_hit_p75": 4.0,
        "mdd_p25": -0.8302499999999999,
        "mdd_median": -0.30474999999999997,
        "mdd_p75": -0.057525
      },
      "24": {
        "n_total": 1706,
        "n_hit": 1382,
        "p_hit": 0.810082,
        "t_hit_p25": 1.0,
        "t_hit_median": 3.0,
        "t_hit_p75": 6.0,
        "mdd_p25": -0.9810749999999999,
        "mdd_median": -0.3754,
        "mdd_p75": -0.09135000000000001
      },
      "36": {
        "n_total": 1706,
        "n_hit": 1450,
        "p_hit": 0.849941,
        "t_hit_p25": 1.0,
        "t_hit_median": 3.0,
        "t_hit_p75": 7.0,
        "mdd_p25": -1.06945,
        "mdd_median": -0.4096,
        "mdd_p75": -0.10177499999999999
      },
      "48": {
        "n_total": 1706,
        "n_hit": 1471,
        "p_hit": 0.862251,
        "t_hit_p25": 1.0,
        "t_hit_median": 3.0,
        "t_hit_p75": 8.0,
        "mdd_p25": -1.13765,
        "mdd_median": -0.4181,
        "mdd_p75": -0.1042
      },
      "60": {
        "n_total": 1706,
        "n_hit": 1485,
        "p_hit": 0.870457,
        "t_hit_p25": 1.0,
        "t_hit_median": 3.0,
        "t_hit_p75": 8.0,
        "mdd_p25": -1.1619,
        "mdd_median": -0.426,
        "mdd_p75": -0.1056
      },
      "72": {
        "n_total": 1706,
        "n_hit": 1514,
        "p_hit": 0.887456,
        "t_hit_p25": 1.0,
        "t_hit_median": 3.0,
        "t_hit_p75": 9.0,
        "mdd_p25": -1.245975,
        "mdd_median": -0.44205,
        "mdd_p75": -0.1092
      },
      "84": {
        "n_total": 1706,
        "n_hit": 1541,
        "p_hit": 0.903283,
        "t_hit_p25": 1.0,
        "t_hit_median": 3.0,
        "t_hit_p75": 10.0,
        "mdd_p25": -1.3245,
        "mdd_median": -0.4653,
        "mdd_p75": -0.1164
      },
      "96": {
        "n_total": 1706,
        "n_hit": 1560,
        "p_hit": 0.91442,
        "t_hit_p25": 1.0,
        "t_hit_median": 3.0,
        "t_hit_p75": 10.0,
        "mdd_p25": -1.3587250000000002,
        "mdd_median": -0.4737,
        "mdd_p75": -0.11767499999999999
      }
    },
    "1.0": {
      "12": {
        "n_total": 1706,
        "n_hit": 911,
        "p_hit": 0.533998,
        "t_hit_p25": 2.0,
        "t_hit_median": 4.0,
        "t_hit_p75": 7.0,
        "mdd_p25": -1.0107,
        "mdd_median": -0.4096,
        "mdd_p75": -0.093
      },
      "24": {
        "n_total": 1706,
        "n_hit": 1112,
        "p_hit": 0.651817,
        "t_hit_p25": 2.0,
        "t_hit_median": 5.0,
        "t_hit_p75": 10.0,
        "mdd_p25": -1.2230499999999997,
        "mdd_median": -0.48450000000000004,
        "mdd_p75": -0.132325
      },
      "36": {
        "n_total": 1706,
        "n_hit": 1236,
        "p_hit": 0.724502,
        "t_hit_p25": 2.0,
        "t_hit_median": 6.0,
        "t_hit_p75": 13.0,
        "mdd_p25": -1.359,
        "mdd_median": -0.53575,
        "mdd_p75": -0.15725
      },
      "48": {
        "n_total": 1706,
        "n_hit": 1291,
        "p_hit": 0.756741,
        "t_hit_p25": 2.0,
        "t_hit_median": 6.0,
        "t_hit_p75": 16.0,
        "mdd_p25": -1.39115,
        "mdd_median": -0.5437,
        "mdd_p75": -0.1661
      },
      "60": {
        "n_total": 1706,
        "n_hit": 1343,
        "p_hit": 0.787222,
        "t_hit_p25": 3.0,
        "t_hit_median": 6.0,
        "t_hit_p75": 18.0,
        "mdd_p25": -1.51795,
        "mdd_median": -0.5846,
        "mdd_p75": -0.17245
      },
      "72": {
        "n_total": 1706,
        "n_hit": 1392,
        "p_hit": 0.815944,
        "t_hit_p25": 3.0,
        "t_hit_median": 7.0,
        "t_hit_p75": 19.0,
        "mdd_p25": -1.6335000000000002,
        "mdd_median": -0.61625,
        "mdd_p75": -0.18415
      },
      "84": {
        "n_total": 1706,
        "n_hit": 1426,
        "p_hit": 0.835873,
        "t_hit_p25": 3.0,
        "t_hit_median": 7.0,
        "t_hit_p75": 21.0,
        "mdd_p25": -1.7203,
        "mdd_median": -0.6518999999999999,
        "mdd_p75": -0.19285
      },
      "96": {
        "n_total": 1706,
        "n_hit": 1446,
        "p_hit": 0.847597,
        "t_hit_p25": 3.0,
        "t_hit_median": 7.0,
        "t_hit_p75": 22.0,
        "mdd_p25": -1.7867000000000002,
        "mdd_median": -0.6732,
        "mdd_p75": -0.200775
      }
    },
    "2.0": {
      "12": {
        "n_total": 1706,
        "n_hit": 469,
        "p_hit": 0.274912,
        "t_hit_p25": 3.0,
        "t_hit_median": 5.0,
        "t_hit_p75": 8.0,
        "mdd_p25": -1.1263,
        "mdd_median": -0.4495,
        "mdd_p75": -0.1358
      },
      "24": {
        "n_total": 1706,
        "n_hit": 717,
        "p_hit": 0.420281,
        "t_hit_p25": 4.0,
        "t_hit_median": 9.0,
        "t_hit_p75": 15.0,
        "mdd_p25": -1.3861,
        "mdd_median": -0.6136,
        "mdd_p75": -0.1922
      },
      "36": {
        "n_total": 1706,
        "n_hit": 877,
        "p_hit": 0.514068,
        "t_hit_p25": 5.0,
        "t_hit_median": 11.0,
        "t_hit_p75": 21.0,
        "mdd_p25": -1.5567,
        "mdd_median": -0.6805,
        "mdd_p75": -0.2075
      },
      "48": {
        "n_total": 1706,
        "n_hit": 990,
        "p_hit": 0.580305,
        "t_hit_p25": 5.0,
        "t_hit_median": 14.0,
        "t_hit_p75": 26.0,
        "mdd_p25": -1.588075,
        "mdd_median": -0.7154,
        "mdd_p75": -0.2458
      },
      "60": {
        "n_total": 1706,
        "n_hit": 1072,
        "p_hit": 0.62837,
        "t_hit_p25": 6.0,
        "t_hit_median": 15.0,
        "t_hit_p75": 31.0,
        "mdd_p25": -1.6433499999999999,
        "mdd_median": -0.7783500000000001,
        "mdd_p75": -0.27205
      },
      "72": {
        "n_total": 1706,
        "n_hit": 1146,
        "p_hit": 0.671747,
        "t_hit_p25": 6.0,
        "t_hit_median": 17.0,
        "t_hit_p75": 35.0,
        "mdd_p25": -1.7991000000000001,
        "mdd_median": -0.90985,
        "mdd_p75": -0.295825
      },
      "84": {
        "n_total": 1706,
        "n_hit": 1189,
        "p_hit": 0.696952,
        "t_hit_p25": 7.0,
        "t_hit_median": 18.0,
        "t_hit_p75": 38.0,
        "mdd_p25": -1.9769,
        "mdd_median": -0.9628,
        "mdd_p75": -0.3073
      },
      "96": {
        "n_total": 1706,
        "n_hit": 1226,
        "p_hit": 0.71864,
        "t_hit_p25": 7.0,
        "t_hit_median": 18.5,
        "t_hit_p75": 41.0,
        "mdd_p25": -2.1536,
        "mdd_median": -0.99515,
        "mdd_p75": -0.32335
      }
    },
    "3.0": {
      "12": {
        "n_total": 1706,
        "n_hit": 259,
        "p_hit": 0.151817,
        "t_hit_p25": 3.0,
        "t_hit_median": 6.0,
        "t_hit_p75": 9.0,
        "mdd_p25": -0.9990000000000001,
        "mdd_median": -0.4653,
        "mdd_p75": -0.14445
      },
      "24": {
        "n_total": 1706,
        "n_hit": 426,
        "p_hit": 0.249707,
        "t_hit_p25": 5.0,
        "t_hit_median": 10.0,
        "t_hit_p75": 17.0,
        "mdd_p25": -1.304475,
        "mdd_median": -0.55295,
        "mdd_p75": -0.17054999999999998
      },
      "36": {
        "n_total": 1706,
        "n_hit": 579,
        "p_hit": 0.33939,
        "t_hit_p25": 6.0,
        "t_hit_median": 15.0,
        "t_hit_p75": 25.0,
        "mdd_p25": -1.5709,
        "mdd_median": -0.6748,
        "mdd_p75": -0.2086
      },
      "48": {
        "n_total": 1706,
        "n_hit": 696,
        "p_hit": 0.407972,
        "t_hit_p25": 8.0,
        "t_hit_median": 19.0,
        "t_hit_p75": 32.0,
        "mdd_p25": -1.662775,
        "mdd_median": -0.7276,