{
  "schema": "baseline_probs_v1",
  "source_labels": "data/labels/labels_v1.csv",
  "n_rows_labels": 818,
  "thresholds": [
    0.5,
    1.0,
    2.0,
    3.0,
    5.0
  ],
  "horizons": [
    12,
    24,
    36,
    48,
    60,
    72,
    84,
    96
  ],
  "results": {
    "0.5": {
      "12": {
        "n_total": 818,
        "n_hit": 570,
        "p_hit": 0.696822,
        "t_hit_p25": 1.0,
        "t_hit_median": 3.0,
        "t_hit_p75": 6.0,
        "mdd_p25": -0.611175,
        "mdd_median": -0.2404,
        "mdd_p75": -0.053224999999999995
      },
      "24": {
        "n_total": 818,
        "n_hit": 678,
        "p_hit": 0.828851,
        "t_hit_p25": 2.0,
        "t_hit_median": 4.0,
        "t_hit_p75": 9.0,
        "mdd_p25": -0.7166250000000001,
        "mdd_median": -0.31715000000000004,
        "mdd_p75": -0.09135000000000001
      },
      "36": {
        "n_total": 818,
        "n_hit": 718,
        "p_hit": 0.877751,
        "t_hit_p25": 2.0,
        "t_hit_median": 4.0,
        "t_hit_p75": 10.0,
        "mdd_p25": -0.81285,
        "mdd_median": -0.35014999999999996,
        "mdd_p75": -0.10067499999999999
      },
      "48": {
        "n_total": 818,
        "n_hit": 725,
        "p_hit": 0.886308,
        "t_hit_p25": 2.0,
        "t_hit_median": 4.0,
        "t_hit_p75": 10.0,
        "mdd_p25": -0.834,
        "mdd_median": -0.3594,
        "mdd_p75": -0.102
      },
      "60": {
        "n_total": 818,
        "n_hit": 734,
        "p_hit": 0.897311,
        "t_hit_p25": 2.0,
        "t_hit_median": 4.0,
        "t_hit_p75": 11.0,
        "mdd_p25": -0.847725,
        "mdd_median": -0.3688,
        "mdd_p75": -0.10415
      },
      "72": {
        "n_total": 818,
        "n_hit": 747,
        "p_hit": 0.913203,
        "t_hit_p25": 2.0,
        "t_hit_median": 5.0,
        "t_hit_p75": 12.0,
        "mdd_p25": -0.933,
        "mdd_median": -0.3797,
        "mdd_p75": -0.10565
      },
      "84": {
        "n_total": 818,
        "n_hit": 750,
        "p_hit": 0.91687,
        "t_hit_p25": 2.0,
        "t_hit_median": 5.0,
        "t_hit_p75": 12.0,
        "mdd_p25": -0.9359999999999999,
        "mdd_median": -0.3811,
        "mdd_p75": -0.1057
      },
      "96": {
        "n_total": 818,
        "n_hit": 753,
        "p_hit": 0.920538,
        "t_hit_p25": 2.0,
        "t_hit_median": 5.0,
        "t_hit_p75": 12.0,
        "mdd_p25": -0.9448,
        "mdd_median": -0.385,
        "mdd_p75": -0.1057
      }
    },
    "1.0": {
      "12": {
        "n_total": 818,
        "n_hit": 393,
        "p_hit": 0.48044,
        "t_hit_p25": 3.0,
        "t_hit_median": 5.0,
        "t_hit_p75": 8.0,
        "mdd_p25": -0.6772,
        "mdd_median": -0.251,
        "mdd_p75": -0.07
      },
      "24": {
        "n_total": 818,
        "n_hit": 532,
        "p_hit": 0.650367,
        "t_hit_p25": 4.0,
        "t_hit_median": 7.0,
        "t_hit_p75": 13.0,
        "mdd_p25": -0.848875,
        "mdd_median": -0.36819999999999997,
        "mdd_p75": -0.103125
      },
      "36": {
        "n_total": 818,
        "n_hit": 613,
        "p_hit": 0.749389,
        "t_hit_p25": 4.0,
        "t_hit_median": 8.0,
        "t_hit_p75": 18.0,
        "mdd_p25": -0.9993,
        "mdd_median": -0.421,
        "mdd_p75": -0.13
      },
      "48": {
        "n_total": 818,
        "n_hit": 648,
        "p_hit": 0.792176,
        "t_hit_p25": 4.0,
        "t_hit_median": 9.0,
        "t_hit_p75": 20.0,
        "mdd_p25": -1.0718999999999999,
        "mdd_median": -0.4369,
        "mdd_p75": -0.1427
      },
      "60": {
        "n_total": 818,
        "n_hit": 672,
        "p_hit": 0.821516,
        "t_hit_p25": 4.0,
        "t_hit_median": 9.0,
        "t_hit_p75": 21.0,
        "mdd_p25": -1.17875,
        "mdd_median": -0.4659,
        "mdd_p75": -0.1521
      },
      "72": {
        "n_total": 818,
        "n_hit": 694,
        "p_hit": 0.848411,
        "t_hit_p25": 4.0,
        "t_hit_median": 10.0,
        "t_hit_p75": 23.0,
        "mdd_p25": -1.251525,
        "mdd_median": -0.4786,
        "mdd_p75": -0.159375
      },
      "84": {
        "n_total": 818,
        "n_hit": 702,
        "p_hit": 0.858191,
        "t_hit_p25": 4.0,
        "t_hit_median": 10.0,
        "t_hit_p75": 24.0,
        "mdd_p25": -1.2747000000000002,
        "mdd_median": -0.48405,
        "mdd_p75": -0.16152499999999997
      },
      "96": {
        "n_total": 818,
        "n_hit": 708,
        "p_hit": 0.865526,
        "t_hit_p25": 4.75,
        "t_hit_median": 10.0,
        "t_hit_p75": 24.0,
        "mdd_p25": -1.307475,
        "mdd_median": -0.49355000000000004,
        "mdd_p75": -0.16197499999999998
      }
    },
    "2.0": {
      "12": {
        "n_total": 818,
        "n_hit": 170,
        "p_hit": 0.207824,
        "t_hit_p25": 4.0,
        "t_hit_median": 7.0,
        "t_hit_p75": 9.0,
        "mdd_p25": -0.6451749999999999,
        "mdd_median": -0.33704999999999996,
        "mdd_p75": -0.10170000000000001
      },
      "24": {
        "n_total": 818,
        "n_hit": 308,
        "p_hit": 0.376528,
        "t_hit_p25": 6.0,
        "t_hit_median": 11.0,
        "t_hit_p75": 17.0,
        "mdd_p25": -0.9824499999999999,
        "mdd_median": -0.49005,
        "mdd_p75": -0.15489999999999998
      },
      "36": {
        "n_total": 818,
        "n_hit": 397,
        "p_hit": 0.48533,
        "t_hit_p25": 7.0,
        "t_hit_median": 15.0,
        "t_hit_p75": 23.0,
        "mdd_p25": -0.9829,
        "mdd_median": -0.4543,
        "mdd_p75": -0.1558
      },
      "48": {
        "n_total": 818,
        "n_hit": 479,
        "p_hit": 0.585575,
        "t_hit_p25": 9.0,
        "t_hit_median": 18.0,
        "t_hit_p75": 32.0,
        "mdd_p25": -1.1038000000000001,
        "mdd_median": -0.4749,
        "mdd_p75": -0.17575000000000002
      },
      "60": {
        "n_total": 818,
        "n_hit": 531,
        "p_hit": 0.649144,
        "t_hit_p25": 10.0,
        "t_hit_median": 20.0,
        "t_hit_p75": 37.0,
        "mdd_p25": -1.1957499999999999,
        "mdd_median": -0.5066,
        "mdd_p75": -0.20465
      },
      "72": {
        "n_total": 818,
        "n_hit": 565,
        "p_hit": 0.690709,
        "t_hit_p25": 10.0,
        "t_hit_median": 21.0,
        "t_hit_p75": 41.0,
        "mdd_p25": -1.2491,
        "mdd_median": -0.5546,
        "mdd_p75": -0.2238
      },
      "84": {
        "n_total": 818,
        "n_hit": 578,
        "p_hit": 0.706601,
        "t_hit_p25": 10.0,
        "t_hit_median": 22.0,
        "t_hit_p75": 42.0,
        "mdd_p25": -1.295,
        "mdd_median": -0.58005,
        "mdd_p75": -0.23217500000000002
      },
      "96": {
        "n_total": 818,
        "n_hit": 590,
        "p_hit": 0.721271,
        "t_hit_p25": 11.0,
        "t_hit_median": 23.0,
        "t_hit_p75": 43.75,
        "mdd_p25": -1.3320500000000002,
        "mdd_median": -0.5879000000000001,
        "mdd_p75": -0.24139999999999998
      }
    },
    "3.0": {
      "12": {
        "n_total": 818,
        "n_hit": 81,
        "p_hit": 0.099022,
        "t_hit_p25": 5.0,
        "t_hit_median": 7.0,
        "t_hit_p75": 10.0,
        "mdd_p25": -0.8118,
        "mdd_median": -0.3402,
        "mdd_p75": -0.1444
      },
      "24": {
        "n_total": 818,
        "n_hit": 150,
        "p_hit": 0.183374,
        "t_hit_p25": 7.0,
        "t_hit_median": 11.5,
        "t_hit_p75": 18.75,
        "mdd_p25": -0.699175,
        "mdd_median": -0.35209999999999997,
        "mdd_p75": -0.11965
      },
      "36": {
        "n_total": 818,
        "n_hit": 227,
        "p_hit": 0.277506,
        "t_hit_p25": 10.0,
        "t_hit_median": 19.0,
        "t_hit_p75": 29.0,
        "mdd_p25": -0.81515,
        "mdd_median": -0.4117,
        "mdd_p75": -0.13440000000000002
      },
      "48": {
        "n_total": 818,
        "n_hit": 297,
        "p_hit": 0.363081,
        "t_hit_p25": 11.0,
        "t_hit_median": 24.0,