{
  "schema": "baseline_probs_v1",
  "source_labels": "data/labels/labels_v1.csv",
  "n_rows_labels": 1177,
  "thresholds": [
    0.5,
    1.0,
    2.0,
    3.0,
    5.0
  ],
  "horizons": [
    12,
    24,
    36,
    48,
    60,
    72,
    84,
    96
  ],
  "results": {
    "0.5": {
      "12": {
        "n_total": 1177,
        "n_hit": 827,
        "p_hit": 0.702634,
        "t_hit_p25": 1.0,
        "t_hit_median": 2.0,
        "t_hit_p75": 5.0,
        "mdd_p25": -0.84445,
        "mdd_median": -0.2918,
        "mdd_p75": -0.0592
      },
      "24": {
        "n_total": 1177,
        "n_hit": 947,
        "p_hit": 0.804588,
        "t_hit_p25": 1.0,
        "t_hit_median": 3.0,
        "t_hit_p75": 7.0,
        "mdd_p25": -0.976,
        "mdd_median": -0.3733,
        "mdd_p75": -0.09190000000000001
      },
      "36": {
        "n_total": 1177,
        "n_hit": 990,
        "p_hit": 0.841121,
        "t_hit_p25": 1.0,
        "t_hit_median": 3.0,
        "t_hit_p75": 8.75,
        "mdd_p25": -0.999125,
        "mdd_median": -0.4003,
        "mdd_p75": -0.10225000000000001
      },
      "48": {
        "n_total": 1177,
        "n_hit": 1000,
        "p_hit": 0.849618,
        "t_hit_p25": 1.0,
        "t_hit_median": 3.0,
        "t_hit_p75": 9.0,
        "mdd_p25": -1.015825,
        "mdd_median": -0.4097,
        "mdd_p75": -0.10395
      },
      "60": {
        "n_total": 1177,
        "n_hit": 1014,
        "p_hit": 0.861512,
        "t_hit_p25": 1.0,
        "t_hit_median": 3.0,
        "t_hit_p75": 9.0,
        "mdd_p25": -1.084,
        "mdd_median": -0.41859999999999997,
        "mdd_p75": -0.105625
      },
      "72": {
        "n_total": 1177,
        "n_hit": 1036,
        "p_hit": 0.880204,
        "t_hit_p25": 1.0,
        "t_hit_median": 4.0,
        "t_hit_p75": 10.0,
        "mdd_p25": -1.170275,
        "mdd_median": -0.4386,
        "mdd_p75": -0.108425
      },
      "84": {
        "n_total": 1177,
        "n_hit": 1054,
        "p_hit": 0.895497,
        "t_hit_p25": 1.0,
        "t_hit_median": 4.0,
        "t_hit_p75": 10.0,
        "mdd_p25": -1.2477,
        "mdd_median": -0.44830000000000003,
        "mdd_p75": -0.112675
      },
      "96": {
        "n_total": 1177,
        "n_hit": 1060,
        "p_hit": 0.900595,
        "t_hit_p25": 1.0,
        "t_hit_median": 4.0,
        "t_hit_p75": 11.0,
        "mdd_p25": -1.2658,
        "mdd_median": -0.4578,
        "mdd_p75": -0.11560000000000001
      }
    },
    "1.0": {
      "12": {
        "n_total": 1177,
        "n_hit": 596,
        "p_hit": 0.506372,
        "t_hit_p25": 2.0,
        "t_hit_median": 4.0,
        "t_hit_p75": 7.0,
        "mdd_p25": -0.998775,
        "mdd_median": -0.3775,
        "mdd_p75": -0.0789
      },
      "24": {
        "n_total": 1177,
        "n_hit": 753,
        "p_hit": 0.639762,
        "t_hit_p25": 2.0,
        "t_hit_median": 5.0,
        "t_hit_p75": 11.0,
        "mdd_p25": -1.1485,
        "mdd_median": -0.4671,
        "mdd_p75": -0.1165
      },
      "36": {
        "n_total": 1177,
        "n_hit": 835,
        "p_hit": 0.709431,
        "t_hit_p25": 3.0,
        "t_hit_median": 6.0,
        "t_hit_p75": 15.0,
        "mdd_p25": -1.2042,
        "mdd_median": -0.4784,
        "mdd_p75": -0.14350000000000002
      },
      "48": {
        "n_total": 1177,
        "n_hit": 871,
        "p_hit": 0.740017,
        "t_hit_p25": 3.0,
        "t_hit_median": 7.0,
        "t_hit_p75": 17.0,
        "mdd_p25": -1.23875,
        "mdd_median": -0.4818,
        "mdd_p75": -0.1545
      },
      "60": {
        "n_total": 1177,
        "n_hit": 908,
        "p_hit": 0.771453,
        "t_hit_p25": 3.0,
        "t_hit_median": 7.0,
        "t_hit_p75": 18.0,
        "mdd_p25": -1.350525,
        "mdd_median": -0.5176000000000001,
        "mdd_p75": -0.161775
      },
      "72": {
        "n_total": 1177,
        "n_hit": 942,
        "p_hit": 0.80034,
        "t_hit_p25": 3.0,
        "t_hit_median": 8.0,
        "t_hit_p75": 20.0,
        "mdd_p25": -1.42475,
        "mdd_median": -0.54655,
        "mdd_p75": -0.16972500000000001
      },
      "84": {
        "n_total": 1177,
        "n_hit": 964,
        "p_hit": 0.819031,
        "t_hit_p25": 3.0,
        "t_hit_median": 8.0,
        "t_hit_p75": 21.0,
        "mdd_p25": -1.53505,
        "mdd_median": -0.5724,
        "mdd_p75": -0.1719
      },
      "96": {
        "n_total": 1177,
        "n_hit": 975,
        "p_hit": 0.828377,
        "t_hit_p25": 3.0,
        "t_hit_median": 8.0,
        "t_hit_p75": 22.0,
        "mdd_p25": -1.5587499999999999,
        "mdd_median": -0.5803,
        "mdd_p75": -0.1737
      }
    },
    "2.0": {
      "12": {
        "n_total": 1177,
        "n_hit": 298,
        "p_hit": 0.253186,
        "t_hit_p25": 3.0,
        "t_hit_median": 5.0,
        "t_hit_p75": 8.0,
        "mdd_p25": -1.145975,
        "mdd_median": -0.44845,
        "mdd_p75": -0.135575
      },
      "24": {
        "n_total": 1177,
        "n_hit": 469,
        "p_hit": 0.398471,
        "t_hit_p25": 4.0,
        "t_hit_median": 9.0,
        "t_hit_p75": 16.0,
        "mdd_p25": -1.3417,
        "mdd_median": -0.5763,
        "mdd_p75": -0.1749
      },
      "36": {
        "n_total": 1177,
        "n_hit": 566,
        "p_hit": 0.480884,
        "t_hit_p25": 5.0,
        "t_hit_median": 11.0,
        "t_hit_p75": 20.0,
        "mdd_p25": -1.305875,
        "mdd_median": -0.54965,
        "mdd_p75": -0.172425
      },
      "48": {
        "n_total": 1177,
        "n_hit": 648,
        "p_hit": 0.550552,
        "t_hit_p25": 6.0,
        "t_hit_median": 14.0,
        "t_hit_p75": 27.0,
        "mdd_p25": -1.31405,
        "mdd_median": -0.55295,
        "mdd_p75": -0.199
      },
      "60": {
        "n_total": 1177,
        "n_hit": 711,
        "p_hit": 0.604078,
        "t_hit_p25": 6.0,
        "t_hit_median": 16.0,
        "t_hit_p75": 32.0,
        "mdd_p25": -1.3749,
        "mdd_median": -0.5862,
        "mdd_p75": -0.22455
      },
      "72": {
        "n_total": 1177,
        "n_hit": 760,
        "p_hit": 0.645709,
        "t_hit_p25": 7.0,
        "t_hit_median": 17.5,
        "t_hit_p75": 37.0,
        "mdd_p25": -1.4603000000000002,
        "mdd_median": -0.6518999999999999,
        "mdd_p75": -0.24835
      },
      "84": {
        "n_total": 1177,
        "n_hit": 791,
        "p_hit": 0.672048,
        "t_hit_p25": 7.0,
        "t_hit_median": 18.0,
        "t_hit_p75": 41.0,
        "mdd_p25": -1.5436,
        "mdd_median": -0.7164,
        "mdd_p75": -0.2655
      },
      "96": {
        "n_total": 1177,
        "n_hit": 813,
        "p_hit": 0.690739,
        "t_hit_p25": 7.0,
        "t_hit_median": 19.0,
        "t_hit_p75": 43.0,
        "mdd_p25": -1.5877,
        "mdd_median": -0.7677,
        "mdd_p75": -0.2731
      }
    },
    "3.0": {
      "12": {
        "n_total": 1177,
        "n_hit": 153,
        "p_hit": 0.129992,
        "t_hit_p25": 3.0,
        "t_hit_median": 5.0,
        "t_hit_p75": 9.0,
        "mdd_p25": -1.1351,
        "mdd_median": -0.4322,
        "mdd_p75": -0.1442
      },
      "24": {
        "n_total": 1177,
        "n_hit": 246,
        "p_hit": 0.209006,
        "t_hit_p25": 4.25,
        "t_hit_median": 10.0,
        "t_hit_p75": 17.0,
        "mdd_p25": -1.116225,
        "mdd_median": -0.46540000000000004,
        "mdd_p75": -0.1373
      },
      "36": {
        "n_total": 1177,
        "n_hit": 339,
        "p_hit": 0.28802,
        "t_hit_p25": 6.0,
        "t_hit_median": 15.0,
        "t_hit_p75": 26.0,
        "mdd_p25": -1.0764,
        "mdd_median": -0.5071,
        "mdd_p75": -0.16554999999999997
      },
      "48": {
        "n_total": 1177,
        "n_hit": 418,
        "p_hit": 0.35514,
        "t_hit_p25": 8.0,
        "t_hit_median": 20.0,
        "t_hit_p75": 33.0,
        "mdd_p25": -1.1563500000000002,
        "mdd_median": -0.54315,
        "mdd_p75": -0.20452499999999998
      },