{
  "schema": "baseline_probs_v1",
  "source_labels": "data/labels/labels_v1.csv",
  "n_rows_labels": 1123,
  "thresholds": [
    0.5,
    1.0,
    2.0,
    3.0,
    5.0
  ],
  "horizons": [
    12,
    24,
    36,
    48,
    60,
    72,
    84,
    96
  ],
  "results": {
    "0.5": {
      "12": {
        "n_total": 1123,
        "n_hit": 776,
        "p_hit": 0.691006,
        "t_hit_p25": 1.0,
        "t_hit_median": 2.0,
        "t_hit_p75": 5.0,
        "mdd_p25": -0.788825,
        "mdd_median": -0.28085000000000004,
        "mdd_p75": -0.056799999999999996
      },
      "24": {
        "n_total": 1123,
        "n_hit": 896,
        "p_hit": 0.797863,
        "t_hit_p25": 1.0,
        "t_hit_median": 3.0,
        "t_hit_p75": 8.0,
        "mdd_p25": -0.946825,
        "mdd_median": -0.36660000000000004,
        "mdd_p75": -0.09157499999999999
      },
      "36": {
        "n_total": 1123,
        "n_hit": 939,
        "p_hit": 0.836153,
        "t_hit_p25": 1.0,
        "t_hit_median": 3.0,
        "t_hit_p75": 9.0,
        "mdd_p25": -0.9836,
        "mdd_median": -0.3885,
        "mdd_p75": -0.10205
      },
      "48": {
        "n_total": 1123,
        "n_hit": 949,
        "p_hit": 0.845058,
        "t_hit_p25": 1.0,
        "t_hit_median": 3.0,
        "t_hit_p75": 9.0,
        "mdd_p25": -0.998,
        "mdd_median": -0.3978,
        "mdd_p75": -0.1035
      },
      "60": {
        "n_total": 1123,
        "n_hit": 963,
        "p_hit": 0.857524,
        "t_hit_p25": 1.0,
        "t_hit_median": 4.0,
        "t_hit_p75": 10.0,
        "mdd_p25": -1.0588,
        "mdd_median": -0.4103,
        "mdd_p75": -0.1052
      },
      "72": {
        "n_total": 1123,
        "n_hit": 985,
        "p_hit": 0.877115,
        "t_hit_p25": 1.0,
        "t_hit_median": 4.0,
        "t_hit_p75": 10.0,
        "mdd_p25": -1.1501,
        "mdd_median": -0.428,
        "mdd_p75": -0.1076
      },
      "84": {
        "n_total": 1123,
        "n_hit": 1002,
        "p_hit": 0.892253,
        "t_hit_p25": 1.0,
        "t_hit_median": 4.0,
        "t_hit_p75": 11.0,
        "mdd_p25": -1.21975,
        "mdd_median": -0.44205,
        "mdd_p75": -0.112675
      },
      "96": {
        "n_total": 1123,
        "n_hit": 1008,
        "p_hit": 0.897596,
        "t_hit_p25": 1.0,
        "t_hit_median": 4.0,
        "t_hit_p75": 11.0,
        "mdd_p25": -1.2461,
        "mdd_median": -0.44684999999999997,
        "mdd_p75": -0.11560000000000001
      }
    },
    "1.0": {
      "12": {
        "n_total": 1123,
        "n_hit": 558,
        "p_hit": 0.496883,
        "t_hit_p25": 2.0,
        "t_hit_median": 4.0,
        "t_hit_p75": 7.0,
        "mdd_p25": -0.968375,
        "mdd_median": -0.33314999999999995,
        "mdd_p75": -0.077075
      },
      "24": {
        "n_total": 1123,
        "n_hit": 711,
        "p_hit": 0.633126,
        "t_hit_p25": 2.0,
        "t_hit_median": 6.0,
        "t_hit_p75": 11.0,
        "mdd_p25": -1.0622,
        "mdd_median": -0.4433,
        "mdd_p75": -0.10645
      },
      "36": {
        "n_total": 1123,
        "n_hit": 793,
        "p_hit": 0.706144,
        "t_hit_p25": 3.0,
        "t_hit_median": 7.0,
        "t_hit_p75": 15.0,
        "mdd_p25": -1.1729,
        "mdd_median": -0.4665,
        "mdd_p75": -0.1393
      },
      "48": {
        "n_total": 1123,
        "n_hit": 829,
        "p_hit": 0.738201,
        "t_hit_p25": 3.0,
        "t_hit_median": 7.0,
        "t_hit_p75": 17.0,
        "mdd_p25": -1.1933,
        "mdd_median": -0.4718,
        "mdd_p75": -0.1484
      },
      "60": {
        "n_total": 1123,
        "n_hit": 865,
        "p_hit": 0.770258,
        "t_hit_p25": 3.0,
        "t_hit_median": 7.0,
        "t_hit_p75": 19.0,
        "mdd_p25": -1.3005,
        "mdd_median": -0.4952,
        "mdd_p75": -0.1591
      },
      "72": {
        "n_total": 1123,
        "n_hit": 896,
        "p_hit": 0.797863,
        "t_hit_p25": 3.0,
        "t_hit_median": 8.0,
        "t_hit_p75": 21.0,
        "mdd_p25": -1.3858499999999998,
        "mdd_median": -0.5267999999999999,
        "mdd_p75": -0.1666
      },
      "84": {
        "n_total": 1123,
        "n_hit": 917,
        "p_hit": 0.816563,
        "t_hit_p25": 3.0,
        "t_hit_median": 8.0,
        "t_hit_p75": 22.0,
        "mdd_p25": -1.4753,
        "mdd_median": -0.5437,
        "mdd_p75": -0.1707
      },
      "96": {
        "n_total": 1123,
        "n_hit": 928,
        "p_hit": 0.826358,
        "t_hit_p25": 3.0,
        "t_hit_median": 8.5,
        "t_hit_p75": 23.0,
        "mdd_p25": -1.5294,
        "mdd_median": -0.5525,
        "mdd_p75": -0.17185
      }
    },
    "2.0": {
      "12": {
        "n_total": 1123,
        "n_hit": 276,
        "p_hit": 0.24577,
        "t_hit_p25": 3.0,
        "t_hit_median": 5.0,
        "t_hit_p75": 9.0,
        "mdd_p25": -1.132125,
        "mdd_median": -0.42374999999999996,
        "mdd_p75": -0.12450000000000001
      },
      "24": {
        "n_total": 1123,
        "n_hit": 443,
        "p_hit": 0.394479,
        "t_hit_p25": 4.0,
        "t_hit_median": 9.0,
        "t_hit_p75": 16.0,
        "mdd_p25": -1.3171,
        "mdd_median": -0.5524,
        "mdd_p75": -0.17215
      },
      "36": {
        "n_total": 1123,
        "n_hit": 539,
        "p_hit": 0.479964,
        "t_hit_p25": 5.0,
        "t_hit_median": 12.0,
        "t_hit_p75": 21.0,
        "mdd_p25": -1.26425,
        "mdd_median": -0.5427,
        "mdd_p75": -0.17099999999999999
      },
      "48": {
        "n_total": 1123,
        "n_hit": 621,
        "p_hit": 0.552983,
        "t_hit_p25": 6.0,
        "t_hit_median": 15.0,
        "t_hit_p75": 28.0,
        "mdd_p25": -1.2785,
        "mdd_median": -0.5434,
        "mdd_p75": -0.1925
      },
      "60": {
        "n_total": 1123,
        "n_hit": 682,
        "p_hit": 0.607302,
        "t_hit_p25": 7.0,
        "t_hit_median": 17.0,
        "t_hit_p75": 33.0,
        "mdd_p25": -1.3503749999999999,
        "mdd_median": -0.57655,
        "mdd_p75": -0.22305
      },
      "72": {
        "n_total": 1123,
        "n_hit": 725,
        "p_hit": 0.645592,
        "t_hit_p25": 7.0,
        "t_hit_median": 18.0,
        "t_hit_p75": 37.0,
        "mdd_p25": -1.3997,
        "mdd_median": -0.6178,
        "mdd_p75": -0.2454
      },
      "84": {
        "n_total": 1123,
        "n_hit": 751,
        "p_hit": 0.668744,
        "t_hit_p25": 8.0,
        "t_hit_median": 19.0,
        "t_hit_p75": 41.0,
        "mdd_p25": -1.48225,
        "mdd_median": -0.6576,
        "mdd_p75": -0.26034999999999997
      },
      "96": {
        "n_total": 1123,
        "n_hit": 773,
        "p_hit": 0.688335,
        "t_hit_p25": 8.0,
        "t_hit_median": 20.0,
        "t_hit_p75": 43.0,
        "mdd_p25": -1.5487,
        "mdd_median": -0.7081,
        "mdd_p75": -0.2698
      }
    },
    "3.0": {
      "12": {
        "n_total": 1123,
        "n_hit": 141,
        "p_hit": 0.125557,
        "t_hit_p25": 3.0,
        "t_hit_median": 6.0,
        "t_hit_p75": 9.0,
        "mdd_p25": -1.1263,
        "mdd_median": -0.4153,
        "mdd_p75": -0.1327
      },
      "24": {
        "n_total": 1123,
        "n_hit": 231,
        "p_hit": 0.205699,
        "t_hit_p25": 4.5,
        "t_hit_median": 10.0,
        "t_hit_p75": 17.5,
        "mdd_p25": -1.0351499999999998,
        "mdd_median": -0.4492,
        "mdd_p75": -0.1312
      },
      "36": {
        "n_total": 1123,
        "n_hit": 324,
        "p_hit": 0.288513,
        "t_hit_p25": 6.75,
        "t_hit_median": 16.0,
        "t_hit_p75": 26.0,
        "mdd_p25": -1.02705,
        "mdd_median": -0.50645,
        "mdd_p75": -0.16149999999999998
      },
      "48": {
        "n_total": 1123,
        "n_hit": 403,
        "p_hit": 0.35886,
        "t_hit_p25": 9.0,
        "t_hit_median": 21.0,
        "t_hit_p75": 33.0,
        "mdd_p25": -1.1541000000000001,
        "mdd_median": -0.5428,