{
  "schema": "baseline_probs_v1",
  "source_labels": "data/labels/labels_v1.csv",
  "n_rows_labels": 2981,
  "thresholds": [
    0.5,
    1.0,
    2.0,
    3.0,
    5.0
  ],
  "horizons": [
    12,
    24,
    36,
    48,
    60,
    72,
    84,
    96
  ],
  "results": {
    "0.5": {
      "12": {
        "n_total": 2981,
        "n_hit": 2104,
        "p_hit": 0.705803,
        "t_hit_p25": 1.0,
        "t_hit_median": 2.0,
        "t_hit_p75": 4.0,
        "mdd_p25": -0.7305250000000001,
        "mdd_median": -0.29065,
        "mdd_p75": -0.050325
      },
      "24": {
        "n_total": 2981,
        "n_hit": 2389,
        "p_hit": 0.801409,
        "t_hit_p25": 1.0,
        "t_hit_median": 3.0,
        "t_hit_p75": 7.0,
        "mdd_p25": -0.9179,
        "mdd_median": -0.3596,
        "mdd_p75": -0.0789
      },
      "36": {
        "n_total": 2981,
        "n_hit": 2530,
        "p_hit": 0.848708,
        "t_hit_p25": 1.0,
        "t_hit_median": 3.0,
        "t_hit_p75": 8.0,
        "mdd_p25": -1.014525,
        "mdd_median": -0.4096,
        "mdd_p75": -0.093125
      },
      "48": {
        "n_total": 2981,
        "n_hit": 2583,
        "p_hit": 0.866488,
        "t_hit_p25": 1.0,
        "t_hit_median": 3.0,
        "t_hit_p75": 9.0,
        "mdd_p25": -1.1096,
        "mdd_median": -0.4218,
        "mdd_p75": -0.10075
      },
      "60": {
        "n_total": 2981,
        "n_hit": 2610,
        "p_hit": 0.875545,
        "t_hit_p25": 1.0,
        "t_hit_median": 3.0,
        "t_hit_p75": 9.0,
        "mdd_p25": -1.14955,
        "mdd_median": -0.4294,
        "mdd_p75": -0.102825
      },
      "72": {
        "n_total": 2981,
        "n_hit": 2649,
        "p_hit": 0.888628,
        "t_hit_p25": 1.0,
        "t_hit_median": 3.0,
        "t_hit_p75": 10.0,
        "mdd_p25": -1.2049,
        "mdd_median": -0.4404,
        "mdd_p75": -0.1056
      },
      "84": {
        "n_total": 2981,
        "n_hit": 2692,
        "p_hit": 0.903053,
        "t_hit_p25": 1.0,
        "t_hit_median": 3.0,
        "t_hit_p75": 10.0,
        "mdd_p25": -1.2755,
        "mdd_median": -0.45589999999999997,
        "mdd_p75": -0.108975
      },
      "96": {
        "n_total": 2981,
        "n_hit": 2721,
        "p_hit": 0.912781,
        "t_hit_p25": 1.0,
        "t_hit_median": 3.0,
        "t_hit_p75": 11.0,
        "mdd_p25": -1.3343,
        "mdd_median": -0.4704,
        "mdd_p75": -0.1125
      }
    },
    "1.0": {
      "12": {
        "n_total": 2981,
        "n_hit": 1526,
        "p_hit": 0.511909,
        "t_hit_p25": 2.0,
        "t_hit_median": 4.0,
        "t_hit_p75": 7.0,
        "mdd_p25": -0.93865,
        "mdd_median": -0.3674,
        "mdd_p75": -0.078225
      },
      "24": {
        "n_total": 2981,
        "n_hit": 1916,
        "p_hit": 0.642737,
        "t_hit_p25": 2.0,
        "t_hit_median": 5.0,
        "t_hit_p75": 11.0,
        "mdd_p25": -1.120775,
        "mdd_median": -0.47425,
        "mdd_p75": -0.12715
      },
      "36": {
        "n_total": 2981,
        "n_hit": 2151,
        "p_hit": 0.72157,
        "t_hit_p25": 3.0,
        "t_hit_median": 6.0,
        "t_hit_p75": 15.0,
        "mdd_p25": -1.3330000000000002,
        "mdd_median": -0.5388,
        "mdd_p75": -0.158
      },
      "48": {
        "n_total": 2981,
        "n_hit": 2257,
        "p_hit": 0.757128,
        "t_hit_p25": 3.0,
        "t_hit_median": 7.0,
        "t_hit_p75": 17.0,
        "mdd_p25": -1.3869,
        "mdd_median": -0.556,
        "mdd_p75": -0.171
      },
      "60": {
        "n_total": 2981,
        "n_hit": 2336,
        "p_hit": 0.78363,
        "t_hit_p25": 3.0,
        "t_hit_median": 7.0,
        "t_hit_p75": 18.0,
        "mdd_p25": -1.4811,
        "mdd_median": -0.5957,
        "mdd_p75": -0.17822499999999997
      },
      "72": {
        "n_total": 2981,
        "n_hit": 2402,
        "p_hit": 0.80577,
        "t_hit_p25": 3.0,
        "t_hit_median": 8.0,
        "t_hit_p75": 20.0,
        "mdd_p25": -1.5796000000000001,
        "mdd_median": -0.6202000000000001,
        "mdd_p75": -0.1888
      },
      "84": {
        "n_total": 2981,
        "n_hit": 2462,
        "p_hit": 0.825897,
        "t_hit_p25": 3.0,
        "t_hit_median": 8.0,
        "t_hit_p75": 22.0,
        "mdd_p25": -1.6826,
        "mdd_median": -0.6576500000000001,
        "mdd_p75": -0.199675
      },
      "96": {
        "n_total": 2981,
        "n_hit": 2500,
        "p_hit": 0.838645,
        "t_hit_p25": 3.0,
        "t_hit_median": 8.0,
        "t_hit_p75": 23.0,
        "mdd_p25": -1.752325,
        "mdd_median": -0.67985,
        "mdd_p75": -0.20575000000000002
      }
    },
    "2.0": {
      "12": {
        "n_total": 2981,
        "n_hit": 729,
        "p_hit": 0.244549,
        "t_hit_p25": 3.0,
        "t_hit_median": 5.0,
        "t_hit_p75": 9.0,
        "mdd_p25": -0.9723,
        "mdd_median": -0.4097,
        "mdd_p75": -0.0889
      },
      "24": {
        "n_total": 2981,
        "n_hit": 1183,
        "p_hit": 0.396847,
        "t_hit_p25": 4.0,
        "t_hit_median": 9.0,
        "t_hit_p75": 16.0,
        "mdd_p25": -1.2727,
        "mdd_median": -0.5725,
        "mdd_p75": -0.173
      },
      "36": {
        "n_total": 2981,
        "n_hit": 1495,
        "p_hit": 0.50151,
        "t_hit_p25": 5.0,
        "t_hit_median": 13.0,
        "t_hit_p75": 23.0,
        "mdd_p25": -1.46435,
        "mdd_median": -0.6772,
        "mdd_p75": -0.21395
      },
      "48": {
        "n_total": 2981,
        "n_hit": 1698,
        "p_hit": 0.569608,
        "t_hit_p25": 6.0,
        "t_hit_median": 15.0,
        "t_hit_p75": 27.75,
        "mdd_p25": -1.5583749999999998,
        "mdd_median": -0.74545,
        "mdd_p75": -0.2597
      },
      "60": {
        "n_total": 2981,
        "n_hit": 1830,
        "p_hit": 0.613888,
        "t_hit_p25": 7.0,
        "t_hit_median": 17.0,
        "t_hit_p75": 31.75,
        "mdd_p25": -1.6154750000000002,
        "mdd_median": -0.8045500000000001,
        "mdd_p75": -0.27915
      },
      "72": {
        "n_total": 2981,
        "n_hit": 1946,
        "p_hit": 0.652801,
        "t_hit_p25": 7.0,
        "t_hit_median": 18.0,
        "t_hit_p75": 35.0,
        "mdd_p25": -1.7569750000000002,
        "mdd_median": -0.8887499999999999,
        "mdd_p75": -0.30765
      },
      "84": {
        "n_total": 2981,
        "n_hit": 2028,
        "p_hit": 0.680309,
        "t_hit_p25": 8.0,
        "t_hit_median": 19.0,
        "t_hit_p75": 38.0,
        "mdd_p25": -1.90395,
        "mdd_median": -0.9482,
        "mdd_p75": -0.32665
      },
      "96": {
        "n_total": 2981,
        "n_hit": 2104,
        "p_hit": 0.705803,
        "t_hit_p25": 8.0,
        "t_hit_median": 21.0,
        "t_hit_p75": 41.0,
        "mdd_p25": -2.0488,
        "mdd_median": -0.9903500000000001,
        "mdd_p75": -0.344675
      }
    },
    "3.0": {
      "12": {
        "n_total": 2981,
        "n_hit": 395,
        "p_hit": 0.132506,
        "t_hit_p25": 3.0,
        "t_hit_median": 6.0,
        "t_hit_p75": 9.0,
        "mdd_p25": -0.9269499999999999,
        "mdd_median": -0.3641,
        "mdd_p75": -0.09645
      },
      "24": {
        "n_total": 2981,
        "n_hit": 685,
        "p_hit": 0.229789,
        "t_hit_p25": 5.0,
        "t_hit_median": 10.0,
        "t_hit_p75": 17.0,
        "mdd_p25": -1.3396,
        "mdd_median": -0.5517,
        "mdd_p75": -0.1559
      },
      "36": {
        "n_total": 2981,
        "n_hit": 962,
        "p_hit": 0.32271,
        "t_hit_p25": 7.0,
        "t_hit_median": 16.0,
        "t_hit_p75": 26.0,
        "mdd_p25": -1.584825,
        "mdd_median": -0.6768,
        "mdd_p75": -0.206075
      },
      "48": {
        "n_total": 2981,
        "n_hit": 1185,
        "p_hit": 0.397518,
        "t_hit_p25": 9.0,
        "t_hit_median": 21.0,
        "t_hit_p75": 33.0,
        "mdd_p25": -1.6931,
        "mdd_median": -0.8025,