{
  "schema": "baseline_probs_v1",
  "source_labels": "data/labels/labels_v1.csv",
  "n_rows_labels": 1905,
  "thresholds": [
    0.5,
    1.0,
    2.0,
    3.0,
    5.0
  ],
  "horizons": [
    12,
    24,
    36,
    48,
    60,
    72,
    84,
    96
  ],
  "results": {
    "0.5": {
      "12": {
        "n_total": 1905,
        "n_hit": 1369,
        "p_hit": 0.718635,
        "t_hit_p25": 1.0,
        "t_hit_median": 2.0,
        "t_hit_p75": 4.0,
        "mdd_p25": -0.8003,
        "mdd_median": -0.3,
        "mdd_p75": -0.0569
      },
      "24": {
        "n_total": 1905,
        "n_hit": 1540,
        "p_hit": 0.808399,
        "t_hit_p25": 1.0,
        "t_hit_median": 2.0,
        "t_hit_p75": 6.0,
        "mdd_p25": -0.96465,
        "mdd_median": -0.36924999999999997,
        "mdd_p75": -0.088075
      },
      "36": {
        "n_total": 1905,
        "n_hit": 1616,
        "p_hit": 0.848294,
        "t_hit_p25": 1.0,
        "t_hit_median": 3.0,
        "t_hit_p75": 7.0,
        "mdd_p25": -1.06115,
        "mdd_median": -0.40545,
        "mdd_p75": -0.10097500000000001
      },
      "48": {
        "n_total": 1905,
        "n_hit": 1650,
        "p_hit": 0.866142,
        "t_hit_p25": 1.0,
        "t_hit_median": 3.0,
        "t_hit_p75": 8.0,
        "mdd_p25": -1.149975,
        "mdd_median": -0.41859999999999997,
        "mdd_p75": -0.104375
      },
      "60": {
        "n_total": 1905,
        "n_hit": 1667,
        "p_hit": 0.875066,
        "t_hit_p25": 1.0,
        "t_hit_median": 3.0,
        "t_hit_p75": 8.0,
        "mdd_p25": -1.1823000000000001,
        "mdd_median": -0.4261,
        "mdd_p75": -0.1057
      },
      "72": {
        "n_total": 1905,
        "n_hit": 1696,
        "p_hit": 0.890289,
        "t_hit_p25": 1.0,
        "t_hit_median": 3.0,
        "t_hit_p75": 9.0,
        "mdd_p25": -1.2550000000000001,
        "mdd_median": -0.4409,
        "mdd_p75": -0.10965
      },
      "84": {
        "n_total": 1905,
        "n_hit": 1724,
        "p_hit": 0.904987,
        "t_hit_p25": 1.0,
        "t_hit_median": 3.0,
        "t_hit_p75": 10.0,
        "mdd_p25": -1.33765,
        "mdd_median": -0.46455,
        "mdd_p75": -0.11647500000000001
      },
      "96": {
        "n_total": 1905,
        "n_hit": 1743,
        "p_hit": 0.914961,
        "t_hit_p25": 1.0,
        "t_hit_median": 3.0,
        "t_hit_p75": 10.0,
        "mdd_p25": -1.36505,
        "mdd_median": -0.4736,
        "mdd_p75": -0.11775
      }
    },
    "1.0": {
      "12": {
        "n_total": 1905,
        "n_hit": 1014,
        "p_hit": 0.532283,
        "t_hit_p25": 2.0,
        "t_hit_median": 4.0,
        "t_hit_p75": 7.0,
        "mdd_p25": -0.9996250000000001,
        "mdd_median": -0.39054999999999995,
        "mdd_p75": -0.084125
      },
      "24": {
        "n_total": 1905,
        "n_hit": 1237,
        "p_hit": 0.649344,
        "t_hit_p25": 2.0,
        "t_hit_median": 5.0,
        "t_hit_p75": 10.0,
        "mdd_p25": -1.2111,
        "mdd_median": -0.4839,
        "mdd_p75": -0.1288
      },
      "36": {
        "n_total": 1905,
        "n_hit": 1374,
        "p_hit": 0.72126,
        "t_hit_p25": 2.0,
        "t_hit_median": 6.0,
        "t_hit_p75": 13.0,
        "mdd_p25": -1.375275,
        "mdd_median": -0.53735,
        "mdd_p75": -0.15542499999999998
      },
      "48": {
        "n_total": 1905,
        "n_hit": 1446,
        "p_hit": 0.759055,
        "t_hit_p25": 2.0,
        "t_hit_median": 6.0,
        "t_hit_p75": 16.0,
        "mdd_p25": -1.43645,
        "mdd_median": -0.5569500000000001,
        "mdd_p75": -0.1665
      },
      "60": {
        "n_total": 1905,
        "n_hit": 1511,
        "p_hit": 0.793176,
        "t_hit_p25": 3.0,
        "t_hit_median": 7.0,
        "t_hit_p75": 18.0,
        "mdd_p25": -1.5819999999999999,
        "mdd_median": -0.6004,
        "mdd_p75": -0.17415
      },
      "72": {
        "n_total": 1905,
        "n_hit": 1563,
        "p_hit": 0.820472,
        "t_hit_p25": 3.0,
        "t_hit_median": 7.0,
        "t_hit_p75": 20.0,
        "mdd_p25": -1.6953999999999998,
        "mdd_median": -0.6414,
        "mdd_p75": -0.1847
      },
      "84": {
        "n_total": 1905,
        "n_hit": 1599,
        "p_hit": 0.83937,
        "t_hit_p25": 3.0,
        "t_hit_median": 7.0,
        "t_hit_p75": 22.0,
        "mdd_p25": -1.8045,
        "mdd_median": -0.6772,
        "mdd_p75": -0.19235000000000002
      },
      "96": {
        "n_total": 1905,
        "n_hit": 1619,
        "p_hit": 0.849869,
        "t_hit_p25": 3.0,
        "t_hit_median": 7.0,
        "t_hit_p75": 23.0,
        "mdd_p25": -1.8334,
        "mdd_median": -0.6957,
        "mdd_p75": -0.19915
      }
    },
    "2.0": {
      "12": {
        "n_total": 1905,
        "n_hit": 518,
        "p_hit": 0.271916,
        "t_hit_p25": 3.0,
        "t_hit_median": 5.0,
        "t_hit_p75": 8.0,
        "mdd_p25": -1.0843,
        "mdd_median": -0.43935,
        "mdd_p75": -0.1174
      },
      "24": {
        "n_total": 1905,
        "n_hit": 800,
        "p_hit": 0.419948,
        "t_hit_p25": 4.0,
        "t_hit_median": 9.0,
        "t_hit_p75": 16.0,
        "mdd_p25": -1.383625,
        "mdd_median": -0.59825,
        "mdd_p75": -0.17454999999999998
      },
      "36": {
        "n_total": 1905,
        "n_hit": 971,
        "p_hit": 0.509711,
        "t_hit_p25": 5.0,
        "t_hit_median": 11.0,
        "t_hit_p75": 21.0,
        "mdd_p25": -1.5577,
        "mdd_median": -0.6767,
        "mdd_p75": -0.19895000000000002
      },
      "48": {
        "n_total": 1905,
        "n_hit": 1094,
        "p_hit": 0.574278,
        "t_hit_p25": 5.0,
        "t_hit_median": 14.0,
        "t_hit_p75": 26.0,
        "mdd_p25": -1.5890499999999999,
        "mdd_median": -0.7179,
        "mdd_p75": -0.23585
      },
      "60": {
        "n_total": 1905,
        "n_hit": 1184,
        "p_hit": 0.621522,
        "t_hit_p25": 6.0,
        "t_hit_median": 15.0,
        "t_hit_p75": 31.0,
        "mdd_p25": -1.668825,
        "mdd_median": -0.79975,
        "mdd_p75": -0.2654
      },
      "72": {
        "n_total": 1905,
        "n_hit": 1268,
        "p_hit": 0.665617,
        "t_hit_p25": 6.0,
        "t_hit_median": 17.0,
        "t_hit_p75": 35.0,
        "mdd_p25": -1.8493249999999999,
        "mdd_median": -0.92235,
        "mdd_p75": -0.283825
      },
      "84": {
        "n_total": 1905,
        "n_hit": 1317,
        "p_hit": 0.691339,
        "t_hit_p25": 7.0,
        "t_hit_median": 17.0,
        "t_hit_p75": 38.0,
        "mdd_p25": -2.0408,
        "mdd_median": -0.9727,
        "mdd_p75": -0.3038
      },
      "96": {
        "n_total": 1905,
        "n_hit": 1362,
        "p_hit": 0.714961,
        "t_hit_p25": 7.0,
        "t_hit_median": 18.0,
        "t_hit_p75": 41.0,
        "mdd_p25": -2.21345,
        "mdd_median": -1.0041,
        "mdd_p75": -0.318325
      }
    },
    "3.0": {
      "12": {
        "n_total": 1905,
        "n_hit": 296,
        "p_hit": 0.155381,
        "t_hit_p25": 3.0,
        "t_hit_median": 6.0,
        "t_hit_p75": 9.0,
        "mdd_p25": -0.990225,
        "mdd_median": -0.43525,
        "mdd_p75": -0.135025
      },
      "24": {
        "n_total": 1905,
        "n_hit": 484,
        "p_hit": 0.254068,
        "t_hit_p25": 5.0,
        "t_hit_median": 9.5,
        "t_hit_p75": 17.0,
        "mdd_p25": -1.34235,
        "mdd_median": -0.5540499999999999,
        "mdd_p75": -0.1681
      },
      "36": {
        "n_total": 1905,
        "n_hit": 658,
        "p_hit": 0.345407,
        "t_hit_p25": 6.0,
        "t_hit_median": 15.0,
        "t_hit_p75": 25.0,
        "mdd_p25": -1.5863999999999998,
        "mdd_median": -0.6537,
        "mdd_p75": -0.20290000000000002
      },
      "48": {
        "n_total": 1905,
        "n_hit": 782,
        "p_hit": 0.410499,
        "t_hit_p25": 7.0,
        "t_hit_median": 19.0,
        "t_hit_p75": 31.0,