{
  "schema": "baseline_probs_v1",
  "source_labels": "data/labels/labels_v1.csv",
  "n_rows_labels": 1517,
  "thresholds": [
    0.5,
    1.0,
    2.0,
    3.0,
    5.0
  ],
  "horizons": [
    12,
    24,
    36,
    48,
    60,
    72,
    84,
    96
  ],
  "results": {
    "0.5": {
      "12": {
        "n_total": 1517,
        "n_hit": 1073,
        "p_hit": 0.707317,
        "t_hit_p25": 1.0,
        "t_hit_median": 2.0,
        "t_hit_p75": 5.0,
        "mdd_p25": -0.8369,
        "mdd_median": -0.2897,
        "mdd_p75": -0.0515
      },
      "24": {
        "n_total": 1517,
        "n_hit": 1222,
        "p_hit": 0.805537,
        "t_hit_p25": 1.0,
        "t_hit_median": 3.0,
        "t_hit_p75": 7.0,
        "mdd_p25": -0.9832,
        "mdd_median": -0.37115,
        "mdd_p75": -0.08115
      },
      "36": {
        "n_total": 1517,
        "n_hit": 1280,
        "p_hit": 0.843771,
        "t_hit_p25": 1.0,
        "t_hit_median": 3.0,
        "t_hit_p75": 8.0,
        "mdd_p25": -1.0640500000000002,
        "mdd_median": -0.4044,
        "mdd_p75": -0.0926
      },
      "48": {
        "n_total": 1517,
        "n_hit": 1297,
        "p_hit": 0.854977,
        "t_hit_p25": 1.0,
        "t_hit_median": 3.0,
        "t_hit_p75": 8.0,
        "mdd_p25": -1.1102,
        "mdd_median": -0.4133,
        "mdd_p75": -0.0966
      },
      "60": {
        "n_total": 1517,
        "n_hit": 1311,
        "p_hit": 0.864206,
        "t_hit_p25": 1.0,
        "t_hit_median": 3.0,
        "t_hit_p75": 9.0,
        "mdd_p25": -1.1498499999999998,
        "mdd_median": -0.421,
        "mdd_p75": -0.10095000000000001
      },
      "72": {
        "n_total": 1517,
        "n_hit": 1340,
        "p_hit": 0.883322,
        "t_hit_p25": 1.0,
        "t_hit_median": 3.0,
        "t_hit_p75": 9.25,
        "mdd_p25": -1.246225,
        "mdd_median": -0.44020000000000004,
        "mdd_p75": -0.10425000000000001
      },
      "84": {
        "n_total": 1517,
        "n_hit": 1367,
        "p_hit": 0.901121,
        "t_hit_p25": 1.0,
        "t_hit_median": 3.0,
        "t_hit_p75": 10.0,
        "mdd_p25": -1.3328,
        "mdd_median": -0.4653,
        "mdd_p75": -0.10645
      },
      "96": {
        "n_total": 1517,
        "n_hit": 1383,
        "p_hit": 0.911668,
        "t_hit_p25": 1.0,
        "t_hit_median": 3.0,
        "t_hit_p75": 11.0,
        "mdd_p25": -1.3606500000000001,
        "mdd_median": -0.4728,
        "mdd_p75": -0.1094
      }
    },
    "1.0": {
      "12": {
        "n_total": 1517,
        "n_hit": 802,
        "p_hit": 0.528675,
        "t_hit_p25": 2.0,
        "t_hit_median": 4.0,
        "t_hit_p75": 7.0,
        "mdd_p25": -1.0046750000000002,
        "mdd_median": -0.3889,
        "mdd_p75": -0.0787
      },
      "24": {
        "n_total": 1517,
        "n_hit": 986,
        "p_hit": 0.649967,
        "t_hit_p25": 2.0,
        "t_hit_median": 5.0,
        "t_hit_p75": 10.0,
        "mdd_p25": -1.16875,
        "mdd_median": -0.47514999999999996,
        "mdd_p75": -0.11762500000000001
      },
      "36": {
        "n_total": 1517,
        "n_hit": 1095,
        "p_hit": 0.721819,
        "t_hit_p25": 2.0,
        "t_hit_median": 6.0,
        "t_hit_p75": 13.5,
        "mdd_p25": -1.32015,
        "mdd_median": -0.5071,
        "mdd_p75": -0.14634999999999998
      },
      "48": {
        "n_total": 1517,
        "n_hit": 1137,
        "p_hit": 0.749506,
        "t_hit_p25": 3.0,
        "t_hit_median": 6.0,
        "t_hit_p75": 16.0,
        "mdd_p25": -1.334,
        "mdd_median": -0.5227,
        "mdd_p75": -0.1559
      },
      "60": {
        "n_total": 1517,
        "n_hit": 1177,
        "p_hit": 0.775873,
        "t_hit_p25": 3.0,
        "t_hit_median": 7.0,
        "t_hit_p75": 17.0,
        "mdd_p25": -1.3822,
        "mdd_median": -0.5454,
        "mdd_p75": -0.1619
      },
      "72": {
        "n_total": 1517,
        "n_hit": 1225,
        "p_hit": 0.807515,
        "t_hit_p25": 3.0,
        "t_hit_median": 7.0,
        "t_hit_p75": 19.0,
        "mdd_p25": -1.5297,
        "mdd_median": -0.5896,
        "mdd_p75": -0.1707
      },
      "84": {
        "n_total": 1517,
        "n_hit": 1259,
        "p_hit": 0.829927,
        "t_hit_p25": 3.0,
        "t_hit_median": 7.0,
        "t_hit_p75": 21.0,
        "mdd_p25": -1.61995,
        "mdd_median": -0.6117,
        "mdd_p75": -0.17515
      },
      "96": {
        "n_total": 1517,
        "n_hit": 1278,
        "p_hit": 0.842452,
        "t_hit_p25": 3.0,
        "t_hit_median": 7.5,
        "t_hit_p75": 22.0,
        "mdd_p25": -1.6677,
        "mdd_median": -0.6225,
        "mdd_p75": -0.17882499999999998
      }
    },
    "2.0": {
      "12": {
        "n_total": 1517,
        "n_hit": 406,
        "p_hit": 0.267633,
        "t_hit_p25": 2.25,
        "t_hit_median": 5.0,
        "t_hit_p75": 8.0,
        "mdd_p25": -1.07665,
        "mdd_median": -0.41475,
        "mdd_p75": -0.11645
      },
      "24": {
        "n_total": 1517,
        "n_hit": 625,
        "p_hit": 0.411997,
        "t_hit_p25": 4.0,
        "t_hit_median": 9.0,
        "t_hit_p75": 16.0,
        "mdd_p25": -1.311,
        "mdd_median": -0.5803,
        "mdd_p75": -0.1719
      },
      "36": {
        "n_total": 1517,
        "n_hit": 762,
        "p_hit": 0.502307,
        "t_hit_p25": 5.0,
        "t_hit_median": 11.0,
        "t_hit_p75": 21.0,
        "mdd_p25": -1.401275,
        "mdd_median": -0.6010500000000001,
        "mdd_p75": -0.1805
      },
      "48": {
        "n_total": 1517,
        "n_hit": 862,
        "p_hit": 0.568227,
        "t_hit_p25": 5.0,
        "t_hit_median": 14.0,
        "t_hit_p75": 27.0,
        "mdd_p25": -1.4367750000000001,
        "mdd_median": -0.617,
        "mdd_p75": -0.21055000000000001
      },
      "60": {
        "n_total": 1517,
        "n_hit": 928,
        "p_hit": 0.611734,
        "t_hit_p25": 6.0,
        "t_hit_median": 16.0,
        "t_hit_p75": 31.0,
        "mdd_p25": -1.4848000000000001,
        "mdd_median": -0.66105,
        "mdd_p75": -0.2417
      },
      "72": {
        "n_total": 1517,
        "n_hit": 990,
        "p_hit": 0.652604,
        "t_hit_p25": 6.0,
        "t_hit_median": 17.0,
        "t_hit_p75": 35.0,
        "mdd_p25": -1.587675,
        "mdd_median": -0.76015,
        "mdd_p75": -0.26665
      },
      "84": {
        "n_total": 1517,
        "n_hit": 1033,
        "p_hit": 0.680949,
        "t_hit_p25": 7.0,
        "t_hit_median": 18.0,
        "t_hit_p75": 38.0,
        "mdd_p25": -1.7156,
        "mdd_median": -0.8443,
        "mdd_p75": -0.2774
      },
      "96": {
        "n_total": 1517,
        "n_hit": 1070,
        "p_hit": 0.705339,
        "t_hit_p25": 7.0,
        "t_hit_median": 19.0,
        "t_hit_p75": 41.75,
        "mdd_p25": -1.832325,
        "mdd_median": -0.92235,
        "mdd_p75": -0.29375
      }
    },
    "3.0": {
      "12": {
        "n_total": 1517,
        "n_hit": 222,
        "p_hit": 0.146341,
        "t_hit_p25": 3.0,
        "t_hit_median": 5.0,
        "t_hit_p75": 8.75,
        "mdd_p25": -0.991,
        "mdd_median": -0.44155,
        "mdd_p75": -0.1385
      },
      "24": {
        "n_total": 1517,
        "n_hit": 354,
        "p_hit": 0.233355,
        "t_hit_p25": 5.0,
        "t_hit_median": 9.0,
        "t_hit_p75": 17.0,
        "mdd_p25": -1.19265,
        "mdd_median": -0.5085999999999999,
        "mdd_p75": -0.15285
      },
      "36": {
        "n_total": 1517,
        "n_hit": 484,
        "p_hit": 0.319051,
        "t_hit_p25": 6.0,
        "t_hit_median": 15.0,
        "t_hit_p75": 25.25,
        "mdd_p25": -1.383625,
        "mdd_median": -0.59055,
        "mdd_p75": -0.1807
      },
      "48": {
        "n_total": 1517,
        "n_hit": 585,
        "p_hit": 0.38563,
        "t_hit_p25": 7.0,
        "t_hit_median": 20.0,
        "t_hit_p75": 32.0,
        "mdd_p25": -1.4987,
        "mdd_median": -0.6136,