{
  "schema": "baseline_probs_v1",
  "source_labels": "data/labels/labels_v1.csv",
  "n_rows_labels": 896,
  "thresholds": [
    0.5,
    1.0,
    2.0,
    3.0,
    5.0
  ],
  "horizons": [
    12,
    24,
    36,
    48,
    60,
    72,
    84,
    96
  ],
  "results": {
    "0.5": {
      "12": {
        "n_total": 896,
        "n_hit": 608,
        "p_hit": 0.678571,
        "t_hit_p25": 1.0,
        "t_hit_median": 3.0,
        "t_hit_p75": 6.0,
        "mdd_p25": -0.640725,
        "mdd_median": -0.247,
        "mdd_p75": -0.054075
      },
      "24": {
        "n_total": 896,
        "n_hit": 719,
        "p_hit": 0.802455,
        "t_hit_p25": 2.0,
        "t_hit_median": 4.0,
        "t_hit_p75": 9.0,
        "mdd_p25": -0.8052999999999999,
        "mdd_median": -0.3252,
        "mdd_p75": -0.09045
      },
      "36": {
        "n_total": 896,
        "n_hit": 761,
        "p_hit": 0.84933,
        "t_hit_p25": 2.0,
        "t_hit_median": 4.0,
        "t_hit_p75": 10.0,
        "mdd_p25": -0.8466,
        "mdd_median": -0.3594,
        "mdd_p75": -0.1006
      },
      "48": {
        "n_total": 896,
        "n_hit": 771,
        "p_hit": 0.860491,
        "t_hit_p25": 2.0,
        "t_hit_median": 4.0,
        "t_hit_p75": 10.0,
        "mdd_p25": -0.8955,
        "mdd_median": -0.3692,
        "mdd_p75": -0.10275
      },
      "60": {
        "n_total": 896,
        "n_hit": 785,
        "p_hit": 0.876116,
        "t_hit_p25": 2.0,
        "t_hit_median": 4.0,
        "t_hit_p75": 11.0,
        "mdd_p25": -0.9724,
        "mdd_median": -0.3797,
        "mdd_p75": -0.1048
      },
      "72": {
        "n_total": 896,
        "n_hit": 807,
        "p_hit": 0.90067,
        "t_hit_p25": 2.0,
        "t_hit_median": 5.0,
        "t_hit_p75": 12.0,
        "mdd_p25": -1.0382500000000001,
        "mdd_median": -0.4028,
        "mdd_p75": -0.1071
      },
      "84": {
        "n_total": 896,
        "n_hit": 823,
        "p_hit": 0.918527,
        "t_hit_p25": 2.0,
        "t_hit_median": 5.0,
        "t_hit_p75": 13.0,
        "mdd_p25": -1.14975,
        "mdd_median": -0.4191,
        "mdd_p75": -0.11165
      },
      "96": {
        "n_total": 896,
        "n_hit": 829,
        "p_hit": 0.925223,
        "t_hit_p25": 2.0,
        "t_hit_median": 5.0,
        "t_hit_p75": 14.0,
        "mdd_p25": -1.1694,
        "mdd_median": -0.426,
        "mdd_p75": -0.1132
      }
    },
    "1.0": {
      "12": {
        "n_total": 896,
        "n_hit": 428,
        "p_hit": 0.477679,
        "t_hit_p25": 3.0,
        "t_hit_median": 5.0,
        "t_hit_p75": 8.0,
        "mdd_p25": -0.783675,
        "mdd_median": -0.2755,
        "mdd_p75": -0.06945000000000001
      },
      "24": {
        "n_total": 896,
        "n_hit": 569,
        "p_hit": 0.635045,
        "t_hit_p25": 3.0,
        "t_hit_median": 7.0,
        "t_hit_p75": 12.0,
        "mdd_p25": -0.9343,
        "mdd_median": -0.3894,
        "mdd_p75": -0.1035
      },
      "36": {
        "n_total": 896,
        "n_hit": 650,
        "p_hit": 0.725446,
        "t_hit_p25": 4.0,
        "t_hit_median": 8.0,
        "t_hit_p75": 17.0,
        "mdd_p25": -1.05955,
        "mdd_median": -0.443,
        "mdd_p75": -0.1303
      },
      "48": {
        "n_total": 896,
        "n_hit": 685,
        "p_hit": 0.764509,
        "t_hit_p25": 4.0,
        "t_hit_median": 8.0,
        "t_hit_p75": 19.0,
        "mdd_p25": -1.1089,
        "mdd_median": -0.4543,
        "mdd_p75": -0.1428
      },
      "60": {
        "n_total": 896,
        "n_hit": 721,
        "p_hit": 0.804688,
        "t_hit_p25": 4.0,
        "t_hit_median": 9.0,
        "t_hit_p75": 21.0,
        "mdd_p25": -1.2184,
        "mdd_median": -0.4788,
        "mdd_p75": -0.1577
      },
      "72": {
        "n_total": 896,
        "n_hit": 752,
        "p_hit": 0.839286,
        "t_hit_p25": 4.0,
        "t_hit_median": 10.0,
        "t_hit_p75": 24.0,
        "mdd_p25": -1.3415499999999998,
        "mdd_median": -0.5071,
        "mdd_p75": -0.1666
      },
      "84": {
        "n_total": 896,
        "n_hit": 773,
        "p_hit": 0.862723,
        "t_hit_p25": 4.0,
        "t_hit_median": 10.0,
        "t_hit_p75": 25.0,
        "mdd_p25": -1.3966,
        "mdd_median": -0.5428,
        "mdd_p75": -0.1707
      },
      "96": {
        "n_total": 896,
        "n_hit": 784,
        "p_hit": 0.875,
        "t_hit_p25": 4.75,
        "t_hit_median": 10.0,
        "t_hit_p75": 27.0,
        "mdd_p25": -1.462375,
        "mdd_median": -0.5481,
        "mdd_p75": -0.17185
      }
    },
    "2.0": {
      "12": {
        "n_total": 896,
        "n_hit": 189,
        "p_hit": 0.210938,
        "t_hit_p25": 4.0,
        "t_hit_median": 6.0,
        "t_hit_p75": 9.0,
        "mdd_p25": -0.7144,
        "mdd_median": -0.352,
        "mdd_p75": -0.1009
      },
      "24": {
        "n_total": 896,
        "n_hit": 338,
        "p_hit": 0.377232,
        "t_hit_p25": 6.0,
        "t_hit_median": 11.0,
        "t_hit_p75": 17.0,
        "mdd_p25": -1.0034,
        "mdd_median": -0.50685,
        "mdd_p75": -0.169225
      },
      "36": {
        "n_total": 896,
        "n_hit": 430,
        "p_hit": 0.479911,
        "t_hit_p25": 7.0,
        "t_hit_median": 14.5,
        "t_hit_p75": 23.0,
        "mdd_p25": -1.011425,
        "mdd_median": -0.47665,
        "mdd_p75": -0.165025
      },
      "48": {
        "n_total": 896,
        "n_hit": 512,
        "p_hit": 0.571429,
        "t_hit_p25": 8.0,
        "t_hit_median": 17.0,
        "t_hit_p75": 31.0,
        "mdd_p25": -1.128325,
        "mdd_median": -0.49655000000000005,
        "mdd_p75": -0.1807
      },
      "60": {
        "n_total": 896,
        "n_hit": 572,
        "p_hit": 0.638393,
        "t_hit_p25": 9.0,
        "t_hit_median": 20.0,
        "t_hit_p75": 36.0,
        "mdd_p25": -1.226925,
        "mdd_median": -0.54355,
        "mdd_p75": -0.213525
      },
      "72": {
        "n_total": 896,
        "n_hit": 615,
        "p_hit": 0.686384,
        "t_hit_p25": 10.0,
        "t_hit_median": 21.0,
        "t_hit_p75": 42.0,
        "mdd_p25": -1.30555,
        "mdd_median": -0.5896,
        "mdd_p75": -0.24359999999999998
      },
      "84": {
        "n_total": 896,
        "n_hit": 640,
        "p_hit": 0.714286,
        "t_hit_p25": 10.0,
        "t_hit_median": 23.0,
        "t_hit_p75": 44.0,
        "mdd_p25": -1.3880750000000002,
        "mdd_median": -0.6136,
        "mdd_p75": -0.260825
      },
      "96": {
        "n_total": 896,
        "n_hit": 662,
        "p_hit": 0.738839,
        "t_hit_p25": 11.0,
        "t_hit_median": 23.5,
        "t_hit_p75": 46.0,
        "mdd_p25": -1.465325,
        "mdd_median": -0.6518999999999999,
        "mdd_p75": -0.2698
      }
    },
    "3.0": {
      "12": {
        "n_total": 896,
        "n_hit": 87,
        "p_hit": 0.097098,
        "t_hit_p25": 4.5,
        "t_hit_median": 7.0,
        "t_hit_p75": 10.0,
        "mdd_p25": -0.85395,
        "mdd_median": -0.3339,
        "mdd_p75": -0.13845000000000002
      },
      "24": {
        "n_total": 896,
        "n_hit": 161,
        "p_hit": 0.179688,
        "t_hit_p25": 7.0,
        "t_hit_median": 12.0,
        "t_hit_p75": 19.0,
        "mdd_p25": -0.7065,
        "mdd_median": -0.3448,
        "mdd_p75": -0.1164
      },
      "36": {
        "n_total": 896,
        "n_hit": 250,
        "p_hit": 0.279018,
        "t_hit_p25": 10.0,
        "t_hit_median": 20.0,
        "t_hit_p75": 29.0,
        "mdd_p25": -0.8584499999999999,
        "mdd_median": -0.44155,
        "mdd_p75": -0.14425
      },
      "48": {
        "n_total": 896,
        "n_hit": 323,
        "p_hit": 0.360491,
        "t_hit_p25": 12.0,
        "t_hit_median": 25.0,
        "t_hit_p75": 35.0,
        "mdd_p25": -0.9742999999999999,
        "mdd_median": -0.4798,
        "mdd_p75": -0.1964
      },
      "60": {
        "n_total": 896,
        "n_hit": 388,
        "p_hit": 0.433036,