{
  "schema": "baseline_probs_v1",
  "source_labels": "data/labels/labels_v1.csv",
  "n_rows_labels": 1904,
  "thresholds": [
    0.5,
    1.0,
    2.0,
    3.0,
    5.0
  ],
  "horizons": [
    12,
    24,
    36,
    48,
    60,
    72,
    84,
    96
  ],
  "results": {
    "0.5": {
      "12": {
        "n_total": 1904,
        "n_hit": 1369,
        "p_hit": 0.719013,
        "t_hit_p25": 1.0,
        "t_hit_median": 2.0,
        "t_hit_p75": 4.0,
        "mdd_p25": -0.8003,
        "mdd_median": -0.3,
        "mdd_p75": -0.0569
      },
      "24": {
        "n_total": 1904,
        "n_hit": 1539,
        "p_hit": 0.808298,
        "t_hit_p25": 1.0,
        "t_hit_median": 2.0,
        "t_hit_p75": 6.0,
        "mdd_p25": -0.9612499999999999,
        "mdd_median": -0.3692,
        "mdd_p75": -0.08795
      },
      "36": {
        "n_total": 1904,
        "n_hit": 1615,
        "p_hit": 0.848214,
        "t_hit_p25": 1.0,
        "t_hit_median": 3.0,
        "t_hit_p75": 7.0,
        "mdd_p25": -1.0608,
        "mdd_median": -0.4054,
        "mdd_p75": -0.10095000000000001
      },
      "48": {
        "n_total": 1904,
        "n_hit": 1649,
        "p_hit": 0.866071,
        "t_hit_p25": 1.0,
        "t_hit_median": 3.0,
        "t_hit_p75": 8.0,
        "mdd_p25": -1.1496,
        "mdd_median": -0.4181,
        "mdd_p75": -0.1043
      },
      "60": {
        "n_total": 1904,
        "n_hit": 1666,
        "p_hit": 0.875,
        "t_hit_p25": 1.0,
        "t_hit_median": 3.0,
        "t_hit_p75": 8.0,
        "mdd_p25": -1.181625,
        "mdd_median": -0.42605,
        "mdd_p75": -0.1057
      },
      "72": {
        "n_total": 1904,
        "n_hit": 1695,
        "p_hit": 0.890231,
        "t_hit_p25": 1.0,
        "t_hit_median": 3.0,
        "t_hit_p75": 9.0,
        "mdd_p25": -1.25345,
        "mdd_median": -0.4404,
        "mdd_p75": -0.1095
      },
      "84": {
        "n_total": 1904,
        "n_hit": 1723,
        "p_hit": 0.904937,
        "t_hit_p25": 1.0,
        "t_hit_median": 3.0,
        "t_hit_p75": 10.0,
        "mdd_p25": -1.33565,
        "mdd_median": -0.4638,
        "mdd_p75": -0.11645
      },
      "96": {
        "n_total": 1904,
        "n_hit": 1742,
        "p_hit": 0.914916,
        "t_hit_p25": 1.0,
        "t_hit_median": 3.0,
        "t_hit_p75": 10.0,
        "mdd_p25": -1.363025,
        "mdd_median": -0.4732,
        "mdd_p75": -0.117725
      }
    },
    "1.0": {
      "12": {
        "n_total": 1904,
        "n_hit": 1014,
        "p_hit": 0.532563,
        "t_hit_p25": 2.0,
        "t_hit_median": 4.0,
        "t_hit_p75": 7.0,
        "mdd_p25": -0.9996250000000001,
        "mdd_median": -0.39054999999999995,
        "mdd_p75": -0.084125
      },
      "24": {
        "n_total": 1904,
        "n_hit": 1236,
        "p_hit": 0.64916,
        "t_hit_p25": 2.0,
        "t_hit_median": 5.0,
        "t_hit_p75": 10.0,
        "mdd_p25": -1.204425,
        "mdd_median": -0.48285,
        "mdd_p75": -0.12874999999999998
      },
      "36": {
        "n_total": 1904,
        "n_hit": 1373,
        "p_hit": 0.721113,
        "t_hit_p25": 2.0,
        "t_hit_median": 6.0,
        "t_hit_p75": 13.0,
        "mdd_p25": -1.3713,
        "mdd_median": -0.5372,
        "mdd_p75": -0.1553
      },
      "48": {
        "n_total": 1904,
        "n_hit": 1445,
        "p_hit": 0.758929,
        "t_hit_p25": 2.0,
        "t_hit_median": 6.0,
        "t_hit_p75": 16.0,
        "mdd_p25": -1.4357,
        "mdd_median": -0.5546,
        "mdd_p75": -0.1663
      },
      "60": {
        "n_total": 1904,
        "n_hit": 1510,
        "p_hit": 0.793067,
        "t_hit_p25": 3.0,
        "t_hit_median": 7.0,
        "t_hit_p75": 18.0,
        "mdd_p25": -1.580725,
        "mdd_median": -0.60015,
        "mdd_p75": -0.173825
      },
      "72": {
        "n_total": 1904,
        "n_hit": 1562,
        "p_hit": 0.820378,
        "t_hit_p25": 3.0,
        "t_hit_median": 7.0,
        "t_hit_p75": 20.0,
        "mdd_p25": -1.6914749999999998,
        "mdd_median": -0.63995,
        "mdd_p75": -0.18455
      },
      "84": {
        "n_total": 1904,
        "n_hit": 1598,
        "p_hit": 0.839286,
        "t_hit_p25": 3.0,
        "t_hit_median": 7.0,
        "t_hit_p75": 21.75,
        "mdd_p25": -1.8021000000000003,
        "mdd_median": -0.6769499999999999,
        "mdd_p75": -0.192275
      },
      "96": {
        "n_total": 1904,
        "n_hit": 1618,
        "p_hit": 0.84979,
        "t_hit_p25": 3.0,
        "t_hit_median": 7.0,
        "t_hit_p75": 23.0,
        "mdd_p25": -1.8312,
        "mdd_median": -0.69435,
        "mdd_p75": -0.198625
      }
    },
    "2.0": {
      "12": {
        "n_total": 1904,
        "n_hit": 518,
        "p_hit": 0.272059,
        "t_hit_p25": 3.0,
        "t_hit_median": 5.0,
        "t_hit_p75": 8.0,
        "mdd_p25": -1.0843,
        "mdd_median": -0.43935,
        "mdd_p75": -0.1174
      },
      "24": {
        "n_total": 1904,
        "n_hit": 800,
        "p_hit": 0.420168,
        "t_hit_p25": 4.0,
        "t_hit_median": 9.0,
        "t_hit_p75": 16.0,
        "mdd_p25": -1.383625,
        "mdd_median": -0.59825,
        "mdd_p75": -0.17454999999999998
      },
      "36": {
        "n_total": 1904,
        "n_hit": 971,
        "p_hit": 0.509979,
        "t_hit_p25": 5.0,
        "t_hit_median": 11.0,
        "t_hit_p75": 21.0,
        "mdd_p25": -1.5577,
        "mdd_median": -0.6767,
        "mdd_p75": -0.19895000000000002
      },
      "48": {
        "n_total": 1904,
        "n_hit": 1094,
        "p_hit": 0.57458,
        "t_hit_p25": 5.0,
        "t_hit_median": 14.0,
        "t_hit_p75": 26.0,
        "mdd_p25": -1.5890499999999999,
        "mdd_median": -0.7179,
        "mdd_p75": -0.23585
      },
      "60": {
        "n_total": 1904,
        "n_hit": 1184,
        "p_hit": 0.621849,
        "t_hit_p25": 6.0,
        "t_hit_median": 15.0,
        "t_hit_p75": 31.0,
        "mdd_p25": -1.668825,
        "mdd_median": -0.79975,
        "mdd_p75": -0.2654
      },
      "72": {
        "n_total": 1904,
        "n_hit": 1268,
        "p_hit": 0.665966,
        "t_hit_p25": 6.0,
        "t_hit_median": 17.0,
        "t_hit_p75": 35.0,
        "mdd_p25": -1.8493249999999999,
        "mdd_median": -0.92235,
        "mdd_p75": -0.283825
      },
      "84": {
        "n_total": 1904,
        "n_hit": 1317,
        "p_hit": 0.691702,
        "t_hit_p25": 7.0,
        "t_hit_median": 17.0,
        "t_hit_p75": 38.0,
        "mdd_p25": -2.0408,
        "mdd_median": -0.9727,
        "mdd_p75": -0.3038
      },
      "96": {
        "n_total": 1904,
        "n_hit": 1362,
        "p_hit": 0.715336,
        "t_hit_p25": 7.0,
        "t_hit_median": 18.0,
        "t_hit_p75": 41.0,
        "mdd_p25": -2.21345,
        "mdd_median": -1.0041,
        "mdd_p75": -0.318325
      }
    },
    "3.0": {
      "12": {
        "n_total": 1904,
        "n_hit": 296,
        "p_hit": 0.155462,
        "t_hit_p25": 3.0,
        "t_hit_median": 6.0,
        "t_hit_p75": 9.0,
        "mdd_p25": -0.990225,
        "mdd_median": -0.43525,
        "mdd_p75": -0.135025
      },
      "24": {
        "n_total": 1904,
        "n_hit": 484,
        "p_hit": 0.254202,
        "t_hit_p25": 5.0,
        "t_hit_median": 9.5,
        "t_hit_p75": 17.0,
        "mdd_p25": -1.34235,
        "mdd_median": -0.5540499999999999,
        "mdd_p75": -0.1681
      },
      "36": {
        "n_total": 1904,
        "n_hit": 658,
        "p_hit": 0.345588,
        "t_hit_p25": 6.0,
        "t_hit_median": 15.0,
        "t_hit_p75": 25.0,
        "mdd_p25": -1.5863999999999998,
        "mdd_median": -0.6537,
        "mdd_p75": -0.20290000000000002
      },
      "48": {
        "n_total": 1904,
        "n_hit": 782,
        "p_hit": 0.410714,
        "t_hit_p25": 7.0,
        "t_hit_median": 19.0,
        "t_hit_p75": 31.0,
        "mdd_p25": -1.661375,
        "mdd_median": -0.7276,