{
  "schema": "baseline_probs_v1",
  "source_labels": "data/labels/labels_v1.csv",
  "n_rows_labels": 2995,
  "thresholds": [
    0.5,
    1.0,
    2.0,
    3.0,
    5.0
  ],
  "horizons": [
    12,
    24,
    36,
    48,
    60,
    72,
    84,
    96
  ],
  "results": {
    "0.5": {
      "12": {
        "n_total": 2995,
        "n_hit": 2117,
        "p_hit": 0.706845,
        "t_hit_p25": 1.0,
        "t_hit_median": 2.0,
        "t_hit_p75": 4.0,
        "mdd_p25": -0.736,
        "mdd_median": -0.2933,
        "mdd_p75": -0.0506
      },
      "24": {
        "n_total": 2995,
        "n_hit": 2402,
        "p_hit": 0.802003,
        "t_hit_p25": 1.0,
        "t_hit_median": 3.0,
        "t_hit_p75": 7.0,
        "mdd_p25": -0.922425,
        "mdd_median": -0.36315,
        "mdd_p75": -0.07932499999999999
      },
      "36": {
        "n_total": 2995,
        "n_hit": 2543,
        "p_hit": 0.849082,
        "t_hit_p25": 1.0,
        "t_hit_median": 3.0,
        "t_hit_p75": 8.0,
        "mdd_p25": -1.01615,
        "mdd_median": -0.4097,
        "mdd_p75": -0.09425
      },
      "48": {
        "n_total": 2995,
        "n_hit": 2596,
        "p_hit": 0.866778,
        "t_hit_p25": 1.0,
        "t_hit_median": 3.0,
        "t_hit_p75": 9.0,
        "mdd_p25": -1.1133000000000002,
        "mdd_median": -0.42310000000000003,
        "mdd_p75": -0.10097500000000001
      },
      "60": {
        "n_total": 2995,
        "n_hit": 2623,
        "p_hit": 0.875793,
        "t_hit_p25": 1.0,
        "t_hit_median": 3.0,
        "t_hit_p75": 9.0,
        "mdd_p25": -1.1498499999999998,
        "mdd_median": -0.4317,
        "mdd_p75": -0.10305
      },
      "72": {
        "n_total": 2995,
        "n_hit": 2662,
        "p_hit": 0.888815,
        "t_hit_p25": 1.0,
        "t_hit_median": 3.0,
        "t_hit_p75": 10.0,
        "mdd_p25": -1.2052,
        "mdd_median": -0.44145,
        "mdd_p75": -0.1057
      },
      "84": {
        "n_total": 2995,
        "n_hit": 2705,
        "p_hit": 0.903172,
        "t_hit_p25": 1.0,
        "t_hit_median": 3.0,
        "t_hit_p75": 10.0,
        "mdd_p25": -1.2782,
        "mdd_median": -0.4574,
        "mdd_p75": -0.1092
      },
      "96": {
        "n_total": 2995,
        "n_hit": 2734,
        "p_hit": 0.912855,
        "t_hit_p25": 1.0,
        "t_hit_median": 3.0,
        "t_hit_p75": 11.0,
        "mdd_p25": -1.336325,
        "mdd_median": -0.47175,
        "mdd_p75": -0.1132
      }
    },
    "1.0": {
      "12": {
        "n_total": 2995,
        "n_hit": 1536,
        "p_hit": 0.512855,
        "t_hit_p25": 2.0,
        "t_hit_median": 4.0,
        "t_hit_p75": 7.0,
        "mdd_p25": -0.951625,
        "mdd_median": -0.3684,
        "mdd_p75": -0.07875
      },
      "24": {
        "n_total": 2995,
        "n_hit": 1928,
        "p_hit": 0.64374,
        "t_hit_p25": 2.0,
        "t_hit_median": 5.0,
        "t_hit_p75": 11.0,
        "mdd_p25": -1.1280999999999999,
        "mdd_median": -0.47514999999999996,
        "mdd_p75": -0.127625
      },
      "36": {
        "n_total": 2995,
        "n_hit": 2164,
        "p_hit": 0.722538,
        "t_hit_p25": 3.0,
        "t_hit_median": 6.0,
        "t_hit_p75": 15.0,
        "mdd_p25": -1.33765,
        "mdd_median": -0.53955,
        "mdd_p75": -0.158675
      },
      "48": {
        "n_total": 2995,
        "n_hit": 2270,
        "p_hit": 0.75793,
        "t_hit_p25": 3.0,
        "t_hit_median": 7.0,
        "t_hit_p75": 17.0,
        "mdd_p25": -1.394225,
        "mdd_median": -0.55965,
        "mdd_p75": -0.171
      },
      "60": {
        "n_total": 2995,
        "n_hit": 2349,
        "p_hit": 0.784307,
        "t_hit_p25": 3.0,
        "t_hit_median": 7.0,
        "t_hit_p75": 18.0,
        "mdd_p25": -1.4866,
        "mdd_median": -0.5977,
        "mdd_p75": -0.1787
      },
      "72": {
        "n_total": 2995,
        "n_hit": 2415,
        "p_hit": 0.806344,
        "t_hit_p25": 3.0,
        "t_hit_median": 8.0,
        "t_hit_p75": 20.0,
        "mdd_p25": -1.5863999999999998,
        "mdd_median": -0.6217,
        "mdd_p75": -0.19025
      },
      "84": {
        "n_total": 2995,
        "n_hit": 2475,
        "p_hit": 0.826377,
        "t_hit_p25": 3.0,
        "t_hit_median": 8.0,
        "t_hit_p75": 22.0,
        "mdd_p25": -1.68595,
        "mdd_median": -0.66,
        "mdd_p75": -0.2009
      },
      "96": {
        "n_total": 2995,
        "n_hit": 2513,
        "p_hit": 0.839065,
        "t_hit_p25": 3.0,
        "t_hit_median": 8.0,
        "t_hit_p75": 23.0,
        "mdd_p25": -1.7567,
        "mdd_median": -0.6805,
        "mdd_p75": -0.2073
      }
    },
    "2.0": {
      "12": {
        "n_total": 2995,
        "n_hit": 735,
        "p_hit": 0.245409,
        "t_hit_p25": 3.0,
        "t_hit_median": 5.0,
        "t_hit_p75": 8.5,
        "mdd_p25": -0.97235,
        "mdd_median": -0.4097,
        "mdd_p75": -0.09085
      },
      "24": {
        "n_total": 2995,
        "n_hit": 1189,
        "p_hit": 0.396995,
        "t_hit_p25": 4.0,
        "t_hit_median": 9.0,
        "t_hit_p75": 16.0,
        "mdd_p25": -1.2736,
        "mdd_median": -0.5725,
        "mdd_p75": -0.1725
      },
      "36": {
        "n_total": 2995,
        "n_hit": 1501,
        "p_hit": 0.501169,
        "t_hit_p25": 5.0,
        "t_hit_median": 13.0,
        "t_hit_p75": 23.0,
        "mdd_p25": -1.4668,
        "mdd_median": -0.6772,
        "mdd_p75": -0.2131
      },
      "48": {
        "n_total": 2995,
        "n_hit": 1708,
        "p_hit": 0.570284,
        "t_hit_p25": 6.0,
        "t_hit_median": 15.0,
        "t_hit_p75": 28.0,
        "mdd_p25": -1.564575,
        "mdd_median": -0.74805,
        "mdd_p75": -0.2599
      },
      "60": {
        "n_total": 2995,
        "n_hit": 1841,
        "p_hit": 0.614691,
        "t_hit_p25": 7.0,
        "t_hit_median": 17.0,
        "t_hit_p75": 32.0,
        "mdd_p25": -1.6192,
        "mdd_median": -0.8071,
        "mdd_p75": -0.2805
      },
      "72": {
        "n_total": 2995,
        "n_hit": 1957,
        "p_hit": 0.653422,
        "t_hit_p25": 7.0,
        "t_hit_median": 18.0,
        "t_hit_p75": 35.0,
        "mdd_p25": -1.7758,
        "mdd_median": -0.8902,
        "mdd_p75": -0.3073
      },
      "84": {
        "n_total": 2995,
        "n_hit": 2040,
        "p_hit": 0.681135,
        "t_hit_p25": 7.0,
        "t_hit_median": 19.0,
        "t_hit_p75": 38.0,
        "mdd_p25": -1.9100249999999999,
        "mdd_median": -0.95045,
        "mdd_p75": -0.32665
      },
      "96": {
        "n_total": 2995,
        "n_hit": 2116,
        "p_hit": 0.706511,
        "t_hit_p25": 8.0,
        "t_hit_median": 21.0,
        "t_hit_p75": 41.0,
        "mdd_p25": -2.053125,
        "mdd_median": -0.991,
        "mdd_p75": -0.344675
      }
    },
    "3.0": {
      "12": {
        "n_total": 2995,
        "n_hit": 395,
        "p_hit": 0.131886,
        "t_hit_p25": 3.0,
        "t_hit_median": 6.0,
        "t_hit_p75": 9.0,
        "mdd_p25": -0.9269499999999999,
        "mdd_median": -0.3641,
        "mdd_p75": -0.09645
      },
      "24": {
        "n_total": 2995,
        "n_hit": 685,
        "p_hit": 0.228715,
        "t_hit_p25": 5.0,
        "t_hit_median": 10.0,
        "t_hit_p75": 17.0,
        "mdd_p25": -1.3396,
        "mdd_median": -0.5517,
        "mdd_p75": -0.1559
      },
      "36": {
        "n_total": 2995,
        "n_hit": 965,
        "p_hit": 0.322204,
        "t_hit_p25": 7.0,
        "t_hit_median": 16.0,
        "t_hit_p75": 26.0,
        "mdd_p25": -1.5882,
        "mdd_median": -0.6772,
        "mdd_p75": -0.2069
      },
      "48": {
        "n_total": 2995,
        "n_hit": 1188,
        "p_hit": 0.396661,
        "t_hit_p25": 9.0,
        "t_hit_median": 21.0,
        "t_hit_p75": 33.0,
        "mdd_p25": -1.7022249999999999,
        "mdd_median": -0.8031,
        "mdd_p75": -0.2705
      },
      "60": {
        "n_total": 2995,