target_pct,horizon_h,n_total,n_hit,p_hit,t_hit_p25,t_hit_median,t_hit_p75,mdd_p25,mdd_median,mdd_p75
0.5,12,22,20,0.909091,1.0,1.5,2.25,-0.94775,-0.3095,-0.1783
0.5,24,22,22,1.0,1.0,2.0,3.75,-1.090475,-0.37375,-0.192675
0.5,36,22,22,1.0,1.0,2.0,3.75,-1.090475,-0.37375,-0.192675
0.5,48,22,22,1.0,1.0,2.0,3.75,-1.090475,-0.37375,-0.192675
0.5,60,22,22,1.0,1.0,2.0,3.75,-1.090475,-0.37375,-0.192675
0.5,72,22,22,1.0,1.0,2.0,3.75,-1.090475,-0.37375,-0.192675
0.5,84,22,22,1.0,1.0,2.0,3.75,-1.090475,-0.37375,-0.192675
0.5,96,22,22,1.0,1.0,2.0,3.75,-1.090475,-0.37375,-0.192675
1.0,12,22,15,0.681818,1.5,3.0,6.0,-0.95685,-0.2785,-0.1817
1.0,24,22,21,0.954545,3.0,5.0,13.0,-2.2406,-0.9298,-0.2379
1.0,36,22,22,1.0,3.0,6.0,15.25,-2.268425,-0.95685,-0.2433
1.0,48,22,22,1.0,3.0,6.0,15.25,-2.268425,-0.95685,-0.2433
1.0,60,22,22,1.0,3.0,6.0,15.25,-2.268425,-0.95685,-0.2433
1.0,72,22,22,1.0,3.0,6.0,15.25,-2.268425,-0.95685,-0.2433
1.0,84,22,22,1.0,3.0,6.0,15.25,-2.268425,-0.95685,-0.2433
1.0,96,22,22,1.0,3.0,6.0,15.25,-2.268425,-0.95685,-0.2433
2.0,12,22,3,0.136364,7.0,8.0,10.0,-1.149,-0.1724,-0.09425
2.0,24,22,13,0.590909,13.0,18.0,21.0,-2.2939,-2.1256,-1.5567
2.0,36,22,22,1.0,17.25,22.5,28.75,-2.268425,-1.8578,-1.4229
2.0,48,22,22,1.0,17.25,22.5,28.75,-2.268425,-1.8578,-1.4229
2.0,60,22,22,1.0,17.25,22.5,28.75,-2.268425,-1.8578,-1.4229
2.0,72,22,22,1.0,17.25,22.5,28.75,-2.268425,-1.8578,-1.4229
2.0,84,22,22,1.0,17.25,22.5,28.75,-2.268425,-1.8578,-1.4229
2.0,96,22,22,1.0,17.25,22.5,28.75,-2.268425,-1.8578,-1.4229
3.0,12,22,0,0.0,,,,,,
3.0,24,22,4,0.181818,21.5,22.5,23.25,-1.67065,-1.5844,-1.51955
3.0,36,22,12,0.545455,23.75,28.0,32.0,-1.642675,-1.4377,-1.328075
3.0,48,22,12,0.545455,23.75,28.0,32.0,-1.642675,-1.4377,-1.328075
3.0,60,22,12,0.545455,23.75,28.0,32.0,-1.642675,-1.4377,-1.328075
3.0,72,22,12,0.545455,23.75,28.0,32.0,-1.642675,-1.4377,-1.328075
3.0,84,22,12,0.545455,23.75,28.0,32.0,-1.642675,-1.4377,-1.328075
3.0,96,22,12,0.545455,23.75,28.0,32.0,-1.642675,-1.4377,-1.328075
5.0,12,22,0,0.0,,,,,,
5.0,24,22,0,0.0,,,,,,
5.0,36,22,0,0.0,,,,,,
5.0,48,22,0,0.0,,,,,,
5.0,60,22,0,0.0,,,,,,
5.0,72,22,0,0.0,,,,,,
5.0,84,22,0,0.0,,,,,,
5.0,96,22,0,0.0,,,,,,
