{
  "schema": "baseline_probs_v1",
  "source_labels": "data/labels/labels_v1.csv",
  "n_rows_labels": 1059,
  "thresholds": [
    0.5,
    1.0,
    2.0,
    3.0,
    5.0
  ],
  "horizons": [
    12,
    24,
    36,
    48,
    60,
    72,
    84,
    96
  ],
  "results": {
    "0.5": {
      "12": {
        "n_total": 1059,
        "n_hit": 717,
        "p_hit": 0.677054,
        "t_hit_p25": 1.0,
        "t_hit_median": 3.0,
        "t_hit_p75": 5.0,
        "mdd_p25": -0.6798,
        "mdd_median": -0.2628,
        "mdd_p75": -0.0504
      },
      "24": {
        "n_total": 1059,
        "n_hit": 835,
        "p_hit": 0.78848,
        "t_hit_p25": 1.0,
        "t_hit_median": 3.0,
        "t_hit_p75": 8.0,
        "mdd_p25": -0.84445,
        "mdd_median": -0.3383,
        "mdd_p75": -0.08199999999999999
      },
      "36": {
        "n_total": 1059,
        "n_hit": 877,
        "p_hit": 0.82814,
        "t_hit_p25": 1.0,
        "t_hit_median": 4.0,
        "t_hit_p75": 9.0,
        "mdd_p25": -0.9298,
        "mdd_median": -0.3692,
        "mdd_p75": -0.0922
      },
      "48": {
        "n_total": 1059,
        "n_hit": 887,
        "p_hit": 0.837583,
        "t_hit_p25": 1.0,
        "t_hit_median": 4.0,
        "t_hit_p75": 10.0,
        "mdd_p25": -0.94255,
        "mdd_median": -0.3775,
        "mdd_p75": -0.09340000000000001
      },
      "60": {
        "n_total": 1059,
        "n_hit": 901,
        "p_hit": 0.850803,
        "t_hit_p25": 1.0,
        "t_hit_median": 4.0,
        "t_hit_p75": 10.0,
        "mdd_p25": -0.9833,
        "mdd_median": -0.3866,
        "mdd_p75": -0.0973
      },
      "72": {
        "n_total": 1059,
        "n_hit": 923,
        "p_hit": 0.871577,
        "t_hit_p25": 1.0,
        "t_hit_median": 4.0,
        "t_hit_p75": 11.0,
        "mdd_p25": -1.0565,
        "mdd_median": -0.4096,
        "mdd_p75": -0.1031
      },
      "84": {
        "n_total": 1059,
        "n_hit": 939,
        "p_hit": 0.886686,
        "t_hit_p25": 2.0,
        "t_hit_median": 4.0,
        "t_hit_p75": 12.0,
        "mdd_p25": -1.1489500000000001,
        "mdd_median": -0.4191,
        "mdd_p75": -0.1052
      },
      "96": {
        "n_total": 1059,
        "n_hit": 945,
        "p_hit": 0.892351,
        "t_hit_p25": 2.0,
        "t_hit_median": 4.0,
        "t_hit_p75": 12.0,
        "mdd_p25": -1.1687,
        "mdd_median": -0.426,
        "mdd_p75": -0.1057
      }
    },
    "1.0": {
      "12": {
        "n_total": 1059,
        "n_hit": 504,
        "p_hit": 0.475921,
        "t_hit_p25": 2.0,
        "t_hit_median": 4.0,
        "t_hit_p75": 7.0,
        "mdd_p25": -0.82935,
        "mdd_median": -0.29964999999999997,
        "mdd_p75": -0.060125
      },
      "24": {
        "n_total": 1059,
        "n_hit": 654,
        "p_hit": 0.617564,
        "t_hit_p25": 3.0,
        "t_hit_median": 6.0,
        "t_hit_p75": 12.0,
        "mdd_p25": -0.98465,
        "mdd_median": -0.41475,
        "mdd_p75": -0.101175
      },
      "36": {
        "n_total": 1059,
        "n_hit": 735,
        "p_hit": 0.694051,
        "t_hit_p25": 3.0,
        "t_hit_median": 7.0,
        "t_hit_p75": 16.0,
        "mdd_p25": -1.0772,
        "mdd_median": -0.4433,
        "mdd_p75": -0.1265
      },
      "48": {
        "n_total": 1059,
        "n_hit": 770,
        "p_hit": 0.727101,
        "t_hit_p25": 3.0,
        "t_hit_median": 7.0,
        "t_hit_p75": 18.0,
        "mdd_p25": -1.1228,
        "mdd_median": -0.4514,
        "mdd_p75": -0.13885
      },
      "60": {
        "n_total": 1059,
        "n_hit": 806,
        "p_hit": 0.761095,
        "t_hit_p25": 3.25,
        "t_hit_median": 8.0,
        "t_hit_p75": 20.0,
        "mdd_p25": -1.242375,
        "mdd_median": -0.4769,
        "mdd_p75": -0.14757499999999998
      },
      "72": {
        "n_total": 1059,
        "n_hit": 837,
        "p_hit": 0.790368,
        "t_hit_p25": 4.0,
        "t_hit_median": 9.0,
        "t_hit_p75": 21.0,
        "mdd_p25": -1.3504,
        "mdd_median": -0.5065,
        "mdd_p75": -0.1591
      },
      "84": {
        "n_total": 1059,
        "n_hit": 858,
        "p_hit": 0.810198,
        "t_hit_p25": 4.0,
        "t_hit_median": 9.0,
        "t_hit_p75": 23.0,
        "mdd_p25": -1.397275,
        "mdd_median": -0.53125,
        "mdd_p75": -0.16269999999999998
      },
      "96": {
        "n_total": 1059,
        "n_hit": 869,
        "p_hit": 0.820585,
        "t_hit_p25": 4.0,
        "t_hit_median": 9.0,
        "t_hit_p75": 24.0,
        "mdd_p25": -1.4609,
        "mdd_median": -0.5428,
        "mdd_p75": -0.1671
      }
    },
    "2.0": {
      "12": {
        "n_total": 1059,
        "n_hit": 232,
        "p_hit": 0.219075,
        "t_hit_p25": 3.0,
        "t_hit_median": 6.0,
        "t_hit_p75": 9.0,
        "mdd_p25": -0.832875,
        "mdd_median": -0.36175,
        "mdd_p75": -0.068325
      },
      "24": {
        "n_total": 1059,
        "n_hit": 393,
        "p_hit": 0.371105,
        "t_hit_p25": 5.0,
        "t_hit_median": 10.0,
        "t_hit_p75": 17.0,
        "mdd_p25": -1.1694,
        "mdd_median": -0.5283,
        "mdd_p75": -0.1624
      },
      "36": {
        "n_total": 1059,
        "n_hit": 486,
        "p_hit": 0.458924,
        "t_hit_p25": 6.0,
        "t_hit_median": 13.0,
        "t_hit_p75": 21.0,
        "mdd_p25": -1.09745,
        "mdd_median": -0.49005,
        "mdd_p75": -0.1621
      },
      "48": {
        "n_total": 1059,
        "n_hit": 568,
        "p_hit": 0.536355,
        "t_hit_p25": 7.0,
        "t_hit_median": 16.0,
        "t_hit_p75": 29.25,
        "mdd_p25": -1.2091749999999999,
        "mdd_median": -0.50685,
        "mdd_p75": -0.17617500000000003
      },
      "60": {
        "n_total": 1059,
        "n_hit": 628,
        "p_hit": 0.593012,
        "t_hit_p25": 8.0,
        "t_hit_median": 18.0,
        "t_hit_p75": 35.0,
        "mdd_p25": -1.2727750000000002,
        "mdd_median": -0.54655,
        "mdd_p75": -0.207375
      },
      "72": {
        "n_total": 1059,
        "n_hit": 671,
        "p_hit": 0.633617,
        "t_hit_p25": 8.5,
        "t_hit_median": 19.0,
        "t_hit_p75": 40.0,
        "mdd_p25": -1.346,
        "mdd_median": -0.5949,
        "mdd_p75": -0.23695
      },
      "84": {
        "n_total": 1059,
        "n_hit": 696,
        "p_hit": 0.657224,
        "t_hit_p25": 9.0,
        "t_hit_median": 20.0,
        "t_hit_p75": 42.0,
        "mdd_p25": -1.4081249999999998,
        "mdd_median": -0.6212,
        "mdd_p75": -0.247
      },
      "96": {
        "n_total": 1059,
        "n_hit": 718,
        "p_hit": 0.677998,
        "t_hit_p25": 9.0,
        "t_hit_median": 21.0,
        "t_hit_p75": 44.0,
        "mdd_p25": -1.483225,
        "mdd_median": -0.65625,
        "mdd_p75": -0.26189999999999997
      }
    },
    "3.0": {
      "12": {
        "n_total": 1059,
        "n_hit": 112,
        "p_hit": 0.10576,
        "t_hit_p25": 3.0,
        "t_hit_median": 6.0,
        "t_hit_p75": 10.0,
        "mdd_p25": -0.832875,
        "mdd_median": -0.33314999999999995,
        "mdd_p75": -0.11560000000000001
      },
      "24": {
        "n_total": 1059,
        "n_hit": 195,
        "p_hit": 0.184136,
        "t_hit_p25": 6.0,
        "t_hit_median": 11.0,
        "t_hit_p75": 18.0,
        "mdd_p25": -0.7985,
        "mdd_median": -0.3775,
        "mdd_p75": -0.11699999999999999
      },
      "36": {
        "n_total": 1059,
        "n_hit": 285,
        "p_hit": 0.269122,
        "t_hit_p25": 8.0,
        "t_hit_median": 17.0,
        "t_hit_p75": 28.0,
        "mdd_p25": -0.9492,
        "mdd_median": -0.4585,
        "mdd_p75": -0.1442
      },
      "48": {
        "n_total": 1059,
        "n_hit": 358,
        "p_hit": 0.338055,
        "t_hit_p25": 10.0,
        "t_hit_median": 23.0,
        "t_hit_p75": 34.0,
        "mdd_p25": -0.9921249999999999,
        "mdd_median": -0.49005,
        "mdd_p75": -0.193225
      },