{
  "schema": "baseline_probs_v1",
  "source_labels": "data/labels/labels_v1.csv",
  "n_rows_labels": 2065,
  "thresholds": [
    0.5,
    1.0,
    2.0,
    3.0,
    5.0
  ],
  "horizons": [
    12,
    24,
    36,
    48,
    60,
    72,
    84,
    96
  ],
  "results": {
    "0.5": {
      "12": {
        "n_total": 2065,
        "n_hit": 1492,
        "p_hit": 0.722518,
        "t_hit_p25": 1.0,
        "t_hit_median": 2.0,
        "t_hit_p75": 4.0,
        "mdd_p25": -0.8322499999999999,
        "mdd_median": -0.31835,
        "mdd_p75": -0.06207499999999999
      },
      "24": {
        "n_total": 2065,
        "n_hit": 1675,
        "p_hit": 0.811138,
        "t_hit_p25": 1.0,
        "t_hit_median": 3.0,
        "t_hit_p75": 6.0,
        "mdd_p25": -0.9718,
        "mdd_median": -0.385,
        "mdd_p75": -0.09225
      },
      "36": {
        "n_total": 2065,
        "n_hit": 1759,
        "p_hit": 0.851816,
        "t_hit_p25": 1.0,
        "t_hit_median": 3.0,
        "t_hit_p75": 7.0,
        "mdd_p25": -1.068,
        "mdd_median": -0.4157,
        "mdd_p75": -0.1038
      },
      "48": {
        "n_total": 2065,
        "n_hit": 1793,
        "p_hit": 0.868281,
        "t_hit_p25": 1.0,
        "t_hit_median": 3.0,
        "t_hit_p75": 8.0,
        "mdd_p25": -1.1501,
        "mdd_median": -0.4298,
        "mdd_p75": -0.1066
      },
      "60": {
        "n_total": 2065,
        "n_hit": 1810,
        "p_hit": 0.876513,
        "t_hit_p25": 1.0,
        "t_hit_median": 3.0,
        "t_hit_p75": 8.0,
        "mdd_p25": -1.1825,
        "mdd_median": -0.4387,
        "mdd_p75": -0.10935
      },
      "72": {
        "n_total": 2065,
        "n_hit": 1842,
        "p_hit": 0.89201,
        "t_hit_p25": 1.0,
        "t_hit_median": 3.0,
        "t_hit_p75": 9.0,
        "mdd_p25": -1.26355,
        "mdd_median": -0.4578,
        "mdd_p75": -0.116425
      },
      "84": {
        "n_total": 2065,
        "n_hit": 1872,
        "p_hit": 0.906538,
        "t_hit_p25": 1.0,
        "t_hit_median": 3.0,
        "t_hit_p75": 9.0,
        "mdd_p25": -1.34365,
        "mdd_median": -0.4737,
        "mdd_p75": -0.118
      },
      "96": {
        "n_total": 2065,
        "n_hit": 1893,
        "p_hit": 0.916707,
        "t_hit_p25": 1.0,
        "t_hit_median": 3.0,
        "t_hit_p75": 10.0,
        "mdd_p25": -1.3766,
        "mdd_median": -0.4826,
        "mdd_p75": -0.1212
      }
    },
    "1.0": {
      "12": {
        "n_total": 2065,
        "n_hit": 1108,
        "p_hit": 0.536562,
        "t_hit_p25": 2.0,
        "t_hit_median": 4.0,
        "t_hit_p75": 7.0,
        "mdd_p25": -1.06075,
        "mdd_median": -0.41375,
        "mdd_p75": -0.097675
      },
      "24": {
        "n_total": 2065,
        "n_hit": 1348,
        "p_hit": 0.652785,
        "t_hit_p25": 2.0,
        "t_hit_median": 5.0,
        "t_hit_p75": 10.0,
        "mdd_p25": -1.24685,
        "mdd_median": -0.5065500000000001,
        "mdd_p75": -0.1356
      },
      "36": {
        "n_total": 2065,
        "n_hit": 1494,
        "p_hit": 0.723487,
        "t_hit_p25": 2.0,
        "t_hit_median": 6.0,
        "t_hit_p75": 13.0,
        "mdd_p25": -1.394225,
        "mdd_median": -0.55185,
        "mdd_p75": -0.16035
      },
      "48": {
        "n_total": 2065,
        "n_hit": 1569,
        "p_hit": 0.759806,
        "t_hit_p25": 2.0,
        "t_hit_median": 6.0,
        "t_hit_p75": 15.0,
        "mdd_p25": -1.4803,
        "mdd_median": -0.5874,
        "mdd_p75": -0.171
      },
      "60": {
        "n_total": 2065,
        "n_hit": 1635,
        "p_hit": 0.791768,
        "t_hit_p25": 3.0,
        "t_hit_median": 7.0,
        "t_hit_p75": 18.0,
        "mdd_p25": -1.5996000000000001,
        "mdd_median": -0.6219,
        "mdd_p75": -0.18059999999999998
      },
      "72": {
        "n_total": 2065,
        "n_hit": 1690,
        "p_hit": 0.818402,
        "t_hit_p25": 3.0,
        "t_hit_median": 7.0,
        "t_hit_p75": 19.0,
        "mdd_p25": -1.7193500000000002,
        "mdd_median": -0.6769499999999999,
        "mdd_p75": -0.192275
      },
      "84": {
        "n_total": 2065,
        "n_hit": 1729,
        "p_hit": 0.837288,
        "t_hit_p25": 3.0,
        "t_hit_median": 7.0,
        "t_hit_p75": 21.0,
        "mdd_p25": -1.8115,
        "mdd_median": -0.7081,
        "mdd_p75": -0.2049
      },
      "96": {
        "n_total": 2065,
        "n_hit": 1754,
        "p_hit": 0.849395,
        "t_hit_p25": 3.0,
        "t_hit_median": 7.0,
        "t_hit_p75": 22.0,
        "mdd_p25": -1.879,
        "mdd_median": -0.7367,
        "mdd_p75": -0.213975
      }
    },
    "2.0": {
      "12": {
        "n_total": 2065,
        "n_hit": 563,
        "p_hit": 0.272639,
        "t_hit_p25": 3.0,
        "t_hit_median": 5.0,
        "t_hit_p75": 8.0,
        "mdd_p25": -1.08555,
        "mdd_median": -0.4492,
        "mdd_p75": -0.1176
      },
      "24": {
        "n_total": 2065,
        "n_hit": 868,
        "p_hit": 0.420339,
        "t_hit_p25": 4.0,
        "t_hit_median": 9.0,
        "t_hit_p75": 16.0,
        "mdd_p25": -1.4002249999999998,
        "mdd_median": -0.6115,
        "mdd_p75": -0.18415
      },
      "36": {
        "n_total": 2065,
        "n_hit": 1058,
        "p_hit": 0.512349,
        "t_hit_p25": 5.0,
        "t_hit_median": 11.0,
        "t_hit_p75": 21.0,
        "mdd_p25": -1.589575,
        "mdd_median": -0.7112499999999999,
        "mdd_p75": -0.213525
      },
      "48": {
        "n_total": 2065,
        "n_hit": 1188,
        "p_hit": 0.575303,
        "t_hit_p25": 5.0,
        "t_hit_median": 14.0,
        "t_hit_p75": 26.0,
        "mdd_p25": -1.660725,
        "mdd_median": -0.7702500000000001,
        "mdd_p75": -0.24955
      },
      "60": {
        "n_total": 2065,
        "n_hit": 1278,
        "p_hit": 0.618886,
        "t_hit_p25": 6.0,
        "t_hit_median": 15.0,
        "t_hit_p75": 30.0,
        "mdd_p25": -1.7162,
        "mdd_median": -0.8413999999999999,
        "mdd_p75": -0.27265000000000006
      },
      "72": {
        "n_total": 2065,
        "n_hit": 1366,
        "p_hit": 0.661501,
        "t_hit_p25": 6.0,
        "t_hit_median": 16.0,
        "t_hit_p75": 34.0,
        "mdd_p25": -1.915375,
        "mdd_median": -0.94175,
        "mdd_p75": -0.297625
      },
      "84": {
        "n_total": 2065,
        "n_hit": 1423,
        "p_hit": 0.689104,
        "t_hit_p25": 7.0,
        "t_hit_median": 17.0,
        "t_hit_p75": 37.0,
        "mdd_p25": -2.1454,
        "mdd_median": -0.9901,
        "mdd_p75": -0.31484999999999996
      },
      "96": {
        "n_total": 2065,
        "n_hit": 1479,
        "p_hit": 0.716223,
        "t_hit_p25": 7.0,
        "t_hit_median": 18.0,
        "t_hit_p75": 41.0,
        "mdd_p25": -2.25085,
        "mdd_median": -1.0563,
        "mdd_p75": -0.3378
      }
    },
    "3.0": {
      "12": {
        "n_total": 2065,
        "n_hit": 310,
        "p_hit": 0.150121,
        "t_hit_p25": 3.0,
        "t_hit_median": 6.0,
        "t_hit_p75": 9.0,
        "mdd_p25": -0.993925,
        "mdd_median": -0.4426,
        "mdd_p75": -0.1378
      },
      "24": {
        "n_total": 2065,
        "n_hit": 519,
        "p_hit": 0.251332,
        "t_hit_p25": 5.0,
        "t_hit_median": 10.0,
        "t_hit_p75": 17.0,
        "mdd_p25": -1.41435,
        "mdd_median": -0.5996,
        "mdd_p75": -0.1797
      },
      "36": {
        "n_total": 2065,
        "n_hit": 700,
        "p_hit": 0.338983,
        "t_hit_p25": 6.0,
        "t_hit_median": 15.0,
        "t_hit_p75": 25.0,
        "mdd_p25": -1.6693999999999998,
        "mdd_median": -0.69355,
        "mdd_p75": -0.20915
      },
      "48": {
        "n_total": 2065,
        "n_hit": 843,
        "p_hit": 0.408232,
        "t_hit_p25": 8.0,
        "t_hit_median": 19.0,
        "t_hit_p75": 31.5,
        "mdd_p25": -1.8149,
        "mdd_median": -0.8118,
        "mdd_p75": -0.2724
      },