{
  "schema": "baseline_probs_v1",
  "source_labels": "data/labels/labels_v1.csv",
  "n_rows_labels": 1965,
  "thresholds": [
    0.5,
    1.0,
    2.0,
    3.0,
    5.0
  ],
  "horizons": [
    12,
    24,
    36,
    48,
    60,
    72,
    84,
    96
  ],
  "results": {
    "0.5": {
      "12": {
        "n_total": 1965,
        "n_hit": 1410,
        "p_hit": 0.717557,
        "t_hit_p25": 1.0,
        "t_hit_median": 2.0,
        "t_hit_p75": 4.0,
        "mdd_p25": -0.7981,
        "mdd_median": -0.3043,
        "mdd_p75": -0.057525
      },
      "24": {
        "n_total": 1965,
        "n_hit": 1586,
        "p_hit": 0.807125,
        "t_hit_p25": 1.0,
        "t_hit_median": 2.0,
        "t_hit_p75": 6.0,
        "mdd_p25": -0.951475,
        "mdd_median": -0.37024999999999997,
        "mdd_p75": -0.090025
      },
      "36": {
        "n_total": 1965,
        "n_hit": 1662,
        "p_hit": 0.845802,
        "t_hit_p25": 1.0,
        "t_hit_median": 3.0,
        "t_hit_p75": 7.0,
        "mdd_p25": -1.02495,
        "mdd_median": -0.40545,
        "mdd_p75": -0.10177499999999999
      },
      "48": {
        "n_total": 1965,
        "n_hit": 1696,
        "p_hit": 0.863104,
        "t_hit_p25": 1.0,
        "t_hit_median": 3.0,
        "t_hit_p75": 8.0,
        "mdd_p25": -1.13075,
        "mdd_median": -0.41859999999999997,
        "mdd_p75": -0.10452499999999999
      },
      "60": {
        "n_total": 1965,
        "n_hit": 1713,
        "p_hit": 0.871756,
        "t_hit_p25": 1.0,
        "t_hit_median": 3.0,
        "t_hit_p75": 8.0,
        "mdd_p25": -1.1659,
        "mdd_median": -0.426,
        "mdd_p75": -0.1057
      },
      "72": {
        "n_total": 1965,
        "n_hit": 1744,
        "p_hit": 0.887532,
        "t_hit_p25": 1.0,
        "t_hit_median": 3.0,
        "t_hit_p75": 9.0,
        "mdd_p25": -1.246225,
        "mdd_median": -0.4409,
        "mdd_p75": -0.10995
      },
      "84": {
        "n_total": 1965,
        "n_hit": 1774,
        "p_hit": 0.902799,
        "t_hit_p25": 1.0,
        "t_hit_median": 3.0,
        "t_hit_p75": 9.75,
        "mdd_p25": -1.3241749999999999,
        "mdd_median": -0.46265,
        "mdd_p75": -0.116525
      },
      "96": {
        "n_total": 1965,
        "n_hit": 1795,
        "p_hit": 0.913486,
        "t_hit_p25": 1.0,
        "t_hit_median": 3.0,
        "t_hit_p75": 10.0,
        "mdd_p25": -1.3587500000000001,
        "mdd_median": -0.4728,
        "mdd_p75": -0.1179
      }
    },
    "1.0": {
      "12": {
        "n_total": 1965,
        "n_hit": 1038,
        "p_hit": 0.528244,
        "t_hit_p25": 2.0,
        "t_hit_median": 4.0,
        "t_hit_p75": 7.0,
        "mdd_p25": -0.9973749999999999,
        "mdd_median": -0.384,
        "mdd_p75": -0.08312499999999999
      },
      "24": {
        "n_total": 1965,
        "n_hit": 1267,
        "p_hit": 0.644784,
        "t_hit_p25": 2.0,
        "t_hit_median": 5.0,
        "t_hit_p75": 10.0,
        "mdd_p25": -1.1950500000000002,
        "mdd_median": -0.4767,
        "mdd_p75": -0.12869999999999998
      },
      "36": {
        "n_total": 1965,
        "n_hit": 1406,
        "p_hit": 0.715522,
        "t_hit_p25": 2.0,
        "t_hit_median": 6.0,
        "t_hit_p75": 13.0,
        "mdd_p25": -1.3594,
        "mdd_median": -0.5347999999999999,
        "mdd_p75": -0.15542499999999998
      },
      "48": {
        "n_total": 1965,
        "n_hit": 1478,
        "p_hit": 0.752163,
        "t_hit_p25": 2.0,
        "t_hit_median": 6.0,
        "t_hit_p75": 16.0,
        "mdd_p25": -1.4181000000000001,
        "mdd_median": -0.55105,
        "mdd_p75": -0.1665
      },
      "60": {
        "n_total": 1965,
        "n_hit": 1543,
        "p_hit": 0.785242,
        "t_hit_p25": 3.0,
        "t_hit_median": 7.0,
        "t_hit_p75": 18.0,
        "mdd_p25": -1.5635,
        "mdd_median": -0.5963,
        "mdd_p75": -0.17415
      },
      "72": {
        "n_total": 1965,
        "n_hit": 1597,
        "p_hit": 0.812723,
        "t_hit_p25": 3.0,
        "t_hit_median": 7.0,
        "t_hit_p75": 20.0,
        "mdd_p25": -1.6833,
        "mdd_median": -0.6264,
        "mdd_p75": -0.185
      },
      "84": {
        "n_total": 1965,
        "n_hit": 1635,
        "p_hit": 0.832061,
        "t_hit_p25": 3.0,
        "t_hit_median": 7.0,
        "t_hit_p75": 21.5,
        "mdd_p25": -1.7866,
        "mdd_median": -0.6682,
        "mdd_p75": -0.19319999999999998
      },
      "96": {
        "n_total": 1965,
        "n_hit": 1659,
        "p_hit": 0.844275,
        "t_hit_p25": 3.0,
        "t_hit_median": 7.0,
        "t_hit_p75": 23.0,
        "mdd_p25": -1.8312,
        "mdd_median": -0.6845,
        "mdd_p75": -0.2033
      }
    },
    "2.0": {
      "12": {
        "n_total": 1965,
        "n_hit": 528,
        "p_hit": 0.268702,
        "t_hit_p25": 3.0,
        "t_hit_median": 5.0,
        "t_hit_p75": 8.0,
        "mdd_p25": -1.0462,
        "mdd_median": -0.42435,
        "mdd_p75": -0.11560000000000001
      },
      "24": {
        "n_total": 1965,
        "n_hit": 822,
        "p_hit": 0.418321,
        "t_hit_p25": 4.0,
        "t_hit_median": 9.0,
        "t_hit_p75": 16.0,
        "mdd_p25": -1.3564500000000002,
        "mdd_median": -0.5943499999999999,
        "mdd_p75": -0.17385
      },
      "36": {
        "n_total": 1965,
        "n_hit": 996,
        "p_hit": 0.50687,
        "t_hit_p25": 5.0,
        "t_hit_median": 11.0,
        "t_hit_p75": 21.0,
        "mdd_p25": -1.5448000000000002,
        "mdd_median": -0.6574500000000001,
        "mdd_p75": -0.20072500000000001
      },
      "48": {
        "n_total": 1965,
        "n_hit": 1120,
        "p_hit": 0.569975,
        "t_hit_p25": 5.0,
        "t_hit_median": 14.0,
        "t_hit_p75": 25.25,
        "mdd_p25": -1.5876249999999998,
        "mdd_median": -0.70645,
        "mdd_p75": -0.23615000000000003
      },
      "60": {
        "n_total": 1965,
        "n_hit": 1210,
        "p_hit": 0.615776,
        "t_hit_p25": 6.0,
        "t_hit_median": 15.0,
        "t_hit_p75": 30.0,
        "mdd_p25": -1.656625,
        "mdd_median": -0.7783500000000001,
        "mdd_p75": -0.2651
      },
      "72": {
        "n_total": 1965,
        "n_hit": 1294,
        "p_hit": 0.658524,
        "t_hit_p25": 6.0,
        "t_hit_median": 17.0,
        "t_hit_p75": 35.0,
        "mdd_p25": -1.8258999999999999,
        "mdd_median": -0.8955,
        "mdd_p75": -0.281
      },
      "84": {
        "n_total": 1965,
        "n_hit": 1344,
        "p_hit": 0.683969,
        "t_hit_p25": 7.0,
        "t_hit_median": 17.0,
        "t_hit_p75": 38.0,
        "mdd_p25": -1.99885,
        "mdd_median": -0.95715,
        "mdd_p75": -0.2995
      },
      "96": {
        "n_total": 1965,
        "n_hit": 1390,
        "p_hit": 0.707379,
        "t_hit_p25": 7.0,
        "t_hit_median": 18.0,
        "t_hit_p75": 41.0,
        "mdd_p25": -2.183625,
        "mdd_median": -0.99675,
        "mdd_p75": -0.31279999999999997
      }
    },
    "3.0": {
      "12": {
        "n_total": 1965,
        "n_hit": 296,
        "p_hit": 0.150636,
        "t_hit_p25": 3.0,
        "t_hit_median": 6.0,
        "t_hit_p75": 9.0,
        "mdd_p25": -0.990225,
        "mdd_median": -0.43525,
        "mdd_p75": -0.135025
      },
      "24": {
        "n_total": 1965,
        "n_hit": 486,
        "p_hit": 0.247328,
        "t_hit_p25": 5.0,
        "t_hit_median": 10.0,
        "t_hit_p75": 17.0,
        "mdd_p25": -1.337575,
        "mdd_median": -0.5540499999999999,
        "mdd_p75": -0.1688
      },
      "36": {
        "n_total": 1965,
        "n_hit": 660,
        "p_hit": 0.335878,
        "t_hit_p25": 6.0,
        "t_hit_median": 15.0,
        "t_hit_p75": 25.0,
        "mdd_p25": -1.5838,
        "mdd_median": -0.6444,
        "mdd_p75": -0.20370000000000002
      },
      "48": {
        "n_total": 1965,
        "n_hit": 790,
        "p_hit": 0.402036,
        "t_hit_p25": 7.25,