{
  "schema": "baseline_probs_v1",
  "source_labels": "data/labels/labels_v1.csv",
  "n_rows_labels": 2104,
  "thresholds": [
    0.5,
    1.0,
    2.0,
    3.0,
    5.0
  ],
  "horizons": [
    12,
    24,
    36,
    48,
    60,
    72,
    84,
    96
  ],
  "results": {
    "0.5": {
      "12": {
        "n_total": 2104,
        "n_hit": 1516,
        "p_hit": 0.720532,
        "t_hit_p25": 1.0,
        "t_hit_median": 2.0,
        "t_hit_p75": 4.0,
        "mdd_p25": -0.8196000000000001,
        "mdd_median": -0.3178,
        "mdd_p75": -0.06207499999999999
      },
      "24": {
        "n_total": 2104,
        "n_hit": 1709,
        "p_hit": 0.812262,
        "t_hit_p25": 1.0,
        "t_hit_median": 3.0,
        "t_hit_p75": 6.0,
        "mdd_p25": -0.954,
        "mdd_median": -0.3797,
        "mdd_p75": -0.0941
      },
      "36": {
        "n_total": 2104,
        "n_hit": 1798,
        "p_hit": 0.854563,
        "t_hit_p25": 1.0,
        "t_hit_median": 3.0,
        "t_hit_p75": 8.0,
        "mdd_p25": -1.057575,
        "mdd_median": -0.41535,
        "mdd_p75": -0.10464999999999999
      },
      "48": {
        "n_total": 2104,
        "n_hit": 1832,
        "p_hit": 0.870722,
        "t_hit_p25": 1.0,
        "t_hit_median": 3.0,
        "t_hit_p75": 8.0,
        "mdd_p25": -1.1420000000000001,
        "mdd_median": -0.42805,
        "mdd_p75": -0.10892500000000001
      },
      "60": {
        "n_total": 2104,
        "n_hit": 1849,
        "p_hit": 0.878802,
        "t_hit_p25": 1.0,
        "t_hit_median": 3.0,
        "t_hit_p75": 8.0,
        "mdd_p25": -1.1687,
        "mdd_median": -0.4383,
        "mdd_p75": -0.1108
      },
      "72": {
        "n_total": 2104,
        "n_hit": 1881,
        "p_hit": 0.894011,
        "t_hit_p25": 1.0,
        "t_hit_median": 3.0,
        "t_hit_p75": 9.0,
        "mdd_p25": -1.2485,
        "mdd_median": -0.4492,
        "mdd_p75": -0.1172
      },
      "84": {
        "n_total": 2104,
        "n_hit": 1911,
        "p_hit": 0.90827,
        "t_hit_p25": 1.0,
        "t_hit_median": 3.0,
        "t_hit_p75": 10.0,
        "mdd_p25": -1.3289,
        "mdd_median": -0.4697,
        "mdd_p75": -0.12065
      },
      "96": {
        "n_total": 2104,
        "n_hit": 1932,
        "p_hit": 0.918251,
        "t_hit_p25": 1.0,
        "t_hit_median": 3.0,
        "t_hit_p75": 10.0,
        "mdd_p25": -1.3604749999999999,
        "mdd_median": -0.4774,
        "mdd_p75": -0.12425
      }
    },
    "1.0": {
      "12": {
        "n_total": 2104,
        "n_hit": 1123,
        "p_hit": 0.533745,
        "t_hit_p25": 2.0,
        "t_hit_median": 4.0,
        "t_hit_p75": 7.0,
        "mdd_p25": -1.02535,
        "mdd_median": -0.4132,
        "mdd_p75": -0.0978
      },
      "24": {
        "n_total": 2104,
        "n_hit": 1375,
        "p_hit": 0.653517,
        "t_hit_p25": 2.0,
        "t_hit_median": 5.0,
        "t_hit_p75": 10.0,
        "mdd_p25": -1.2235999999999998,
        "mdd_median": -0.4938,
        "mdd_p75": -0.13765
      },
      "36": {
        "n_total": 2104,
        "n_hit": 1532,
        "p_hit": 0.728137,
        "t_hit_p25": 2.0,
        "t_hit_median": 6.0,
        "t_hit_p75": 13.25,
        "mdd_p25": -1.3823500000000002,
        "mdd_median": -0.54285,
        "mdd_p75": -0.16285
      },
      "48": {
        "n_total": 2104,
        "n_hit": 1607,
        "p_hit": 0.763783,
        "t_hit_p25": 3.0,
        "t_hit_median": 6.0,
        "t_hit_p75": 16.0,
        "mdd_p25": -1.4668,
        "mdd_median": -0.5725,
        "mdd_p75": -0.17245
      },
      "60": {
        "n_total": 2104,
        "n_hit": 1674,
        "p_hit": 0.795627,
        "t_hit_p25": 3.0,
        "t_hit_median": 7.0,
        "t_hit_p75": 18.0,
        "mdd_p25": -1.5870499999999998,
        "mdd_median": -0.61265,
        "mdd_p75": -0.18524999999999997
      },
      "72": {
        "n_total": 2104,
        "n_hit": 1729,
        "p_hit": 0.821768,
        "t_hit_p25": 3.0,
        "t_hit_median": 7.0,
        "t_hit_p75": 20.0,
        "mdd_p25": -1.7037,
        "mdd_median": -0.6618,
        "mdd_p75": -0.2002
      },
      "84": {
        "n_total": 2104,
        "n_hit": 1768,
        "p_hit": 0.840304,
        "t_hit_p25": 3.0,
        "t_hit_median": 7.0,
        "t_hit_p75": 21.0,
        "mdd_p25": -1.8044000000000002,
        "mdd_median": -0.6904999999999999,
        "mdd_p75": -0.21225
      },
      "96": {
        "n_total": 2104,
        "n_hit": 1793,
        "p_hit": 0.852186,
        "t_hit_p25": 3.0,
        "t_hit_median": 8.0,
        "t_hit_p75": 23.0,
        "mdd_p25": -1.8657,
        "mdd_median": -0.7081,
        "mdd_p75": -0.2189
      }
    },
    "2.0": {
      "12": {
        "n_total": 2104,
        "n_hit": 563,
        "p_hit": 0.267586,
        "t_hit_p25": 3.0,
        "t_hit_median": 5.0,
        "t_hit_p75": 8.0,
        "mdd_p25": -1.08555,
        "mdd_median": -0.4492,
        "mdd_p75": -0.1176
      },
      "24": {
        "n_total": 2104,
        "n_hit": 868,
        "p_hit": 0.412548,
        "t_hit_p25": 4.0,
        "t_hit_median": 9.0,
        "t_hit_p75": 16.0,
        "mdd_p25": -1.4002249999999998,
        "mdd_median": -0.6115,
        "mdd_p75": -0.18415
      },
      "36": {
        "n_total": 2104,
        "n_hit": 1070,
        "p_hit": 0.508555,
        "t_hit_p25": 5.0,
        "t_hit_median": 11.0,
        "t_hit_p75": 21.0,
        "mdd_p25": -1.617575,
        "mdd_median": -0.7276,
        "mdd_p75": -0.219775
      },
      "48": {
        "n_total": 2104,
        "n_hit": 1211,
        "p_hit": 0.57557,
        "t_hit_p25": 5.0,
        "t_hit_median": 14.0,
        "t_hit_p75": 26.5,
        "mdd_p25": -1.6597,
        "mdd_median": -0.81,
        "mdd_p75": -0.26355
      },
      "60": {
        "n_total": 2104,
        "n_hit": 1313,
        "p_hit": 0.624049,
        "t_hit_p25": 6.0,
        "t_hit_median": 16.0,
        "t_hit_p75": 31.0,
        "mdd_p25": -1.7156,
        "mdd_median": -0.8747,
        "mdd_p75": -0.2783
      },
      "72": {
        "n_total": 2104,
        "n_hit": 1405,
        "p_hit": 0.667776,
        "t_hit_p25": 6.0,
        "t_hit_median": 17.0,
        "t_hit_p75": 35.0,
        "mdd_p25": -1.9033,
        "mdd_median": -0.9742,
        "mdd_p75": -0.3087
      },
      "84": {
        "n_total": 2104,
        "n_hit": 1462,
        "p_hit": 0.694867,
        "t_hit_p25": 7.0,
        "t_hit_median": 18.0,
        "t_hit_p75": 38.0,
        "mdd_p25": -2.09495,
        "mdd_median": -1.02475,
        "mdd_p75": -0.329675
      },
      "96": {
        "n_total": 2104,
        "n_hit": 1518,
        "p_hit": 0.721483,
        "t_hit_p25": 7.0,
        "t_hit_median": 19.0,
        "t_hit_p75": 42.0,
        "mdd_p25": -2.2133000000000003,
        "mdd_median": -1.10895,
        "mdd_p75": -0.348525
      }
    },
    "3.0": {
      "12": {
        "n_total": 2104,
        "n_hit": 310,
        "p_hit": 0.147338,
        "t_hit_p25": 3.0,
        "t_hit_median": 6.0,
        "t_hit_p75": 9.0,
        "mdd_p25": -0.993925,
        "mdd_median": -0.4426,
        "mdd_p75": -0.1378
      },
      "24": {
        "n_total": 2104,
        "n_hit": 519,
        "p_hit": 0.246673,
        "t_hit_p25": 5.0,
        "t_hit_median": 10.0,
        "t_hit_p75": 17.0,
        "mdd_p25": -1.41435,
        "mdd_median": -0.5996,
        "mdd_p75": -0.1797
      },
      "36": {
        "n_total": 2104,
        "n_hit": 712,
        "p_hit": 0.338403,
        "t_hit_p25": 6.75,
        "t_hit_median": 15.0,
        "t_hit_p75": 25.25,
        "mdd_p25": -1.6821,
        "mdd_median": -0.71685,
        "mdd_p75": -0.219725
      },
      "48": {
        "n_total": 2104,
        "n_hit": 866,
        "p_hit": 0.411597,
        "t_hit_p25": 8.0,
        "t_hit_median": 20.0,
        "t_hit_p75": 32.0,
        "mdd_p25": -1.8068499999999998,
        "mdd_median": -0.8634,