{
  "schema": "baseline_probs_v1",
  "source_labels": "data/labels/labels_v1.csv",
  "n_rows_labels": 1764,
  "thresholds": [
    0.5,
    1.0,
    2.0,
    3.0,
    5.0
  ],
  "horizons": [
    12,
    24,
    36,
    48,
    60,
    72,
    84,
    96
  ],
  "results": {
    "0.5": {
      "12": {
        "n_total": 1764,
        "n_hit": 1275,
        "p_hit": 0.722789,
        "t_hit_p25": 1.0,
        "t_hit_median": 2.0,
        "t_hit_p75": 4.0,
        "mdd_p25": -0.8143499999999999,
        "mdd_median": -0.2967,
        "mdd_p75": -0.0571
      },
      "24": {
        "n_total": 1764,
        "n_hit": 1436,
        "p_hit": 0.814059,
        "t_hit_p25": 1.0,
        "t_hit_median": 3.0,
        "t_hit_p75": 6.0,
        "mdd_p25": -0.9709,
        "mdd_median": -0.36819999999999997,
        "mdd_p75": -0.08925
      },
      "36": {
        "n_total": 1764,
        "n_hit": 1506,
        "p_hit": 0.853741,
        "t_hit_p25": 1.0,
        "t_hit_median": 3.0,
        "t_hit_p75": 7.0,
        "mdd_p25": -1.0567,
        "mdd_median": -0.4031,
        "mdd_p75": -0.10092500000000001
      },
      "48": {
        "n_total": 1764,
        "n_hit": 1528,
        "p_hit": 0.866213,
        "t_hit_p25": 1.0,
        "t_hit_median": 3.0,
        "t_hit_p75": 8.0,
        "mdd_p25": -1.109225,
        "mdd_median": -0.41325,
        "mdd_p75": -0.1033
      },
      "60": {
        "n_total": 1764,
        "n_hit": 1543,
        "p_hit": 0.874717,
        "t_hit_p25": 1.0,
        "t_hit_median": 3.0,
        "t_hit_p75": 8.0,
        "mdd_p25": -1.1498499999999998,
        "mdd_median": -0.421,
        "mdd_p75": -0.1047
      },
      "72": {
        "n_total": 1764,
        "n_hit": 1572,
        "p_hit": 0.891156,
        "t_hit_p25": 1.0,
        "t_hit_median": 3.0,
        "t_hit_p75": 9.0,
        "mdd_p25": -1.226725,
        "mdd_median": -0.4366,
        "mdd_p75": -0.108425
      },
      "84": {
        "n_total": 1764,
        "n_hit": 1599,
        "p_hit": 0.906463,
        "t_hit_p25": 1.0,
        "t_hit_median": 3.0,
        "t_hit_p75": 9.0,
        "mdd_p25": -1.29525,
        "mdd_median": -0.4485,
        "mdd_p75": -0.11285
      },
      "96": {
        "n_total": 1764,
        "n_hit": 1618,
        "p_hit": 0.917234,
        "t_hit_p25": 1.0,
        "t_hit_median": 3.0,
        "t_hit_p75": 10.0,
        "mdd_p25": -1.3505500000000001,
        "mdd_median": -0.4678,
        "mdd_p75": -0.11674999999999999
      }
    },
    "1.0": {
      "12": {
        "n_total": 1764,
        "n_hit": 952,
        "p_hit": 0.539683,
        "t_hit_p25": 2.0,
        "t_hit_median": 4.0,
        "t_hit_p75": 7.0,
        "mdd_p25": -0.9999750000000001,
        "mdd_median": -0.3889,
        "mdd_p75": -0.08597500000000001
      },
      "24": {
        "n_total": 1764,
        "n_hit": 1160,
        "p_hit": 0.657596,
        "t_hit_p25": 2.0,
        "t_hit_median": 5.0,
        "t_hit_p75": 10.0,
        "mdd_p25": -1.194175,
        "mdd_median": -0.47655000000000003,
        "mdd_p75": -0.12785000000000002
      },
      "36": {
        "n_total": 1764,
        "n_hit": 1286,
        "p_hit": 0.729025,
        "t_hit_p25": 2.0,
        "t_hit_median": 6.0,
        "t_hit_p75": 13.0,
        "mdd_p25": -1.35225,
        "mdd_median": -0.5257000000000001,
        "mdd_p75": -0.153925
      },
      "48": {
        "n_total": 1764,
        "n_hit": 1346,
        "p_hit": 0.763039,
        "t_hit_p25": 2.0,
        "t_hit_median": 6.0,
        "t_hit_p75": 15.0,
        "mdd_p25": -1.3867,
        "mdd_median": -0.54265,
        "mdd_p75": -0.16192499999999999
      },
      "60": {
        "n_total": 1764,
        "n_hit": 1401,
        "p_hit": 0.794218,
        "t_hit_p25": 3.0,
        "t_hit_median": 6.0,
        "t_hit_p75": 17.0,
        "mdd_p25": -1.4962,
        "mdd_median": -0.5782,
        "mdd_p75": -0.171
      },
      "72": {
        "n_total": 1764,
        "n_hit": 1450,
        "p_hit": 0.821995,
        "t_hit_p25": 3.0,
        "t_hit_median": 7.0,
        "t_hit_p75": 19.0,
        "mdd_p25": -1.616825,
        "mdd_median": -0.60675,
        "mdd_p75": -0.17882499999999998
      },
      "84": {
        "n_total": 1764,
        "n_hit": 1484,
        "p_hit": 0.84127,
        "t_hit_p25": 3.0,
        "t_hit_median": 7.0,
        "t_hit_p75": 21.0,
        "mdd_p25": -1.69965,
        "mdd_median": -0.6327499999999999,
        "mdd_p75": -0.18727500000000002
      },
      "96": {
        "n_total": 1764,
        "n_hit": 1504,
        "p_hit": 0.852608,
        "t_hit_p25": 3.0,
        "t_hit_median": 7.0,
        "t_hit_p75": 22.0,
        "mdd_p25": -1.7632750000000001,
        "mdd_median": -0.6623,
        "mdd_p75": -0.191675
      }
    },
    "2.0": {
      "12": {
        "n_total": 1764,
        "n_hit": 491,
        "p_hit": 0.278345,
        "t_hit_p25": 3.0,
        "t_hit_median": 5.0,
        "t_hit_p75": 8.0,
        "mdd_p25": -1.08555,
        "mdd_median": -0.4404,
        "mdd_p75": -0.1243
      },
      "24": {
        "n_total": 1764,
        "n_hit": 759,
        "p_hit": 0.430272,
        "t_hit_p25": 4.0,
        "t_hit_median": 9.0,
        "t_hit_p75": 16.0,
        "mdd_p25": -1.3498999999999999,
        "mdd_median": -0.5949,
        "mdd_p75": -0.17545
      },
      "36": {
        "n_total": 1764,
        "n_hit": 921,
        "p_hit": 0.522109,
        "t_hit_p25": 5.0,
        "t_hit_median": 11.0,
        "t_hit_p75": 21.0,
        "mdd_p25": -1.5323,
        "mdd_median": -0.6474,
        "mdd_p75": -0.1925
      },
      "48": {
        "n_total": 1764,
        "n_hit": 1039,
        "p_hit": 0.589002,
        "t_hit_p25": 5.0,
        "t_hit_median": 14.0,
        "t_hit_p75": 26.0,
        "mdd_p25": -1.5563500000000001,
        "mdd_median": -0.6845,
        "mdd_p75": -0.2339
      },
      "60": {
        "n_total": 1764,
        "n_hit": 1129,
        "p_hit": 0.640023,
        "t_hit_p25": 6.0,
        "t_hit_median": 15.0,
        "t_hit_p75": 31.0,
        "mdd_p25": -1.6181,
        "mdd_median": -0.7627,
        "mdd_p75": -0.2637
      },
      "72": {
        "n_total": 1764,
        "n_hit": 1204,
        "p_hit": 0.68254,
        "t_hit_p25": 6.0,
        "t_hit_median": 17.0,
        "t_hit_p75": 35.0,
        "mdd_p25": -1.76425,
        "mdd_median": -0.8751,
        "mdd_p75": -0.2786
      },
      "84": {
        "n_total": 1764,
        "n_hit": 1247,
        "p_hit": 0.706916,
        "t_hit_p25": 7.0,
        "t_hit_median": 17.0,
        "t_hit_p75": 38.0,
        "mdd_p25": -1.9045999999999998,
        "mdd_median": -0.9448,
        "mdd_p75": -0.29685
      },
      "96": {
        "n_total": 1764,
        "n_hit": 1284,
        "p_hit": 0.727891,
        "t_hit_p25": 7.0,
        "t_hit_median": 18.0,
        "t_hit_p75": 41.0,
        "mdd_p25": -2.0499,
        "mdd_median": -0.9792,
        "mdd_p75": -0.307025
      }
    },
    "3.0": {
      "12": {
        "n_total": 1764,
        "n_hit": 280,
        "p_hit": 0.15873,
        "t_hit_p25": 3.0,
        "t_hit_median": 5.5,
        "t_hit_p75": 9.0,
        "mdd_p25": -0.990225,
        "mdd_median": -0.43525,
        "mdd_p75": -0.1364
      },
      "24": {
        "n_total": 1764,
        "n_hit": 455,
        "p_hit": 0.257937,
        "t_hit_p25": 5.0,
        "t_hit_median": 9.0,
        "t_hit_p75": 17.0,
        "mdd_p25": -1.2774999999999999,
        "mdd_median": -0.5429,
        "mdd_p75": -0.16435
      },
      "36": {
        "n_total": 1764,
        "n_hit": 621,
        "p_hit": 0.352041,
        "t_hit_p25": 6.0,
        "t_hit_median": 15.0,
        "t_hit_p75": 25.0,
        "mdd_p25": -1.5029,
        "mdd_median": -0.6162,
        "mdd_p75": -0.1954
      },
      "48": {
        "n_total": 1764,
        "n_hit": 745,
        "p_hit": 0.422336,
        "t_hit_p25": 7.0,
        "t_hit_median": 19.0,
        "t_hit_p75": 31.0,
        "mdd_p25": -1.5889,