{
  "schema": "baseline_probs_v1",
  "source_labels": "data/labels/labels_v1.csv",
  "n_rows_labels": 3056,
  "thresholds": [
    0.5,
    1.0,
    2.0,
    3.0,
    5.0
  ],
  "horizons": [
    12,
    24,
    36,
    48,
    60,
    72,
    84,
    96
  ],
  "results": {
    "0.5": {
      "12": {
        "n_total": 3056,
        "n_hit": 2166,
        "p_hit": 0.70877,
        "t_hit_p25": 1.0,
        "t_hit_median": 2.0,
        "t_hit_p75": 4.0,
        "mdd_p25": -0.74465,
        "mdd_median": -0.29615,
        "mdd_p75": -0.05045
      },
      "24": {
        "n_total": 3056,
        "n_hit": 2456,
        "p_hit": 0.803665,
        "t_hit_p25": 1.0,
        "t_hit_median": 3.0,
        "t_hit_p75": 7.0,
        "mdd_p25": -0.9240750000000001,
        "mdd_median": -0.3647,
        "mdd_p75": -0.07897499999999999
      },
      "36": {
        "n_total": 3056,
        "n_hit": 2599,
        "p_hit": 0.850458,
        "t_hit_p25": 1.0,
        "t_hit_median": 3.0,
        "t_hit_p75": 8.0,
        "mdd_p25": -1.0206499999999998,
        "mdd_median": -0.4098,
        "mdd_p75": -0.09425
      },
      "48": {
        "n_total": 3056,
        "n_hit": 2656,
        "p_hit": 0.86911,
        "t_hit_p25": 1.0,
        "t_hit_median": 3.0,
        "t_hit_p75": 9.0,
        "mdd_p25": -1.12345,
        "mdd_median": -0.4253,
        "mdd_p75": -0.101525
      },
      "60": {
        "n_total": 3056,
        "n_hit": 2684,
        "p_hit": 0.878272,
        "t_hit_p25": 1.0,
        "t_hit_median": 3.0,
        "t_hit_p75": 9.0,
        "mdd_p25": -1.152175,
        "mdd_median": -0.43415000000000004,
        "mdd_p75": -0.103425
      },
      "72": {
        "n_total": 3056,
        "n_hit": 2723,
        "p_hit": 0.891034,
        "t_hit_p25": 1.0,
        "t_hit_median": 3.0,
        "t_hit_p75": 10.0,
        "mdd_p25": -1.2051,
        "mdd_median": -0.4456,
        "mdd_p75": -0.1057
      },
      "84": {
        "n_total": 3056,
        "n_hit": 2766,
        "p_hit": 0.905105,
        "t_hit_p25": 1.0,
        "t_hit_median": 3.0,
        "t_hit_p75": 10.0,
        "mdd_p25": -1.2772999999999999,
        "mdd_median": -0.46265,
        "mdd_p75": -0.10984999999999999
      },
      "96": {
        "n_total": 3056,
        "n_hit": 2795,
        "p_hit": 0.914594,
        "t_hit_p25": 1.0,
        "t_hit_median": 3.0,
        "t_hit_p75": 11.0,
        "mdd_p25": -1.334,
        "mdd_median": -0.4736,
        "mdd_p75": -0.11405
      }
    },
    "1.0": {
      "12": {
        "n_total": 3056,
        "n_hit": 1575,
        "p_hit": 0.51538,
        "t_hit_p25": 2.0,
        "t_hit_median": 4.0,
        "t_hit_p75": 7.0,
        "mdd_p25": -0.95355,
        "mdd_median": -0.3684,
        "mdd_p75": -0.07805000000000001
      },
      "24": {
        "n_total": 3056,
        "n_hit": 1978,
        "p_hit": 0.647251,
        "t_hit_p25": 2.0,
        "t_hit_median": 5.0,
        "t_hit_p75": 11.0,
        "mdd_p25": -1.132375,
        "mdd_median": -0.4759,
        "mdd_p75": -0.127775
      },
      "36": {
        "n_total": 3056,
        "n_hit": 2218,
        "p_hit": 0.725785,
        "t_hit_p25": 3.0,
        "t_hit_median": 6.0,
        "t_hit_p75": 15.0,
        "mdd_p25": -1.341025,
        "mdd_median": -0.5416,
        "mdd_p75": -0.158825
      },
      "48": {
        "n_total": 3056,
        "n_hit": 2329,
        "p_hit": 0.762107,
        "t_hit_p25": 3.0,
        "t_hit_median": 7.0,
        "t_hit_p75": 17.0,
        "mdd_p25": -1.3983,
        "mdd_median": -0.5619,
        "mdd_p75": -0.1717
      },
      "60": {
        "n_total": 3056,
        "n_hit": 2410,
        "p_hit": 0.788613,
        "t_hit_p25": 3.0,
        "t_hit_median": 7.0,
        "t_hit_p75": 18.0,
        "mdd_p25": -1.5010249999999998,
        "mdd_median": -0.59975,
        "mdd_p75": -0.18057499999999999
      },
      "72": {
        "n_total": 3056,
        "n_hit": 2476,
        "p_hit": 0.810209,
        "t_hit_p25": 3.0,
        "t_hit_median": 8.0,
        "t_hit_p75": 20.0,
        "mdd_p25": -1.5892,
        "mdd_median": -0.62325,
        "mdd_p75": -0.19145
      },
      "84": {
        "n_total": 3056,
        "n_hit": 2536,
        "p_hit": 0.829843,
        "t_hit_p25": 3.0,
        "t_hit_median": 8.0,
        "t_hit_p75": 21.25,
        "mdd_p25": -1.68675,
        "mdd_median": -0.66525,
        "mdd_p75": -0.2023
      },
      "96": {
        "n_total": 3056,
        "n_hit": 2574,
        "p_hit": 0.842277,
        "t_hit_p25": 3.0,
        "t_hit_median": 8.0,
        "t_hit_p75": 23.0,
        "mdd_p25": -1.756525,
        "mdd_median": -0.6836500000000001,
        "mdd_p75": -0.208875
      }
    },
    "2.0": {
      "12": {
        "n_total": 3056,
        "n_hit": 753,
        "p_hit": 0.246401,
        "t_hit_p25": 3.0,
        "t_hit_median": 5.0,
        "t_hit_p75": 8.0,
        "mdd_p25": -0.9723,
        "mdd_median": -0.4034,
        "mdd_p75": -0.0812
      },
      "24": {
        "n_total": 3056,
        "n_hit": 1226,
        "p_hit": 0.401178,
        "t_hit_p25": 4.0,
        "t_hit_median": 9.0,
        "t_hit_p75": 16.0,
        "mdd_p25": -1.27315,
        "mdd_median": -0.57715,
        "mdd_p75": -0.17275
      },
      "36": {
        "n_total": 3056,
        "n_hit": 1547,
        "p_hit": 0.506217,
        "t_hit_p25": 5.0,
        "t_hit_median": 13.0,
        "t_hit_p75": 23.0,
        "mdd_p25": -1.46435,
        "mdd_median": -0.6805,
        "mdd_p75": -0.21685
      },
      "48": {
        "n_total": 3056,
        "n_hit": 1759,
        "p_hit": 0.575589,
        "t_hit_p25": 6.0,
        "t_hit_median": 15.0,
        "t_hit_p75": 27.0,
        "mdd_p25": -1.57355,
        "mdd_median": -0.7628,
        "mdd_p75": -0.26234999999999997
      },
      "60": {
        "n_total": 3056,
        "n_hit": 1897,
        "p_hit": 0.620746,
        "t_hit_p25": 7.0,
        "t_hit_median": 17.0,
        "t_hit_p75": 32.0,
        "mdd_p25": -1.634,
        "mdd_median": -0.8182,
        "mdd_p75": -0.2833
      },
      "72": {
        "n_total": 3056,
        "n_hit": 2018,
        "p_hit": 0.66034,
        "t_hit_p25": 7.0,
        "t_hit_median": 18.0,
        "t_hit_p75": 35.0,
        "mdd_p25": -1.79455,
        "mdd_median": -0.90425,
        "mdd_p75": -0.3114
      },
      "84": {
        "n_total": 3056,
        "n_hit": 2101,
        "p_hit": 0.6875,
        "t_hit_p25": 8.0,
        "t_hit_median": 19.0,
        "t_hit_p75": 38.0,
        "mdd_p25": -1.9131,
        "mdd_median": -0.9577,
        "mdd_p75": -0.3293
      },
      "96": {
        "n_total": 3056,
        "n_hit": 2177,
        "p_hit": 0.712369,
        "t_hit_p25": 8.0,
        "t_hit_median": 20.0,
        "t_hit_p75": 41.0,
        "mdd_p25": -2.0518,
        "mdd_median": -0.9986,
        "mdd_p75": -0.3448
      }
    },
    "3.0": {
      "12": {
        "n_total": 3056,
        "n_hit": 405,
        "p_hit": 0.132526,
        "t_hit_p25": 3.0,
        "t_hit_median": 6.0,
        "t_hit_p75": 9.0,
        "mdd_p25": -0.9293,
        "mdd_median": -0.3594,
        "mdd_p75": -0.0816
      },
      "24": {
        "n_total": 3056,
        "n_hit": 717,
        "p_hit": 0.23462,
        "t_hit_p25": 5.0,
        "t_hit_median": 11.0,
        "t_hit_p75": 17.0,
        "mdd_p25": -1.3323,
        "mdd_median": -0.5535,
        "mdd_p75": -0.1559
      },
      "36": {
        "n_total": 3056,
        "n_hit": 1007,
        "p_hit": 0.329516,
        "t_hit_p25": 7.0,
        "t_hit_median": 16.0,
        "t_hit_p75": 26.0,
        "mdd_p25": -1.58665,
        "mdd_median": -0.6845,
        "mdd_p75": -0.20735
      },
      "48": {
        "n_total": 3056,
        "n_hit": 1235,
        "p_hit": 0.404123,
        "t_hit_p25": 9.0,
        "t_hit_median": 21.0,
        "t_hit_p75": 33.0,
        "mdd_p25": -1.6976499999999999,
        "mdd_median": -0.8129,
        "mdd_p75": -0.27149999999999996
      },