{
  "schema": "baseline_probs_v1",
  "source_labels": "data/labels/labels_v1.csv",
  "n_rows_labels": 784,
  "thresholds": [
    0.5,
    1.0,
    2.0,
    3.0,
    5.0
  ],
  "horizons": [
    12,
    24,
    36,
    48,
    60,
    72,
    84,
    96
  ],
  "results": {
    "0.5": {
      "12": {
        "n_total": 784,
        "n_hit": 547,
        "p_hit": 0.697704,
        "t_hit_p25": 1.0,
        "t_hit_median": 3.0,
        "t_hit_p75": 6.0,
        "mdd_p25": -0.6045,
        "mdd_median": -0.2336,
        "mdd_p75": -0.0525
      },
      "24": {
        "n_total": 784,
        "n_hit": 654,
        "p_hit": 0.834184,
        "t_hit_p25": 2.0,
        "t_hit_median": 4.0,
        "t_hit_p75": 9.0,
        "mdd_p25": -0.7159,
        "mdd_median": -0.3151,
        "mdd_p75": -0.08855
      },
      "36": {
        "n_total": 784,
        "n_hit": 692,
        "p_hit": 0.882653,
        "t_hit_p25": 2.0,
        "t_hit_median": 4.0,
        "t_hit_p75": 10.0,
        "mdd_p25": -0.79835,
        "mdd_median": -0.34550000000000003,
        "mdd_p75": -0.096325
      },
      "48": {
        "n_total": 784,
        "n_hit": 699,
        "p_hit": 0.891582,
        "t_hit_p25": 2.0,
        "t_hit_median": 5.0,
        "t_hit_p75": 11.0,
        "mdd_p25": -0.8237,
        "mdd_median": -0.356,
        "mdd_p75": -0.09895
      },
      "60": {
        "n_total": 784,
        "n_hit": 708,
        "p_hit": 0.903061,
        "t_hit_p25": 2.0,
        "t_hit_median": 5.0,
        "t_hit_p75": 11.0,
        "mdd_p25": -0.84285,
        "mdd_median": -0.36735,
        "mdd_p75": -0.101725
      },
      "72": {
        "n_total": 784,
        "n_hit": 721,
        "p_hit": 0.919643,
        "t_hit_p25": 2.0,
        "t_hit_median": 5.0,
        "t_hit_p75": 12.0,
        "mdd_p25": -0.9298,
        "mdd_median": -0.3775,
        "mdd_p75": -0.1043
      },
      "84": {
        "n_total": 784,
        "n_hit": 724,
        "p_hit": 0.923469,
        "t_hit_p25": 2.0,
        "t_hit_median": 5.0,
        "t_hit_p75": 12.0,
        "mdd_p25": -0.93465,
        "mdd_median": -0.3786,
        "mdd_p75": -0.104675
      },
      "96": {
        "n_total": 784,
        "n_hit": 727,
        "p_hit": 0.927296,
        "t_hit_p25": 2.0,
        "t_hit_median": 5.0,
        "t_hit_p75": 12.0,
        "mdd_p25": -0.9382,
        "mdd_median": -0.3797,
        "mdd_p75": -0.1052
      }
    },
    "1.0": {
      "12": {
        "n_total": 784,
        "n_hit": 380,
        "p_hit": 0.484694,
        "t_hit_p25": 3.0,
        "t_hit_median": 5.0,
        "t_hit_p75": 8.0,
        "mdd_p25": -0.666775,
        "mdd_median": -0.247,
        "mdd_p75": -0.0678
      },
      "24": {
        "n_total": 784,
        "n_hit": 513,
        "p_hit": 0.654337,
        "t_hit_p25": 4.0,
        "t_hit_median": 7.0,
        "t_hit_p75": 13.0,
        "mdd_p25": -0.8379,
        "mdd_median": -0.3594,
        "mdd_p75": -0.1006
      },
      "36": {
        "n_total": 784,
        "n_hit": 592,
        "p_hit": 0.755102,
        "t_hit_p25": 4.0,
        "t_hit_median": 8.0,
        "t_hit_p75": 18.0,
        "mdd_p25": -0.9834499999999999,
        "mdd_median": -0.4065,
        "mdd_p75": -0.127
      },
      "48": {
        "n_total": 784,
        "n_hit": 627,
        "p_hit": 0.799745,
        "t_hit_p25": 4.0,
        "t_hit_median": 9.0,
        "t_hit_p75": 20.0,
        "mdd_p25": -1.0316,
        "mdd_median": -0.426,
        "mdd_p75": -0.13974999999999999
      },
      "60": {
        "n_total": 784,
        "n_hit": 651,
        "p_hit": 0.830357,
        "t_hit_p25": 4.0,
        "t_hit_median": 9.0,
        "t_hit_p75": 21.5,
        "mdd_p25": -1.15055,
        "mdd_median": -0.4543,
        "mdd_p75": -0.14529999999999998
      },
      "72": {
        "n_total": 784,
        "n_hit": 673,
        "p_hit": 0.858418,
        "t_hit_p25": 4.0,
        "t_hit_median": 10.0,
        "t_hit_p75": 23.0,
        "mdd_p25": -1.2184,
        "mdd_median": -0.4728,
        "mdd_p75": -0.1577
      },
      "84": {
        "n_total": 784,
        "n_hit": 681,
        "p_hit": 0.868622,
        "t_hit_p25": 5.0,
        "t_hit_median": 10.0,
        "t_hit_p75": 24.0,
        "mdd_p25": -1.2594,
        "mdd_median": -0.4784,
        "mdd_p75": -0.1591
      },
      "96": {
        "n_total": 784,
        "n_hit": 687,
        "p_hit": 0.876276,
        "t_hit_p25": 5.0,
        "t_hit_median": 10.0,
        "t_hit_p75": 25.0,
        "mdd_p25": -1.2737,
        "mdd_median": -0.4818,
        "mdd_p75": -0.1608
      }
    },
    "2.0": {
      "12": {
        "n_total": 784,
        "n_hit": 163,
        "p_hit": 0.207908,
        "t_hit_p25": 4.0,
        "t_hit_median": 7.0,
        "t_hit_p75": 9.0,
        "mdd_p25": -0.6327499999999999,
        "mdd_median": -0.3324,
        "mdd_p75": -0.0723
      },
      "24": {
        "n_total": 784,
        "n_hit": 297,
        "p_hit": 0.378827,
        "t_hit_p25": 6.0,
        "t_hit_median": 11.0,
        "t_hit_p75": 17.0,
        "mdd_p25": -0.9448,
        "mdd_median": -0.469,
        "mdd_p75": -0.1444
      },
      "36": {
        "n_total": 784,
        "n_hit": 385,
        "p_hit": 0.491071,
        "t_hit_p25": 8.0,
        "t_hit_median": 15.0,
        "t_hit_p75": 23.0,
        "mdd_p25": -0.9628,
        "mdd_median": -0.4433,
        "mdd_p75": -0.1454
      },
      "48": {
        "n_total": 784,
        "n_hit": 467,
        "p_hit": 0.595663,
        "t_hit_p25": 9.0,
        "t_hit_median": 18.0,
        "t_hit_p75": 32.0,
        "mdd_p25": -1.00885,
        "mdd_median": -0.4696,
        "mdd_p75": -0.17215
      },
      "60": {
        "n_total": 784,
        "n_hit": 519,
        "p_hit": 0.66199,
        "t_hit_p25": 10.0,
        "t_hit_median": 20.0,
        "t_hit_p75": 37.0,
        "mdd_p25": -1.1661000000000001,
        "mdd_median": -0.4952,
        "mdd_p75": -0.19779999999999998
      },
      "72": {
        "n_total": 784,
        "n_hit": 553,
        "p_hit": 0.705357,
        "t_hit_p25": 10.0,
        "t_hit_median": 21.0,
        "t_hit_p75": 42.0,
        "mdd_p25": -1.2181,
        "mdd_median": -0.5485,
        "mdd_p75": -0.22
      },
      "84": {
        "n_total": 784,
        "n_hit": 566,
        "p_hit": 0.721939,
        "t_hit_p25": 11.0,
        "t_hit_median": 22.5,
        "t_hit_p75": 43.0,
        "mdd_p25": -1.26,
        "mdd_median": -0.57165,
        "mdd_p75": -0.22437500000000002
      },
      "96": {
        "n_total": 784,
        "n_hit": 578,
        "p_hit": 0.737245,
        "t_hit_p25": 11.0,
        "t_hit_median": 23.0,
        "t_hit_p75": 44.0,
        "mdd_p25": -1.303575,
        "mdd_median": -0.5846,
        "mdd_p75": -0.23632499999999998
      }
    },
    "3.0": {
      "12": {
        "n_total": 784,
        "n_hit": 77,
        "p_hit": 0.098214,
        "t_hit_p25": 5.0,
        "t_hit_median": 7.0,
        "t_hit_p75": 10.0,
        "mdd_p25": -0.7982,
        "mdd_median": -0.3402,
        "mdd_p75": -0.1442
      },
      "24": {
        "n_total": 784,
        "n_hit": 146,
        "p_hit": 0.186224,
        "t_hit_p25": 7.0,
        "t_hit_median": 12.0,
        "t_hit_p75": 19.0,
        "mdd_p25": -0.6749,
        "mdd_median": -0.35209999999999997,
        "mdd_p75": -0.1167
      },
      "36": {
        "n_total": 784,
        "n_hit": 223,
        "p_hit": 0.284439,
        "t_hit_p25": 10.0,
        "t_hit_median": 19.0,
        "t_hit_p75": 29.0,
        "mdd_p25": -0.80715,
        "mdd_median": -0.4117,
        "mdd_p75": -0.13325
      },
      "48": {
        "n_total": 784,
        "n_hit": 293,
        "p_hit": 0.373724,
        "t_hit_p25": 12.0,
        "t_hit_median": 25.0,
        "t_hit_p75": 36.0,
        "mdd_p25": -0.9528,
        "mdd_median": -0.4696,
        "mdd_p75": -0.1804
      },
      "60": {
        "n_total": 784,
        "n_hit": 354,
        "p_hit": 0.451531,