{
  "schema": "baseline_probs_v1",
  "source_labels": "data/labels/labels_v1.csv",
  "n_rows_labels": 2972,
  "thresholds": [
    0.5,
    1.0,
    2.0,
    3.0,
    5.0
  ],
  "horizons": [
    12,
    24,
    36,
    48,
    60,
    72,
    84,
    96
  ],
  "results": {
    "0.5": {
      "12": {
        "n_total": 2972,
        "n_hit": 2097,
        "p_hit": 0.705585,
        "t_hit_p25": 1.0,
        "t_hit_median": 2.0,
        "t_hit_p75": 4.0,
        "mdd_p25": -0.7304,
        "mdd_median": -0.2906,
        "mdd_p75": -0.0504
      },
      "24": {
        "n_total": 2972,
        "n_hit": 2381,
        "p_hit": 0.801144,
        "t_hit_p25": 1.0,
        "t_hit_median": 3.0,
        "t_hit_p75": 7.0,
        "mdd_p25": -0.9179,
        "mdd_median": -0.3594,
        "mdd_p75": -0.0789
      },
      "36": {
        "n_total": 2972,
        "n_hit": 2522,
        "p_hit": 0.848587,
        "t_hit_p25": 1.0,
        "t_hit_median": 3.0,
        "t_hit_p75": 8.0,
        "mdd_p25": -1.014525,
        "mdd_median": -0.4096,
        "mdd_p75": -0.093125
      },
      "48": {
        "n_total": 2972,
        "n_hit": 2575,
        "p_hit": 0.86642,
        "t_hit_p25": 1.0,
        "t_hit_median": 3.0,
        "t_hit_p75": 9.0,
        "mdd_p25": -1.1096,
        "mdd_median": -0.4218,
        "mdd_p75": -0.10075
      },
      "60": {
        "n_total": 2972,
        "n_hit": 2602,
        "p_hit": 0.875505,
        "t_hit_p25": 1.0,
        "t_hit_median": 3.0,
        "t_hit_p75": 9.0,
        "mdd_p25": -1.14955,
        "mdd_median": -0.4294,
        "mdd_p75": -0.102825
      },
      "72": {
        "n_total": 2972,
        "n_hit": 2641,
        "p_hit": 0.888627,
        "t_hit_p25": 1.0,
        "t_hit_median": 3.0,
        "t_hit_p75": 10.0,
        "mdd_p25": -1.2049,
        "mdd_median": -0.4404,
        "mdd_p75": -0.1056
      },
      "84": {
        "n_total": 2972,
        "n_hit": 2684,
        "p_hit": 0.903096,
        "t_hit_p25": 1.0,
        "t_hit_median": 3.0,
        "t_hit_p75": 10.0,
        "mdd_p25": -1.2755,
        "mdd_median": -0.45589999999999997,
        "mdd_p75": -0.108975
      },
      "96": {
        "n_total": 2972,
        "n_hit": 2713,
        "p_hit": 0.912853,
        "t_hit_p25": 1.0,
        "t_hit_median": 3.0,
        "t_hit_p75": 11.0,
        "mdd_p25": -1.3343,
        "mdd_median": -0.4704,
        "mdd_p75": -0.1125
      }
    },
    "1.0": {
      "12": {
        "n_total": 2972,
        "n_hit": 1521,
        "p_hit": 0.511777,
        "t_hit_p25": 2.0,
        "t_hit_median": 4.0,
        "t_hit_p75": 7.0,
        "mdd_p25": -0.9403,
        "mdd_median": -0.3673,
        "mdd_p75": -0.0786
      },
      "24": {
        "n_total": 2972,
        "n_hit": 1909,
        "p_hit": 0.642328,
        "t_hit_p25": 2.0,
        "t_hit_median": 5.0,
        "t_hit_p75": 11.0,
        "mdd_p25": -1.1225,
        "mdd_median": -0.4726,
        "mdd_p75": -0.1272
      },
      "36": {
        "n_total": 2972,
        "n_hit": 2144,
        "p_hit": 0.7214,
        "t_hit_p25": 3.0,
        "t_hit_median": 6.0,
        "t_hit_p75": 15.0,
        "mdd_p25": -1.3337750000000002,
        "mdd_median": -0.53755,
        "mdd_p75": -0.15815
      },
      "48": {
        "n_total": 2972,
        "n_hit": 2250,
        "p_hit": 0.757066,
        "t_hit_p25": 3.0,
        "t_hit_median": 7.0,
        "t_hit_p75": 17.0,
        "mdd_p25": -1.38945,
        "mdd_median": -0.5544,
        "mdd_p75": -0.171
      },
      "60": {
        "n_total": 2972,
        "n_hit": 2329,
        "p_hit": 0.783647,
        "t_hit_p25": 3.0,
        "t_hit_median": 7.0,
        "t_hit_p75": 18.0,
        "mdd_p25": -1.4835,
        "mdd_median": -0.5954,
        "mdd_p75": -0.1783
      },
      "72": {
        "n_total": 2972,
        "n_hit": 2395,
        "p_hit": 0.805855,
        "t_hit_p25": 3.0,
        "t_hit_median": 8.0,
        "t_hit_p75": 20.0,
        "mdd_p25": -1.58075,
        "mdd_median": -0.619,
        "mdd_p75": -0.1891
      },
      "84": {
        "n_total": 2972,
        "n_hit": 2455,
        "p_hit": 0.826043,
        "t_hit_p25": 3.0,
        "t_hit_median": 8.0,
        "t_hit_p75": 22.0,
        "mdd_p25": -1.6831,
        "mdd_median": -0.6564,
        "mdd_p75": -0.19985
      },
      "96": {
        "n_total": 2972,
        "n_hit": 2493,
        "p_hit": 0.838829,
        "t_hit_p25": 3.0,
        "t_hit_median": 8.0,
        "t_hit_p75": 23.0,
        "mdd_p25": -1.7536,
        "mdd_median": -0.6798,
        "mdd_p75": -0.2058
      }
    },
    "2.0": {
      "12": {
        "n_total": 2972,
        "n_hit": 727,
        "p_hit": 0.244616,
        "t_hit_p25": 3.0,
        "t_hit_median": 5.0,
        "t_hit_p75": 9.0,
        "mdd_p25": -0.97175,
        "mdd_median": -0.4097,
        "mdd_p75": -0.09085
      },
      "24": {
        "n_total": 2972,
        "n_hit": 1181,
        "p_hit": 0.397376,
        "t_hit_p25": 4.0,
        "t_hit_median": 9.0,
        "t_hit_p75": 16.0,
        "mdd_p25": -1.2718,
        "mdd_median": -0.5725,
        "mdd_p75": -0.1735
      },
      "36": {
        "n_total": 2972,
        "n_hit": 1493,
        "p_hit": 0.502355,
        "t_hit_p25": 5.0,
        "t_hit_median": 13.0,
        "t_hit_p75": 23.0,
        "mdd_p25": -1.4619,
        "mdd_median": -0.6772,
        "mdd_p75": -0.2148
      },
      "48": {
        "n_total": 2972,
        "n_hit": 1696,
        "p_hit": 0.570659,
        "t_hit_p25": 6.0,
        "t_hit_median": 15.0,
        "t_hit_p75": 28.0,
        "mdd_p25": -1.557725,
        "mdd_median": -0.74545,
        "mdd_p75": -0.2599
      },
      "60": {
        "n_total": 2972,
        "n_hit": 1828,
        "p_hit": 0.615074,
        "t_hit_p25": 7.0,
        "t_hit_median": 17.0,
        "t_hit_p75": 32.0,
        "mdd_p25": -1.6144249999999998,
        "mdd_median": -0.8045500000000001,
        "mdd_p75": -0.28005
      },
      "72": {
        "n_total": 2972,
        "n_hit": 1944,
        "p_hit": 0.654105,
        "t_hit_p25": 7.0,
        "t_hit_median": 18.0,
        "t_hit_p75": 35.0,
        "mdd_p25": -1.756325,
        "mdd_median": -0.8887499999999999,
        "mdd_p75": -0.30835
      },
      "84": {
        "n_total": 2972,
        "n_hit": 2026,
        "p_hit": 0.681696,
        "t_hit_p25": 8.0,
        "t_hit_median": 19.0,
        "t_hit_p75": 38.0,
        "mdd_p25": -1.9052499999999999,
        "mdd_median": -0.9482,
        "mdd_p75": -0.32745
      },
      "96": {
        "n_total": 2972,
        "n_hit": 2102,
        "p_hit": 0.707268,
        "t_hit_p25": 8.0,
        "t_hit_median": 21.0,
        "t_hit_p75": 41.0,
        "mdd_p25": -2.0508,
        "mdd_median": -0.9903500000000001,
        "mdd_p75": -0.345
      }
    },
    "3.0": {
      "12": {
        "n_total": 2972,
        "n_hit": 393,
        "p_hit": 0.132234,
        "t_hit_p25": 3.0,
        "t_hit_median": 6.0,
        "t_hit_p75": 9.0,
        "mdd_p25": -0.9246,
        "mdd_median": -0.3641,
        "mdd_p75": -0.1001
      },
      "24": {
        "n_total": 2972,
        "n_hit": 683,
        "p_hit": 0.229812,
        "t_hit_p25": 5.0,
        "t_hit_median": 10.0,
        "t_hit_p75": 17.0,
        "mdd_p25": -1.33595,
        "mdd_median": -0.5517,
        "mdd_p75": -0.15735
      },
      "36": {
        "n_total": 2972,
        "n_hit": 960,
        "p_hit": 0.323015,
        "t_hit_p25": 7.0,
        "t_hit_median": 16.0,
        "t_hit_p75": 26.0,
        "mdd_p25": -1.583275,
        "mdd_median": -0.6768,
        "mdd_p75": -0.206625
      },
      "48": {
        "n_total": 2972,
        "n_hit": 1183,
        "p_hit": 0.398048,
        "t_hit_p25": 9.0,
        "t_hit_median": 21.0,
        "t_hit_p75": 33.0,
        "mdd_p25": -1.68985,
        "mdd_median": -0.8025,
        "mdd_p75": -0.2703
      },
      "60": {
        "n_total": 2972,
        "n_hit": 1355,
        "p_hit": 0.455922,