{
  "schema": "baseline_probs_v1",
  "source_labels": "data/labels/labels_v1.csv",
  "n_rows_labels": 305,
  "thresholds": [
    0.5,
    1.0,
    2.0,
    3.0,
    5.0
  ],
  "horizons": [
    12,
    24,
    36,
    48,
    60,
    72,
    84,
    96
  ],
  "results": {
    "0.5": {
      "12": {
        "n_total": 305,
        "n_hit": 216,
        "p_hit": 0.708197,
        "t_hit_p25": 1.0,
        "t_hit_median": 3.0,
        "t_hit_p75": 6.0,
        "mdd_p25": -0.678025,
        "mdd_median": -0.3058,
        "mdd_p75": -0.080675
      },
      "24": {
        "n_total": 305,
        "n_hit": 261,
        "p_hit": 0.855738,
        "t_hit_p25": 2.0,
        "t_hit_median": 4.0,
        "t_hit_p75": 10.0,
        "mdd_p25": -0.8289,
        "mdd_median": -0.3906,
        "mdd_p75": -0.1098
      },
      "36": {
        "n_total": 305,
        "n_hit": 276,
        "p_hit": 0.904918,
        "t_hit_p25": 2.0,
        "t_hit_median": 4.0,
        "t_hit_p75": 11.0,
        "mdd_p25": -0.8210999999999999,
        "mdd_median": -0.42255,
        "mdd_p75": -0.12405
      },
      "48": {
        "n_total": 305,
        "n_hit": 276,
        "p_hit": 0.904918,
        "t_hit_p25": 2.0,
        "t_hit_median": 4.0,
        "t_hit_p75": 11.0,
        "mdd_p25": -0.8210999999999999,
        "mdd_median": -0.42255,
        "mdd_p75": -0.12405
      },
      "60": {
        "n_total": 305,
        "n_hit": 282,
        "p_hit": 0.92459,
        "t_hit_p25": 2.0,
        "t_hit_median": 5.0,
        "t_hit_p75": 12.0,
        "mdd_p25": -0.88035,
        "mdd_median": -0.44335,
        "mdd_p75": -0.126825
      },
      "72": {
        "n_total": 305,
        "n_hit": 294,
        "p_hit": 0.963934,
        "t_hit_p25": 2.0,
        "t_hit_median": 5.0,
        "t_hit_p75": 13.0,
        "mdd_p25": -1.004025,
        "mdd_median": -0.4704,
        "mdd_p75": -0.14049999999999999
      },
      "84": {
        "n_total": 305,
        "n_hit": 294,
        "p_hit": 0.963934,
        "t_hit_p25": 2.0,
        "t_hit_median": 5.0,
        "t_hit_p75": 13.0,
        "mdd_p25": -1.004025,
        "mdd_median": -0.4704,
        "mdd_p75": -0.14049999999999999
      },
      "96": {
        "n_total": 305,
        "n_hit": 296,
        "p_hit": 0.970492,
        "t_hit_p25": 2.0,
        "t_hit_median": 5.0,
        "t_hit_p75": 13.25,
        "mdd_p25": -1.030775,
        "mdd_median": -0.4723,
        "mdd_p75": -0.1411
      }
    },
    "1.0": {
      "12": {
        "n_total": 305,
        "n_hit": 152,
        "p_hit": 0.498361,
        "t_hit_p25": 3.0,
        "t_hit_median": 5.0,
        "t_hit_p75": 7.0,
        "mdd_p25": -0.8322499999999999,
        "mdd_median": -0.3775,
        "mdd_p75": -0.10425000000000001
      },
      "24": {
        "n_total": 305,
        "n_hit": 205,
        "p_hit": 0.672131,
        "t_hit_p25": 4.0,
        "t_hit_median": 6.0,
        "t_hit_p75": 13.0,
        "mdd_p25": -1.1103,
        "mdd_median": -0.4983,
        "mdd_p75": -0.1537
      },
      "36": {
        "n_total": 305,
        "n_hit": 234,
        "p_hit": 0.767213,
        "t_hit_p25": 4.0,
        "t_hit_median": 7.0,
        "t_hit_p75": 18.0,
        "mdd_p25": -1.215125,
        "mdd_median": -0.49845,
        "mdd_p75": -0.17302499999999998
      },
      "48": {
        "n_total": 305,
        "n_hit": 255,
        "p_hit": 0.836066,
        "t_hit_p25": 4.0,
        "t_hit_median": 9.0,
        "t_hit_p75": 20.0,
        "mdd_p25": -1.2737,
        "mdd_median": -0.5066,
        "mdd_p75": -0.21565
      },
      "60": {
        "n_total": 305,
        "n_hit": 266,
        "p_hit": 0.872131,
        "t_hit_p25": 4.25,
        "t_hit_median": 9.5,
        "t_hit_p75": 22.0,
        "mdd_p25": -1.343925,
        "mdd_median": -0.5342,
        "mdd_p75": -0.234675
      },
      "72": {
        "n_total": 305,
        "n_hit": 281,
        "p_hit": 0.921311,
        "t_hit_p25": 5.0,
        "t_hit_median": 11.0,
        "t_hit_p75": 27.0,
        "mdd_p25": -1.4842,
        "mdd_median": -0.5508,
        "mdd_p75": -0.2449
      },
      "84": {
        "n_total": 305,
        "n_hit": 282,
        "p_hit": 0.92459,
        "t_hit_p25": 5.0,
        "t_hit_median": 11.0,
        "t_hit_p75": 27.0,
        "mdd_p25": -1.501,
        "mdd_median": -0.5521499999999999,
        "mdd_p75": -0.245425
      },
      "96": {
        "n_total": 305,
        "n_hit": 282,
        "p_hit": 0.92459,
        "t_hit_p25": 5.0,
        "t_hit_median": 11.0,
        "t_hit_p75": 27.0,
        "mdd_p25": -1.501,
        "mdd_median": -0.5521499999999999,
        "mdd_p75": -0.245425
      }
    },
    "2.0": {
      "12": {
        "n_total": 305,
        "n_hit": 74,
        "p_hit": 0.242623,
        "t_hit_p25": 4.25,
        "t_hit_median": 7.0,
        "t_hit_p75": 9.0,
        "mdd_p25": -0.719275,
        "mdd_median": -0.42625,
        "mdd_p75": -0.180025
      },
      "24": {
        "n_total": 305,
        "n_hit": 132,
        "p_hit": 0.432787,
        "t_hit_p25": 6.0,
        "t_hit_median": 11.0,
        "t_hit_p75": 17.0,
        "mdd_p25": -1.2634,
        "mdd_median": -0.5992500000000001,
        "mdd_p75": -0.33152499999999996
      },
      "36": {
        "n_total": 305,
        "n_hit": 165,
        "p_hit": 0.540984,
        "t_hit_p25": 8.0,
        "t_hit_median": 14.0,
        "t_hit_p75": 21.0,
        "mdd_p25": -1.3046,
        "mdd_median": -0.6549,
        "mdd_p75": -0.3324
      },
      "48": {
        "n_total": 305,
        "n_hit": 195,
        "p_hit": 0.639344,
        "t_hit_p25": 9.0,
        "t_hit_median": 17.0,
        "t_hit_p75": 30.0,
        "mdd_p25": -1.30255,
        "mdd_median": -0.6805,
        "mdd_p75": -0.36295
      },
      "60": {
        "n_total": 305,
        "n_hit": 219,
        "p_hit": 0.718033,
        "t_hit_p25": 9.0,
        "t_hit_median": 19.0,
        "t_hit_p75": 35.5,
        "mdd_p25": -1.30255,
        "mdd_median": -0.7065,
        "mdd_p75": -0.36295
      },
      "72": {
        "n_total": 305,
        "n_hit": 233,
        "p_hit": 0.763934,
        "t_hit_p25": 10.0,
        "t_hit_median": 20.0,
        "t_hit_p75": 40.0,
        "mdd_p25": -1.3916,
        "mdd_median": -0.8118,
        "mdd_p75": -0.3775
      },
      "84": {
        "n_total": 305,
        "n_hit": 242,
        "p_hit": 0.793443,
        "t_hit_p25": 10.0,
        "t_hit_median": 21.0,
        "t_hit_p75": 42.0,
        "mdd_p25": -1.4606999999999999,
        "mdd_median": -0.8375999999999999,
        "mdd_p75": -0.3894
      },
      "96": {
        "n_total": 305,
        "n_hit": 249,
        "p_hit": 0.816393,
        "t_hit_p25": 10.0,
        "t_hit_median": 21.0,
        "t_hit_p75": 44.0,
        "mdd_p25": -1.5429,
        "mdd_median": -0.8755,
        "mdd_p75": -0.3958
      }
    },
    "3.0": {
      "12": {
        "n_total": 305,
        "n_hit": 45,
        "p_hit": 0.147541,
        "t_hit_p25": 5.0,
        "t_hit_median": 8.0,
        "t_hit_p75": 10.0,
        "mdd_p25": -0.9901,
        "mdd_median": -0.3594,
        "mdd_p75": -0.1537
      },
      "24": {
        "n_total": 305,
        "n_hit": 73,
        "p_hit": 0.239344,
        "t_hit_p25": 7.0,
        "t_hit_median": 10.0,
        "t_hit_p75": 17.0,
        "mdd_p25": -0.8118,
        "mdd_median": -0.5066,
        "mdd_p75": -0.2408
      },
      "36": {
        "n_total": 305,
        "n_hit": 102,
        "p_hit": 0.334426,
        "t_hit_p25": 9.0,
        "t_hit_median": 15.5,
        "t_hit_p75": 27.5,
        "mdd_p25": -1.0136749999999999,
        "mdd_median": -0.5521499999999999,
        "mdd_p75": -0.24415
      },
      "48": {
        "n_total": 305,
        "n_hit": 135,
        "p_hit": 0.442623,
        "t_hit_p25": 10.0,
        "t_hit_median": 21.0,
        "t_hit_p75": 36.0,
        "mdd_p25": -0.9831,
        "mdd_median": -0.5508,
        "mdd_p75": -0.32535000000000003
      },