{
  "schema": "baseline_probs_v1",
  "source_labels": "data/labels/labels_v1.csv",
  "n_rows_labels": 2940,
  "thresholds": [
    0.5,
    1.0,
    2.0,
    3.0,
    5.0
  ],
  "horizons": [
    12,
    24,
    36,
    48,
    60,
    72,
    84,
    96
  ],
  "results": {
    "0.5": {
      "12": {
        "n_total": 2940,
        "n_hit": 2072,
        "p_hit": 0.704762,
        "t_hit_p25": 1.0,
        "t_hit_median": 2.0,
        "t_hit_p75": 4.0,
        "mdd_p25": -0.732175,
        "mdd_median": -0.2924,
        "mdd_p75": -0.049425000000000004
      },
      "24": {
        "n_total": 2940,
        "n_hit": 2354,
        "p_hit": 0.80068,
        "t_hit_p25": 1.0,
        "t_hit_median": 3.0,
        "t_hit_p75": 7.0,
        "mdd_p25": -0.922425,
        "mdd_median": -0.36105,
        "mdd_p75": -0.078925
      },
      "36": {
        "n_total": 2940,
        "n_hit": 2493,
        "p_hit": 0.847959,
        "t_hit_p25": 1.0,
        "t_hit_median": 3.0,
        "t_hit_p75": 8.0,
        "mdd_p25": -1.0177,
        "mdd_median": -0.4096,
        "mdd_p75": -0.0928
      },
      "48": {
        "n_total": 2940,
        "n_hit": 2546,
        "p_hit": 0.865986,
        "t_hit_p25": 1.0,
        "t_hit_median": 3.0,
        "t_hit_p75": 9.0,
        "mdd_p25": -1.1195,
        "mdd_median": -0.42275,
        "mdd_p75": -0.10067499999999999
      },
      "60": {
        "n_total": 2940,
        "n_hit": 2573,
        "p_hit": 0.87517,
        "t_hit_p25": 1.0,
        "t_hit_median": 3.0,
        "t_hit_p75": 9.0,
        "mdd_p25": -1.1501,
        "mdd_median": -0.4303,
        "mdd_p75": -0.1028
      },
      "72": {
        "n_total": 2940,
        "n_hit": 2612,
        "p_hit": 0.888435,
        "t_hit_p25": 1.0,
        "t_hit_median": 3.0,
        "t_hit_p75": 10.0,
        "mdd_p25": -1.207475,
        "mdd_median": -0.443,
        "mdd_p75": -0.10567499999999999
      },
      "84": {
        "n_total": 2940,
        "n_hit": 2655,
        "p_hit": 0.903061,
        "t_hit_p25": 1.0,
        "t_hit_median": 3.0,
        "t_hit_p75": 10.0,
        "mdd_p25": -1.2835,
        "mdd_median": -0.4611,
        "mdd_p75": -0.1091
      },
      "96": {
        "n_total": 2940,
        "n_hit": 2684,
        "p_hit": 0.912925,
        "t_hit_p25": 1.0,
        "t_hit_median": 3.0,
        "t_hit_p75": 11.0,
        "mdd_p25": -1.340075,
        "mdd_median": -0.4727,
        "mdd_p75": -0.113025
      }
    },
    "1.0": {
      "12": {
        "n_total": 2940,
        "n_hit": 1502,
        "p_hit": 0.510884,
        "t_hit_p25": 2.0,
        "t_hit_median": 4.0,
        "t_hit_p75": 7.0,
        "mdd_p25": -0.9411250000000001,
        "mdd_median": -0.36795,
        "mdd_p75": -0.07885
      },
      "24": {
        "n_total": 2940,
        "n_hit": 1887,
        "p_hit": 0.641837,
        "t_hit_p25": 2.0,
        "t_hit_median": 5.0,
        "t_hit_p75": 11.0,
        "mdd_p25": -1.12135,
        "mdd_median": -0.4738,
        "mdd_p75": -0.12730000000000002
      },
      "36": {
        "n_total": 2940,
        "n_hit": 2117,
        "p_hit": 0.720068,
        "t_hit_p25": 3.0,
        "t_hit_median": 6.0,
        "t_hit_p75": 15.0,
        "mdd_p25": -1.3308,
        "mdd_median": -0.5372,
        "mdd_p75": -0.1583
      },
      "48": {
        "n_total": 2940,
        "n_hit": 2223,
        "p_hit": 0.756122,
        "t_hit_p25": 3.0,
        "t_hit_median": 7.0,
        "t_hit_p75": 17.0,
        "mdd_p25": -1.3844500000000002,
        "mdd_median": -0.5535,
        "mdd_p75": -0.171
      },
      "60": {
        "n_total": 2940,
        "n_hit": 2302,
        "p_hit": 0.782993,
        "t_hit_p25": 3.0,
        "t_hit_median": 7.0,
        "t_hit_p75": 18.0,
        "mdd_p25": -1.479775,
        "mdd_median": -0.5943499999999999,
        "mdd_p75": -0.17839999999999998
      },
      "72": {
        "n_total": 2940,
        "n_hit": 2368,
        "p_hit": 0.805442,
        "t_hit_p25": 3.0,
        "t_hit_median": 8.0,
        "t_hit_p75": 20.0,
        "mdd_p25": -1.580375,
        "mdd_median": -0.6183000000000001,
        "mdd_p75": -0.190525
      },
      "84": {
        "n_total": 2940,
        "n_hit": 2428,
        "p_hit": 0.82585,
        "t_hit_p25": 3.0,
        "t_hit_median": 8.0,
        "t_hit_p75": 22.0,
        "mdd_p25": -1.68335,
        "mdd_median": -0.6529,
        "mdd_p75": -0.20124999999999998
      },
      "96": {
        "n_total": 2940,
        "n_hit": 2466,
        "p_hit": 0.838776,
        "t_hit_p25": 3.0,
        "t_hit_median": 8.0,
        "t_hit_p75": 23.0,
        "mdd_p25": -1.7540499999999999,
        "mdd_median": -0.6785,
        "mdd_p75": -0.20735
      }
    },
    "2.0": {
      "12": {
        "n_total": 2940,
        "n_hit": 721,
        "p_hit": 0.245238,
        "t_hit_p25": 3.0,
        "t_hit_median": 5.0,
        "t_hit_p75": 9.0,
        "mdd_p25": -0.9724,
        "mdd_median": -0.4132,
        "mdd_p75": -0.1001
      },
      "24": {
        "n_total": 2940,
        "n_hit": 1164,
        "p_hit": 0.395918,
        "t_hit_p25": 4.0,
        "t_hit_median": 9.0,
        "t_hit_p75": 16.0,
        "mdd_p25": -1.27475,
        "mdd_median": -0.5789,
        "mdd_p75": -0.174975
      },
      "36": {
        "n_total": 2940,
        "n_hit": 1472,
        "p_hit": 0.50068,
        "t_hit_p25": 5.0,
        "t_hit_median": 13.0,
        "t_hit_p75": 23.0,
        "mdd_p25": -1.463125,
        "mdd_median": -0.6797,
        "mdd_p75": -0.218675
      },
      "48": {
        "n_total": 2940,
        "n_hit": 1669,
        "p_hit": 0.567687,
        "t_hit_p25": 6.0,
        "t_hit_median": 15.0,
        "t_hit_p75": 27.0,
        "mdd_p25": -1.5567,
        "mdd_median": -0.7453,
        "mdd_p75": -0.2634
      },
      "60": {
        "n_total": 2940,
        "n_hit": 1801,
        "p_hit": 0.612585,
        "t_hit_p25": 7.0,
        "t_hit_median": 16.0,
        "t_hit_p75": 32.0,
        "mdd_p25": -1.6139,
        "mdd_median": -0.805,
        "mdd_p75": -0.2831
      },
      "72": {
        "n_total": 2940,
        "n_hit": 1917,
        "p_hit": 0.652041,
        "t_hit_p25": 7.0,
        "t_hit_median": 18.0,
        "t_hit_p75": 35.0,
        "mdd_p25": -1.7573,
        "mdd_median": -0.8902,
        "mdd_p75": -0.3112
      },
      "84": {
        "n_total": 2940,
        "n_hit": 1999,
        "p_hit": 0.679932,
        "t_hit_p25": 7.5,
        "t_hit_median": 19.0,
        "t_hit_p75": 38.0,
        "mdd_p25": -1.9115,
        "mdd_median": -0.9497,
        "mdd_p75": -0.3291
      },
      "96": {
        "n_total": 2940,
        "n_hit": 2075,
        "p_hit": 0.705782,
        "t_hit_p25": 8.0,
        "t_hit_median": 21.0,
        "t_hit_p75": 41.0,
        "mdd_p25": -2.0562,
        "mdd_median": -0.9907,
        "mdd_p75": -0.34675
      }
    },
    "3.0": {
      "12": {
        "n_total": 2940,
        "n_hit": 392,
        "p_hit": 0.133333,
        "t_hit_p25": 3.0,
        "t_hit_median": 6.0,
        "t_hit_p75": 9.0,
        "mdd_p25": -0.925775,
        "mdd_median": -0.36624999999999996,
        "mdd_p75": -0.1031
      },
      "24": {
        "n_total": 2940,
        "n_hit": 680,
        "p_hit": 0.231293,
        "t_hit_p25": 5.0,
        "t_hit_median": 10.0,
        "t_hit_p75": 17.0,
        "mdd_p25": -1.334125,
        "mdd_median": -0.5512999999999999,
        "mdd_p75": -0.158075
      },
      "36": {
        "n_total": 2940,
        "n_hit": 956,
        "p_hit": 0.32517,
        "t_hit_p25": 7.0,
        "t_hit_median": 16.0,
        "t_hit_p75": 26.0,
        "mdd_p25": -1.586125,
        "mdd_median": -0.6768,
        "mdd_p75": -0.206625
      },
      "48": {
        "n_total": 2940,
        "n_hit": 1178,
        "p_hit": 0.40068,
        "t_hit_p25": 9.0,
        "t_hit_median": 21.0,
        "t_hit_p75": 33.0,
        "mdd_p25": -1.693325,
        "mdd_median": -0.8027500000000001,