{
  "schema": "baseline_probs_v1",
  "source_labels": "data/labels/labels_v1.csv",
  "n_rows_labels": 382,
  "thresholds": [
    0.5,
    1.0,
    2.0,
    3.0,
    5.0
  ],
  "horizons": [
    12,
    24,
    36,
    48,
    60,
    72,
    84,
    96
  ],
  "results": {
    "0.5": {
      "12": {
        "n_total": 382,
        "n_hit": 279,
        "p_hit": 0.730366,
        "t_hit_p25": 1.0,
        "t_hit_median": 3.0,
        "t_hit_p75": 6.0,
        "mdd_p25": -0.6105,
        "mdd_median": -0.2654,
        "mdd_p75": -0.06345
      },
      "24": {
        "n_total": 382,
        "n_hit": 335,
        "p_hit": 0.876963,
        "t_hit_p25": 2.0,
        "t_hit_median": 4.0,
        "t_hit_p75": 10.0,
        "mdd_p25": -0.7052499999999999,
        "mdd_median": -0.3383,
        "mdd_p75": -0.09340000000000001
      },
      "36": {
        "n_total": 382,
        "n_hit": 352,
        "p_hit": 0.921466,
        "t_hit_p25": 2.0,
        "t_hit_median": 5.0,
        "t_hit_p75": 11.0,
        "mdd_p25": -0.7304750000000001,
        "mdd_median": -0.36660000000000004,
        "mdd_p75": -0.104675
      },
      "48": {
        "n_total": 382,
        "n_hit": 353,
        "p_hit": 0.924084,
        "t_hit_p25": 2.0,
        "t_hit_median": 5.0,
        "t_hit_p75": 11.0,
        "mdd_p25": -0.7307,
        "mdd_median": -0.3667,
        "mdd_p75": -0.1048
      },
      "60": {
        "n_total": 382,
        "n_hit": 359,
        "p_hit": 0.939791,
        "t_hit_p25": 2.0,
        "t_hit_median": 5.0,
        "t_hit_p75": 11.0,
        "mdd_p25": -0.78625,
        "mdd_median": -0.3733,
        "mdd_p75": -0.10600000000000001
      },
      "72": {
        "n_total": 382,
        "n_hit": 371,
        "p_hit": 0.971204,
        "t_hit_p25": 2.0,
        "t_hit_median": 5.0,
        "t_hit_p75": 12.0,
        "mdd_p25": -0.8755,
        "mdd_median": -0.3906,
        "mdd_p75": -0.11149999999999999
      },
      "84": {
        "n_total": 382,
        "n_hit": 371,
        "p_hit": 0.971204,
        "t_hit_p25": 2.0,
        "t_hit_median": 5.0,
        "t_hit_p75": 12.0,
        "mdd_p25": -0.8755,
        "mdd_median": -0.3906,
        "mdd_p75": -0.11149999999999999
      },
      "96": {
        "n_total": 382,
        "n_hit": 373,
        "p_hit": 0.97644,
        "t_hit_p25": 2.0,
        "t_hit_median": 5.0,
        "t_hit_p75": 13.0,
        "mdd_p25": -0.8949,
        "mdd_median": -0.3978,
        "mdd_p75": -0.1132
      }
    },
    "1.0": {
      "12": {
        "n_total": 382,
        "n_hit": 192,
        "p_hit": 0.502618,
        "t_hit_p25": 3.0,
        "t_hit_median": 5.0,
        "t_hit_p75": 7.0,
        "mdd_p25": -0.688575,
        "mdd_median": -0.3199,
        "mdd_p75": -0.07345
      },
      "24": {
        "n_total": 382,
        "n_hit": 267,
        "p_hit": 0.698953,
        "t_hit_p25": 4.0,
        "t_hit_median": 7.0,
        "t_hit_p75": 14.0,
        "mdd_p25": -0.8955,
        "mdd_median": -0.4103,
        "mdd_p75": -0.1042
      },
      "36": {
        "n_total": 382,
        "n_hit": 310,
        "p_hit": 0.811518,
        "t_hit_p25": 4.0,
        "t_hit_median": 8.0,
        "t_hit_p75": 18.0,
        "mdd_p25": -1.006725,
        "mdd_median": -0.4369,
        "mdd_p75": -0.1363
      },
      "48": {
        "n_total": 382,
        "n_hit": 332,
        "p_hit": 0.86911,
        "t_hit_p25": 4.0,
        "t_hit_median": 9.0,
        "t_hit_p75": 21.0,
        "mdd_p25": -1.143525,
        "mdd_median": -0.4514,
        "mdd_p75": -0.15715
      },
      "60": {
        "n_total": 382,
        "n_hit": 343,
        "p_hit": 0.897906,
        "t_hit_p25": 4.0,
        "t_hit_median": 10.0,
        "t_hit_p75": 22.0,
        "mdd_p25": -1.19195,
        "mdd_median": -0.469,
        "mdd_p75": -0.16349999999999998
      },
      "72": {
        "n_total": 382,
        "n_hit": 358,
        "p_hit": 0.937173,
        "t_hit_p25": 5.0,
        "t_hit_median": 11.0,
        "t_hit_p75": 25.0,
        "mdd_p25": -1.2712750000000002,
        "mdd_median": -0.47895,
        "mdd_p75": -0.170775
      },
      "84": {
        "n_total": 382,
        "n_hit": 359,
        "p_hit": 0.939791,
        "t_hit_p25": 5.0,
        "t_hit_median": 11.0,
        "t_hit_p75": 25.0,
        "mdd_p25": -1.2737,
        "mdd_median": -0.4791,
        "mdd_p75": -0.17085
      },
      "96": {
        "n_total": 382,
        "n_hit": 359,
        "p_hit": 0.939791,
        "t_hit_p25": 5.0,
        "t_hit_median": 11.0,
        "t_hit_p75": 25.0,
        "mdd_p25": -1.2737,
        "mdd_median": -0.4791,
        "mdd_p75": -0.17085
      }
    },
    "2.0": {
      "12": {
        "n_total": 382,
        "n_hit": 89,
        "p_hit": 0.232984,
        "t_hit_p25": 5.0,
        "t_hit_median": 7.0,
        "t_hit_p75": 9.0,
        "mdd_p25": -0.7209,
        "mdd_median": -0.4103,
        "mdd_p75": -0.1724
      },
      "24": {
        "n_total": 382,
        "n_hit": 166,
        "p_hit": 0.434555,
        "t_hit_p25": 7.0,
        "t_hit_median": 11.5,
        "t_hit_p75": 17.75,
        "mdd_p25": -0.991,
        "mdd_median": -0.5342,
        "mdd_p75": -0.20375000000000001
      },
      "36": {
        "n_total": 382,
        "n_hit": 215,
        "p_hit": 0.562827,
        "t_hit_p25": 8.0,
        "t_hit_median": 15.0,
        "t_hit_p75": 23.0,
        "mdd_p25": -1.0030999999999999,
        "mdd_median": -0.5342,
        "mdd_p75": -0.20745
      },
      "48": {
        "n_total": 382,
        "n_hit": 257,
        "p_hit": 0.672775,
        "t_hit_p25": 9.0,
        "t_hit_median": 18.0,
        "t_hit_p75": 32.0,
        "mdd_p25": -1.1216,
        "mdd_median": -0.5434,
        "mdd_p75": -0.2613
      },
      "60": {
        "n_total": 382,
        "n_hit": 286,
        "p_hit": 0.748691,
        "t_hit_p25": 10.0,
        "t_hit_median": 20.0,
        "t_hit_p75": 36.0,
        "mdd_p25": -1.160025,
        "mdd_median": -0.54355,
        "mdd_p75": -0.2667
      },
      "72": {
        "n_total": 382,
        "n_hit": 309,
        "p_hit": 0.808901,
        "t_hit_p25": 11.0,
        "t_hit_median": 22.0,
        "t_hit_p75": 42.0,
        "mdd_p25": -1.2336,
        "mdd_median": -0.5955,
        "mdd_p75": -0.284
      },
      "84": {
        "n_total": 382,
        "n_hit": 319,
        "p_hit": 0.835079,
        "t_hit_p25": 11.0,
        "t_hit_median": 23.0,
        "t_hit_p75": 44.0,
        "mdd_p25": -1.30255,
        "mdd_median": -0.6217,
        "mdd_p75": -0.2942
      },
      "96": {
        "n_total": 382,
        "n_hit": 326,
        "p_hit": 0.853403,
        "t_hit_p25": 11.0,
        "t_hit_median": 24.0,
        "t_hit_p75": 44.75,
        "mdd_p25": -1.3354249999999999,
        "mdd_median": -0.65115,
        "mdd_p75": -0.3044
      }
    },
    "3.0": {
      "12": {
        "n_total": 382,
        "n_hit": 55,
        "p_hit": 0.143979,
        "t_hit_p25": 5.0,
        "t_hit_median": 8.0,
        "t_hit_p75": 10.0,
        "mdd_p25": -0.98125,
        "mdd_median": -0.3775,
        "mdd_p75": -0.18364999999999998
      },
      "24": {
        "n_total": 382,
        "n_hit": 94,
        "p_hit": 0.246073,
        "t_hit_p25": 7.0,
        "t_hit_median": 10.5,
        "t_hit_p75": 18.0,
        "mdd_p25": -0.7820999999999999,
        "mdd_median": -0.45504999999999995,
        "mdd_p75": -0.146575
      },
      "36": {
        "n_total": 382,
        "n_hit": 136,
        "p_hit": 0.356021,
        "t_hit_p25": 9.0,
        "t_hit_median": 17.5,
        "t_hit_p75": 28.0,
        "mdd_p25": -0.9309750000000001,
        "mdd_median": -0.44955,
        "mdd_p75": -0.1419
      },
      "48": {
        "n_total": 382,
        "n_hit": 180,
        "p_hit": 0.471204,
        "t_hit_p25": 10.0,
        "t_hit_median": 23.0,
        "t_hit_p75": 36.0,
        "mdd_p25": -0.9309750000000001,
        "mdd_median": -0.46714999999999995,
        "mdd_p75": -0.207475
      },