{
  "schema": "baseline_probs_v1",
  "source_labels": "data/labels/labels_v1.csv",
  "n_rows_labels": 652,
  "thresholds": [
    0.5,
    1.0,
    2.0,
    3.0,
    5.0
  ],
  "horizons": [
    12,
    24,
    36,
    48,
    60,
    72,
    84,
    96
  ],
  "results": {
    "0.5": {
      "12": {
        "n_total": 652,
        "n_hit": 475,
        "p_hit": 0.728528,
        "t_hit_p25": 1.0,
        "t_hit_median": 3.0,
        "t_hit_p75": 6.0,
        "mdd_p25": -0.6295999999999999,
        "mdd_median": -0.247,
        "mdd_p75": -0.0567
      },
      "24": {
        "n_total": 652,
        "n_hit": 565,
        "p_hit": 0.866564,
        "t_hit_p25": 2.0,
        "t_hit_median": 4.0,
        "t_hit_p75": 9.0,
        "mdd_p25": -0.8118,
        "mdd_median": -0.335,
        "mdd_p75": -0.0955
      },
      "36": {
        "n_total": 652,
        "n_hit": 597,
        "p_hit": 0.915644,
        "t_hit_p25": 2.0,
        "t_hit_median": 4.0,
        "t_hit_p75": 10.0,
        "mdd_p25": -0.8307,
        "mdd_median": -0.3684,
        "mdd_p75": -0.1048
      },
      "48": {
        "n_total": 652,
        "n_hit": 601,
        "p_hit": 0.921779,
        "t_hit_p25": 2.0,
        "t_hit_median": 5.0,
        "t_hit_p75": 11.0,
        "mdd_p25": -0.8384,
        "mdd_median": -0.3728,
        "mdd_p75": -0.1056
      },
      "60": {
        "n_total": 652,
        "n_hit": 608,
        "p_hit": 0.932515,
        "t_hit_p25": 2.0,
        "t_hit_median": 5.0,
        "t_hit_p75": 11.0,
        "mdd_p25": -0.863775,
        "mdd_median": -0.3786,
        "mdd_p75": -0.1057
      },
      "72": {
        "n_total": 652,
        "n_hit": 620,
        "p_hit": 0.95092,
        "t_hit_p25": 2.0,
        "t_hit_median": 5.0,
        "t_hit_p75": 12.0,
        "mdd_p25": -0.9358000000000001,
        "mdd_median": -0.38980000000000004,
        "mdd_p75": -0.108425
      },
      "84": {
        "n_total": 652,
        "n_hit": 620,
        "p_hit": 0.95092,
        "t_hit_p25": 2.0,
        "t_hit_median": 5.0,
        "t_hit_p75": 12.0,
        "mdd_p25": -0.9358000000000001,
        "mdd_median": -0.38980000000000004,
        "mdd_p75": -0.108425
      },
      "96": {
        "n_total": 652,
        "n_hit": 623,
        "p_hit": 0.955521,
        "t_hit_p25": 2.0,
        "t_hit_median": 5.0,
        "t_hit_p75": 12.0,
        "mdd_p25": -0.94255,
        "mdd_median": -0.3908,
        "mdd_p75": -0.10925
      }
    },
    "1.0": {
      "12": {
        "n_total": 652,
        "n_hit": 340,
        "p_hit": 0.521472,
        "t_hit_p25": 3.0,
        "t_hit_median": 5.0,
        "t_hit_p75": 8.0,
        "mdd_p25": -0.666775,
        "mdd_median": -0.27115,
        "mdd_p75": -0.06945000000000001
      },
      "24": {
        "n_total": 652,
        "n_hit": 453,
        "p_hit": 0.694785,
        "t_hit_p25": 3.0,
        "t_hit_median": 7.0,
        "t_hit_p75": 12.0,
        "mdd_p25": -0.8631,
        "mdd_median": -0.383,
        "mdd_p75": -0.1041
      },
      "36": {
        "n_total": 652,
        "n_hit": 521,
        "p_hit": 0.79908,
        "t_hit_p25": 4.0,
        "t_hit_median": 8.0,
        "t_hit_p75": 18.0,
        "mdd_p25": -0.9913,
        "mdd_median": -0.4298,
        "mdd_p75": -0.1312
      },
      "48": {
        "n_total": 652,
        "n_hit": 553,
        "p_hit": 0.84816,
        "t_hit_p25": 4.0,
        "t_hit_median": 9.0,
        "t_hit_p75": 20.0,
        "mdd_p25": -1.0607,
        "mdd_median": -0.4448,
        "mdd_p75": -0.1452
      },
      "60": {
        "n_total": 652,
        "n_hit": 568,
        "p_hit": 0.871166,
        "t_hit_p25": 4.0,
        "t_hit_median": 9.0,
        "t_hit_p75": 21.0,
        "mdd_p25": -1.142725,
        "mdd_median": -0.46455,
        "mdd_p75": -0.15489999999999998
      },
      "72": {
        "n_total": 652,
        "n_hit": 587,
        "p_hit": 0.900307,
        "t_hit_p25": 4.0,
        "t_hit_median": 10.0,
        "t_hit_p75": 22.0,
        "mdd_p25": -1.2121499999999998,
        "mdd_median": -0.4754,
        "mdd_p75": -0.16349999999999998
      },
      "84": {
        "n_total": 652,
        "n_hit": 592,
        "p_hit": 0.907975,
        "t_hit_p25": 4.0,
        "t_hit_median": 10.0,
        "t_hit_p75": 23.0,
        "mdd_p25": -1.23255,
        "mdd_median": -0.47895,
        "mdd_p75": -0.1666
      },
      "96": {
        "n_total": 652,
        "n_hit": 598,
        "p_hit": 0.917178,
        "t_hit_p25": 4.0,
        "t_hit_median": 10.0,
        "t_hit_p75": 23.75,
        "mdd_p25": -1.2621499999999999,
        "mdd_median": -0.48405,
        "mdd_p75": -0.1688
      }
    },
    "2.0": {
      "12": {
        "n_total": 652,
        "n_hit": 159,
        "p_hit": 0.243865,
        "t_hit_p25": 4.0,
        "t_hit_median": 7.0,
        "t_hit_p75": 9.0,
        "mdd_p25": -0.6295999999999999,
        "mdd_median": -0.3324,
        "mdd_p75": -0.08885
      },
      "24": {
        "n_total": 652,
        "n_hit": 283,
        "p_hit": 0.434049,
        "t_hit_p25": 6.0,
        "t_hit_median": 11.0,
        "t_hit_p75": 17.0,
        "mdd_p25": -0.8398,
        "mdd_median": -0.4466,
        "mdd_p75": -0.14429999999999998
      },
      "36": {
        "n_total": 652,
        "n_hit": 363,
        "p_hit": 0.556748,
        "t_hit_p25": 7.0,
        "t_hit_median": 15.0,
        "t_hit_p75": 23.0,
        "mdd_p25": -0.93485,
        "mdd_median": -0.4433,
        "mdd_p75": -0.15555
      },
      "48": {
        "n_total": 652,
        "n_hit": 433,
        "p_hit": 0.66411,
        "t_hit_p25": 9.0,
        "t_hit_median": 17.0,
        "t_hit_p75": 31.0,
        "mdd_p25": -0.9986,
        "mdd_median": -0.4784,
        "mdd_p75": -0.1816
      },
      "60": {
        "n_total": 652,
        "n_hit": 481,
        "p_hit": 0.73773,
        "t_hit_p25": 9.0,
        "t_hit_median": 19.0,
        "t_hit_p75": 36.0,
        "mdd_p25": -1.1103,
        "mdd_median": -0.5065,
        "mdd_p75": -0.2148
      },
      "72": {
        "n_total": 652,
        "n_hit": 509,
        "p_hit": 0.780675,
        "t_hit_p25": 10.0,
        "t_hit_median": 21.0,
        "t_hit_p75": 41.0,
        "mdd_p25": -1.2062,
        "mdd_median": -0.5485,
        "mdd_p75": -0.2382
      },
      "84": {
        "n_total": 652,
        "n_hit": 522,
        "p_hit": 0.800613,
        "t_hit_p25": 10.0,
        "t_hit_median": 21.0,
        "t_hit_p75": 42.0,
        "mdd_p25": -1.25855,
        "mdd_median": -0.57165,
        "mdd_p75": -0.24435
      },
      "96": {
        "n_total": 652,
        "n_hit": 534,
        "p_hit": 0.819018,
        "t_hit_p25": 10.0,
        "t_hit_median": 22.0,
        "t_hit_p75": 43.0,
        "mdd_p25": -1.303575,
        "mdd_median": -0.5850500000000001,
        "mdd_p75": -0.2501
      }
    },
    "3.0": {
      "12": {
        "n_total": 652,
        "n_hit": 75,
        "p_hit": 0.115031,
        "t_hit_p25": 5.0,
        "t_hit_median": 7.0,
        "t_hit_p75": 10.0,
        "mdd_p25": -0.6958,
        "mdd_median": -0.3339,
        "mdd_p75": -0.13845000000000002
      },
      "24": {
        "n_total": 652,
        "n_hit": 141,
        "p_hit": 0.216258,
        "t_hit_p25": 7.0,
        "t_hit_median": 12.0,
        "t_hit_p75": 19.0,
        "mdd_p25": -0.6217,
        "mdd_median": -0.3339,
        "mdd_p75": -0.1132
      },
      "36": {
        "n_total": 652,
        "n_hit": 218,
        "p_hit": 0.334356,
        "t_hit_p25": 10.0,
        "t_hit_median": 19.0,
        "t_hit_p75": 29.0,
        "mdd_p25": -0.7329,
        "mdd_median": -0.3775,
        "mdd_p75": -0.13045
      },
      "48": {
        "n_total": 652,
        "n_hit": 288,
        "p_hit": 0.441718,
        "t_hit_p25": 12.0,
        "t_hit_median": 25.0,
        "t_hit_p75": 36.0,
        "mdd_p25": -0.9266000000000001,
        "mdd_median": -0.4619,
        "mdd_p75": -0.175425
      },
      "60": {
        "n_total": 652,