{
  "schema": "baseline_probs_v1",
  "source_labels": "data/labels/labels_v1.csv",
  "n_rows_labels": 987,
  "thresholds": [
    0.5,
    1.0,
    2.0,
    3.0,
    5.0
  ],
  "horizons": [
    12,
    24,
    36,
    48,
    60,
    72,
    84,
    96
  ],
  "results": {
    "0.5": {
      "12": {
        "n_total": 987,
        "n_hit": 668,
        "p_hit": 0.676798,
        "t_hit_p25": 1.0,
        "t_hit_median": 3.0,
        "t_hit_p75": 6.0,
        "mdd_p25": -0.6537,
        "mdd_median": -0.24755,
        "mdd_p75": -0.050325
      },
      "24": {
        "n_total": 987,
        "n_hit": 781,
        "p_hit": 0.791287,
        "t_hit_p25": 1.0,
        "t_hit_median": 4.0,
        "t_hit_p75": 8.0,
        "mdd_p25": -0.8132,
        "mdd_median": -0.3229,
        "mdd_p75": -0.0831
      },
      "36": {
        "n_total": 987,
        "n_hit": 823,
        "p_hit": 0.83384,
        "t_hit_p25": 2.0,
        "t_hit_median": 4.0,
        "t_hit_p75": 10.0,
        "mdd_p25": -0.8519,
        "mdd_median": -0.356,
        "mdd_p75": -0.09225
      },
      "48": {
        "n_total": 987,
        "n_hit": 833,
        "p_hit": 0.843972,
        "t_hit_p25": 2.0,
        "t_hit_median": 4.0,
        "t_hit_p75": 10.0,
        "mdd_p25": -0.9087,
        "mdd_median": -0.368,
        "mdd_p75": -0.0941
      },
      "60": {
        "n_total": 987,
        "n_hit": 847,
        "p_hit": 0.858156,
        "t_hit_p25": 2.0,
        "t_hit_median": 4.0,
        "t_hit_p75": 10.0,
        "mdd_p25": -0.9578,
        "mdd_median": -0.3775,
        "mdd_p75": -0.09895
      },
      "72": {
        "n_total": 987,
        "n_hit": 869,
        "p_hit": 0.880446,
        "t_hit_p25": 2.0,
        "t_hit_median": 4.0,
        "t_hit_p75": 11.0,
        "mdd_p25": -1.0025,
        "mdd_median": -0.3906,
        "mdd_p75": -0.1035
      },
      "84": {
        "n_total": 987,
        "n_hit": 885,
        "p_hit": 0.896657,
        "t_hit_p25": 2.0,
        "t_hit_median": 5.0,
        "t_hit_p75": 12.0,
        "mdd_p25": -1.1089,
        "mdd_median": -0.4103,
        "mdd_p75": -0.1056
      },
      "96": {
        "n_total": 987,
        "n_hit": 891,
        "p_hit": 0.902736,
        "t_hit_p25": 2.0,
        "t_hit_median": 5.0,
        "t_hit_p75": 12.5,
        "mdd_p25": -1.1489500000000001,
        "mdd_median": -0.4181,
        "mdd_p75": -0.1057
      }
    },
    "1.0": {
      "12": {
        "n_total": 987,
        "n_hit": 467,
        "p_hit": 0.473151,
        "t_hit_p25": 2.0,
        "t_hit_median": 5.0,
        "t_hit_p75": 7.0,
        "mdd_p25": -0.77415,
        "mdd_median": -0.2785,
        "mdd_p75": -0.06634999999999999
      },
      "24": {
        "n_total": 987,
        "n_hit": 612,
        "p_hit": 0.620061,
        "t_hit_p25": 3.0,
        "t_hit_median": 6.0,
        "t_hit_p75": 12.0,
        "mdd_p25": -0.9358000000000001,
        "mdd_median": -0.3963,
        "mdd_p75": -0.101725
      },
      "36": {
        "n_total": 987,
        "n_hit": 693,
        "p_hit": 0.702128,
        "t_hit_p25": 4.0,
        "t_hit_median": 7.0,
        "t_hit_p75": 17.0,
        "mdd_p25": -1.0561,
        "mdd_median": -0.4355,
        "mdd_p75": -0.1274
      },
      "48": {
        "n_total": 987,
        "n_hit": 728,
        "p_hit": 0.737589,
        "t_hit_p25": 4.0,
        "t_hit_median": 8.0,
        "t_hit_p75": 18.0,
        "mdd_p25": -1.0987,
        "mdd_median": -0.4457,
        "mdd_p75": -0.139975
      },
      "60": {
        "n_total": 987,
        "n_hit": 764,
        "p_hit": 0.774063,
        "t_hit_p25": 4.0,
        "t_hit_median": 9.0,
        "t_hit_p75": 21.0,
        "mdd_p25": -1.2091749999999999,
        "mdd_median": -0.4733,
        "mdd_p75": -0.152375
      },
      "72": {
        "n_total": 987,
        "n_hit": 795,
        "p_hit": 0.805471,
        "t_hit_p25": 4.0,
        "t_hit_median": 9.0,
        "t_hit_p75": 22.5,
        "mdd_p25": -1.32385,
        "mdd_median": -0.4986,
        "mdd_p75": -0.1608
      },
      "84": {
        "n_total": 987,
        "n_hit": 816,
        "p_hit": 0.826748,
        "t_hit_p25": 4.0,
        "t_hit_median": 10.0,
        "t_hit_p75": 24.25,
        "mdd_p25": -1.380325,
        "mdd_median": -0.5267999999999999,
        "mdd_p75": -0.16472499999999998
      },
      "96": {
        "n_total": 987,
        "n_hit": 827,
        "p_hit": 0.837893,
        "t_hit_p25": 4.0,
        "t_hit_median": 10.0,
        "t_hit_p75": 25.0,
        "mdd_p25": -1.4083,
        "mdd_median": -0.5427,
        "mdd_p75": -0.1689
      }
    },
    "2.0": {
      "12": {
        "n_total": 987,
        "n_hit": 202,
        "p_hit": 0.204661,
        "t_hit_p25": 4.0,
        "t_hit_median": 6.0,
        "t_hit_p75": 9.0,
        "mdd_p25": -0.719275,
        "mdd_median": -0.35014999999999996,
        "mdd_p75": -0.10170000000000001
      },
      "24": {
        "n_total": 987,
        "n_hit": 357,
        "p_hit": 0.361702,
        "t_hit_p25": 6.0,
        "t_hit_median": 11.0,
        "t_hit_p75": 17.0,
        "mdd_p25": -1.017,
        "mdd_median": -0.5066,
        "mdd_p75": -0.1687
      },
      "36": {
        "n_total": 987,
        "n_hit": 449,
        "p_hit": 0.454914,
        "t_hit_p25": 7.0,
        "t_hit_median": 14.0,
        "t_hit_p75": 22.0,
        "mdd_p25": -1.0143,
        "mdd_median": -0.4749,
        "mdd_p75": -0.1636
      },
      "48": {
        "n_total": 987,
        "n_hit": 531,
        "p_hit": 0.537994,
        "t_hit_p25": 8.0,
        "t_hit_median": 17.0,
        "t_hit_p75": 31.0,
        "mdd_p25": -1.1350500000000001,
        "mdd_median": -0.4948,
        "mdd_p75": -0.17935
      },
      "60": {
        "n_total": 987,
        "n_hit": 591,
        "p_hit": 0.598784,
        "t_hit_p25": 9.0,
        "t_hit_median": 19.0,
        "t_hit_p75": 36.0,
        "mdd_p25": -1.22915,
        "mdd_median": -0.5429,
        "mdd_p75": -0.2086
      },
      "72": {
        "n_total": 987,
        "n_hit": 634,
        "p_hit": 0.642351,
        "t_hit_p25": 9.0,
        "t_hit_median": 21.0,
        "t_hit_p75": 41.0,
        "mdd_p25": -1.3047499999999999,
        "mdd_median": -0.58585,
        "mdd_p75": -0.24139999999999998
      },
      "84": {
        "n_total": 987,
        "n_hit": 659,
        "p_hit": 0.66768,
        "t_hit_p25": 10.0,
        "t_hit_median": 21.0,
        "t_hit_p75": 43.5,
        "mdd_p25": -1.3749,
        "mdd_median": -0.6041,
        "mdd_p75": -0.2524
      },
      "96": {
        "n_total": 987,
        "n_hit": 681,
        "p_hit": 0.68997,
        "t_hit_p25": 10.0,
        "t_hit_median": 23.0,
        "t_hit_p75": 45.0,
        "mdd_p25": -1.4571,
        "mdd_median": -0.6474,
        "mdd_p75": -0.2654
      }
    },
    "3.0": {
      "12": {
        "n_total": 987,
        "n_hit": 95,
        "p_hit": 0.096251,
        "t_hit_p25": 5.0,
        "t_hit_median": 7.0,
        "t_hit_p75": 10.0,
        "mdd_p25": -0.78175,
        "mdd_median": -0.3324,
        "mdd_p75": -0.13845000000000002
      },
      "24": {
        "n_total": 987,
        "n_hit": 175,
        "p_hit": 0.177305,
        "t_hit_p25": 7.0,
        "t_hit_median": 12.0,
        "t_hit_p75": 19.0,
        "mdd_p25": -0.71765,
        "mdd_median": -0.3641,
        "mdd_p75": -0.1217
      },
      "36": {
        "n_total": 987,
        "n_hit": 265,
        "p_hit": 0.26849,
        "t_hit_p25": 10.0,
        "t_hit_median": 19.0,
        "t_hit_p75": 28.0,
        "mdd_p25": -0.8961,
        "mdd_median": -0.4543,
        "mdd_p75": -0.1537
      },
      "48": {
        "n_total": 987,
        "n_hit": 338,
        "p_hit": 0.342452,
        "t_hit_p25": 11.0,
        "t_hit_median": 24.0,
        "t_hit_p75": 34.75,
        "mdd_p25": -0.9759500000000001,
        "mdd_median": -0.4808,
        "mdd_p75": -0.198675
      },
      "60": {
        "n_total": 987,
        "n_hit": 403,