{
  "schema": "baseline_probs_v1",
  "source_labels": "data/labels/labels_v1.csv",
  "n_rows_labels": 3005,
  "thresholds": [
    0.5,
    1.0,
    2.0,
    3.0,
    5.0
  ],
  "horizons": [
    12,
    24,
    36,
    48,
    60,
    72,
    84,
    96
  ],
  "results": {
    "0.5": {
      "12": {
        "n_total": 3005,
        "n_hit": 2124,
        "p_hit": 0.706822,
        "t_hit_p25": 1.0,
        "t_hit_median": 2.0,
        "t_hit_p75": 4.0,
        "mdd_p25": -0.7305250000000001,
        "mdd_median": -0.29485,
        "mdd_p75": -0.05055
      },
      "24": {
        "n_total": 3005,
        "n_hit": 2411,
        "p_hit": 0.802329,
        "t_hit_p25": 1.0,
        "t_hit_median": 3.0,
        "t_hit_p75": 7.0,
        "mdd_p25": -0.9174500000000001,
        "mdd_median": -0.3628,
        "mdd_p75": -0.07965
      },
      "36": {
        "n_total": 3005,
        "n_hit": 2552,
        "p_hit": 0.849251,
        "t_hit_p25": 1.0,
        "t_hit_median": 3.0,
        "t_hit_p75": 8.0,
        "mdd_p25": -1.0115249999999998,
        "mdd_median": -0.4096,
        "mdd_p75": -0.094325
      },
      "48": {
        "n_total": 3005,
        "n_hit": 2605,
        "p_hit": 0.866889,
        "t_hit_p25": 1.0,
        "t_hit_median": 3.0,
        "t_hit_p75": 9.0,
        "mdd_p25": -1.1089,
        "mdd_median": -0.4227,
        "mdd_p75": -0.101
      },
      "60": {
        "n_total": 3005,
        "n_hit": 2633,
        "p_hit": 0.876206,
        "t_hit_p25": 1.0,
        "t_hit_median": 3.0,
        "t_hit_p75": 9.0,
        "mdd_p25": -1.1494,
        "mdd_median": -0.4303,
        "mdd_p75": -0.1032
      },
      "72": {
        "n_total": 3005,
        "n_hit": 2672,
        "p_hit": 0.889185,
        "t_hit_p25": 1.0,
        "t_hit_median": 3.0,
        "t_hit_p75": 10.0,
        "mdd_p25": -1.204825,
        "mdd_median": -0.4409,
        "mdd_p75": -0.1057
      },
      "84": {
        "n_total": 3005,
        "n_hit": 2715,
        "p_hit": 0.903494,
        "t_hit_p25": 1.0,
        "t_hit_median": 3.0,
        "t_hit_p75": 10.0,
        "mdd_p25": -1.2741,
        "mdd_median": -0.4573,
        "mdd_p75": -0.1095
      },
      "96": {
        "n_total": 3005,
        "n_hit": 2744,
        "p_hit": 0.913145,
        "t_hit_p25": 1.0,
        "t_hit_median": 3.0,
        "t_hit_p75": 11.0,
        "mdd_p25": -1.33385,
        "mdd_median": -0.47104999999999997,
        "mdd_p75": -0.1132
      }
    },
    "1.0": {
      "12": {
        "n_total": 3005,
        "n_hit": 1541,
        "p_hit": 0.512812,
        "t_hit_p25": 2.0,
        "t_hit_median": 4.0,
        "t_hit_p75": 7.0,
        "mdd_p25": -0.9414,
        "mdd_median": -0.3675,
        "mdd_p75": -0.0786
      },
      "24": {
        "n_total": 3005,
        "n_hit": 1937,
        "p_hit": 0.644592,
        "t_hit_p25": 2.0,
        "t_hit_median": 5.0,
        "t_hit_p75": 11.0,
        "mdd_p25": -1.1225,
        "mdd_median": -0.4747,
        "mdd_p75": -0.1277
      },
      "36": {
        "n_total": 3005,
        "n_hit": 2173,
        "p_hit": 0.723128,
        "t_hit_p25": 3.0,
        "t_hit_median": 6.0,
        "t_hit_p75": 15.0,
        "mdd_p25": -1.334,
        "mdd_median": -0.5388,
        "mdd_p75": -0.1588
      },
      "48": {
        "n_total": 3005,
        "n_hit": 2279,
        "p_hit": 0.758403,
        "t_hit_p25": 3.0,
        "t_hit_median": 7.0,
        "t_hit_p75": 17.0,
        "mdd_p25": -1.3905,
        "mdd_median": -0.556,
        "mdd_p75": -0.171
      },
      "60": {
        "n_total": 3005,
        "n_hit": 2359,
        "p_hit": 0.785025,
        "t_hit_p25": 3.0,
        "t_hit_median": 7.0,
        "t_hit_p75": 18.0,
        "mdd_p25": -1.48535,
        "mdd_median": -0.5959,
        "mdd_p75": -0.17955
      },
      "72": {
        "n_total": 3005,
        "n_hit": 2425,
        "p_hit": 0.806988,
        "t_hit_p25": 3.0,
        "t_hit_median": 8.0,
        "t_hit_p75": 20.0,
        "mdd_p25": -1.5825,
        "mdd_median": -0.6207,
        "mdd_p75": -0.1908
      },
      "84": {
        "n_total": 3005,
        "n_hit": 2485,
        "p_hit": 0.826955,
        "t_hit_p25": 3.0,
        "t_hit_median": 8.0,
        "t_hit_p75": 22.0,
        "mdd_p25": -1.6835,
        "mdd_median": -0.6584,
        "mdd_p75": -0.2016
      },
      "96": {
        "n_total": 3005,
        "n_hit": 2523,
        "p_hit": 0.839601,
        "t_hit_p25": 3.0,
        "t_hit_median": 8.0,
        "t_hit_p75": 23.0,
        "mdd_p25": -1.7551,
        "mdd_median": -0.6795,
        "mdd_p75": -0.2074
      }
    },
    "2.0": {
      "12": {
        "n_total": 3005,
        "n_hit": 735,
        "p_hit": 0.244592,
        "t_hit_p25": 3.0,
        "t_hit_median": 5.0,
        "t_hit_p75": 8.5,
        "mdd_p25": -0.97235,
        "mdd_median": -0.4097,
        "mdd_p75": -0.09085
      },
      "24": {
        "n_total": 3005,
        "n_hit": 1191,
        "p_hit": 0.396339,
        "t_hit_p25": 4.0,
        "t_hit_median": 9.0,
        "t_hit_p75": 16.0,
        "mdd_p25": -1.2727,
        "mdd_median": -0.5723,
        "mdd_p75": -0.173
      },
      "36": {
        "n_total": 3005,
        "n_hit": 1503,
        "p_hit": 0.500166,
        "t_hit_p25": 5.0,
        "t_hit_median": 13.0,
        "t_hit_p75": 23.0,
        "mdd_p25": -1.46435,
        "mdd_median": -0.6769,
        "mdd_p75": -0.21395
      },
      "48": {
        "n_total": 3005,
        "n_hit": 1710,
        "p_hit": 0.569052,
        "t_hit_p25": 6.0,
        "t_hit_median": 15.0,
        "t_hit_p75": 28.0,
        "mdd_p25": -1.56355,
        "mdd_median": -0.74545,
        "mdd_p75": -0.26032500000000003
      },
      "60": {
        "n_total": 3005,
        "n_hit": 1848,
        "p_hit": 0.614975,
        "t_hit_p25": 7.0,
        "t_hit_median": 17.0,
        "t_hit_p75": 32.0,
        "mdd_p25": -1.62805,
        "mdd_median": -0.8095000000000001,
        "mdd_p75": -0.28295000000000003
      },
      "72": {
        "n_total": 3005,
        "n_hit": 1967,
        "p_hit": 0.654576,
        "t_hit_p25": 7.0,
        "t_hit_median": 18.0,
        "t_hit_p75": 35.0,
        "mdd_p25": -1.79165,
        "mdd_median": -0.8954,
        "mdd_p75": -0.31084999999999996
      },
      "84": {
        "n_total": 3005,
        "n_hit": 2050,
        "p_hit": 0.682196,
        "t_hit_p25": 8.0,
        "t_hit_median": 19.0,
        "t_hit_p75": 38.0,
        "mdd_p25": -1.914225,
        "mdd_median": -0.9537,
        "mdd_p75": -0.329
      },
      "96": {
        "n_total": 3005,
        "n_hit": 2126,
        "p_hit": 0.707488,
        "t_hit_p25": 8.0,
        "t_hit_median": 21.0,
        "t_hit_p75": 41.0,
        "mdd_p25": -2.0555499999999998,
        "mdd_median": -0.9945999999999999,
        "mdd_p75": -0.345
      }
    },
    "3.0": {
      "12": {
        "n_total": 3005,
        "n_hit": 395,
        "p_hit": 0.131448,
        "t_hit_p25": 3.0,
        "t_hit_median": 6.0,
        "t_hit_p75": 9.0,
        "mdd_p25": -0.9269499999999999,
        "mdd_median": -0.3641,
        "mdd_p75": -0.09645
      },
      "24": {
        "n_total": 3005,
        "n_hit": 685,
        "p_hit": 0.227953,
        "t_hit_p25": 5.0,
        "t_hit_median": 10.0,
        "t_hit_p75": 17.0,
        "mdd_p25": -1.3396,
        "mdd_median": -0.5517,
        "mdd_p75": -0.1559
      },
      "36": {
        "n_total": 3005,
        "n_hit": 965,
        "p_hit": 0.321131,
        "t_hit_p25": 7.0,
        "t_hit_median": 16.0,
        "t_hit_p75": 26.0,
        "mdd_p25": -1.5882,
        "mdd_median": -0.6772,
        "mdd_p75": -0.2069
      },
      "48": {
        "n_total": 3005,
        "n_hit": 1188,
        "p_hit": 0.395341,
        "t_hit_p25": 9.0,
        "t_hit_median": 21.0,
        "t_hit_p75": 33.0,
        "mdd_p25": -1.7022249999999999,
        "mdd_median": -0.8031,
        "mdd_p75": -0.2705
      },
      "60": {
        "n_total": 3005,