{
  "schema": "baseline_probs_v1",
  "source_labels": "data/labels/labels_v1.csv",
  "n_rows_labels": 547,
  "thresholds": [
    0.5,
    1.0,
    2.0,
    3.0,
    5.0
  ],
  "horizons": [
    12,
    24,
    36,
    48,
    60,
    72,
    84,
    96
  ],
  "results": {
    "0.5": {
      "12": {
        "n_total": 547,
        "n_hit": 394,
        "p_hit": 0.720293,
        "t_hit_p25": 1.0,
        "t_hit_median": 3.0,
        "t_hit_p75": 6.0,
        "mdd_p25": -0.6272,
        "mdd_median": -0.24755,
        "mdd_p75": -0.059975
      },
      "24": {
        "n_total": 547,
        "n_hit": 474,
        "p_hit": 0.866545,
        "t_hit_p25": 2.0,
        "t_hit_median": 4.0,
        "t_hit_p75": 9.0,
        "mdd_p25": -0.8302499999999999,
        "mdd_median": -0.3459,
        "mdd_p75": -0.097675
      },
      "36": {
        "n_total": 547,
        "n_hit": 495,
        "p_hit": 0.904936,
        "t_hit_p25": 2.0,
        "t_hit_median": 4.0,
        "t_hit_p75": 10.0,
        "mdd_p25": -0.8400000000000001,
        "mdd_median": -0.3692,
        "mdd_p75": -0.10525000000000001
      },
      "48": {
        "n_total": 547,
        "n_hit": 499,
        "p_hit": 0.912249,
        "t_hit_p25": 2.0,
        "t_hit_median": 4.0,
        "t_hit_p75": 11.0,
        "mdd_p25": -0.8519,
        "mdd_median": -0.3733,
        "mdd_p75": -0.10600000000000001
      },
      "60": {
        "n_total": 547,
        "n_hit": 506,
        "p_hit": 0.925046,
        "t_hit_p25": 2.0,
        "t_hit_median": 4.5,
        "t_hit_p75": 11.0,
        "mdd_p25": -0.8957999999999999,
        "mdd_median": -0.38280000000000003,
        "mdd_p75": -0.108975
      },
      "72": {
        "n_total": 547,
        "n_hit": 518,
        "p_hit": 0.946984,
        "t_hit_p25": 2.0,
        "t_hit_median": 5.0,
        "t_hit_p75": 12.0,
        "mdd_p25": -0.9655,
        "mdd_median": -0.4031,
        "mdd_p75": -0.114
      },
      "84": {
        "n_total": 547,
        "n_hit": 518,
        "p_hit": 0.946984,
        "t_hit_p25": 2.0,
        "t_hit_median": 5.0,
        "t_hit_p75": 12.0,
        "mdd_p25": -0.9655,
        "mdd_median": -0.4031,
        "mdd_p75": -0.114
      },
      "96": {
        "n_total": 547,
        "n_hit": 521,
        "p_hit": 0.952468,
        "t_hit_p25": 2.0,
        "t_hit_median": 5.0,
        "t_hit_p75": 12.0,
        "mdd_p25": -0.9823,
        "mdd_median": -0.4096,
        "mdd_p75": -0.1164
      }
    },
    "1.0": {
      "12": {
        "n_total": 547,
        "n_hit": 276,
        "p_hit": 0.50457,
        "t_hit_p25": 2.0,
        "t_hit_median": 5.0,
        "t_hit_p75": 7.0,
        "mdd_p25": -0.6543,
        "mdd_median": -0.26770000000000005,
        "mdd_p75": -0.07345
      },
      "24": {
        "n_total": 547,
        "n_hit": 376,
        "p_hit": 0.687386,
        "t_hit_p25": 3.0,
        "t_hit_median": 7.0,
        "t_hit_p75": 13.0,
        "mdd_p25": -0.8952000000000001,
        "mdd_median": -0.40685,
        "mdd_p75": -0.10535
      },
      "36": {
        "n_total": 547,
        "n_hit": 426,
        "p_hit": 0.778793,
        "t_hit_p25": 4.0,
        "t_hit_median": 8.0,
        "t_hit_p75": 17.0,
        "mdd_p25": -1.0044,
        "mdd_median": -0.4457,
        "mdd_p75": -0.13157500000000003
      },
      "48": {
        "n_total": 547,
        "n_hit": 454,
        "p_hit": 0.829982,
        "t_hit_p25": 4.0,
        "t_hit_median": 8.5,
        "t_hit_p75": 19.0,
        "mdd_p25": -1.090675,
        "mdd_median": -0.46115,
        "mdd_p75": -0.14525
      },
      "60": {
        "n_total": 547,
        "n_hit": 469,
        "p_hit": 0.857404,
        "t_hit_p25": 4.0,
        "t_hit_median": 9.0,
        "t_hit_p75": 20.0,
        "mdd_p25": -1.1668,
        "mdd_median": -0.4726,
        "mdd_p75": -0.1553
      },
      "72": {
        "n_total": 547,
        "n_hit": 488,
        "p_hit": 0.892139,
        "t_hit_p25": 4.0,
        "t_hit_median": 10.0,
        "t_hit_p75": 22.0,
        "mdd_p25": -1.236525,
        "mdd_median": -0.48975,
        "mdd_p75": -0.1643
      },
      "84": {
        "n_total": 547,
        "n_hit": 493,
        "p_hit": 0.90128,
        "t_hit_p25": 4.0,
        "t_hit_median": 10.0,
        "t_hit_p75": 23.0,
        "mdd_p25": -1.27,
        "mdd_median": -0.4983,
        "mdd_p75": -0.1671
      },
      "96": {
        "n_total": 547,
        "n_hit": 499,
        "p_hit": 0.912249,
        "t_hit_p25": 4.0,
        "t_hit_median": 10.0,
        "t_hit_p75": 24.0,
        "mdd_p25": -1.30555,
        "mdd_median": -0.5065,
        "mdd_p75": -0.16935
      }
    },
    "2.0": {
      "12": {
        "n_total": 547,
        "n_hit": 131,
        "p_hit": 0.239488,
        "t_hit_p25": 4.0,
        "t_hit_median": 7.0,
        "t_hit_p75": 9.0,
        "mdd_p25": -0.6295999999999999,
        "mdd_median": -0.3483,
        "mdd_p75": -0.1148
      },
      "24": {
        "n_total": 547,
        "n_hit": 232,
        "p_hit": 0.424132,
        "t_hit_p25": 6.0,
        "t_hit_median": 11.0,
        "t_hit_p75": 17.0,
        "mdd_p25": -0.8633749999999999,
        "mdd_median": -0.49845,
        "mdd_p75": -0.16565
      },
      "36": {
        "n_total": 547,
        "n_hit": 293,
        "p_hit": 0.535649,
        "t_hit_p25": 7.0,
        "t_hit_median": 14.0,
        "t_hit_p75": 22.0,
        "mdd_p25": -0.9448,
        "mdd_median": -0.4653,
        "mdd_p75": -0.1638
      },
      "48": {
        "n_total": 547,
        "n_hit": 342,
        "p_hit": 0.625229,
        "t_hit_p25": 8.0,
        "t_hit_median": 17.0,
        "t_hit_p75": 30.0,
        "mdd_p25": -0.98275,
        "mdd_median": -0.49005,
        "mdd_p75": -0.18432500000000002
      },
      "60": {
        "n_total": 547,
        "n_hit": 385,
        "p_hit": 0.703839,
        "t_hit_p25": 9.0,
        "t_hit_median": 19.0,
        "t_hit_p75": 35.0,
        "mdd_p25": -1.0394,
        "mdd_median": -0.5342,
        "mdd_p75": -0.2148
      },
      "72": {
        "n_total": 547,
        "n_hit": 413,
        "p_hit": 0.755027,
        "t_hit_p25": 10.0,
        "t_hit_median": 20.0,
        "t_hit_p75": 42.0,
        "mdd_p25": -1.1896,
        "mdd_median": -0.5763,
        "mdd_p75": -0.2432
      },
      "84": {
        "n_total": 547,
        "n_hit": 426,
        "p_hit": 0.778793,
        "t_hit_p25": 10.0,
        "t_hit_median": 21.0,
        "t_hit_p75": 44.0,
        "mdd_p25": -1.223125,
        "mdd_median": -0.59465,
        "mdd_p75": -0.2501
      },
      "96": {
        "n_total": 547,
        "n_hit": 438,
        "p_hit": 0.800731,
        "t_hit_p25": 10.0,
        "t_hit_median": 22.0,
        "t_hit_p75": 45.0,
        "mdd_p25": -1.2712750000000002,
        "mdd_median": -0.6136,
        "mdd_p75": -0.2654
      }
    },
    "3.0": {
      "12": {
        "n_total": 547,
        "n_hit": 62,
        "p_hit": 0.113346,
        "t_hit_p25": 5.0,
        "t_hit_median": 8.0,
        "t_hit_p75": 10.0,
        "mdd_p25": -0.8750249999999999,
        "mdd_median": -0.36175,
        "mdd_p75": -0.15825
      },
      "24": {
        "n_total": 547,
        "n_hit": 113,
        "p_hit": 0.206581,
        "t_hit_p25": 7.0,
        "t_hit_median": 11.0,
        "t_hit_p75": 19.0,
        "mdd_p25": -0.7065,
        "mdd_median": -0.3775,
        "mdd_p75": -0.1297
      },
      "36": {
        "n_total": 547,
        "n_hit": 182,
        "p_hit": 0.332724,
        "t_hit_p25": 10.0,
        "t_hit_median": 20.0,
        "t_hit_p75": 29.75,
        "mdd_p25": -0.7793249999999999,
        "mdd_median": -0.40754999999999997,
        "mdd_p75": -0.1341
      },
      "48": {
        "n_total": 547,
        "n_hit": 243,
        "p_hit": 0.444241,
        "t_hit_p25": 12.0,
        "t_hit_median": 27.0,
        "t_hit_p75": 36.5,
        "mdd_p25": -0.85595,
        "mdd_median": -0.4543,
        "mdd_p75": -0.18664999999999998
      },