{
  "schema": "baseline_probs_v1",
  "source_labels": "data/labels/labels_v1.csv",
  "n_rows_labels": 2242,
  "thresholds": [
    0.5,
    1.0,
    2.0,
    3.0,
    5.0
  ],
  "horizons": [
    12,
    24,
    36,
    48,
    60,
    72,
    84,
    96
  ],
  "results": {
    "0.5": {
      "12": {
        "n_total": 2242,
        "n_hit": 1618,
        "p_hit": 0.721677,
        "t_hit_p25": 1.0,
        "t_hit_median": 2.0,
        "t_hit_p75": 4.0,
        "mdd_p25": -0.808625,
        "mdd_median": -0.31245,
        "mdd_p75": -0.056600000000000004
      },
      "24": {
        "n_total": 2242,
        "n_hit": 1830,
        "p_hit": 0.816236,
        "t_hit_p25": 1.0,
        "t_hit_median": 3.0,
        "t_hit_p75": 6.0,
        "mdd_p25": -0.95415,
        "mdd_median": -0.3776,
        "mdd_p75": -0.09135000000000001
      },
      "36": {
        "n_total": 2242,
        "n_hit": 1929,
        "p_hit": 0.860393,
        "t_hit_p25": 1.0,
        "t_hit_median": 3.0,
        "t_hit_p75": 8.0,
        "mdd_p25": -1.0569,
        "mdd_median": -0.4153,
        "mdd_p75": -0.1032
      },
      "48": {
        "n_total": 2242,
        "n_hit": 1966,
        "p_hit": 0.876896,
        "t_hit_p25": 1.0,
        "t_hit_median": 3.0,
        "t_hit_p75": 8.0,
        "mdd_p25": -1.1469,
        "mdd_median": -0.42805,
        "mdd_p75": -0.106375
      },
      "60": {
        "n_total": 2242,
        "n_hit": 1987,
        "p_hit": 0.886262,
        "t_hit_p25": 1.0,
        "t_hit_median": 3.0,
        "t_hit_p75": 9.0,
        "mdd_p25": -1.1751,
        "mdd_median": -0.4385,
        "mdd_p75": -0.1095
      },
      "72": {
        "n_total": 2242,
        "n_hit": 2019,
        "p_hit": 0.900535,
        "t_hit_p25": 1.0,
        "t_hit_median": 3.0,
        "t_hit_p75": 9.0,
        "mdd_p25": -1.25265,
        "mdd_median": -0.4492,
        "mdd_p75": -0.11645
      },
      "84": {
        "n_total": 2242,
        "n_hit": 2049,
        "p_hit": 0.913916,
        "t_hit_p25": 1.0,
        "t_hit_median": 3.0,
        "t_hit_p75": 10.0,
        "mdd_p25": -1.3305,
        "mdd_median": -0.4704,
        "mdd_p75": -0.118
      },
      "96": {
        "n_total": 2242,
        "n_hit": 2070,
        "p_hit": 0.923283,
        "t_hit_p25": 1.0,
        "t_hit_median": 3.0,
        "t_hit_p75": 10.0,
        "mdd_p25": -1.3587749999999998,
        "mdd_median": -0.4786,
        "mdd_p75": -0.12104999999999999
      }
    },
    "1.0": {
      "12": {
        "n_total": 2242,
        "n_hit": 1204,
        "p_hit": 0.537021,
        "t_hit_p25": 2.0,
        "t_hit_median": 4.0,
        "t_hit_p75": 7.0,
        "mdd_p25": -0.999325,
        "mdd_median": -0.4077,
        "mdd_p75": -0.083175
      },
      "24": {
        "n_total": 2242,
        "n_hit": 1481,
        "p_hit": 0.660571,
        "t_hit_p25": 2.0,
        "t_hit_median": 5.0,
        "t_hit_p75": 10.0,
        "mdd_p25": -1.1808,
        "mdd_median": -0.4986,
        "mdd_p75": -0.1361
      },
      "36": {
        "n_total": 2242,
        "n_hit": 1656,
        "p_hit": 0.738626,
        "t_hit_p25": 2.0,
        "t_hit_median": 6.0,
        "t_hit_p75": 14.0,
        "mdd_p25": -1.3779249999999998,
        "mdd_median": -0.54835,
        "mdd_p75": -0.166
      },
      "48": {
        "n_total": 2242,
        "n_hit": 1737,
        "p_hit": 0.774755,
        "t_hit_p25": 3.0,
        "t_hit_median": 6.0,
        "t_hit_p75": 16.0,
        "mdd_p25": -1.4609,
        "mdd_median": -0.581,
        "mdd_p75": -0.175
      },
      "60": {
        "n_total": 2242,
        "n_hit": 1808,
        "p_hit": 0.806423,
        "t_hit_p25": 3.0,
        "t_hit_median": 7.0,
        "t_hit_p75": 18.0,
        "mdd_p25": -1.58575,
        "mdd_median": -0.61705,
        "mdd_p75": -0.19067499999999998
      },
      "72": {
        "n_total": 2242,
        "n_hit": 1863,
        "p_hit": 0.830955,
        "t_hit_p25": 3.0,
        "t_hit_median": 7.0,
        "t_hit_p75": 20.0,
        "mdd_p25": -1.6904499999999998,
        "mdd_median": -0.6677,
        "mdd_p75": -0.20465
      },
      "84": {
        "n_total": 2242,
        "n_hit": 1905,
        "p_hit": 0.849688,
        "t_hit_p25": 3.0,
        "t_hit_median": 7.0,
        "t_hit_p75": 21.0,
        "mdd_p25": -1.7864,
        "mdd_median": -0.6961,
        "mdd_p75": -0.2157
      },
      "96": {
        "n_total": 2242,
        "n_hit": 1931,
        "p_hit": 0.861285,
        "t_hit_p25": 3.0,
        "t_hit_median": 8.0,
        "t_hit_p75": 23.0,
        "mdd_p25": -1.8334,
        "mdd_median": -0.7164,
        "mdd_p75": -0.22394999999999998
      }
    },
    "2.0": {
      "12": {
        "n_total": 2242,
        "n_hit": 610,
        "p_hit": 0.272079,
        "t_hit_p25": 3.0,
        "t_hit_median": 5.0,
        "t_hit_p75": 8.0,
        "mdd_p25": -1.0098,
        "mdd_median": -0.43125,
        "mdd_p75": -0.10695
      },
      "24": {
        "n_total": 2242,
        "n_hit": 956,
        "p_hit": 0.426405,
        "t_hit_p25": 4.0,
        "t_hit_median": 9.0,
        "t_hit_p75": 16.0,
        "mdd_p25": -1.378975,
        "mdd_median": -0.6087,
        "mdd_p75": -0.187575
      },
      "36": {
        "n_total": 2242,
        "n_hit": 1178,
        "p_hit": 0.525424,
        "t_hit_p25": 5.0,
        "t_hit_median": 12.0,
        "t_hit_p75": 21.75,
        "mdd_p25": -1.6006,
        "mdd_median": -0.7416,
        "mdd_p75": -0.22652500000000003
      },
      "48": {
        "n_total": 2242,
        "n_hit": 1333,
        "p_hit": 0.594558,
        "t_hit_p25": 6.0,
        "t_hit_median": 14.0,
        "t_hit_p75": 26.0,
        "mdd_p25": -1.6758,
        "mdd_median": -0.8369,
        "mdd_p75": -0.2656
      },
      "60": {
        "n_total": 2242,
        "n_hit": 1440,
        "p_hit": 0.642284,
        "t_hit_p25": 6.0,
        "t_hit_median": 16.0,
        "t_hit_p75": 31.0,
        "mdd_p25": -1.74165,
        "mdd_median": -0.9063,
        "mdd_p75": -0.28325
      },
      "72": {
        "n_total": 2242,
        "n_hit": 1535,
        "p_hit": 0.684657,
        "t_hit_p25": 7.0,
        "t_hit_median": 17.0,
        "t_hit_p75": 35.0,
        "mdd_p25": -1.9115,
        "mdd_median": -0.9742,
        "mdd_p75": -0.3123
      },
      "84": {
        "n_total": 2242,
        "n_hit": 1596,
        "p_hit": 0.711864,
        "t_hit_p25": 7.0,
        "t_hit_median": 18.0,
        "t_hit_p75": 38.0,
        "mdd_p25": -2.10745,
        "mdd_median": -1.0158,
        "mdd_p75": -0.33645
      },
      "96": {
        "n_total": 2242,
        "n_hit": 1656,
        "p_hit": 0.738626,
        "t_hit_p25": 7.0,
        "t_hit_median": 19.0,
        "t_hit_p75": 41.0,
        "mdd_p25": -2.2143500000000005,
        "mdd_median": -1.1027,
        "mdd_p75": -0.35214999999999996
      }
    },
    "3.0": {
      "12": {
        "n_total": 2242,
        "n_hit": 344,
        "p_hit": 0.153434,
        "t_hit_p25": 3.0,
        "t_hit_median": 6.0,
        "t_hit_p75": 9.0,
        "mdd_p25": -0.977425,
        "mdd_median": -0.41145,
        "mdd_p75": -0.11779999999999999
      },
      "24": {
        "n_total": 2242,
        "n_hit": 581,
        "p_hit": 0.259144,
        "t_hit_p25": 5.0,
        "t_hit_median": 10.0,
        "t_hit_p75": 17.0,
        "mdd_p25": -1.3861,
        "mdd_median": -0.5949,
        "mdd_p75": -0.176
      },
      "36": {
        "n_total": 2242,
        "n_hit": 807,
        "p_hit": 0.359946,
        "t_hit_p25": 7.0,
        "t_hit_median": 15.0,
        "t_hit_p75": 26.0,
        "mdd_p25": -1.65425,
        "mdd_median": -0.7209,
        "mdd_p75": -0.2339
      },
      "48": {
        "n_total": 2242,
        "n_hit": 977,
        "p_hit": 0.435772,
        "t_hit_p25": 8.0,
        "t_hit_median": 20.0,
        "t_hit_p75": 32.0,
        "mdd_p25": -1.8003,
        "mdd_median": -0.8755,
        "mdd_p75": -0.2831
      },