{
  "schema": "baseline_probs_v1",
  "source_labels": "data/labels/labels_v1.csv",
  "n_rows_labels": 1598,
  "thresholds": [
    0.5,
    1.0,
    2.0,
    3.0,
    5.0
  ],
  "horizons": [
    12,
    24,
    36,
    48,
    60,
    72,
    84,
    96
  ],
  "results": {
    "0.5": {
      "12": {
        "n_total": 1598,
        "n_hit": 1134,
        "p_hit": 0.709637,
        "t_hit_p25": 1.0,
        "t_hit_median": 2.0,
        "t_hit_p75": 5.0,
        "mdd_p25": -0.84,
        "mdd_median": -0.29874999999999996,
        "mdd_p75": -0.054925
      },
      "24": {
        "n_total": 1598,
        "n_hit": 1283,
        "p_hit": 0.802879,
        "t_hit_p25": 1.0,
        "t_hit_median": 3.0,
        "t_hit_p75": 7.0,
        "mdd_p25": -0.97985,
        "mdd_median": -0.3733,
        "mdd_p75": -0.0852
      },
      "36": {
        "n_total": 1598,
        "n_hit": 1345,
        "p_hit": 0.841677,
        "t_hit_p25": 1.0,
        "t_hit_median": 3.0,
        "t_hit_p75": 8.0,
        "mdd_p25": -1.0637,
        "mdd_median": -0.4096,
        "mdd_p75": -0.0978
      },
      "48": {
        "n_total": 1598,
        "n_hit": 1363,
        "p_hit": 0.852941,
        "t_hit_p25": 1.0,
        "t_hit_median": 3.0,
        "t_hit_p75": 8.0,
        "mdd_p25": -1.1181,
        "mdd_median": -0.4172,
        "mdd_p75": -0.10185
      },
      "60": {
        "n_total": 1598,
        "n_hit": 1377,
        "p_hit": 0.861702,
        "t_hit_p25": 1.0,
        "t_hit_median": 3.0,
        "t_hit_p75": 8.0,
        "mdd_p25": -1.1501,
        "mdd_median": -0.4258,
        "mdd_p75": -0.1035
      },
      "72": {
        "n_total": 1598,
        "n_hit": 1406,
        "p_hit": 0.87985,
        "t_hit_p25": 1.0,
        "t_hit_median": 3.0,
        "t_hit_p75": 9.0,
        "mdd_p25": -1.2445,
        "mdd_median": -0.443,
        "mdd_p75": -0.10585
      },
      "84": {
        "n_total": 1598,
        "n_hit": 1433,
        "p_hit": 0.896746,
        "t_hit_p25": 1.0,
        "t_hit_median": 3.0,
        "t_hit_p75": 10.0,
        "mdd_p25": -1.3232,
        "mdd_median": -0.4665,
        "mdd_p75": -0.11
      },
      "96": {
        "n_total": 1598,
        "n_hit": 1452,
        "p_hit": 0.908636,
        "t_hit_p25": 1.0,
        "t_hit_median": 3.0,
        "t_hit_p75": 10.0,
        "mdd_p25": -1.3587250000000002,
        "mdd_median": -0.47425,
        "mdd_p75": -0.11647500000000001
      }
    },
    "1.0": {
      "12": {
        "n_total": 1598,
        "n_hit": 845,
        "p_hit": 0.528786,
        "t_hit_p25": 2.0,
        "t_hit_median": 4.0,
        "t_hit_p75": 7.0,
        "mdd_p25": -1.0143,
        "mdd_median": -0.402,
        "mdd_p75": -0.0809
      },
      "24": {
        "n_total": 1598,
        "n_hit": 1030,
        "p_hit": 0.644556,
        "t_hit_p25": 2.0,
        "t_hit_median": 5.0,
        "t_hit_p75": 10.0,
        "mdd_p25": -1.1789749999999999,
        "mdd_median": -0.4759,
        "mdd_p75": -0.11852499999999999
      },
      "36": {
        "n_total": 1598,
        "n_hit": 1146,
        "p_hit": 0.717146,
        "t_hit_p25": 2.0,
        "t_hit_median": 6.0,
        "t_hit_p75": 13.0,
        "mdd_p25": -1.3389499999999999,
        "mdd_median": -0.5143,
        "mdd_p75": -0.14852500000000002
      },
      "48": {
        "n_total": 1598,
        "n_hit": 1191,
        "p_hit": 0.745307,
        "t_hit_p25": 2.0,
        "t_hit_median": 6.0,
        "t_hit_p75": 15.0,
        "mdd_p25": -1.3533,
        "mdd_median": -0.5345,
        "mdd_p75": -0.15855
      },
      "60": {
        "n_total": 1598,
        "n_hit": 1235,
        "p_hit": 0.772841,
        "t_hit_p25": 3.0,
        "t_hit_median": 7.0,
        "t_hit_p75": 17.0,
        "mdd_p25": -1.40075,
        "mdd_median": -0.5524,
        "mdd_p75": -0.16435
      },
      "72": {
        "n_total": 1598,
        "n_hit": 1284,
        "p_hit": 0.803504,
        "t_hit_p25": 3.0,
        "t_hit_median": 7.0,
        "t_hit_p75": 19.0,
        "mdd_p25": -1.556675,
        "mdd_median": -0.5943499999999999,
        "mdd_p75": -0.1719
      },
      "84": {
        "n_total": 1598,
        "n_hit": 1318,
        "p_hit": 0.824781,
        "t_hit_p25": 3.0,
        "t_hit_median": 7.0,
        "t_hit_p75": 21.0,
        "mdd_p25": -1.66005,
        "mdd_median": -0.61625,
        "mdd_p75": -0.17732499999999998
      },
      "96": {
        "n_total": 1598,
        "n_hit": 1338,
        "p_hit": 0.837297,
        "t_hit_p25": 3.0,
        "t_hit_median": 7.0,
        "t_hit_p75": 22.0,
        "mdd_p25": -1.712875,
        "mdd_median": -0.62975,
        "mdd_p75": -0.18365
      }
    },
    "2.0": {
      "12": {
        "n_total": 1598,
        "n_hit": 431,
        "p_hit": 0.269712,
        "t_hit_p25": 2.0,
        "t_hit_median": 5.0,
        "t_hit_p75": 8.0,
        "mdd_p25": -1.0958,
        "mdd_median": -0.4322,
        "mdd_p75": -0.1169
      },
      "24": {
        "n_total": 1598,
        "n_hit": 653,
        "p_hit": 0.408636,
        "t_hit_p25": 4.0,
        "t_hit_median": 8.0,
        "t_hit_p75": 15.0,
        "mdd_p25": -1.3315,
        "mdd_median": -0.5846,
        "mdd_p75": -0.1724
      },
      "36": {
        "n_total": 1598,
        "n_hit": 796,
        "p_hit": 0.498123,
        "t_hit_p25": 4.75,
        "t_hit_median": 11.0,
        "t_hit_p75": 21.0,
        "mdd_p25": -1.462375,
        "mdd_median": -0.6115,
        "mdd_p75": -0.18295
      },
      "48": {
        "n_total": 1598,
        "n_hit": 902,
        "p_hit": 0.564456,
        "t_hit_p25": 5.0,
        "t_hit_median": 13.0,
        "t_hit_p75": 27.0,
        "mdd_p25": -1.498075,
        "mdd_median": -0.6327499999999999,
        "mdd_p75": -0.2207
      },
      "60": {
        "n_total": 1598,
        "n_hit": 969,
        "p_hit": 0.606383,
        "t_hit_p25": 6.0,
        "t_hit_median": 15.0,
        "t_hit_p75": 31.0,
        "mdd_p25": -1.5399,
        "mdd_median": -0.6805,
        "mdd_p75": -0.247
      },
      "72": {
        "n_total": 1598,
        "n_hit": 1038,
        "p_hit": 0.649562,
        "t_hit_p25": 6.0,
        "t_hit_median": 17.0,
        "t_hit_p75": 35.0,
        "mdd_p25": -1.66005,
        "mdd_median": -0.80575,
        "mdd_p75": -0.27265000000000006
      },
      "84": {
        "n_total": 1598,
        "n_hit": 1081,
        "p_hit": 0.676471,
        "t_hit_p25": 6.0,
        "t_hit_median": 18.0,
        "t_hit_p75": 38.0,
        "mdd_p25": -1.8072,
        "mdd_median": -0.8709,
        "mdd_p75": -0.2831
      },
      "96": {
        "n_total": 1598,
        "n_hit": 1118,
        "p_hit": 0.699625,
        "t_hit_p25": 7.0,
        "t_hit_median": 18.5,
        "t_hit_p75": 41.0,
        "mdd_p25": -1.9410749999999999,
        "mdd_median": -0.94385,
        "mdd_p75": -0.2985
      }
    },
    "3.0": {
      "12": {
        "n_total": 1598,
        "n_hit": 241,
        "p_hit": 0.150814,
        "t_hit_p25": 3.0,
        "t_hit_median": 5.0,
        "t_hit_p75": 8.0,
        "mdd_p25": -1.0609,
        "mdd_median": -0.4653,
        "mdd_p75": -0.1442
      },
      "24": {
        "n_total": 1598,
        "n_hit": 380,
        "p_hit": 0.237797,
        "t_hit_p25": 4.0,
        "t_hit_median": 9.0,
        "t_hit_p75": 17.0,
        "mdd_p25": -1.2542499999999999,
        "mdd_median": -0.5374,
        "mdd_p75": -0.15535
      },
      "36": {
        "n_total": 1598,
        "n_hit": 514,
        "p_hit": 0.321652,
        "t_hit_p25": 6.0,
        "t_hit_median": 14.0,
        "t_hit_p75": 25.0,
        "mdd_p25": -1.4657,
        "mdd_median": -0.6010500000000001,
        "mdd_p75": -0.193225
      },
      "48": {
        "n_total": 1598,
        "n_hit": 623,
        "p_hit": 0.389862,
        "t_hit_p25": 7.0,
        "t_hit_median": 19.0,
        "t_hit_p75": 32.0,
        "mdd_p25": -1.58765,
        "mdd_median": -0.66,
        "mdd_p75": -0.2462
      },