{
  "schema": "baseline_probs_v1",
  "source_labels": "data/labels/labels_v1.csv",
  "n_rows_labels": 3213,
  "thresholds": [
    0.5,
    1.0,
    2.0,
    3.0,
    5.0
  ],
  "horizons": [
    12,
    24,
    36,
    48,
    60,
    72,
    84,
    96
  ],
  "results": {
    "0.5": {
      "12": {
        "n_total": 3213,
        "n_hit": 2268,
        "p_hit": 0.705882,
        "t_hit_p25": 1.0,
        "t_hit_median": 2.0,
        "t_hit_p75": 5.0,
        "mdd_p25": -0.727025,
        "mdd_median": -0.29315,
        "mdd_p75": -0.049125
      },
      "24": {
        "n_total": 3213,
        "n_hit": 2580,
        "p_hit": 0.802988,
        "t_hit_p25": 1.0,
        "t_hit_median": 3.0,
        "t_hit_p75": 7.0,
        "mdd_p25": -0.908475,
        "mdd_median": -0.3595,
        "mdd_p75": -0.078875
      },
      "36": {
        "n_total": 3213,
        "n_hit": 2725,
        "p_hit": 0.848117,
        "t_hit_p25": 1.0,
        "t_hit_median": 3.0,
        "t_hit_p75": 8.0,
        "mdd_p25": -1.0054,
        "mdd_median": -0.4034,
        "mdd_p75": -0.0922
      },
      "48": {
        "n_total": 3213,
        "n_hit": 2789,
        "p_hit": 0.868036,
        "t_hit_p25": 1.0,
        "t_hit_median": 3.0,
        "t_hit_p75": 9.0,
        "mdd_p25": -1.102,
        "mdd_median": -0.4198,
        "mdd_p75": -0.1001
      },
      "60": {
        "n_total": 3213,
        "n_hit": 2821,
        "p_hit": 0.877996,
        "t_hit_p25": 1.0,
        "t_hit_median": 3.0,
        "t_hit_p75": 9.0,
        "mdd_p25": -1.1485,
        "mdd_median": -0.4278,
        "mdd_p75": -0.1028
      },
      "72": {
        "n_total": 3213,
        "n_hit": 2865,
        "p_hit": 0.89169,
        "t_hit_p25": 1.0,
        "t_hit_median": 3.0,
        "t_hit_p75": 10.0,
        "mdd_p25": -1.1997,
        "mdd_median": -0.4403,
        "mdd_p75": -0.1056
      },
      "84": {
        "n_total": 3213,
        "n_hit": 2911,
        "p_hit": 0.906007,
        "t_hit_p25": 1.0,
        "t_hit_median": 3.0,
        "t_hit_p75": 10.0,
        "mdd_p25": -1.2764,
        "mdd_median": -0.4529,
        "mdd_p75": -0.1091
      },
      "96": {
        "n_total": 3213,
        "n_hit": 2942,
        "p_hit": 0.915655,
        "t_hit_p25": 1.0,
        "t_hit_median": 3.0,
        "t_hit_p75": 11.0,
        "mdd_p25": -1.3341500000000002,
        "mdd_median": -0.4693,
        "mdd_p75": -0.1132
      }
    },
    "1.0": {
      "12": {
        "n_total": 3213,
        "n_hit": 1652,
        "p_hit": 0.514161,
        "t_hit_p25": 2.0,
        "t_hit_median": 4.0,
        "t_hit_p75": 7.0,
        "mdd_p25": -0.93355,
        "mdd_median": -0.3595,
        "mdd_p75": -0.077025
      },
      "24": {
        "n_total": 3213,
        "n_hit": 2088,
        "p_hit": 0.64986,
        "t_hit_p25": 2.0,
        "t_hit_median": 5.0,
        "t_hit_p75": 11.0,
        "mdd_p25": -1.1090499999999999,
        "mdd_median": -0.46875,
        "mdd_p75": -0.12482499999999999
      },
      "36": {
        "n_total": 3213,
        "n_hit": 2337,
        "p_hit": 0.727358,
        "t_hit_p25": 3.0,
        "t_hit_median": 6.0,
        "t_hit_p75": 15.0,
        "mdd_p25": -1.3265,
        "mdd_median": -0.5345,
        "mdd_p75": -0.1558
      },
      "48": {
        "n_total": 3213,
        "n_hit": 2456,
        "p_hit": 0.764395,
        "t_hit_p25": 3.0,
        "t_hit_median": 7.0,
        "t_hit_p75": 17.0,
        "mdd_p25": -1.392475,
        "mdd_median": -0.55385,
        "mdd_p75": -0.16947500000000001
      },
      "60": {
        "n_total": 3213,
        "n_hit": 2541,
        "p_hit": 0.79085,
        "t_hit_p25": 3.0,
        "t_hit_median": 7.0,
        "t_hit_p75": 18.0,
        "mdd_p25": -1.4842,
        "mdd_median": -0.5949,
        "mdd_p75": -0.1766
      },
      "72": {
        "n_total": 3213,
        "n_hit": 2614,
        "p_hit": 0.81357,
        "t_hit_p25": 3.0,
        "t_hit_median": 8.0,
        "t_hit_p75": 20.0,
        "mdd_p25": -1.58445,
        "mdd_median": -0.6189,
        "mdd_p75": -0.1877
      },
      "84": {
        "n_total": 3213,
        "n_hit": 2675,
        "p_hit": 0.832555,
        "t_hit_p25": 3.0,
        "t_hit_median": 8.0,
        "t_hit_p75": 22.0,
        "mdd_p25": -1.6831,
        "mdd_median": -0.6564,
        "mdd_p75": -0.19545
      },
      "96": {
        "n_total": 3213,
        "n_hit": 2718,
        "p_hit": 0.845938,
        "t_hit_p25": 3.0,
        "t_hit_median": 8.0,
        "t_hit_p75": 23.0,
        "mdd_p25": -1.75555,
        "mdd_median": -0.67835,
        "mdd_p75": -0.20417500000000002
      }
    },
    "2.0": {
      "12": {
        "n_total": 3213,
        "n_hit": 784,
        "p_hit": 0.244009,
        "t_hit_p25": 3.0,
        "t_hit_median": 5.0,
        "t_hit_p75": 9.0,
        "mdd_p25": -0.9604249999999999,
        "mdd_median": -0.39705,
        "mdd_p75": -0.080325
      },
      "24": {
        "n_total": 3213,
        "n_hit": 1280,
        "p_hit": 0.398382,
        "t_hit_p25": 4.0,
        "t_hit_median": 9.0,
        "t_hit_p75": 16.0,
        "mdd_p25": -1.24685,
        "mdd_median": -0.5607500000000001,
        "mdd_p75": -0.171975
      },
      "36": {
        "n_total": 3213,
        "n_hit": 1626,
        "p_hit": 0.506069,
        "t_hit_p25": 5.0,
        "t_hit_median": 13.0,
        "t_hit_p75": 23.0,
        "mdd_p25": -1.4503749999999997,
        "mdd_median": -0.6770499999999999,
        "mdd_p75": -0.207425
      },
      "48": {
        "n_total": 3213,
        "n_hit": 1862,
        "p_hit": 0.579521,
        "t_hit_p25": 6.0,
        "t_hit_median": 16.0,
        "t_hit_p75": 28.0,
        "mdd_p25": -1.5684,
        "mdd_median": -0.76075,
        "mdd_p75": -0.257475
      },
      "60": {
        "n_total": 3213,
        "n_hit": 2011,
        "p_hit": 0.625895,
        "t_hit_p25": 7.0,
        "t_hit_median": 17.0,
        "t_hit_p75": 32.0,
        "mdd_p25": -1.64475,
        "mdd_median": -0.8157,
        "mdd_p75": -0.2796
      },
      "72": {
        "n_total": 3213,
        "n_hit": 2142,
        "p_hit": 0.666667,
        "t_hit_p25": 7.0,
        "t_hit_median": 19.0,
        "t_hit_p75": 36.0,
        "mdd_p25": -1.8068499999999998,
        "mdd_median": -0.90425,
        "mdd_p75": -0.30765
      },
      "84": {
        "n_total": 3213,
        "n_hit": 2230,
        "p_hit": 0.694055,
        "t_hit_p25": 8.0,
        "t_hit_median": 20.0,
        "t_hit_p75": 39.0,
        "mdd_p25": -1.9443249999999999,
        "mdd_median": -0.9588,
        "mdd_p75": -0.32815
      },
      "96": {
        "n_total": 3213,
        "n_hit": 2315,
        "p_hit": 0.72051,
        "t_hit_p25": 8.0,
        "t_hit_median": 21.0,
        "t_hit_p75": 41.5,
        "mdd_p25": -2.0797499999999998,
        "mdd_median": -1.0025,
        "mdd_p75": -0.3452
      }
    },
    "3.0": {
      "12": {
        "n_total": 3213,
        "n_hit": 419,
        "p_hit": 0.130408,
        "t_hit_p25": 3.0,
        "t_hit_median": 6.0,
        "t_hit_p75": 9.0,
        "mdd_p25": -0.92355,
        "mdd_median": -0.3594,
        "mdd_p75": -0.08510000000000001
      },
      "24": {
        "n_total": 3213,
        "n_hit": 746,
        "p_hit": 0.232182,
        "t_hit_p25": 5.0,
        "t_hit_median": 11.0,
        "t_hit_p75": 17.0,
        "mdd_p25": -1.3144,
        "mdd_median": -0.5520499999999999,
        "mdd_p75": -0.155925
      },
      "36": {
        "n_total": 3213,
        "n_hit": 1048,
        "p_hit": 0.326175,
        "t_hit_p25": 7.0,
        "t_hit_median": 16.0,
        "t_hit_p75": 26.0,
        "mdd_p25": -1.579425,
        "mdd_median": -0.6838,
        "mdd_p75": -0.206625
      },
      "48": {
        "n_total": 3213,
        "n_hit": 1302,
        "p_hit": 0.405229,
        "t_hit_p25": 9.0,
        "t_hit_median": 21.0,
        "t_hit_p75": 33.0,
        "mdd_p25": -1.707625,
        "mdd_median": -0.81835,