{
  "schema": "baseline_probs_v1",
  "source_labels": "data/labels/labels_v1.csv",
  "n_rows_labels": 813,
  "thresholds": [
    0.5,
    1.0,
    2.0,
    3.0,
    5.0
  ],
  "horizons": [
    12,
    24,
    36,
    48,
    60,
    72,
    84,
    96
  ],
  "results": {
    "0.5": {
      "12": {
        "n_total": 813,
        "n_hit": 566,
        "p_hit": 0.696187,
        "t_hit_p25": 1.0,
        "t_hit_median": 3.0,
        "t_hit_p75": 6.0,
        "mdd_p25": -0.6162500000000001,
        "mdd_median": -0.23909999999999998,
        "mdd_p75": -0.052724999999999994
      },
      "24": {
        "n_total": 813,
        "n_hit": 673,
        "p_hit": 0.827798,
        "t_hit_p25": 2.0,
        "t_hit_median": 4.0,
        "t_hit_p75": 9.0,
        "mdd_p25": -0.7167,
        "mdd_median": -0.3215,
        "mdd_p75": -0.0896
      },
      "36": {
        "n_total": 813,
        "n_hit": 713,
        "p_hit": 0.876999,
        "t_hit_p25": 2.0,
        "t_hit_median": 4.0,
        "t_hit_p75": 10.0,
        "mdd_p25": -0.8132,
        "mdd_median": -0.356,
        "mdd_p75": -0.0973
      },
      "48": {
        "n_total": 813,
        "n_hit": 720,
        "p_hit": 0.885609,
        "t_hit_p25": 2.0,
        "t_hit_median": 4.0,
        "t_hit_p75": 10.25,
        "mdd_p25": -0.8342749999999999,
        "mdd_median": -0.36660000000000004,
        "mdd_p75": -0.100825
      },
      "60": {
        "n_total": 813,
        "n_hit": 729,
        "p_hit": 0.896679,
        "t_hit_p25": 2.0,
        "t_hit_median": 4.0,
        "t_hit_p75": 11.0,
        "mdd_p25": -0.8481,
        "mdd_median": -0.3693,
        "mdd_p75": -0.1035
      },
      "72": {
        "n_total": 813,
        "n_hit": 742,
        "p_hit": 0.912669,
        "t_hit_p25": 2.0,
        "t_hit_median": 5.0,
        "t_hit_p75": 12.0,
        "mdd_p25": -0.9336500000000001,
        "mdd_median": -0.3811,
        "mdd_p75": -0.10500000000000001
      },
      "84": {
        "n_total": 813,
        "n_hit": 745,
        "p_hit": 0.916359,
        "t_hit_p25": 2.0,
        "t_hit_median": 5.0,
        "t_hit_p75": 12.0,
        "mdd_p25": -0.9361,
        "mdd_median": -0.385,
        "mdd_p75": -0.1056
      },
      "96": {
        "n_total": 813,
        "n_hit": 748,
        "p_hit": 0.920049,
        "t_hit_p25": 2.0,
        "t_hit_median": 5.0,
        "t_hit_p75": 12.0,
        "mdd_p25": -0.9517,
        "mdd_median": -0.38625,
        "mdd_p75": -0.10567499999999999
      }
    },
    "1.0": {
      "12": {
        "n_total": 813,
        "n_hit": 392,
        "p_hit": 0.482165,
        "t_hit_p25": 3.0,
        "t_hit_median": 5.0,
        "t_hit_p75": 8.0,
        "mdd_p25": -0.678025,
        "mdd_median": -0.24955,
        "mdd_p75": -0.06945000000000001
      },
      "24": {
        "n_total": 813,
        "n_hit": 527,
        "p_hit": 0.648216,
        "t_hit_p25": 4.0,
        "t_hit_median": 7.0,
        "t_hit_p75": 13.0,
        "mdd_p25": -0.8400000000000001,
        "mdd_median": -0.3667,
        "mdd_p75": -0.10145
      },
      "36": {
        "n_total": 813,
        "n_hit": 608,
        "p_hit": 0.747847,
        "t_hit_p25": 4.0,
        "t_hit_median": 8.0,
        "t_hit_p75": 18.0,
        "mdd_p25": -0.9904,
        "mdd_median": -0.41295000000000004,
        "mdd_p75": -0.12785000000000002
      },
      "48": {
        "n_total": 813,
        "n_hit": 643,
        "p_hit": 0.790898,
        "t_hit_p25": 4.0,
        "t_hit_median": 9.0,
        "t_hit_p75": 20.0,
        "mdd_p25": -1.0607,
        "mdd_median": -0.4317,
        "mdd_p75": -0.14129999999999998
      },
      "60": {
        "n_total": 813,
        "n_hit": 667,
        "p_hit": 0.820418,
        "t_hit_p25": 4.0,
        "t_hit_median": 9.0,
        "t_hit_p75": 21.0,
        "mdd_p25": -1.1681,
        "mdd_median": -0.4638,
        "mdd_p75": -0.14634999999999998
      },
      "72": {
        "n_total": 813,
        "n_hit": 689,
        "p_hit": 0.847478,
        "t_hit_p25": 4.0,
        "t_hit_median": 10.0,
        "t_hit_p75": 23.0,
        "mdd_p25": -1.2322,
        "mdd_median": -0.4754,
        "mdd_p75": -0.1583
      },
      "84": {
        "n_total": 813,
        "n_hit": 697,
        "p_hit": 0.857319,
        "t_hit_p25": 4.0,
        "t_hit_median": 10.0,
        "t_hit_p75": 24.0,
        "mdd_p25": -1.2628,
        "mdd_median": -0.4818,
        "mdd_p75": -0.1602
      },
      "96": {
        "n_total": 813,
        "n_hit": 703,
        "p_hit": 0.864699,
        "t_hit_p25": 4.0,
        "t_hit_median": 10.0,
        "t_hit_p75": 24.5,
        "mdd_p25": -1.2894999999999999,
        "mdd_median": -0.4872,
        "mdd_p75": -0.16165
      }
    },
    "2.0": {
      "12": {
        "n_total": 813,
        "n_hit": 170,
        "p_hit": 0.209102,
        "t_hit_p25": 4.0,
        "t_hit_median": 7.0,
        "t_hit_p75": 9.0,
        "mdd_p25": -0.6451749999999999,
        "mdd_median": -0.33704999999999996,
        "mdd_p75": -0.10170000000000001
      },
      "24": {
        "n_total": 813,
        "n_hit": 307,
        "p_hit": 0.377614,
        "t_hit_p25": 6.0,
        "t_hit_median": 11.0,
        "t_hit_p75": 17.0,
        "mdd_p25": -0.9789,
        "mdd_median": -0.4818,
        "mdd_p75": -0.1545
      },
      "36": {
        "n_total": 813,
        "n_hit": 396,
        "p_hit": 0.487085,
        "t_hit_p25": 7.0,
        "t_hit_median": 15.0,
        "t_hit_p75": 23.0,
        "mdd_p25": -0.9824499999999999,
        "mdd_median": -0.45099999999999996,
        "mdd_p75": -0.155675
      },
      "48": {
        "n_total": 813,
        "n_hit": 478,
        "p_hit": 0.587946,
        "t_hit_p25": 9.0,
        "t_hit_median": 17.5,
        "t_hit_p75": 32.0,
        "mdd_p25": -1.0922,
        "mdd_median": -0.47385,
        "mdd_p75": -0.17532499999999998
      },
      "60": {
        "n_total": 813,
        "n_hit": 530,
        "p_hit": 0.651907,
        "t_hit_p25": 10.0,
        "t_hit_median": 20.0,
        "t_hit_p75": 37.0,
        "mdd_p25": -1.194175,
        "mdd_median": -0.5065500000000001,
        "mdd_p75": -0.20452499999999998
      },
      "72": {
        "n_total": 813,
        "n_hit": 564,
        "p_hit": 0.693727,
        "t_hit_p25": 10.0,
        "t_hit_median": 21.0,
        "t_hit_p75": 41.0,
        "mdd_p25": -1.24625,
        "mdd_median": -0.5540499999999999,
        "mdd_p75": -0.22355
      },
      "84": {
        "n_total": 813,
        "n_hit": 577,
        "p_hit": 0.709717,
        "t_hit_p25": 10.0,
        "t_hit_median": 22.0,
        "t_hit_p75": 42.0,
        "mdd_p25": -1.2785,
        "mdd_median": -0.5798,
        "mdd_p75": -0.231
      },
      "96": {
        "n_total": 813,
        "n_hit": 589,
        "p_hit": 0.724477,
        "t_hit_p25": 11.0,
        "t_hit_median": 23.0,
        "t_hit_p75": 44.0,
        "mdd_p25": -1.3262,
        "mdd_median": -0.5862,
        "mdd_p75": -0.2408
      }
    },
    "3.0": {
      "12": {
        "n_total": 813,
        "n_hit": 81,
        "p_hit": 0.099631,
        "t_hit_p25": 5.0,
        "t_hit_median": 7.0,
        "t_hit_p75": 10.0,
        "mdd_p25": -0.8118,
        "mdd_median": -0.3402,
        "mdd_p75": -0.1444
      },
      "24": {
        "n_total": 813,
        "n_hit": 150,
        "p_hit": 0.184502,
        "t_hit_p25": 7.0,
        "t_hit_median": 11.5,
        "t_hit_p75": 18.75,
        "mdd_p25": -0.699175,
        "mdd_median": -0.35209999999999997,
        "mdd_p75": -0.11965
      },
      "36": {
        "n_total": 813,
        "n_hit": 227,
        "p_hit": 0.279213,
        "t_hit_p25": 10.0,
        "t_hit_median": 19.0,
        "t_hit_p75": 29.0,
        "mdd_p25": -0.81515,
        "mdd_median": -0.4117,
        "mdd_p75": -0.13440000000000002
      },
      "48": {
        "n_total": 813,
        "n_hit": 297,
        "p_hit": 0.365314,
        "t_hit_p25": 11.0,
        "t_hit_median": 24.0,