{
  "schema": "baseline_probs_v1",
  "source_labels": "data/labels/labels_v1.csv",
  "n_rows_labels": 3003,
  "thresholds": [
    0.5,
    1.0,
    2.0,
    3.0,
    5.0
  ],
  "horizons": [
    12,
    24,
    36,
    48,
    60,
    72,
    84,
    96
  ],
  "results": {
    "0.5": {
      "12": {
        "n_total": 3003,
        "n_hit": 2123,
        "p_hit": 0.70696,
        "t_hit_p25": 1.0,
        "t_hit_median": 2.0,
        "t_hit_p75": 4.0,
        "mdd_p25": -0.73065,
        "mdd_median": -0.2953,
        "mdd_p75": -0.0506
      },
      "24": {
        "n_total": 3003,
        "n_hit": 2410,
        "p_hit": 0.802531,
        "t_hit_p25": 1.0,
        "t_hit_median": 3.0,
        "t_hit_p75": 7.0,
        "mdd_p25": -0.917675,
        "mdd_median": -0.3629,
        "mdd_p75": -0.08035
      },
      "36": {
        "n_total": 3003,
        "n_hit": 2551,
        "p_hit": 0.849484,
        "t_hit_p25": 1.0,
        "t_hit_median": 3.0,
        "t_hit_p75": 8.0,
        "mdd_p25": -1.0124499999999999,
        "mdd_median": -0.4096,
        "mdd_p75": -0.09484999999999999
      },
      "48": {
        "n_total": 3003,
        "n_hit": 2604,
        "p_hit": 0.867133,
        "t_hit_p25": 1.0,
        "t_hit_median": 3.0,
        "t_hit_p75": 9.0,
        "mdd_p25": -1.108925,
        "mdd_median": -0.42275,
        "mdd_p75": -0.101525
      },
      "60": {
        "n_total": 3003,
        "n_hit": 2631,
        "p_hit": 0.876124,
        "t_hit_p25": 1.0,
        "t_hit_median": 3.0,
        "t_hit_p75": 9.0,
        "mdd_p25": -1.1489500000000001,
        "mdd_median": -0.4303,
        "mdd_p75": -0.10335
      },
      "72": {
        "n_total": 3003,
        "n_hit": 2670,
        "p_hit": 0.889111,
        "t_hit_p25": 1.0,
        "t_hit_median": 3.0,
        "t_hit_p75": 10.0,
        "mdd_p25": -1.2029750000000001,
        "mdd_median": -0.4409,
        "mdd_p75": -0.1057
      },
      "84": {
        "n_total": 3003,
        "n_hit": 2713,
        "p_hit": 0.90343,
        "t_hit_p25": 1.0,
        "t_hit_median": 3.0,
        "t_hit_p75": 10.0,
        "mdd_p25": -1.2736,
        "mdd_median": -0.4573,
        "mdd_p75": -0.1098
      },
      "96": {
        "n_total": 3003,
        "n_hit": 2742,
        "p_hit": 0.913087,
        "t_hit_p25": 1.0,
        "t_hit_median": 3.0,
        "t_hit_p75": 11.0,
        "mdd_p25": -1.33335,
        "mdd_median": -0.47104999999999997,
        "mdd_p75": -0.113625
      }
    },
    "1.0": {
      "12": {
        "n_total": 3003,
        "n_hit": 1540,
        "p_hit": 0.512821,
        "t_hit_p25": 2.0,
        "t_hit_median": 4.0,
        "t_hit_p75": 7.0,
        "mdd_p25": -0.9438500000000001,
        "mdd_median": -0.36795,
        "mdd_p75": -0.07875
      },
      "24": {
        "n_total": 3003,
        "n_hit": 1936,
        "p_hit": 0.644689,
        "t_hit_p25": 2.0,
        "t_hit_median": 5.0,
        "t_hit_p75": 11.0,
        "mdd_p25": -1.12345,
        "mdd_median": -0.4748,
        "mdd_p75": -0.127925
      },
      "36": {
        "n_total": 3003,
        "n_hit": 2172,
        "p_hit": 0.723277,
        "t_hit_p25": 3.0,
        "t_hit_median": 6.0,
        "t_hit_p75": 15.0,
        "mdd_p25": -1.3340750000000001,
        "mdd_median": -0.5388999999999999,
        "mdd_p75": -0.158875
      },
      "48": {
        "n_total": 3003,
        "n_hit": 2278,
        "p_hit": 0.758575,
        "t_hit_p25": 3.0,
        "t_hit_median": 7.0,
        "t_hit_p75": 17.0,
        "mdd_p25": -1.3906,
        "mdd_median": -0.5568,
        "mdd_p75": -0.171175
      },
      "60": {
        "n_total": 3003,
        "n_hit": 2357,
        "p_hit": 0.784882,
        "t_hit_p25": 3.0,
        "t_hit_median": 7.0,
        "t_hit_p75": 18.0,
        "mdd_p25": -1.4842,
        "mdd_median": -0.5959,
        "mdd_p75": -0.1804
      },
      "72": {
        "n_total": 3003,
        "n_hit": 2423,
        "p_hit": 0.80686,
        "t_hit_p25": 3.0,
        "t_hit_median": 8.0,
        "t_hit_p75": 20.0,
        "mdd_p25": -1.5819999999999999,
        "mdd_median": -0.6207,
        "mdd_p75": -0.19090000000000001
      },
      "84": {
        "n_total": 3003,
        "n_hit": 2483,
        "p_hit": 0.82684,
        "t_hit_p25": 3.0,
        "t_hit_median": 8.0,
        "t_hit_p75": 22.0,
        "mdd_p25": -1.6834,
        "mdd_median": -0.6584,
        "mdd_p75": -0.20165
      },
      "96": {
        "n_total": 3003,
        "n_hit": 2521,
        "p_hit": 0.839494,
        "t_hit_p25": 3.0,
        "t_hit_median": 8.0,
        "t_hit_p75": 23.0,
        "mdd_p25": -1.7542,
        "mdd_median": -0.6795,
        "mdd_p75": -0.2075
      }
    },
    "2.0": {
      "12": {
        "n_total": 3003,
        "n_hit": 735,
        "p_hit": 0.244755,
        "t_hit_p25": 3.0,
        "t_hit_median": 5.0,
        "t_hit_p75": 8.5,
        "mdd_p25": -0.97235,
        "mdd_median": -0.4097,
        "mdd_p75": -0.09085
      },
      "24": {
        "n_total": 3003,
        "n_hit": 1191,
        "p_hit": 0.396603,
        "t_hit_p25": 4.0,
        "t_hit_median": 9.0,
        "t_hit_p75": 16.0,
        "mdd_p25": -1.2727,
        "mdd_median": -0.5723,
        "mdd_p75": -0.173
      },
      "36": {
        "n_total": 3003,
        "n_hit": 1503,
        "p_hit": 0.5005,
        "t_hit_p25": 5.0,
        "t_hit_median": 13.0,
        "t_hit_p75": 23.0,
        "mdd_p25": -1.46435,
        "mdd_median": -0.6769,
        "mdd_p75": -0.21395
      },
      "48": {
        "n_total": 3003,
        "n_hit": 1710,
        "p_hit": 0.569431,
        "t_hit_p25": 6.0,
        "t_hit_median": 15.0,
        "t_hit_p75": 28.0,
        "mdd_p25": -1.56355,
        "mdd_median": -0.74545,
        "mdd_p75": -0.26032500000000003
      },
      "60": {
        "n_total": 3003,
        "n_hit": 1846,
        "p_hit": 0.614719,
        "t_hit_p25": 7.0,
        "t_hit_median": 17.0,
        "t_hit_p75": 32.0,
        "mdd_p25": -1.626325,
        "mdd_median": -0.80805,
        "mdd_p75": -0.28264999999999996
      },
      "72": {
        "n_total": 3003,
        "n_hit": 1965,
        "p_hit": 0.654346,
        "t_hit_p25": 7.0,
        "t_hit_median": 18.0,
        "t_hit_p75": 35.0,
        "mdd_p25": -1.7868,
        "mdd_median": -0.8949,
        "mdd_p75": -0.3105
      },
      "84": {
        "n_total": 3003,
        "n_hit": 2048,
        "p_hit": 0.681985,
        "t_hit_p25": 8.0,
        "t_hit_median": 19.0,
        "t_hit_p75": 38.0,
        "mdd_p25": -1.91235,
        "mdd_median": -0.9530000000000001,
        "mdd_p75": -0.32865000000000005
      },
      "96": {
        "n_total": 3003,
        "n_hit": 2124,
        "p_hit": 0.707293,
        "t_hit_p25": 8.0,
        "t_hit_median": 21.0,
        "t_hit_p75": 41.0,
        "mdd_p25": -2.055025,
        "mdd_median": -0.9934,
        "mdd_p75": -0.344675
      }
    },
    "3.0": {
      "12": {
        "n_total": 3003,
        "n_hit": 395,
        "p_hit": 0.131535,
        "t_hit_p25": 3.0,
        "t_hit_median": 6.0,
        "t_hit_p75": 9.0,
        "mdd_p25": -0.9269499999999999,
        "mdd_median": -0.3641,
        "mdd_p75": -0.09645
      },
      "24": {
        "n_total": 3003,
        "n_hit": 685,
        "p_hit": 0.228105,
        "t_hit_p25": 5.0,
        "t_hit_median": 10.0,
        "t_hit_p75": 17.0,
        "mdd_p25": -1.3396,
        "mdd_median": -0.5517,
        "mdd_p75": -0.1559
      },
      "36": {
        "n_total": 3003,
        "n_hit": 965,
        "p_hit": 0.321345,
        "t_hit_p25": 7.0,
        "t_hit_median": 16.0,
        "t_hit_p75": 26.0,
        "mdd_p25": -1.5882,
        "mdd_median": -0.6772,
        "mdd_p75": -0.2069
      },
      "48": {
        "n_total": 3003,
        "n_hit": 1188,
        "p_hit": 0.395604,
        "t_hit_p25": 9.0,
        "t_hit_median": 21.0,
        "t_hit_p75": 33.0,
        "mdd_p25": -1.7022249999999999,
        "mdd_median": -0.8031,