{
  "schema": "baseline_probs_v1",
  "source_labels": "data/labels/labels_v1.csv",
  "n_rows_labels": 2849,
  "thresholds": [
    0.5,
    1.0,
    2.0,
    3.0,
    5.0
  ],
  "horizons": [
    12,
    24,
    36,
    48,
    60,
    72,
    84,
    96
  ],
  "results": {
    "0.5": {
      "12": {
        "n_total": 2849,
        "n_hit": 1998,
        "p_hit": 0.701299,
        "t_hit_p25": 1.0,
        "t_hit_median": 2.0,
        "t_hit_p75": 4.0,
        "mdd_p25": -0.7270749999999999,
        "mdd_median": -0.29125,
        "mdd_p75": -0.049275
      },
      "24": {
        "n_total": 2849,
        "n_hit": 2273,
        "p_hit": 0.797824,
        "t_hit_p25": 1.0,
        "t_hit_median": 3.0,
        "t_hit_p75": 7.0,
        "mdd_p25": -0.9145,
        "mdd_median": -0.3594,
        "mdd_p75": -0.0803
      },
      "36": {
        "n_total": 2849,
        "n_hit": 2411,
        "p_hit": 0.846262,
        "t_hit_p25": 1.0,
        "t_hit_median": 3.0,
        "t_hit_p75": 8.0,
        "mdd_p25": -1.01445,
        "mdd_median": -0.4096,
        "mdd_p75": -0.09645000000000001
      },
      "48": {
        "n_total": 2849,
        "n_hit": 2464,
        "p_hit": 0.864865,
        "t_hit_p25": 1.0,
        "t_hit_median": 3.0,
        "t_hit_p75": 9.0,
        "mdd_p25": -1.1133000000000002,
        "mdd_median": -0.42275,
        "mdd_p75": -0.10255
      },
      "60": {
        "n_total": 2849,
        "n_hit": 2487,
        "p_hit": 0.872938,
        "t_hit_p25": 1.0,
        "t_hit_median": 3.0,
        "t_hit_p75": 9.0,
        "mdd_p25": -1.14815,
        "mdd_median": -0.429,
        "mdd_p75": -0.10414999999999999
      },
      "72": {
        "n_total": 2849,
        "n_hit": 2526,
        "p_hit": 0.886627,
        "t_hit_p25": 1.0,
        "t_hit_median": 3.0,
        "t_hit_p75": 10.0,
        "mdd_p25": -1.2029750000000001,
        "mdd_median": -0.443,
        "mdd_p75": -0.10685
      },
      "84": {
        "n_total": 2849,
        "n_hit": 2569,
        "p_hit": 0.90172,
        "t_hit_p25": 1.0,
        "t_hit_median": 3.0,
        "t_hit_p75": 10.0,
        "mdd_p25": -1.2746,
        "mdd_median": -0.4611,
        "mdd_p75": -0.1115
      },
      "96": {
        "n_total": 2849,
        "n_hit": 2598,
        "p_hit": 0.911899,
        "t_hit_p25": 1.0,
        "t_hit_median": 3.0,
        "t_hit_p75": 11.0,
        "mdd_p25": -1.3341500000000002,
        "mdd_median": -0.4732,
        "mdd_p75": -0.11625
      }
    },
    "1.0": {
      "12": {
        "n_total": 2849,
        "n_hit": 1445,
        "p_hit": 0.507196,
        "t_hit_p25": 2.0,
        "t_hit_median": 4.0,
        "t_hit_p75": 7.0,
        "mdd_p25": -0.9512,
        "mdd_median": -0.3675,
        "mdd_p75": -0.079
      },
      "24": {
        "n_total": 2849,
        "n_hit": 1815,
        "p_hit": 0.637066,
        "t_hit_p25": 2.0,
        "t_hit_median": 5.0,
        "t_hit_p75": 11.0,
        "mdd_p25": -1.1084,
        "mdd_median": -0.4726,
        "mdd_p75": -0.1277
      },
      "36": {
        "n_total": 2849,
        "n_hit": 2042,
        "p_hit": 0.716743,
        "t_hit_p25": 3.0,
        "t_hit_median": 6.0,
        "t_hit_p75": 15.0,
        "mdd_p25": -1.322975,
        "mdd_median": -0.5367999999999999,
        "mdd_p75": -0.15895
      },
      "48": {
        "n_total": 2849,
        "n_hit": 2148,
        "p_hit": 0.753949,
        "t_hit_p25": 3.0,
        "t_hit_median": 7.0,
        "t_hit_p75": 17.0,
        "mdd_p25": -1.3823500000000002,
        "mdd_median": -0.5544,
        "mdd_p75": -0.17185
      },
      "60": {
        "n_total": 2849,
        "n_hit": 2227,
        "p_hit": 0.781678,
        "t_hit_p25": 3.0,
        "t_hit_median": 7.0,
        "t_hit_p75": 19.0,
        "mdd_p25": -1.48385,
        "mdd_median": -0.5955,
        "mdd_p75": -0.1839
      },
      "72": {
        "n_total": 2849,
        "n_hit": 2292,
        "p_hit": 0.804493,
        "t_hit_p25": 3.0,
        "t_hit_median": 8.0,
        "t_hit_p75": 21.0,
        "mdd_p25": -1.58575,
        "mdd_median": -0.6193500000000001,
        "mdd_p75": -0.19465
      },
      "84": {
        "n_total": 2849,
        "n_hit": 2350,
        "p_hit": 0.824851,
        "t_hit_p25": 3.0,
        "t_hit_median": 8.0,
        "t_hit_p75": 22.0,
        "mdd_p25": -1.6870500000000002,
        "mdd_median": -0.6574,
        "mdd_p75": -0.205075
      },
      "96": {
        "n_total": 2849,
        "n_hit": 2387,
        "p_hit": 0.837838,
        "t_hit_p25": 3.0,
        "t_hit_median": 8.0,
        "t_hit_p75": 24.0,
        "mdd_p25": -1.75715,
        "mdd_median": -0.6799,
        "mdd_p75": -0.21495
      }
    },
    "2.0": {
      "12": {
        "n_total": 2849,
        "n_hit": 691,
        "p_hit": 0.242541,
        "t_hit_p25": 3.0,
        "t_hit_median": 5.0,
        "t_hit_p75": 9.0,
        "mdd_p25": -0.9734499999999999,
        "mdd_median": -0.4153,
        "mdd_p75": -0.10185
      },
      "24": {
        "n_total": 2849,
        "n_hit": 1123,
        "p_hit": 0.394173,
        "t_hit_p25": 4.0,
        "t_hit_median": 9.0,
        "t_hit_p75": 16.0,
        "mdd_p25": -1.2716500000000002,
        "mdd_median": -0.5798,
        "mdd_p75": -0.1755
      },
      "36": {
        "n_total": 2849,
        "n_hit": 1424,
        "p_hit": 0.499824,
        "t_hit_p25": 5.0,
        "t_hit_median": 13.0,
        "t_hit_p75": 23.0,
        "mdd_p25": -1.466925,
        "mdd_median": -0.6782,
        "mdd_p75": -0.2221
      },
      "48": {
        "n_total": 2849,
        "n_hit": 1614,
        "p_hit": 0.566515,
        "t_hit_p25": 6.0,
        "t_hit_median": 15.0,
        "t_hit_p75": 28.0,
        "mdd_p25": -1.562225,
        "mdd_median": -0.7342,
        "mdd_p75": -0.2654
      },
      "60": {
        "n_total": 2849,
        "n_hit": 1741,
        "p_hit": 0.611092,
        "t_hit_p25": 7.0,
        "t_hit_median": 17.0,
        "t_hit_p75": 32.0,
        "mdd_p25": -1.6177,
        "mdd_median": -0.8015,
        "mdd_p75": -0.284
      },
      "72": {
        "n_total": 2849,
        "n_hit": 1854,
        "p_hit": 0.650755,
        "t_hit_p25": 7.0,
        "t_hit_median": 18.0,
        "t_hit_p75": 35.0,
        "mdd_p25": -1.7794,
        "mdd_median": -0.8881,
        "mdd_p75": -0.312025
      },
      "84": {
        "n_total": 2849,
        "n_hit": 1935,
        "p_hit": 0.679186,
        "t_hit_p25": 8.0,
        "t_hit_median": 20.0,
        "t_hit_p75": 38.0,
        "mdd_p25": -1.9438499999999999,
        "mdd_median": -0.9497,
        "mdd_p75": -0.33004999999999995
      },
      "96": {
        "n_total": 2849,
        "n_hit": 2010,
        "p_hit": 0.705511,
        "t_hit_p25": 8.0,
        "t_hit_median": 21.0,
        "t_hit_p75": 41.0,
        "mdd_p25": -2.132975,
        "mdd_median": -0.991,
        "mdd_p75": -0.34785
      }
    },
    "3.0": {
      "12": {
        "n_total": 2849,
        "n_hit": 375,
        "p_hit": 0.131625,
        "t_hit_p25": 3.0,
        "t_hit_median": 6.0,
        "t_hit_p75": 9.0,
        "mdd_p25": -0.9269499999999999,
        "mdd_median": -0.3775,
        "mdd_p75": -0.10435
      },
      "24": {
        "n_total": 2849,
        "n_hit": 651,
        "p_hit": 0.228501,
        "t_hit_p25": 5.0,
        "t_hit_median": 10.0,
        "t_hit_p75": 17.0,
        "mdd_p25": -1.32735,
        "mdd_median": -0.5509,
        "mdd_p75": -0.1598
      },
      "36": {
        "n_total": 2849,
        "n_hit": 918,
        "p_hit": 0.322218,
        "t_hit_p25": 7.0,
        "t_hit_median": 16.0,
        "t_hit_p75": 26.0,
        "mdd_p25": -1.6081750000000001,
        "mdd_median": -0.67575,
        "mdd_p75": -0.207425
      },
      "48": {
        "n_total": 2849,
        "n_hit": 1134,
        "p_hit": 0.398034,
        "t_hit_p25": 9.0,
        "t_hit_median": 21.0,
        "t_hit_p75": 33.0,
        "mdd_p25": -1.715025,
        "mdd_median": -0.79975,