{
  "schema": "baseline_probs_v1",
  "source_labels": "data/labels/labels_v1.csv",
  "n_rows_labels": 276,
  "thresholds": [
    0.5,
    1.0,
    2.0,
    3.0,
    5.0
  ],
  "horizons": [
    12,
    24,
    36,
    48,
    60,
    72,
    84,
    96
  ],
  "results": {
    "0.5": {
      "12": {
        "n_total": 276,
        "n_hit": 198,
        "p_hit": 0.717391,
        "t_hit_p25": 1.0,
        "t_hit_median": 3.0,
        "t_hit_p75": 5.75,
        "mdd_p25": -0.716125,
        "mdd_median": -0.28815,
        "mdd_p75": -0.080425
      },
      "24": {
        "n_total": 276,
        "n_hit": 238,
        "p_hit": 0.862319,
        "t_hit_p25": 2.0,
        "t_hit_median": 4.0,
        "t_hit_p75": 10.0,
        "mdd_p25": -0.8302499999999999,
        "mdd_median": -0.3775,
        "mdd_p75": -0.10645
      },
      "36": {
        "n_total": 276,
        "n_hit": 253,
        "p_hit": 0.916667,
        "t_hit_p25": 2.0,
        "t_hit_median": 4.0,
        "t_hit_p75": 11.0,
        "mdd_p25": -0.8289,
        "mdd_median": -0.3978,
        "mdd_p75": -0.1164
      },
      "48": {
        "n_total": 276,
        "n_hit": 253,
        "p_hit": 0.916667,
        "t_hit_p25": 2.0,
        "t_hit_median": 4.0,
        "t_hit_p75": 11.0,
        "mdd_p25": -0.8289,
        "mdd_median": -0.3978,
        "mdd_p75": -0.1164
      },
      "60": {
        "n_total": 276,
        "n_hit": 259,
        "p_hit": 0.938406,
        "t_hit_p25": 2.0,
        "t_hit_median": 5.0,
        "t_hit_p75": 12.0,
        "mdd_p25": -0.91235,
        "mdd_median": -0.4191,
        "mdd_p75": -0.1231
      },
      "72": {
        "n_total": 276,
        "n_hit": 271,
        "p_hit": 0.981884,
        "t_hit_p25": 2.0,
        "t_hit_median": 5.0,
        "t_hit_p75": 13.0,
        "mdd_p25": -1.04115,
        "mdd_median": -0.4638,
        "mdd_p75": -0.1286
      },
      "84": {
        "n_total": 276,
        "n_hit": 271,
        "p_hit": 0.981884,
        "t_hit_p25": 2.0,
        "t_hit_median": 5.0,
        "t_hit_p75": 13.0,
        "mdd_p25": -1.04115,
        "mdd_median": -0.4638,
        "mdd_p75": -0.1286
      },
      "96": {
        "n_total": 276,
        "n_hit": 271,
        "p_hit": 0.981884,
        "t_hit_p25": 2.0,
        "t_hit_median": 5.0,
        "t_hit_p75": 13.0,
        "mdd_p25": -1.04115,
        "mdd_median": -0.4638,
        "mdd_p75": -0.1286
      }
    },
    "1.0": {
      "12": {
        "n_total": 276,
        "n_hit": 141,
        "p_hit": 0.51087,
        "t_hit_p25": 3.0,
        "t_hit_median": 5.0,
        "t_hit_p75": 7.0,
        "mdd_p25": -0.9298,
        "mdd_median": -0.3775,
        "mdd_p75": -0.1057
      },
      "24": {
        "n_total": 276,
        "n_hit": 184,
        "p_hit": 0.666667,
        "t_hit_p25": 3.0,
        "t_hit_median": 6.0,
        "t_hit_p75": 12.0,
        "mdd_p25": -1.228225,
        "mdd_median": -0.49545,
        "mdd_p75": -0.14495
      },
      "36": {
        "n_total": 276,
        "n_hit": 213,
        "p_hit": 0.771739,
        "t_hit_p25": 4.0,
        "t_hit_median": 7.0,
        "t_hit_p75": 18.0,
        "mdd_p25": -1.3536,
        "mdd_median": -0.4986,
        "mdd_p75": -0.1724
      },
      "48": {
        "n_total": 276,
        "n_hit": 234,
        "p_hit": 0.847826,
        "t_hit_p25": 4.0,
        "t_hit_median": 8.0,
        "t_hit_p75": 21.0,
        "mdd_p25": -1.343925,
        "mdd_median": -0.50685,
        "mdd_p75": -0.21157499999999999
      },
      "60": {
        "n_total": 276,
        "n_hit": 243,
        "p_hit": 0.880435,
        "t_hit_p25": 4.0,
        "t_hit_median": 9.0,
        "t_hit_p75": 24.0,
        "mdd_p25": -1.3672499999999999,
        "mdd_median": -0.5342,
        "mdd_p75": -0.2323
      },
      "72": {
        "n_total": 276,
        "n_hit": 258,
        "p_hit": 0.934783,
        "t_hit_p25": 5.0,
        "t_hit_median": 10.0,
        "t_hit_p75": 28.0,
        "mdd_p25": -1.565775,
        "mdd_median": -0.5540499999999999,
        "mdd_p75": -0.245425
      },
      "84": {
        "n_total": 276,
        "n_hit": 259,
        "p_hit": 0.938406,
        "t_hit_p25": 5.0,
        "t_hit_median": 10.0,
        "t_hit_p75": 28.0,
        "mdd_p25": -1.5779,
        "mdd_median": -0.5546,
        "mdd_p75": -0.24595
      },
      "96": {
        "n_total": 276,
        "n_hit": 259,
        "p_hit": 0.938406,
        "t_hit_p25": 5.0,
        "t_hit_median": 10.0,
        "t_hit_p75": 28.0,
        "mdd_p25": -1.5779,
        "mdd_median": -0.5546,
        "mdd_p75": -0.24595
      }
    },
    "2.0": {
      "12": {
        "n_total": 276,
        "n_hit": 64,
        "p_hit": 0.231884,
        "t_hit_p25": 4.0,
        "t_hit_median": 7.0,
        "t_hit_p75": 9.0,
        "mdd_p25": -1.0431249999999999,
        "mdd_median": -0.42625,
        "mdd_p75": -0.204475
      },
      "24": {
        "n_total": 276,
        "n_hit": 114,
        "p_hit": 0.413043,
        "t_hit_p25": 6.0,
        "t_hit_median": 10.5,
        "t_hit_p75": 17.0,
        "mdd_p25": -1.3813,
        "mdd_median": -0.67885,
        "mdd_p75": -0.33435
      },
      "36": {
        "n_total": 276,
        "n_hit": 147,
        "p_hit": 0.532609,
        "t_hit_p25": 8.0,
        "t_hit_median": 15.0,
        "t_hit_p75": 23.0,
        "mdd_p25": -1.34315,
        "mdd_median": -0.7615,
        "mdd_p75": -0.3363
      },
      "48": {
        "n_total": 276,
        "n_hit": 176,
        "p_hit": 0.637681,
        "t_hit_p25": 9.0,
        "t_hit_median": 18.0,
        "t_hit_p75": 31.0,
        "mdd_p25": -1.339525,
        "mdd_median": -0.81515,
        "mdd_p75": -0.36472499999999997
      },
      "60": {
        "n_total": 276,
        "n_hit": 199,
        "p_hit": 0.721014,
        "t_hit_p25": 10.0,
        "t_hit_median": 20.0,
        "t_hit_p75": 37.0,
        "mdd_p25": -1.33105,
        "mdd_median": -0.8118,
        "mdd_p75": -0.36295
      },
      "72": {
        "n_total": 276,
        "n_hit": 213,
        "p_hit": 0.771739,
        "t_hit_p25": 10.0,
        "t_hit_median": 21.0,
        "t_hit_p75": 41.0,
        "mdd_p25": -1.4081,
        "mdd_median": -0.8755,
        "mdd_p75": -0.3775
      },
      "84": {
        "n_total": 276,
        "n_hit": 222,
        "p_hit": 0.804348,
        "t_hit_p25": 10.0,
        "t_hit_median": 23.0,
        "t_hit_p75": 43.0,
        "mdd_p25": -1.501,
        "mdd_median": -0.95535,
        "mdd_p75": -0.3907
      },
      "96": {
        "n_total": 276,
        "n_hit": 227,
        "p_hit": 0.822464,
        "t_hit_p25": 10.5,
        "t_hit_median": 24.0,
        "t_hit_p75": 45.0,
        "mdd_p25": -1.5624,
        "mdd_median": -0.9684,
        "mdd_p75": -0.40305
      }
    },
    "3.0": {
      "12": {
        "n_total": 276,
        "n_hit": 40,
        "p_hit": 0.144928,
        "t_hit_p25": 5.0,
        "t_hit_median": 9.0,
        "t_hit_p75": 10.0,
        "mdd_p25": -1.228225,
        "mdd_median": -0.44155,
        "mdd_p75": -0.204475
      },
      "24": {
        "n_total": 276,
        "n_hit": 68,
        "p_hit": 0.246377,
        "t_hit_p25": 7.75,
        "t_hit_median": 10.5,
        "t_hit_p75": 18.0,
        "mdd_p25": -1.0431249999999999,
        "mdd_median": -0.54325,
        "mdd_p75": -0.2881
      },
      "36": {
        "n_total": 276,
        "n_hit": 96,
        "p_hit": 0.347826,
        "t_hit_p25": 9.0,
        "t_hit_median": 16.5,
        "t_hit_p75": 28.25,
        "mdd_p25": -1.1695000000000002,
        "mdd_median": -0.5763499999999999,
        "mdd_p75": -0.287875
      },
      "48": {
        "n_total": 276,
        "n_hit": 120,
        "p_hit": 0.434783,
        "t_hit_p25": 10.0,
        "t_hit_median": 20.5,
        "t_hit_p75": 33.0,
        "mdd_p25": -1.0147499999999998,
        "mdd_median": -0.5787,
        "mdd_p75": -0.33825
      },
      "60": {
        "n_total": 276,
        "n_hit": 142,
        "p_hit": 0.514493,