{
  "schema": "baseline_probs_v1",
  "source_labels": "data/labels/labels_v1.csv",
  "n_rows_labels": 1946,
  "thresholds": [
    0.5,
    1.0,
    2.0,
    3.0,
    5.0
  ],
  "horizons": [
    12,
    24,
    36,
    48,
    60,
    72,
    84,
    96
  ],
  "results": {
    "0.5": {
      "12": {
        "n_total": 1946,
        "n_hit": 1397,
        "p_hit": 0.717883,
        "t_hit_p25": 1.0,
        "t_hit_median": 2.0,
        "t_hit_p75": 4.0,
        "mdd_p25": -0.8003,
        "mdd_median": -0.3049,
        "mdd_p75": -0.0572
      },
      "24": {
        "n_total": 1946,
        "n_hit": 1568,
        "p_hit": 0.805755,
        "t_hit_p25": 1.0,
        "t_hit_median": 2.0,
        "t_hit_p75": 6.0,
        "mdd_p25": -0.956975,
        "mdd_median": -0.37060000000000004,
        "mdd_p75": -0.088075
      },
      "36": {
        "n_total": 1946,
        "n_hit": 1644,
        "p_hit": 0.84481,
        "t_hit_p25": 1.0,
        "t_hit_median": 3.0,
        "t_hit_p75": 7.0,
        "mdd_p25": -1.0563,
        "mdd_median": -0.40565,
        "mdd_p75": -0.10097500000000001
      },
      "48": {
        "n_total": 1946,
        "n_hit": 1678,
        "p_hit": 0.862282,
        "t_hit_p25": 1.0,
        "t_hit_median": 3.0,
        "t_hit_p75": 8.0,
        "mdd_p25": -1.148275,
        "mdd_median": -0.42005,
        "mdd_p75": -0.104375
      },
      "60": {
        "n_total": 1946,
        "n_hit": 1695,
        "p_hit": 0.871017,
        "t_hit_p25": 1.0,
        "t_hit_median": 3.0,
        "t_hit_p75": 8.0,
        "mdd_p25": -1.17655,
        "mdd_median": -0.4269,
        "mdd_p75": -0.1057
      },
      "72": {
        "n_total": 1946,
        "n_hit": 1725,
        "p_hit": 0.886434,
        "t_hit_p25": 1.0,
        "t_hit_median": 3.0,
        "t_hit_p75": 9.0,
        "mdd_p25": -1.252,
        "mdd_median": -0.4427,
        "mdd_p75": -0.1098
      },
      "84": {
        "n_total": 1946,
        "n_hit": 1755,
        "p_hit": 0.90185,
        "t_hit_p25": 1.0,
        "t_hit_median": 3.0,
        "t_hit_p75": 9.0,
        "mdd_p25": -1.33565,
        "mdd_median": -0.4653,
        "mdd_p75": -0.11645
      },
      "96": {
        "n_total": 1946,
        "n_hit": 1776,
        "p_hit": 0.912641,
        "t_hit_p25": 1.0,
        "t_hit_median": 3.0,
        "t_hit_p75": 10.0,
        "mdd_p25": -1.367925,
        "mdd_median": -0.4737,
        "mdd_p75": -0.11777499999999999
      }
    },
    "1.0": {
      "12": {
        "n_total": 1946,
        "n_hit": 1027,
        "p_hit": 0.527749,
        "t_hit_p25": 2.0,
        "t_hit_median": 4.0,
        "t_hit_p75": 7.0,
        "mdd_p25": -0.99935,
        "mdd_median": -0.3935,
        "mdd_p75": -0.08315
      },
      "24": {
        "n_total": 1946,
        "n_hit": 1251,
        "p_hit": 0.642857,
        "t_hit_p25": 2.0,
        "t_hit_median": 5.0,
        "t_hit_p75": 10.0,
        "mdd_p25": -1.20665,
        "mdd_median": -0.4798,
        "mdd_p75": -0.12869999999999998
      },
      "36": {
        "n_total": 1946,
        "n_hit": 1388,
        "p_hit": 0.713258,
        "t_hit_p25": 2.0,
        "t_hit_median": 6.0,
        "t_hit_p75": 13.0,
        "mdd_p25": -1.372625,
        "mdd_median": -0.5367999999999999,
        "mdd_p75": -0.15512499999999999
      },
      "48": {
        "n_total": 1946,
        "n_hit": 1460,
        "p_hit": 0.750257,
        "t_hit_p25": 2.0,
        "t_hit_median": 6.0,
        "t_hit_p75": 16.0,
        "mdd_p25": -1.43595,
        "mdd_median": -0.55305,
        "mdd_p75": -0.166
      },
      "60": {
        "n_total": 1946,
        "n_hit": 1525,
        "p_hit": 0.783659,
        "t_hit_p25": 3.0,
        "t_hit_median": 7.0,
        "t_hit_p75": 18.0,
        "mdd_p25": -1.5784,
        "mdd_median": -0.5984,
        "mdd_p75": -0.1735
      },
      "72": {
        "n_total": 1946,
        "n_hit": 1578,
        "p_hit": 0.810894,
        "t_hit_p25": 3.0,
        "t_hit_median": 7.0,
        "t_hit_p75": 20.0,
        "mdd_p25": -1.6914749999999998,
        "mdd_median": -0.6327499999999999,
        "mdd_p75": -0.18455
      },
      "84": {
        "n_total": 1946,
        "n_hit": 1616,
        "p_hit": 0.830421,
        "t_hit_p25": 3.0,
        "t_hit_median": 7.0,
        "t_hit_p75": 21.25,
        "mdd_p25": -1.8044000000000002,
        "mdd_median": -0.67485,
        "mdd_p75": -0.192425
      },
      "96": {
        "n_total": 1946,
        "n_hit": 1640,
        "p_hit": 0.842754,
        "t_hit_p25": 3.0,
        "t_hit_median": 7.0,
        "t_hit_p75": 23.0,
        "mdd_p25": -1.854225,
        "mdd_median": -0.69435,
        "mdd_p75": -0.20192500000000002
      }
    },
    "2.0": {
      "12": {
        "n_total": 1946,
        "n_hit": 522,
        "p_hit": 0.268243,
        "t_hit_p25": 3.0,
        "t_hit_median": 5.0,
        "t_hit_p75": 8.0,
        "mdd_p25": -1.07665,
        "mdd_median": -0.43935,
        "mdd_p75": -0.11674999999999999
      },
      "24": {
        "n_total": 1946,
        "n_hit": 808,
        "p_hit": 0.415211,
        "t_hit_p25": 4.0,
        "t_hit_median": 9.0,
        "t_hit_p75": 16.0,
        "mdd_p25": -1.383625,
        "mdd_median": -0.5972,
        "mdd_p75": -0.17454999999999998
      },
      "36": {
        "n_total": 1946,
        "n_hit": 979,
        "p_hit": 0.503083,
        "t_hit_p25": 5.0,
        "t_hit_median": 11.0,
        "t_hit_p75": 21.0,
        "mdd_p25": -1.5563500000000001,
        "mdd_median": -0.6742,
        "mdd_p75": -0.19895000000000002
      },
      "48": {
        "n_total": 1946,
        "n_hit": 1102,
        "p_hit": 0.56629,
        "t_hit_p25": 5.0,
        "t_hit_median": 14.0,
        "t_hit_p75": 26.0,
        "mdd_p25": -1.5888,
        "mdd_median": -0.7154,
        "mdd_p75": -0.23585
      },
      "60": {
        "n_total": 1946,
        "n_hit": 1192,
        "p_hit": 0.612539,
        "t_hit_p25": 6.0,
        "t_hit_median": 15.0,
        "t_hit_p75": 30.25,
        "mdd_p25": -1.6661249999999999,
        "mdd_median": -0.7949999999999999,
        "mdd_p75": -0.2654
      },
      "72": {
        "n_total": 1946,
        "n_hit": 1276,
        "p_hit": 0.655704,
        "t_hit_p25": 6.0,
        "t_hit_median": 16.5,
        "t_hit_p75": 35.0,
        "mdd_p25": -1.833425,
        "mdd_median": -0.91215,
        "mdd_p75": -0.283825
      },
      "84": {
        "n_total": 1946,
        "n_hit": 1325,
        "p_hit": 0.680884,
        "t_hit_p25": 7.0,
        "t_hit_median": 17.0,
        "t_hit_p75": 38.0,
        "mdd_p25": -2.0202,
        "mdd_median": -0.9712,
        "mdd_p75": -0.3038
      },
      "96": {
        "n_total": 1946,
        "n_hit": 1371,
        "p_hit": 0.704522,
        "t_hit_p25": 7.0,
        "t_hit_median": 18.0,
        "t_hit_p75": 41.0,
        "mdd_p25": -2.2029,
        "mdd_median": -1.0032,
        "mdd_p75": -0.31835
      }
    },
    "3.0": {
      "12": {
        "n_total": 1946,
        "n_hit": 296,
        "p_hit": 0.152107,
        "t_hit_p25": 3.0,
        "t_hit_median": 6.0,
        "t_hit_p75": 9.0,
        "mdd_p25": -0.990225,
        "mdd_median": -0.43525,
        "mdd_p75": -0.135025
      },
      "24": {
        "n_total": 1946,
        "n_hit": 486,
        "p_hit": 0.249743,
        "t_hit_p25": 5.0,
        "t_hit_median": 10.0,
        "t_hit_p75": 17.0,
        "mdd_p25": -1.337575,
        "mdd_median": -0.5540499999999999,
        "mdd_p75": -0.1688
      },
      "36": {
        "n_total": 1946,
        "n_hit": 660,
        "p_hit": 0.339157,
        "t_hit_p25": 6.0,
        "t_hit_median": 15.0,
        "t_hit_p75": 25.0,
        "mdd_p25": -1.5838,
        "mdd_median": -0.6444,
        "mdd_p75": -0.20370000000000002
      },
      "48": {
        "n_total": 1946,
        "n_hit": 784,
        "p_hit": 0.402878,
        "t_hit_p25": 7.0,
        "t_hit_median": 19.0,
        "t_hit_p75": 31.0,
        "mdd_p25": -1.660725,