{
  "schema": "baseline_probs_v1",
  "source_labels": "data/labels/labels_v1.csv",
  "n_rows_labels": 168,
  "thresholds": [
    0.5,
    1.0,
    2.0,
    3.0,
    5.0
  ],
  "horizons": [
    12,
    24,
    36,
    48,
    60,
    72,
    84,
    96
  ],
  "results": {
    "0.5": {
      "12": {
        "n_total": 168,
        "n_hit": 129,
        "p_hit": 0.767857,
        "t_hit_p25": 1.0,
        "t_hit_median": 2.0,
        "t_hit_p75": 4.0,
        "mdd_p25": -0.6805,
        "mdd_median": -0.2785,
        "mdd_p75": -0.0803
      },
      "24": {
        "n_total": 168,
        "n_hit": 149,
        "p_hit": 0.886905,
        "t_hit_p25": 1.0,
        "t_hit_median": 2.0,
        "t_hit_p75": 5.0,
        "mdd_p25": -0.8289,
        "mdd_median": -0.4103,
        "mdd_p75": -0.1041
      },
      "36": {
        "n_total": 168,
        "n_hit": 159,
        "p_hit": 0.946429,
        "t_hit_p25": 1.0,
        "t_hit_median": 3.0,
        "t_hit_p75": 7.5,
        "mdd_p25": -0.8210500000000001,
        "mdd_median": -0.4685,
        "mdd_p75": -0.1207
      },
      "48": {
        "n_total": 168,
        "n_hit": 159,
        "p_hit": 0.946429,
        "t_hit_p25": 1.0,
        "t_hit_median": 3.0,
        "t_hit_p75": 7.5,
        "mdd_p25": -0.8210500000000001,
        "mdd_median": -0.4685,
        "mdd_p75": -0.1207
      },
      "60": {
        "n_total": 168,
        "n_hit": 160,
        "p_hit": 0.952381,
        "t_hit_p25": 1.0,
        "t_hit_median": 3.0,
        "t_hit_p75": 8.25,
        "mdd_p25": -0.82935,
        "mdd_median": -0.47115,
        "mdd_p75": -0.12285
      },
      "72": {
        "n_total": 168,
        "n_hit": 163,
        "p_hit": 0.970238,
        "t_hit_p25": 1.0,
        "t_hit_median": 3.0,
        "t_hit_p75": 9.5,
        "mdd_p25": -0.8755,
        "mdd_median": -0.4842,
        "mdd_p75": -0.12585000000000002
      },
      "84": {
        "n_total": 168,
        "n_hit": 163,
        "p_hit": 0.970238,
        "t_hit_p25": 1.0,
        "t_hit_median": 3.0,
        "t_hit_p75": 9.5,
        "mdd_p25": -0.8755,
        "mdd_median": -0.4842,
        "mdd_p75": -0.12585000000000002
      },
      "96": {
        "n_total": 168,
        "n_hit": 163,
        "p_hit": 0.970238,
        "t_hit_p25": 1.0,
        "t_hit_median": 3.0,
        "t_hit_p75": 9.5,
        "mdd_p25": -0.8755,
        "mdd_median": -0.4842,
        "mdd_p75": -0.12585000000000002
      }
    },
    "1.0": {
      "12": {
        "n_total": 168,
        "n_hit": 109,
        "p_hit": 0.64881,
        "t_hit_p25": 3.0,
        "t_hit_median": 5.0,
        "t_hit_p75": 7.0,
        "mdd_p25": -0.7144,
        "mdd_median": -0.3252,
        "mdd_p75": -0.0832
      },
      "24": {
        "n_total": 168,
        "n_hit": 132,
        "p_hit": 0.785714,
        "t_hit_p25": 3.0,
        "t_hit_median": 5.0,
        "t_hit_p75": 9.0,
        "mdd_p25": -1.04325,
        "mdd_median": -0.46615,
        "mdd_p75": -0.13765
      },
      "36": {
        "n_total": 168,
        "n_hit": 136,
        "p_hit": 0.809524,
        "t_hit_p25": 3.0,
        "t_hit_median": 5.0,
        "t_hit_p75": 10.25,
        "mdd_p25": -1.1986750000000002,
        "mdd_median": -0.47885,
        "mdd_p75": -0.1432
      },
      "48": {
        "n_total": 168,
        "n_hit": 145,
        "p_hit": 0.863095,
        "t_hit_p25": 3.0,
        "t_hit_median": 6.0,
        "t_hit_p75": 12.0,
        "mdd_p25": -1.27,
        "mdd_median": -0.4986,
        "mdd_p75": -0.1651
      },
      "60": {
        "n_total": 168,
        "n_hit": 151,
        "p_hit": 0.89881,
        "t_hit_p25": 3.0,
        "t_hit_median": 6.0,
        "t_hit_p75": 14.5,
        "mdd_p25": -1.2737,
        "mdd_median": -0.5252,
        "mdd_p75": -0.16949999999999998
      },
      "72": {
        "n_total": 168,
        "n_hit": 154,
        "p_hit": 0.916667,
        "t_hit_p25": 3.0,
        "t_hit_median": 6.0,
        "t_hit_p75": 15.0,
        "mdd_p25": -1.30485,
        "mdd_median": -0.5297499999999999,
        "mdd_p75": -0.172025
      },
      "84": {
        "n_total": 168,
        "n_hit": 154,
        "p_hit": 0.916667,
        "t_hit_p25": 3.0,
        "t_hit_median": 6.0,
        "t_hit_p75": 15.0,
        "mdd_p25": -1.30485,
        "mdd_median": -0.5297499999999999,
        "mdd_p75": -0.172025
      },
      "96": {
        "n_total": 168,
        "n_hit": 154,
        "p_hit": 0.916667,
        "t_hit_p25": 3.0,
        "t_hit_median": 6.0,
        "t_hit_p75": 15.0,
        "mdd_p25": -1.30485,
        "mdd_median": -0.5297499999999999,
        "mdd_p75": -0.172025
      }
    },
    "2.0": {
      "12": {
        "n_total": 168,
        "n_hit": 55,
        "p_hit": 0.327381,
        "t_hit_p25": 4.0,
        "t_hit_median": 6.0,
        "t_hit_p75": 9.0,
        "mdd_p25": -0.9582999999999999,
        "mdd_median": -0.4103,
        "mdd_p75": -0.17365
      },
      "24": {
        "n_total": 168,
        "n_hit": 89,
        "p_hit": 0.529762,
        "t_hit_p25": 6.0,
        "t_hit_median": 10.0,
        "t_hit_p75": 17.0,
        "mdd_p25": -1.5877,
        "mdd_median": -0.6805,
        "mdd_p75": -0.247
      },
      "36": {
        "n_total": 168,
        "n_hit": 109,
        "p_hit": 0.64881,
        "t_hit_p25": 6.0,
        "t_hit_median": 12.0,
        "t_hit_p75": 21.0,
        "mdd_p25": -1.5877,
        "mdd_median": -0.9528,
        "mdd_p75": -0.3289
      },
      "48": {
        "n_total": 168,
        "n_hit": 119,
        "p_hit": 0.708333,
        "t_hit_p25": 7.0,
        "t_hit_median": 15.0,
        "t_hit_p75": 24.5,
        "mdd_p25": -1.48695,
        "mdd_median": -0.9731,
        "mdd_p75": -0.38665
      },
      "60": {
        "n_total": 168,
        "n_hit": 131,
        "p_hit": 0.779762,
        "t_hit_p25": 8.0,
        "t_hit_median": 17.0,
        "t_hit_p75": 29.5,
        "mdd_p25": -1.4757500000000001,
        "mdd_median": -0.9924,
        "mdd_p75": -0.42625
      },
      "72": {
        "n_total": 168,
        "n_hit": 132,
        "p_hit": 0.785714,
        "t_hit_p25": 8.0,
        "t_hit_median": 17.0,
        "t_hit_p75": 30.0,
        "mdd_p25": -1.4715250000000002,
        "mdd_median": -0.98425,
        "mdd_p75": -0.4322750000000001
      },
      "84": {
        "n_total": 168,
        "n_hit": 134,
        "p_hit": 0.797619,
        "t_hit_p25": 8.0,
        "t_hit_median": 17.0,
        "t_hit_p75": 30.75,
        "mdd_p25": -1.501,
        "mdd_median": -0.99805,
        "mdd_p75": -0.439925
      },
      "96": {
        "n_total": 168,
        "n_hit": 134,
        "p_hit": 0.797619,
        "t_hit_p25": 8.0,
        "t_hit_median": 17.0,
        "t_hit_p75": 30.75,
        "mdd_p25": -1.501,
        "mdd_median": -0.99805,
        "mdd_p75": -0.439925
      }
    },
    "3.0": {
      "12": {
        "n_total": 168,
        "n_hit": 34,
        "p_hit": 0.202381,
        "t_hit_p25": 5.0,
        "t_hit_median": 8.0,
        "t_hit_p75": 10.0,
        "mdd_p25": -1.370275,
        "mdd_median": -0.44155,
        "mdd_p75": -0.17777500000000002
      },
      "24": {
        "n_total": 168,
        "n_hit": 51,
        "p_hit": 0.303571,
        "t_hit_p25": 6.0,
        "t_hit_median": 10.0,
        "t_hit_p75": 16.5,
        "mdd_p25": -1.4039,
        "mdd_median": -0.5066,
        "mdd_p75": -0.20145
      },
      "36": {
        "n_total": 168,
        "n_hit": 68,
        "p_hit": 0.404762,
        "t_hit_p25": 8.0,
        "t_hit_median": 13.0,
        "t_hit_p75": 24.25,
        "mdd_p25": -1.3997,
        "mdd_median": -0.82185,
        "mdd_p75": -0.2881
      },
      "48": {
        "n_total": 168,
        "n_hit": 80,
        "p_hit": 0.47619,
        "t_hit_p25": 9.0,
        "t_hit_median": 18.0,
        "t_hit_p75": 32.0,
        "mdd_p25": -1.349825,
        "mdd_median": -0.9510000000000001,
        "mdd_p75": -0.372975
      },
      "60": {
        "n_total": 168,