{
  "schema": "baseline_probs_v1",
  "source_labels": "data/labels/labels_v1.csv",
  "n_rows_labels": 1957,
  "thresholds": [
    0.5,
    1.0,
    2.0,
    3.0,
    5.0
  ],
  "horizons": [
    12,
    24,
    36,
    48,
    60,
    72,
    84,
    96
  ],
  "results": {
    "0.5": {
      "12": {
        "n_total": 1957,
        "n_hit": 1402,
        "p_hit": 0.716403,
        "t_hit_p25": 1.0,
        "t_hit_median": 2.0,
        "t_hit_p75": 4.0,
        "mdd_p25": -0.799775,
        "mdd_median": -0.30474999999999997,
        "mdd_p75": -0.057525
      },
      "24": {
        "n_total": 1957,
        "n_hit": 1578,
        "p_hit": 0.806336,
        "t_hit_p25": 1.0,
        "t_hit_median": 2.0,
        "t_hit_p75": 6.0,
        "mdd_p25": -0.9561,
        "mdd_median": -0.37195,
        "mdd_p75": -0.090025
      },
      "36": {
        "n_total": 1957,
        "n_hit": 1654,
        "p_hit": 0.845171,
        "t_hit_p25": 1.0,
        "t_hit_median": 3.0,
        "t_hit_p75": 7.0,
        "mdd_p25": -1.051825,
        "mdd_median": -0.4077,
        "mdd_p75": -0.10177499999999999
      },
      "48": {
        "n_total": 1957,
        "n_hit": 1688,
        "p_hit": 0.862545,
        "t_hit_p25": 1.0,
        "t_hit_median": 3.0,
        "t_hit_p75": 8.0,
        "mdd_p25": -1.1420000000000001,
        "mdd_median": -0.42105,
        "mdd_p75": -0.10475000000000001
      },
      "60": {
        "n_total": 1957,
        "n_hit": 1705,
        "p_hit": 0.871231,
        "t_hit_p25": 1.0,
        "t_hit_median": 3.0,
        "t_hit_p75": 8.0,
        "mdd_p25": -1.1687,
        "mdd_median": -0.428,
        "mdd_p75": -0.1063
      },
      "72": {
        "n_total": 1957,
        "n_hit": 1736,
        "p_hit": 0.887072,
        "t_hit_p25": 1.0,
        "t_hit_median": 3.0,
        "t_hit_p75": 9.0,
        "mdd_p25": -1.247525,
        "mdd_median": -0.44445,
        "mdd_p75": -0.11059999999999999
      },
      "84": {
        "n_total": 1957,
        "n_hit": 1766,
        "p_hit": 0.902402,
        "t_hit_p25": 1.0,
        "t_hit_median": 3.0,
        "t_hit_p75": 10.0,
        "mdd_p25": -1.3301,
        "mdd_median": -0.46645000000000003,
        "mdd_p75": -0.11674999999999999
      },
      "96": {
        "n_total": 1957,
        "n_hit": 1787,
        "p_hit": 0.913132,
        "t_hit_p25": 1.0,
        "t_hit_median": 3.0,
        "t_hit_p75": 10.0,
        "mdd_p25": -1.36285,
        "mdd_median": -0.4747,
        "mdd_p75": -0.118
      }
    },
    "1.0": {
      "12": {
        "n_total": 1957,
        "n_hit": 1031,
        "p_hit": 0.526827,
        "t_hit_p25": 2.0,
        "t_hit_median": 4.0,
        "t_hit_p75": 7.0,
        "mdd_p25": -0.99895,
        "mdd_median": -0.3893,
        "mdd_p75": -0.08315
      },
      "24": {
        "n_total": 1957,
        "n_hit": 1259,
        "p_hit": 0.643332,
        "t_hit_p25": 2.0,
        "t_hit_median": 5.0,
        "t_hit_p75": 10.0,
        "mdd_p25": -1.1992,
        "mdd_median": -0.4798,
        "mdd_p75": -0.12940000000000002
      },
      "36": {
        "n_total": 1957,
        "n_hit": 1398,
        "p_hit": 0.714359,
        "t_hit_p25": 2.0,
        "t_hit_median": 6.0,
        "t_hit_p75": 13.0,
        "mdd_p25": -1.365975,
        "mdd_median": -0.5372,
        "mdd_p75": -0.1558
      },
      "48": {
        "n_total": 1957,
        "n_hit": 1470,
        "p_hit": 0.75115,
        "t_hit_p25": 2.0,
        "t_hit_median": 6.0,
        "t_hit_p75": 16.0,
        "mdd_p25": -1.424525,
        "mdd_median": -0.5540499999999999,
        "mdd_p75": -0.16749999999999998
      },
      "60": {
        "n_total": 1957,
        "n_hit": 1535,
        "p_hit": 0.784364,
        "t_hit_p25": 3.0,
        "t_hit_median": 7.0,
        "t_hit_p75": 18.0,
        "mdd_p25": -1.5678,
        "mdd_median": -0.5996,
        "mdd_p75": -0.17485
      },
      "72": {
        "n_total": 1957,
        "n_hit": 1589,
        "p_hit": 0.811957,
        "t_hit_p25": 3.0,
        "t_hit_median": 7.0,
        "t_hit_p75": 20.0,
        "mdd_p25": -1.6879,
        "mdd_median": -0.635,
        "mdd_p75": -0.186
      },
      "84": {
        "n_total": 1957,
        "n_hit": 1627,
        "p_hit": 0.831375,
        "t_hit_p25": 3.0,
        "t_hit_median": 7.0,
        "t_hit_p75": 22.0,
        "mdd_p25": -1.79485,
        "mdd_median": -0.6749,
        "mdd_p75": -0.19465
      },
      "96": {
        "n_total": 1957,
        "n_hit": 1651,
        "p_hit": 0.843638,
        "t_hit_p25": 3.0,
        "t_hit_median": 7.0,
        "t_hit_p75": 23.0,
        "mdd_p25": -1.83985,
        "mdd_median": -0.6957,
        "mdd_p75": -0.20425
      }
    },
    "2.0": {
      "12": {
        "n_total": 1957,
        "n_hit": 522,
        "p_hit": 0.266735,
        "t_hit_p25": 3.0,
        "t_hit_median": 5.0,
        "t_hit_p75": 8.0,
        "mdd_p25": -1.07665,
        "mdd_median": -0.43935,
        "mdd_p75": -0.11674999999999999
      },
      "24": {
        "n_total": 1957,
        "n_hit": 815,
        "p_hit": 0.416454,
        "t_hit_p25": 4.0,
        "t_hit_median": 9.0,
        "t_hit_p75": 16.0,
        "mdd_p25": -1.37435,
        "mdd_median": -0.5963,
        "mdd_p75": -0.17545
      },
      "36": {
        "n_total": 1957,
        "n_hit": 989,
        "p_hit": 0.505365,
        "t_hit_p25": 5.0,
        "t_hit_median": 11.0,
        "t_hit_p75": 21.0,
        "mdd_p25": -1.5504,
        "mdd_median": -0.6742,
        "mdd_p75": -0.2041
      },
      "48": {
        "n_total": 1957,
        "n_hit": 1112,
        "p_hit": 0.568217,
        "t_hit_p25": 5.0,
        "t_hit_median": 14.0,
        "t_hit_p75": 26.0,
        "mdd_p25": -1.587825,
        "mdd_median": -0.7154,
        "mdd_p75": -0.23772500000000002
      },
      "60": {
        "n_total": 1957,
        "n_hit": 1202,
        "p_hit": 0.614205,
        "t_hit_p25": 6.0,
        "t_hit_median": 15.0,
        "t_hit_p75": 30.0,
        "mdd_p25": -1.66005,
        "mdd_median": -0.7902499999999999,
        "mdd_p75": -0.26545
      },
      "72": {
        "n_total": 1957,
        "n_hit": 1286,
        "p_hit": 0.657128,
        "t_hit_p25": 6.0,
        "t_hit_median": 17.0,
        "t_hit_p75": 35.0,
        "mdd_p25": -1.82985,
        "mdd_median": -0.9063,
        "mdd_p75": -0.283475
      },
      "84": {
        "n_total": 1957,
        "n_hit": 1336,
        "p_hit": 0.682678,
        "t_hit_p25": 7.0,
        "t_hit_median": 17.0,
        "t_hit_p75": 38.0,
        "mdd_p25": -2.00155,
        "mdd_median": -0.9627,
        "mdd_p75": -0.30355
      },
      "96": {
        "n_total": 1957,
        "n_hit": 1382,
        "p_hit": 0.706183,
        "t_hit_p25": 7.0,
        "t_hit_median": 18.0,
        "t_hit_p75": 41.0,
        "mdd_p25": -2.190125,
        "mdd_median": -1.0011,
        "mdd_p75": -0.318325
      }
    },
    "3.0": {
      "12": {
        "n_total": 1957,
        "n_hit": 296,
        "p_hit": 0.151252,
        "t_hit_p25": 3.0,
        "t_hit_median": 6.0,
        "t_hit_p75": 9.0,
        "mdd_p25": -0.990225,
        "mdd_median": -0.43525,
        "mdd_p75": -0.135025
      },
      "24": {
        "n_total": 1957,
        "n_hit": 486,
        "p_hit": 0.248339,
        "t_hit_p25": 5.0,
        "t_hit_median": 10.0,
        "t_hit_p75": 17.0,
        "mdd_p25": -1.337575,
        "mdd_median": -0.5540499999999999,
        "mdd_p75": -0.1688
      },
      "36": {
        "n_total": 1957,
        "n_hit": 660,
        "p_hit": 0.337251,
        "t_hit_p25": 6.0,
        "t_hit_median": 15.0,
        "t_hit_p75": 25.0,
        "mdd_p25": -1.5838,
        "mdd_median": -0.6444,
        "mdd_p75": -0.20370000000000002
      },
      "48": {
        "n_total": 1957,
        "n_hit": 784,
        "p_hit": 0.400613,
        "t_hit_p25": 7.0,
        "t_hit_median": 19.0,
        "t_hit_p75": 31.0,
        "mdd_p25": -1.660725,
        "mdd_median": -0.7226,