{
  "schema": "baseline_probs_v1",
  "source_labels": "data/labels/labels_v1.csv",
  "n_rows_labels": 1305,
  "thresholds": [
    0.5,
    1.0,
    2.0,
    3.0,
    5.0
  ],
  "horizons": [
    12,
    24,
    36,
    48,
    60,
    72,
    84,
    96
  ],
  "results": {
    "0.5": {
      "12": {
        "n_total": 1305,
        "n_hit": 923,
        "p_hit": 0.70728,
        "t_hit_p25": 1.0,
        "t_hit_median": 2.0,
        "t_hit_p75": 5.0,
        "mdd_p25": -0.83975,
        "mdd_median": -0.2897,
        "mdd_p75": -0.0567
      },
      "24": {
        "n_total": 1305,
        "n_hit": 1057,
        "p_hit": 0.809962,
        "t_hit_p25": 1.0,
        "t_hit_median": 3.0,
        "t_hit_p75": 7.0,
        "mdd_p25": -0.9823,
        "mdd_median": -0.3692,
        "mdd_p75": -0.0896
      },
      "36": {
        "n_total": 1305,
        "n_hit": 1104,
        "p_hit": 0.845977,
        "t_hit_p25": 1.0,
        "t_hit_median": 3.0,
        "t_hit_p75": 8.0,
        "mdd_p25": -1.0063,
        "mdd_median": -0.3907,
        "mdd_p75": -0.09977499999999999
      },
      "48": {
        "n_total": 1305,
        "n_hit": 1114,
        "p_hit": 0.85364,
        "t_hit_p25": 1.0,
        "t_hit_median": 3.0,
        "t_hit_p75": 9.0,
        "mdd_p25": -1.05975,
        "mdd_median": -0.4044,
        "mdd_p75": -0.10117500000000001
      },
      "60": {
        "n_total": 1305,
        "n_hit": 1128,
        "p_hit": 0.864368,
        "t_hit_p25": 1.0,
        "t_hit_median": 3.0,
        "t_hit_p75": 9.0,
        "mdd_p25": -1.105975,
        "mdd_median": -0.4125,
        "mdd_p75": -0.10255
      },
      "72": {
        "n_total": 1305,
        "n_hit": 1152,
        "p_hit": 0.882759,
        "t_hit_p25": 1.0,
        "t_hit_median": 3.0,
        "t_hit_p75": 10.0,
        "mdd_p25": -1.1806249999999998,
        "mdd_median": -0.4289,
        "mdd_p75": -0.1054
      },
      "84": {
        "n_total": 1305,
        "n_hit": 1171,
        "p_hit": 0.897318,
        "t_hit_p25": 1.0,
        "t_hit_median": 3.0,
        "t_hit_p75": 10.0,
        "mdd_p25": -1.2528000000000001,
        "mdd_median": -0.4414,
        "mdd_p75": -0.1071
      },
      "96": {
        "n_total": 1305,
        "n_hit": 1177,
        "p_hit": 0.901916,
        "t_hit_p25": 1.0,
        "t_hit_median": 3.0,
        "t_hit_p75": 10.0,
        "mdd_p25": -1.2718,
        "mdd_median": -0.4467,
        "mdd_p75": -0.1087
      }
    },
    "1.0": {
      "12": {
        "n_total": 1305,
        "n_hit": 679,
        "p_hit": 0.520307,
        "t_hit_p25": 2.0,
        "t_hit_median": 4.0,
        "t_hit_p75": 7.0,
        "mdd_p25": -0.99895,
        "mdd_median": -0.3775,
        "mdd_p75": -0.08085
      },
      "24": {
        "n_total": 1305,
        "n_hit": 845,
        "p_hit": 0.64751,
        "t_hit_p25": 2.0,
        "t_hit_median": 5.0,
        "t_hit_p75": 11.0,
        "mdd_p25": -1.1485,
        "mdd_median": -0.4665,
        "mdd_p75": -0.1176
      },
      "36": {
        "n_total": 1305,
        "n_hit": 934,
        "p_hit": 0.715709,
        "t_hit_p25": 2.25,
        "t_hit_median": 6.0,
        "t_hit_p75": 14.0,
        "mdd_p25": -1.245975,
        "mdd_median": -0.47895,
        "mdd_p75": -0.144425
      },
      "48": {
        "n_total": 1305,
        "n_hit": 970,
        "p_hit": 0.743295,
        "t_hit_p25": 3.0,
        "t_hit_median": 7.0,
        "t_hit_p75": 16.0,
        "mdd_p25": -1.2621499999999999,
        "mdd_median": -0.48405,
        "mdd_p75": -0.15542499999999998
      },
      "60": {
        "n_total": 1305,
        "n_hit": 1007,
        "p_hit": 0.771648,
        "t_hit_p25": 3.0,
        "t_hit_median": 7.0,
        "t_hit_p75": 17.0,
        "mdd_p25": -1.35065,
        "mdd_median": -0.5158,
        "mdd_p75": -0.1605
      },
      "72": {
        "n_total": 1305,
        "n_hit": 1046,
        "p_hit": 0.801533,
        "t_hit_p25": 3.0,
        "t_hit_median": 7.0,
        "t_hit_p75": 19.0,
        "mdd_p25": -1.42065,
        "mdd_median": -0.54965,
        "mdd_p75": -0.169225
      },
      "84": {
        "n_total": 1305,
        "n_hit": 1068,
        "p_hit": 0.818391,
        "t_hit_p25": 3.0,
        "t_hit_median": 8.0,
        "t_hit_p75": 20.0,
        "mdd_p25": -1.5294,
        "mdd_median": -0.57655,
        "mdd_p75": -0.171525
      },
      "96": {
        "n_total": 1305,
        "n_hit": 1079,
        "p_hit": 0.82682,
        "t_hit_p25": 3.0,
        "t_hit_median": 8.0,
        "t_hit_p75": 21.0,
        "mdd_p25": -1.5557500000000002,
        "mdd_median": -0.5846,
        "mdd_p75": -0.17215
      }
    },
    "2.0": {
      "12": {
        "n_total": 1305,
        "n_hit": 337,
        "p_hit": 0.258238,
        "t_hit_p25": 3.0,
        "t_hit_median": 5.0,
        "t_hit_p75": 8.0,
        "mdd_p25": -1.0851,
        "mdd_median": -0.4142,
        "mdd_p75": -0.1166
      },
      "24": {
        "n_total": 1305,
        "n_hit": 532,
        "p_hit": 0.407663,
        "t_hit_p25": 4.0,
        "t_hit_median": 9.0,
        "t_hit_p75": 16.0,
        "mdd_p25": -1.2734,
        "mdd_median": -0.5744,
        "mdd_p75": -0.172275
      },
      "36": {
        "n_total": 1305,
        "n_hit": 644,
        "p_hit": 0.493487,
        "t_hit_p25": 5.0,
        "t_hit_median": 11.5,
        "t_hit_p75": 20.25,
        "mdd_p25": -1.324925,
        "mdd_median": -0.5744,
        "mdd_p75": -0.17325
      },
      "48": {
        "n_total": 1305,
        "n_hit": 736,
        "p_hit": 0.563985,
        "t_hit_p25": 6.0,
        "t_hit_median": 14.0,
        "t_hit_p75": 27.0,
        "mdd_p25": -1.3587000000000002,
        "mdd_median": -0.5850500000000001,
        "mdd_p75": -0.203925
      },
      "60": {
        "n_total": 1305,
        "n_hit": 799,
        "p_hit": 0.612261,
        "t_hit_p25": 6.0,
        "t_hit_median": 16.0,
        "t_hit_p75": 32.0,
        "mdd_p25": -1.3997,
        "mdd_median": -0.6023,
        "mdd_p75": -0.22794999999999999
      },
      "72": {
        "n_total": 1305,
        "n_hit": 849,
        "p_hit": 0.650575,
        "t_hit_p25": 7.0,
        "t_hit_median": 17.0,
        "t_hit_p75": 36.0,
        "mdd_p25": -1.4803,
        "mdd_median": -0.6831,
        "mdd_p75": -0.256
      },
      "84": {
        "n_total": 1305,
        "n_hit": 880,
        "p_hit": 0.67433,
        "t_hit_p25": 7.0,
        "t_hit_median": 18.0,
        "t_hit_p75": 39.0,
        "mdd_p25": -1.556175,
        "mdd_median": -0.76215,
        "mdd_p75": -0.26875
      },
      "96": {
        "n_total": 1305,
        "n_hit": 902,
        "p_hit": 0.691188,
        "t_hit_p25": 7.0,
        "t_hit_median": 18.0,
        "t_hit_p75": 41.0,
        "mdd_p25": -1.6007250000000002,
        "mdd_median": -0.8104,
        "mdd_p75": -0.27345
      }
    },
    "3.0": {
      "12": {
        "n_total": 1305,
        "n_hit": 168,
        "p_hit": 0.128736,
        "t_hit_p25": 3.0,
        "t_hit_median": 5.5,
        "t_hit_p75": 9.0,
        "mdd_p25": -0.9993749999999999,
        "mdd_median": -0.42374999999999996,
        "mdd_p75": -0.144475
      },
      "24": {
        "n_total": 1305,
        "n_hit": 282,
        "p_hit": 0.216092,
        "t_hit_p25": 5.0,
        "t_hit_median": 10.0,
        "t_hit_p75": 17.0,
        "mdd_p25": -1.116225,
        "mdd_median": -0.46540000000000004,
        "mdd_p75": -0.1456
      },
      "36": {
        "n_total": 1305,
        "n_hit": 385,
        "p_hit": 0.295019,
        "t_hit_p25": 6.0,
        "t_hit_median": 16.0,
        "t_hit_p75": 25.0,
        "mdd_p25": -1.1694,
        "mdd_median": -0.5427,
        "mdd_p75": -0.1696
      },
      "48": {
        "n_total": 1305,
        "n_hit": 476,
        "p_hit": 0.364751,
        "t_hit_p25": 8.0,
        "t_hit_median": 20.0,
        "t_hit_p75": 33.0,
        "mdd_p25": -1.2715750000000001,
        "mdd_median": -0.5724,
        "mdd_p75": -0.207375
      },