{
  "schema": "baseline_probs_v1",
  "source_labels": "data/labels/labels_v1.csv",
  "n_rows_labels": 1295,
  "thresholds": [
    0.5,
    1.0,
    2.0,
    3.0,
    5.0
  ],
  "horizons": [
    12,
    24,
    36,
    48,
    60,
    72,
    84,
    96
  ],
  "results": {
    "0.5": {
      "12": {
        "n_total": 1295,
        "n_hit": 920,
        "p_hit": 0.710425,
        "t_hit_p25": 1.0,
        "t_hit_median": 2.0,
        "t_hit_p75": 5.0,
        "mdd_p25": -0.838825,
        "mdd_median": -0.28900000000000003,
        "mdd_p75": -0.056425
      },
      "24": {
        "n_total": 1295,
        "n_hit": 1053,
        "p_hit": 0.813127,
        "t_hit_p25": 1.0,
        "t_hit_median": 3.0,
        "t_hit_p75": 7.0,
        "mdd_p25": -0.9774,
        "mdd_median": -0.3684,
        "mdd_p75": -0.0882
      },
      "36": {
        "n_total": 1295,
        "n_hit": 1100,
        "p_hit": 0.849421,
        "t_hit_p25": 1.0,
        "t_hit_median": 3.0,
        "t_hit_p75": 8.0,
        "mdd_p25": -1.0054500000000002,
        "mdd_median": -0.39,
        "mdd_p75": -0.097125
      },
      "48": {
        "n_total": 1295,
        "n_hit": 1110,
        "p_hit": 0.857143,
        "t_hit_p25": 1.0,
        "t_hit_median": 3.0,
        "t_hit_p75": 9.0,
        "mdd_p25": -1.0567,
        "mdd_median": -0.4031,
        "mdd_p75": -0.10092500000000001
      },
      "60": {
        "n_total": 1295,
        "n_hit": 1124,
        "p_hit": 0.867954,
        "t_hit_p25": 1.0,
        "t_hit_median": 3.0,
        "t_hit_p75": 9.0,
        "mdd_p25": -1.1020750000000001,
        "mdd_median": -0.4125,
        "mdd_p75": -0.102075
      },
      "72": {
        "n_total": 1295,
        "n_hit": 1147,
        "p_hit": 0.885714,
        "t_hit_p25": 1.0,
        "t_hit_median": 3.0,
        "t_hit_p75": 10.0,
        "mdd_p25": -1.17655,
        "mdd_median": -0.428,
        "mdd_p75": -0.1047
      },
      "84": {
        "n_total": 1295,
        "n_hit": 1165,
        "p_hit": 0.899614,
        "t_hit_p25": 1.0,
        "t_hit_median": 3.0,
        "t_hit_p75": 10.0,
        "mdd_p25": -1.2485,
        "mdd_median": -0.439,
        "mdd_p75": -0.1063
      },
      "96": {
        "n_total": 1295,
        "n_hit": 1171,
        "p_hit": 0.904247,
        "t_hit_p25": 1.0,
        "t_hit_median": 3.0,
        "t_hit_p75": 10.0,
        "mdd_p25": -1.2676500000000002,
        "mdd_median": -0.4433,
        "mdd_p75": -0.1071
      }
    },
    "1.0": {
      "12": {
        "n_total": 1295,
        "n_hit": 677,
        "p_hit": 0.52278,
        "t_hit_p25": 2.0,
        "t_hit_median": 4.0,
        "t_hit_p75": 7.0,
        "mdd_p25": -0.9986,
        "mdd_median": -0.3775,
        "mdd_p75": -0.0808
      },
      "24": {
        "n_total": 1295,
        "n_hit": 843,
        "p_hit": 0.650965,
        "t_hit_p25": 2.0,
        "t_hit_median": 5.0,
        "t_hit_p75": 11.0,
        "mdd_p25": -1.1489500000000001,
        "mdd_median": -0.4665,
        "mdd_p75": -0.1171
      },
      "36": {
        "n_total": 1295,
        "n_hit": 932,
        "p_hit": 0.719691,
        "t_hit_p25": 2.0,
        "t_hit_median": 6.0,
        "t_hit_p75": 14.0,
        "mdd_p25": -1.246775,
        "mdd_median": -0.47895,
        "mdd_p75": -0.14435
      },
      "48": {
        "n_total": 1295,
        "n_hit": 968,
        "p_hit": 0.74749,
        "t_hit_p25": 3.0,
        "t_hit_median": 7.0,
        "t_hit_p75": 16.0,
        "mdd_p25": -1.26305,
        "mdd_median": -0.48405,
        "mdd_p75": -0.15489999999999998
      },
      "60": {
        "n_total": 1295,
        "n_hit": 1005,
        "p_hit": 0.776062,
        "t_hit_p25": 3.0,
        "t_hit_median": 7.0,
        "t_hit_p75": 17.0,
        "mdd_p25": -1.3509,
        "mdd_median": -0.5158,
        "mdd_p75": -0.1602
      },
      "72": {
        "n_total": 1295,
        "n_hit": 1042,
        "p_hit": 0.804633,
        "t_hit_p25": 3.0,
        "t_hit_median": 7.0,
        "t_hit_p75": 19.0,
        "mdd_p25": -1.415475,
        "mdd_median": -0.5481,
        "mdd_p75": -0.1688
      },
      "84": {
        "n_total": 1295,
        "n_hit": 1064,
        "p_hit": 0.821622,
        "t_hit_p25": 3.0,
        "t_hit_median": 8.0,
        "t_hit_p75": 20.0,
        "mdd_p25": -1.512275,
        "mdd_median": -0.5744,
        "mdd_p75": -0.170925
      },
      "96": {
        "n_total": 1295,
        "n_hit": 1075,
        "p_hit": 0.830116,
        "t_hit_p25": 3.0,
        "t_hit_median": 8.0,
        "t_hit_p75": 21.0,
        "mdd_p25": -1.5536,
        "mdd_median": -0.5832,
        "mdd_p75": -0.1719
      }
    },
    "2.0": {
      "12": {
        "n_total": 1295,
        "n_hit": 336,
        "p_hit": 0.259459,
        "t_hit_p25": 3.0,
        "t_hit_median": 5.0,
        "t_hit_p75": 8.0,
        "mdd_p25": -1.085325,
        "mdd_median": -0.41475,
        "mdd_p75": -0.11655
      },
      "24": {
        "n_total": 1295,
        "n_hit": 531,
        "p_hit": 0.410039,
        "t_hit_p25": 4.0,
        "t_hit_median": 9.0,
        "t_hit_p75": 16.0,
        "mdd_p25": -1.275,
        "mdd_median": -0.5763,
        "mdd_p75": -0.17215
      },
      "36": {
        "n_total": 1295,
        "n_hit": 643,
        "p_hit": 0.496525,
        "t_hit_p25": 5.0,
        "t_hit_median": 12.0,
        "t_hit_p75": 20.5,
        "mdd_p25": -1.32535,
        "mdd_median": -0.5763,
        "mdd_p75": -0.173
      },
      "48": {
        "n_total": 1295,
        "n_hit": 735,
        "p_hit": 0.567568,
        "t_hit_p25": 6.0,
        "t_hit_median": 14.0,
        "t_hit_p75": 27.0,
        "mdd_p25": -1.359,
        "mdd_median": -0.5855,
        "mdd_p75": -0.20345000000000002
      },
      "60": {
        "n_total": 1295,
        "n_hit": 798,
        "p_hit": 0.616216,
        "t_hit_p25": 6.0,
        "t_hit_median": 16.0,
        "t_hit_p75": 32.0,
        "mdd_p25": -1.3997,
        "mdd_median": -0.6032,
        "mdd_p75": -0.226425
      },
      "72": {
        "n_total": 1295,
        "n_hit": 848,
        "p_hit": 0.654826,
        "t_hit_p25": 7.0,
        "t_hit_median": 17.0,
        "t_hit_p75": 36.0,
        "mdd_p25": -1.4803,
        "mdd_median": -0.69145,
        "mdd_p75": -0.2542
      },
      "84": {
        "n_total": 1295,
        "n_hit": 879,
        "p_hit": 0.678764,
        "t_hit_p25": 7.0,
        "t_hit_median": 18.0,
        "t_hit_p75": 39.0,
        "mdd_p25": -1.5563500000000001,
        "mdd_median": -0.7628,
        "mdd_p75": -0.2677
      },
      "96": {
        "n_total": 1295,
        "n_hit": 901,
        "p_hit": 0.695753,
        "t_hit_p25": 7.0,
        "t_hit_median": 18.0,
        "t_hit_p75": 41.0,
        "mdd_p25": -1.603,
        "mdd_median": -0.8118,
        "mdd_p75": -0.2731
      }
    },
    "3.0": {
      "12": {
        "n_total": 1295,
        "n_hit": 168,
        "p_hit": 0.12973,
        "t_hit_p25": 3.0,
        "t_hit_median": 5.5,
        "t_hit_p75": 9.0,
        "mdd_p25": -0.9993749999999999,
        "mdd_median": -0.42374999999999996,
        "mdd_p75": -0.144475
      },
      "24": {
        "n_total": 1295,
        "n_hit": 282,
        "p_hit": 0.217761,
        "t_hit_p25": 5.0,
        "t_hit_median": 10.0,
        "t_hit_p75": 17.0,
        "mdd_p25": -1.116225,
        "mdd_median": -0.46540000000000004,
        "mdd_p75": -0.1456
      },
      "36": {
        "n_total": 1295,
        "n_hit": 385,
        "p_hit": 0.297297,
        "t_hit_p25": 6.0,
        "t_hit_median": 16.0,
        "t_hit_p75": 25.0,
        "mdd_p25": -1.1694,
        "mdd_median": -0.5427,
        "mdd_p75": -0.1696
      },
      "48": {
        "n_total": 1295,
        "n_hit": 476,
        "p_hit": 0.367568,
        "t_hit_p25": 8.0,
        "t_hit_median": 20.0,
        "t_hit_p75": 33.0,
        "mdd_p25": -1.2715750000000001,
        "mdd_median": -0.5724,
        "mdd_p75": -0.207375
      },