{
  "schema": "baseline_probs_v1",
  "source_labels": "data/labels/labels_v1.csv",
  "n_rows_labels": 1639,
  "thresholds": [
    0.5,
    1.0,
    2.0,
    3.0,
    5.0
  ],
  "horizons": [
    12,
    24,
    36,
    48,
    60,
    72,
    84,
    96
  ],
  "results": {
    "0.5": {
      "12": {
        "n_total": 1639,
        "n_hit": 1167,
        "p_hit": 0.71202,
        "t_hit_p25": 1.0,
        "t_hit_median": 2.0,
        "t_hit_p75": 5.0,
        "mdd_p25": -0.8181499999999999,
        "mdd_median": -0.3,
        "mdd_p75": -0.05695
      },
      "24": {
        "n_total": 1639,
        "n_hit": 1317,
        "p_hit": 0.803539,
        "t_hit_p25": 1.0,
        "t_hit_median": 3.0,
        "t_hit_p75": 6.0,
        "mdd_p25": -0.9725,
        "mdd_median": -0.3693,
        "mdd_p75": -0.0882
      },
      "36": {
        "n_total": 1639,
        "n_hit": 1384,
        "p_hit": 0.844417,
        "t_hit_p25": 1.0,
        "t_hit_median": 3.0,
        "t_hit_p75": 8.0,
        "mdd_p25": -1.0623500000000001,
        "mdd_median": -0.4077,
        "mdd_p75": -0.10097500000000001
      },
      "48": {
        "n_total": 1639,
        "n_hit": 1404,
        "p_hit": 0.85662,
        "t_hit_p25": 1.0,
        "t_hit_median": 3.0,
        "t_hit_p75": 8.0,
        "mdd_p25": -1.126075,
        "mdd_median": -0.41645,
        "mdd_p75": -0.1033
      },
      "60": {
        "n_total": 1639,
        "n_hit": 1418,
        "p_hit": 0.865162,
        "t_hit_p25": 1.0,
        "t_hit_median": 3.0,
        "t_hit_p75": 8.0,
        "mdd_p25": -1.15235,
        "mdd_median": -0.42505000000000004,
        "mdd_p75": -0.10464999999999999
      },
      "72": {
        "n_total": 1639,
        "n_hit": 1447,
        "p_hit": 0.882855,
        "t_hit_p25": 1.0,
        "t_hit_median": 3.0,
        "t_hit_p75": 9.0,
        "mdd_p25": -1.2457500000000001,
        "mdd_median": -0.4414,
        "mdd_p75": -0.10815
      },
      "84": {
        "n_total": 1639,
        "n_hit": 1474,
        "p_hit": 0.899329,
        "t_hit_p25": 1.0,
        "t_hit_median": 3.0,
        "t_hit_p75": 10.0,
        "mdd_p25": -1.3241749999999999,
        "mdd_median": -0.46455,
        "mdd_p75": -0.113625
      },
      "96": {
        "n_total": 1639,
        "n_hit": 1493,
        "p_hit": 0.910921,
        "t_hit_p25": 1.0,
        "t_hit_median": 3.0,
        "t_hit_p75": 10.0,
        "mdd_p25": -1.3588,
        "mdd_median": -0.4736,
        "mdd_p75": -0.1172
      }
    },
    "1.0": {
      "12": {
        "n_total": 1639,
        "n_hit": 862,
        "p_hit": 0.52593,
        "t_hit_p25": 2.0,
        "t_hit_median": 4.0,
        "t_hit_p75": 7.0,
        "mdd_p25": -1.006725,
        "mdd_median": -0.4027,
        "mdd_p75": -0.08312499999999999
      },
      "24": {
        "n_total": 1639,
        "n_hit": 1051,
        "p_hit": 0.641245,
        "t_hit_p25": 2.0,
        "t_hit_median": 5.0,
        "t_hit_p75": 10.0,
        "mdd_p25": -1.19045,
        "mdd_median": -0.4767,
        "mdd_p75": -0.1265
      },
      "36": {
        "n_total": 1639,
        "n_hit": 1173,
        "p_hit": 0.71568,
        "t_hit_p25": 2.0,
        "t_hit_median": 6.0,
        "t_hit_p75": 13.0,
        "mdd_p25": -1.3527,
        "mdd_median": -0.5253,
        "mdd_p75": -0.1537
      },
      "48": {
        "n_total": 1639,
        "n_hit": 1227,
        "p_hit": 0.748627,
        "t_hit_p25": 2.0,
        "t_hit_median": 6.0,
        "t_hit_p75": 16.0,
        "mdd_p25": -1.37815,
        "mdd_median": -0.5426,
        "mdd_p75": -0.1611
      },
      "60": {
        "n_total": 1639,
        "n_hit": 1276,
        "p_hit": 0.778523,
        "t_hit_p25": 3.0,
        "t_hit_median": 7.0,
        "t_hit_p75": 18.0,
        "mdd_p25": -1.47655,
        "mdd_median": -0.5724,
        "mdd_p75": -0.17004999999999998
      },
      "72": {
        "n_total": 1639,
        "n_hit": 1325,
        "p_hit": 0.80842,
        "t_hit_p25": 3.0,
        "t_hit_median": 7.0,
        "t_hit_p75": 20.0,
        "mdd_p25": -1.6171,
        "mdd_median": -0.6023,
        "mdd_p75": -0.1766
      },
      "84": {
        "n_total": 1639,
        "n_hit": 1359,
        "p_hit": 0.829164,
        "t_hit_p25": 3.0,
        "t_hit_median": 7.0,
        "t_hit_p75": 22.0,
        "mdd_p25": -1.7158,
        "mdd_median": -0.629,
        "mdd_p75": -0.1855
      },
      "96": {
        "n_total": 1639,
        "n_hit": 1379,
        "p_hit": 0.841367,
        "t_hit_p25": 3.0,
        "t_hit_median": 7.0,
        "t_hit_p75": 23.0,
        "mdd_p25": -1.78485,
        "mdd_median": -0.6618,
        "mdd_p75": -0.19465
      }
    },
    "2.0": {
      "12": {
        "n_total": 1639,
        "n_hit": 439,
        "p_hit": 0.267846,
        "t_hit_p25": 2.0,
        "t_hit_median": 5.0,
        "t_hit_p75": 8.0,
        "mdd_p25": -1.1486,
        "mdd_median": -0.4448,
        "mdd_p75": -0.1222
      },
      "24": {
        "n_total": 1639,
        "n_hit": 671,
        "p_hit": 0.409396,
        "t_hit_p25": 4.0,
        "t_hit_median": 8.0,
        "t_hit_p75": 16.0,
        "mdd_p25": -1.3888500000000001,
        "mdd_median": -0.5963,
        "mdd_p75": -0.17545
      },
      "36": {
        "n_total": 1639,
        "n_hit": 821,
        "p_hit": 0.500915,
        "t_hit_p25": 5.0,
        "t_hit_median": 11.0,
        "t_hit_p75": 21.0,
        "mdd_p25": -1.5399,
        "mdd_median": -0.6385,
        "mdd_p75": -0.2025
      },
      "48": {
        "n_total": 1639,
        "n_hit": 933,
        "p_hit": 0.56925,
        "t_hit_p25": 5.0,
        "t_hit_median": 14.0,
        "t_hit_p75": 27.0,
        "mdd_p25": -1.5815,
        "mdd_median": -0.6805,
        "mdd_p75": -0.2357
      },
      "60": {
        "n_total": 1639,
        "n_hit": 1009,
        "p_hit": 0.615619,
        "t_hit_p25": 6.0,
        "t_hit_median": 16.0,
        "t_hit_p75": 32.0,
        "mdd_p25": -1.6171,
        "mdd_median": -0.7382,
        "mdd_p75": -0.2637
      },
      "72": {
        "n_total": 1639,
        "n_hit": 1079,
        "p_hit": 0.658328,
        "t_hit_p25": 6.0,
        "t_hit_median": 17.0,
        "t_hit_p75": 36.0,
        "mdd_p25": -1.78505,
        "mdd_median": -0.8631,
        "mdd_p75": -0.2796
      },
      "84": {
        "n_total": 1639,
        "n_hit": 1122,
        "p_hit": 0.684564,
        "t_hit_p25": 7.0,
        "t_hit_median": 18.0,
        "t_hit_p75": 38.75,
        "mdd_p25": -1.969575,
        "mdd_median": -0.94385,
        "mdd_p75": -0.2985
      },
      "96": {
        "n_total": 1639,
        "n_hit": 1159,
        "p_hit": 0.707138,
        "t_hit_p25": 7.0,
        "t_hit_median": 19.0,
        "t_hit_p75": 42.0,
        "mdd_p25": -2.1582999999999997,
        "mdd_median": -0.9761,
        "mdd_p75": -0.3104
      }
    },
    "3.0": {
      "12": {
        "n_total": 1639,
        "n_hit": 245,
        "p_hit": 0.149481,
        "t_hit_p25": 3.0,
        "t_hit_median": 5.0,
        "t_hit_p75": 9.0,
        "mdd_p25": -1.0611,
        "mdd_median": -0.4892,
        "mdd_p75": -0.1444
      },
      "24": {
        "n_total": 1639,
        "n_hit": 393,
        "p_hit": 0.23978,
        "t_hit_p25": 5.0,
        "t_hit_median": 9.0,
        "t_hit_p75": 17.0,
        "mdd_p25": -1.3315,
        "mdd_median": -0.5524,
        "mdd_p75": -0.1624
      },
      "36": {
        "n_total": 1639,
        "n_hit": 534,
        "p_hit": 0.325808,
        "t_hit_p25": 6.0,
        "t_hit_median": 15.0,
        "t_hit_p75": 25.0,
        "mdd_p25": -1.556525,
        "mdd_median": -0.6327499999999999,
        "mdd_p75": -0.20475
      },
      "48": {
        "n_total": 1639,
        "n_hit": 648,
        "p_hit": 0.395363,
        "t_hit_p25": 7.0,
        "t_hit_median": 19.0,
        "t_hit_p75": 32.0,
        "mdd_p25": -1.6821,
        "mdd_median": -0.7073,
        "mdd_p75": -0.257725
      },
      "60": {
        "n_total": 1639,