{
  "schema": "baseline_probs_v1",
  "source_labels": "data/labels/labels_v1.csv",
  "n_rows_labels": 204,
  "thresholds": [
    0.5,
    1.0,
    2.0,
    3.0,
    5.0
  ],
  "horizons": [
    12,
    24,
    36,
    48,
    60,
    72,
    84,
    96
  ],
  "results": {
    "0.5": {
      "12": {
        "n_total": 204,
        "n_hit": 156,
        "p_hit": 0.764706,
        "t_hit_p25": 1.0,
        "t_hit_median": 2.0,
        "t_hit_p75": 5.0,
        "mdd_p25": -0.717125,
        "mdd_median": -0.29195000000000004,
        "mdd_p75": -0.08259999999999999
      },
      "24": {
        "n_total": 204,
        "n_hit": 180,
        "p_hit": 0.882353,
        "t_hit_p25": 1.0,
        "t_hit_median": 3.0,
        "t_hit_p75": 6.25,
        "mdd_p25": -0.979025,
        "mdd_median": -0.42869999999999997,
        "mdd_p75": -0.11132500000000001
      },
      "36": {
        "n_total": 204,
        "n_hit": 191,
        "p_hit": 0.936275,
        "t_hit_p25": 1.0,
        "t_hit_median": 3.0,
        "t_hit_p75": 9.5,
        "mdd_p25": -0.98065,
        "mdd_median": -0.4872,
        "mdd_p75": -0.1231
      },
      "48": {
        "n_total": 204,
        "n_hit": 191,
        "p_hit": 0.936275,
        "t_hit_p25": 1.0,
        "t_hit_median": 3.0,
        "t_hit_p75": 9.5,
        "mdd_p25": -0.98065,
        "mdd_median": -0.4872,
        "mdd_p75": -0.1231
      },
      "60": {
        "n_total": 204,
        "n_hit": 196,
        "p_hit": 0.960784,
        "t_hit_p25": 1.0,
        "t_hit_median": 3.0,
        "t_hit_p75": 10.25,
        "mdd_p25": -1.0093,
        "mdd_median": -0.5011,
        "mdd_p75": -0.126275
      },
      "72": {
        "n_total": 204,
        "n_hit": 199,
        "p_hit": 0.97549,
        "t_hit_p25": 1.0,
        "t_hit_median": 3.0,
        "t_hit_p75": 11.0,
        "mdd_p25": -1.0664,
        "mdd_median": -0.5066,
        "mdd_p75": -0.12835000000000002
      },
      "84": {
        "n_total": 204,
        "n_hit": 199,
        "p_hit": 0.97549,
        "t_hit_p25": 1.0,
        "t_hit_median": 3.0,
        "t_hit_p75": 11.0,
        "mdd_p25": -1.0664,
        "mdd_median": -0.5066,
        "mdd_p75": -0.12835000000000002
      },
      "96": {
        "n_total": 204,
        "n_hit": 199,
        "p_hit": 0.97549,
        "t_hit_p25": 1.0,
        "t_hit_median": 3.0,
        "t_hit_p75": 11.0,
        "mdd_p25": -1.0664,
        "mdd_median": -0.5066,
        "mdd_p75": -0.12835000000000002
      }
    },
    "1.0": {
      "12": {
        "n_total": 204,
        "n_hit": 123,
        "p_hit": 0.602941,
        "t_hit_p25": 2.5,
        "t_hit_median": 5.0,
        "t_hit_p75": 7.0,
        "mdd_p25": -0.8298,
        "mdd_median": -0.3252,
        "mdd_p75": -0.08199999999999999
      },
      "24": {
        "n_total": 204,
        "n_hit": 152,
        "p_hit": 0.745098,
        "t_hit_p25": 3.0,
        "t_hit_median": 5.5,
        "t_hit_p75": 10.25,
        "mdd_p25": -1.3173249999999999,
        "mdd_median": -0.48405,
        "mdd_p75": -0.13765
      },
      "36": {
        "n_total": 204,
        "n_hit": 166,
        "p_hit": 0.813725,
        "t_hit_p25": 3.0,
        "t_hit_median": 6.0,
        "t_hit_p75": 13.0,
        "mdd_p25": -1.445,
        "mdd_median": -0.52525,
        "mdd_p75": -0.162325
      },
      "48": {
        "n_total": 204,
        "n_hit": 177,
        "p_hit": 0.867647,
        "t_hit_p25": 3.0,
        "t_hit_median": 7.0,
        "t_hit_p75": 16.0,
        "mdd_p25": -1.4601,
        "mdd_median": -0.5546,
        "mdd_p75": -0.1719
      },
      "60": {
        "n_total": 204,
        "n_hit": 184,
        "p_hit": 0.901961,
        "t_hit_p25": 4.0,
        "t_hit_median": 7.0,
        "t_hit_p75": 19.0,
        "mdd_p25": -1.4711500000000002,
        "mdd_median": -0.6247,
        "mdd_p75": -0.17427499999999999
      },
      "72": {
        "n_total": 204,
        "n_hit": 187,
        "p_hit": 0.916667,
        "t_hit_p25": 4.0,
        "t_hit_median": 7.0,
        "t_hit_p75": 19.0,
        "mdd_p25": -1.5327,
        "mdd_median": -0.6564,
        "mdd_p75": -0.18295
      },
      "84": {
        "n_total": 204,
        "n_hit": 187,
        "p_hit": 0.916667,
        "t_hit_p25": 4.0,
        "t_hit_median": 7.0,
        "t_hit_p75": 19.0,
        "mdd_p25": -1.5327,
        "mdd_median": -0.6564,
        "mdd_p75": -0.18295
      },
      "96": {
        "n_total": 204,
        "n_hit": 187,
        "p_hit": 0.916667,
        "t_hit_p25": 4.0,
        "t_hit_median": 7.0,
        "t_hit_p75": 19.0,
        "mdd_p25": -1.5327,
        "mdd_median": -0.6564,
        "mdd_p75": -0.18295
      }
    },
    "2.0": {
      "12": {
        "n_total": 204,
        "n_hit": 55,
        "p_hit": 0.269608,
        "t_hit_p25": 4.0,
        "t_hit_median": 6.0,
        "t_hit_p75": 9.0,
        "mdd_p25": -0.9582999999999999,
        "mdd_median": -0.4103,
        "mdd_p75": -0.17365
      },
      "24": {
        "n_total": 204,
        "n_hit": 94,
        "p_hit": 0.460784,
        "t_hit_p25": 6.0,
        "t_hit_median": 10.0,
        "t_hit_p75": 17.0,
        "mdd_p25": -1.534225,
        "mdd_median": -0.7584500000000001,
        "mdd_p75": -0.27770000000000006
      },
      "36": {
        "n_total": 204,
        "n_hit": 117,
        "p_hit": 0.573529,
        "t_hit_p25": 7.0,
        "t_hit_median": 14.0,
        "t_hit_p75": 21.0,
        "mdd_p25": -1.4673,
        "mdd_median": -0.9532,
        "mdd_p75": -0.3775
      },
      "48": {
        "n_total": 204,
        "n_hit": 134,
        "p_hit": 0.656863,
        "t_hit_p25": 8.0,
        "t_hit_median": 16.0,
        "t_hit_p75": 28.0,
        "mdd_p25": -1.4606999999999999,
        "mdd_median": -1.0030999999999999,
        "mdd_p75": -0.439925
      },
      "60": {
        "n_total": 204,
        "n_hit": 147,
        "p_hit": 0.720588,
        "t_hit_p25": 8.0,
        "t_hit_median": 18.0,
        "t_hit_p75": 33.0,
        "mdd_p25": -1.46385,
        "mdd_median": -1.0361,
        "mdd_p75": -0.5204
      },
      "72": {
        "n_total": 204,
        "n_hit": 148,
        "p_hit": 0.72549,
        "t_hit_p25": 8.0,
        "t_hit_median": 18.0,
        "t_hit_p75": 33.25,
        "mdd_p25": -1.462375,
        "mdd_median": -1.0265499999999999,
        "mdd_p75": -0.5273
      },
      "84": {
        "n_total": 204,
        "n_hit": 150,
        "p_hit": 0.735294,
        "t_hit_p25": 8.25,
        "t_hit_median": 18.0,
        "t_hit_p75": 34.0,
        "mdd_p25": -1.4671750000000001,
        "mdd_median": -1.03775,
        "mdd_p75": -0.53635
      },
      "96": {
        "n_total": 204,
        "n_hit": 155,
        "p_hit": 0.759804,
        "t_hit_p25": 9.0,
        "t_hit_median": 19.0,
        "t_hit_p75": 35.5,
        "mdd_p25": -1.5492,
        "mdd_median": -1.1067,
        "mdd_p75": -0.5481499999999999
      }
    },
    "3.0": {
      "12": {
        "n_total": 204,
        "n_hit": 34,
        "p_hit": 0.166667,
        "t_hit_p25": 5.0,
        "t_hit_median": 8.0,
        "t_hit_p75": 10.0,
        "mdd_p25": -1.370275,
        "mdd_median": -0.44155,
        "mdd_p75": -0.17777500000000002
      },
      "24": {
        "n_total": 204,
        "n_hit": 51,
        "p_hit": 0.25,
        "t_hit_p25": 6.0,
        "t_hit_median": 10.0,
        "t_hit_p75": 16.5,
        "mdd_p25": -1.4039,
        "mdd_median": -0.5066,
        "mdd_p75": -0.20145
      },
      "36": {
        "n_total": 204,
        "n_hit": 68,
        "p_hit": 0.333333,
        "t_hit_p25": 8.0,
        "t_hit_median": 13.0,
        "t_hit_p75": 24.25,
        "mdd_p25": -1.3997,
        "mdd_median": -0.82185,
        "mdd_p75": -0.2881
      },
      "48": {
        "n_total": 204,
        "n_hit": 80,
        "p_hit": 0.392157,
        "t_hit_p25": 9.0,
        "t_hit_median": 18.0,
        "t_hit_p75": 32.0,
        "mdd_p25": -1.349825,
        "mdd_median": -0.9510000000000001,