{
  "schema": "baseline_probs_v1",
  "source_labels": "data/labels/labels_v1.csv",
  "n_rows_labels": 186,
  "thresholds": [
    0.5,
    1.0,
    2.0,
    3.0,
    5.0
  ],
  "horizons": [
    12,
    24,
    36,
    48,
    60,
    72,
    84,
    96
  ],
  "results": {
    "0.5": {
      "12": {
        "n_total": 186,
        "n_hit": 141,
        "p_hit": 0.758065,
        "t_hit_p25": 1.0,
        "t_hit_median": 2.0,
        "t_hit_p75": 4.0,
        "mdd_p25": -0.7144,
        "mdd_median": -0.2857,
        "mdd_p75": -0.0803
      },
      "24": {
        "n_total": 186,
        "n_hit": 163,
        "p_hit": 0.876344,
        "t_hit_p25": 1.0,
        "t_hit_median": 3.0,
        "t_hit_p75": 5.0,
        "mdd_p25": -0.91235,
        "mdd_median": -0.4142,
        "mdd_p75": -0.0998
      },
      "36": {
        "n_total": 186,
        "n_hit": 173,
        "p_hit": 0.930108,
        "t_hit_p25": 1.0,
        "t_hit_median": 3.0,
        "t_hit_p75": 9.0,
        "mdd_p25": -0.8949,
        "mdd_median": -0.4738,
        "mdd_p75": -0.1132
      },
      "48": {
        "n_total": 186,
        "n_hit": 173,
        "p_hit": 0.930108,
        "t_hit_p25": 1.0,
        "t_hit_median": 3.0,
        "t_hit_p75": 9.0,
        "mdd_p25": -0.8949,
        "mdd_median": -0.4738,
        "mdd_p75": -0.1132
      },
      "60": {
        "n_total": 186,
        "n_hit": 178,
        "p_hit": 0.956989,
        "t_hit_p25": 1.0,
        "t_hit_median": 3.0,
        "t_hit_p75": 10.75,
        "mdd_p25": -0.9944,
        "mdd_median": -0.48975,
        "mdd_p75": -0.11855
      },
      "72": {
        "n_total": 186,
        "n_hit": 181,
        "p_hit": 0.973118,
        "t_hit_p25": 1.0,
        "t_hit_median": 3.0,
        "t_hit_p75": 11.0,
        "mdd_p25": -1.0056,
        "mdd_median": -0.4986,
        "mdd_p75": -0.125
      },
      "84": {
        "n_total": 186,
        "n_hit": 181,
        "p_hit": 0.973118,
        "t_hit_p25": 1.0,
        "t_hit_median": 3.0,
        "t_hit_p75": 11.0,
        "mdd_p25": -1.0056,
        "mdd_median": -0.4986,
        "mdd_p75": -0.125
      },
      "96": {
        "n_total": 186,
        "n_hit": 181,
        "p_hit": 0.973118,
        "t_hit_p25": 1.0,
        "t_hit_median": 3.0,
        "t_hit_p75": 11.0,
        "mdd_p25": -1.0056,
        "mdd_median": -0.4986,
        "mdd_p75": -0.125
      }
    },
    "1.0": {
      "12": {
        "n_total": 186,
        "n_hit": 118,
        "p_hit": 0.634409,
        "t_hit_p25": 2.25,
        "t_hit_median": 5.0,
        "t_hit_p75": 7.0,
        "mdd_p25": -0.83535,
        "mdd_median": -0.32655,
        "mdd_p75": -0.0814
      },
      "24": {
        "n_total": 186,
        "n_hit": 142,
        "p_hit": 0.763441,
        "t_hit_p25": 3.0,
        "t_hit_median": 5.0,
        "t_hit_p75": 9.0,
        "mdd_p25": -1.19195,
        "mdd_median": -0.47115,
        "mdd_p75": -0.12625
      },
      "36": {
        "n_total": 186,
        "n_hit": 148,
        "p_hit": 0.795699,
        "t_hit_p25": 3.0,
        "t_hit_median": 6.0,
        "t_hit_p75": 11.0,
        "mdd_p25": -1.24015,
        "mdd_median": -0.4857,
        "mdd_p75": -0.13765
      },
      "48": {
        "n_total": 186,
        "n_hit": 159,
        "p_hit": 0.854839,
        "t_hit_p25": 3.0,
        "t_hit_median": 6.0,
        "t_hit_p75": 13.0,
        "mdd_p25": -1.32835,
        "mdd_median": -0.5252,
        "mdd_p75": -0.15515
      },
      "60": {
        "n_total": 186,
        "n_hit": 166,
        "p_hit": 0.892473,
        "t_hit_p25": 3.0,
        "t_hit_median": 6.0,
        "t_hit_p75": 15.0,
        "mdd_p25": -1.3608,
        "mdd_median": -0.5423,
        "mdd_p75": -0.1683
      },
      "72": {
        "n_total": 186,
        "n_hit": 169,
        "p_hit": 0.908602,
        "t_hit_p25": 3.0,
        "t_hit_median": 7.0,
        "t_hit_p75": 16.0,
        "mdd_p25": -1.3721,
        "mdd_median": -0.5535,
        "mdd_p75": -0.1719
      },
      "84": {
        "n_total": 186,
        "n_hit": 169,
        "p_hit": 0.908602,
        "t_hit_p25": 3.0,
        "t_hit_median": 7.0,
        "t_hit_p75": 16.0,
        "mdd_p25": -1.3721,
        "mdd_median": -0.5535,
        "mdd_p75": -0.1719
      },
      "96": {
        "n_total": 186,
        "n_hit": 169,
        "p_hit": 0.908602,
        "t_hit_p25": 3.0,
        "t_hit_median": 7.0,
        "t_hit_p75": 16.0,
        "mdd_p25": -1.3721,
        "mdd_median": -0.5535,
        "mdd_p75": -0.1719
      }
    },
    "2.0": {
      "12": {
        "n_total": 186,
        "n_hit": 55,
        "p_hit": 0.295699,
        "t_hit_p25": 4.0,
        "t_hit_median": 6.0,
        "t_hit_p75": 9.0,
        "mdd_p25": -0.9582999999999999,
        "mdd_median": -0.4103,
        "mdd_p75": -0.17365
      },
      "24": {
        "n_total": 186,
        "n_hit": 89,
        "p_hit": 0.478495,
        "t_hit_p25": 6.0,
        "t_hit_median": 10.0,
        "t_hit_p75": 17.0,
        "mdd_p25": -1.5877,
        "mdd_median": -0.6805,
        "mdd_p75": -0.247
      },
      "36": {
        "n_total": 186,
        "n_hit": 112,
        "p_hit": 0.602151,
        "t_hit_p25": 6.75,
        "t_hit_median": 13.0,
        "t_hit_p75": 21.25,
        "mdd_p25": -1.56445,
        "mdd_median": -0.9510000000000001,
        "mdd_p75": -0.351775
      },
      "48": {
        "n_total": 186,
        "n_hit": 129,
        "p_hit": 0.693548,
        "t_hit_p25": 8.0,
        "t_hit_median": 16.0,
        "t_hit_p75": 29.0,
        "mdd_p25": -1.4668,
        "mdd_median": -0.9924,
        "mdd_p75": -0.4142
      },
      "60": {
        "n_total": 186,
        "n_hit": 142,
        "p_hit": 0.763441,
        "t_hit_p25": 8.0,
        "t_hit_median": 18.5,
        "t_hit_p75": 33.75,
        "mdd_p25": -1.4671750000000001,
        "mdd_median": -1.0154999999999998,
        "mdd_p75": -0.5006
      },
      "72": {
        "n_total": 186,
        "n_hit": 143,
        "p_hit": 0.768817,
        "t_hit_p25": 8.0,
        "t_hit_median": 19.0,
        "t_hit_p75": 34.0,
        "mdd_p25": -1.46705,
        "mdd_median": -1.014,
        "mdd_p75": -0.5026
      },
      "84": {
        "n_total": 186,
        "n_hit": 145,
        "p_hit": 0.77957,
        "t_hit_p25": 8.0,
        "t_hit_median": 19.0,
        "t_hit_p75": 35.0,
        "mdd_p25": -1.4842,
        "mdd_median": -1.017,
        "mdd_p75": -0.5066
      },
      "96": {
        "n_total": 186,
        "n_hit": 145,
        "p_hit": 0.77957,
        "t_hit_p25": 8.0,
        "t_hit_median": 19.0,
        "t_hit_p75": 35.0,
        "mdd_p25": -1.4842,
        "mdd_median": -1.017,
        "mdd_p75": -0.5066
      }
    },
    "3.0": {
      "12": {
        "n_total": 186,
        "n_hit": 34,
        "p_hit": 0.182796,
        "t_hit_p25": 5.0,
        "t_hit_median": 8.0,
        "t_hit_p75": 10.0,
        "mdd_p25": -1.370275,
        "mdd_median": -0.44155,
        "mdd_p75": -0.17777500000000002
      },
      "24": {
        "n_total": 186,
        "n_hit": 51,
        "p_hit": 0.274194,
        "t_hit_p25": 6.0,
        "t_hit_median": 10.0,
        "t_hit_p75": 16.5,
        "mdd_p25": -1.4039,
        "mdd_median": -0.5066,
        "mdd_p75": -0.20145
      },
      "36": {
        "n_total": 186,
        "n_hit": 68,
        "p_hit": 0.365591,
        "t_hit_p25": 8.0,
        "t_hit_median": 13.0,
        "t_hit_p75": 24.25,
        "mdd_p25": -1.3997,
        "mdd_median": -0.82185,
        "mdd_p75": -0.2881
      },
      "48": {
        "n_total": 186,
        "n_hit": 80,
        "p_hit": 0.430108,
        "t_hit_p25": 9.0,
        "t_hit_median": 18.0,
        "t_hit_p75": 32.0,
        "mdd_p25": -1.349825,
        "mdd_median": -0.9510000000000001,
        "mdd_p75": -0.372975
      },
      "60": {
        "n_total": 186,
        "n_hit": 92,
        "p_hit": 0.494624,
        "t_hit_p25": 10.0,
        "t_hit_median": 20.5,
        "t_hit_p75": 37.25,