{
  "schema": "baseline_probs_v1",
  "source_labels": "data/labels/labels_v1.csv",
  "n_rows_labels": 2653,
  "thresholds": [
    0.5,
    1.0,
    2.0,
    3.0,
    5.0
  ],
  "horizons": [
    12,
    24,
    36,
    48,
    60,
    72,
    84,
    96
  ],
  "results": {
    "0.5": {
      "12": {
        "n_total": 2653,
        "n_hit": 1882,
        "p_hit": 0.709386,
        "t_hit_p25": 1.0,
        "t_hit_median": 2.0,
        "t_hit_p75": 4.0,
        "mdd_p25": -0.7219249999999999,
        "mdd_median": -0.29125,
        "mdd_p75": -0.050675
      },
      "24": {
        "n_total": 2653,
        "n_hit": 2141,
        "p_hit": 0.807011,
        "t_hit_p25": 1.0,
        "t_hit_median": 3.0,
        "t_hit_p75": 7.0,
        "mdd_p25": -0.9087,
        "mdd_median": -0.3584,
        "mdd_p75": -0.0808
      },
      "36": {
        "n_total": 2653,
        "n_hit": 2270,
        "p_hit": 0.855635,
        "t_hit_p25": 1.0,
        "t_hit_median": 3.0,
        "t_hit_p75": 8.0,
        "mdd_p25": -1.002075,
        "mdd_median": -0.40565,
        "mdd_p75": -0.097375
      },
      "48": {
        "n_total": 2653,
        "n_hit": 2315,
        "p_hit": 0.872597,
        "t_hit_p25": 1.0,
        "t_hit_median": 3.0,
        "t_hit_p75": 9.0,
        "mdd_p25": -1.0859,
        "mdd_median": -0.4181,
        "mdd_p75": -0.10239999999999999
      },
      "60": {
        "n_total": 2653,
        "n_hit": 2338,
        "p_hit": 0.881266,
        "t_hit_p25": 1.0,
        "t_hit_median": 3.0,
        "t_hit_p75": 9.0,
        "mdd_p25": -1.14395,
        "mdd_median": -0.42605,
        "mdd_p75": -0.10412500000000001
      },
      "72": {
        "n_total": 2653,
        "n_hit": 2377,
        "p_hit": 0.895967,
        "t_hit_p25": 1.0,
        "t_hit_median": 3.0,
        "t_hit_p75": 10.0,
        "mdd_p25": -1.1929,
        "mdd_median": -0.4404,
        "mdd_p75": -0.1076
      },
      "84": {
        "n_total": 2653,
        "n_hit": 2420,
        "p_hit": 0.912175,
        "t_hit_p25": 1.0,
        "t_hit_median": 3.0,
        "t_hit_p75": 10.0,
        "mdd_p25": -1.2755,
        "mdd_median": -0.45594999999999997,
        "mdd_p75": -0.11230000000000001
      },
      "96": {
        "n_total": 2653,
        "n_hit": 2449,
        "p_hit": 0.923106,
        "t_hit_p25": 1.0,
        "t_hit_median": 3.0,
        "t_hit_p75": 11.0,
        "mdd_p25": -1.3343,
        "mdd_median": -0.4718,
        "mdd_p75": -0.1166
      }
    },
    "1.0": {
      "12": {
        "n_total": 2653,
        "n_hit": 1390,
        "p_hit": 0.523935,
        "t_hit_p25": 2.0,
        "t_hit_median": 4.0,
        "t_hit_p75": 7.0,
        "mdd_p25": -0.952475,
        "mdd_median": -0.3684,
        "mdd_p75": -0.08082500000000001
      },
      "24": {
        "n_total": 2653,
        "n_hit": 1726,
        "p_hit": 0.650584,
        "t_hit_p25": 2.0,
        "t_hit_median": 5.0,
        "t_hit_p75": 10.0,
        "mdd_p25": -1.1037,
        "mdd_median": -0.46965,
        "mdd_p75": -0.1289
      },
      "36": {
        "n_total": 2653,
        "n_hit": 1947,
        "p_hit": 0.733886,
        "t_hit_p25": 3.0,
        "t_hit_median": 6.0,
        "t_hit_p75": 15.0,
        "mdd_p25": -1.3255,
        "mdd_median": -0.5342,
        "mdd_p75": -0.1605
      },
      "48": {
        "n_total": 2653,
        "n_hit": 2049,
        "p_hit": 0.772333,
        "t_hit_p25": 3.0,
        "t_hit_median": 7.0,
        "t_hit_p75": 17.0,
        "mdd_p25": -1.3803,
        "mdd_median": -0.5513,
        "mdd_p75": -0.1724
      },
      "60": {
        "n_total": 2653,
        "n_hit": 2126,
        "p_hit": 0.801357,
        "t_hit_p25": 3.0,
        "t_hit_median": 7.0,
        "t_hit_p75": 19.0,
        "mdd_p25": -1.4803,
        "mdd_median": -0.5885,
        "mdd_p75": -0.185075
      },
      "72": {
        "n_total": 2653,
        "n_hit": 2191,
        "p_hit": 0.825858,
        "t_hit_p25": 3.0,
        "t_hit_median": 8.0,
        "t_hit_p75": 21.0,
        "mdd_p25": -1.5863999999999998,
        "mdd_median": -0.6163,
        "mdd_p75": -0.19535
      },
      "84": {
        "n_total": 2653,
        "n_hit": 2249,
        "p_hit": 0.84772,
        "t_hit_p25": 3.0,
        "t_hit_median": 8.0,
        "t_hit_p75": 23.0,
        "mdd_p25": -1.6879,
        "mdd_median": -0.6522,
        "mdd_p75": -0.2086
      },
      "96": {
        "n_total": 2653,
        "n_hit": 2286,
        "p_hit": 0.861666,
        "t_hit_p25": 3.0,
        "t_hit_median": 8.0,
        "t_hit_p75": 24.0,
        "mdd_p25": -1.7597,
        "mdd_median": -0.6770499999999999,
        "mdd_p75": -0.21875
      }
    },
    "2.0": {
      "12": {
        "n_total": 2653,
        "n_hit": 673,
        "p_hit": 0.253675,
        "t_hit_p25": 3.0,
        "t_hit_median": 5.0,
        "t_hit_p75": 9.0,
        "mdd_p25": -0.9787,
        "mdd_median": -0.4167,
        "mdd_p75": -0.1092
      },
      "24": {
        "n_total": 2653,
        "n_hit": 1086,
        "p_hit": 0.409348,
        "t_hit_p25": 4.0,
        "t_hit_median": 9.0,
        "t_hit_p75": 16.0,
        "mdd_p25": -1.28195,
        "mdd_median": -0.5789,
        "mdd_p75": -0.17995
      },
      "36": {
        "n_total": 2653,
        "n_hit": 1379,
        "p_hit": 0.519789,
        "t_hit_p25": 5.0,
        "t_hit_median": 13.0,
        "t_hit_p75": 23.0,
        "mdd_p25": -1.4713,
        "mdd_median": -0.6769,
        "mdd_p75": -0.22525
      },
      "48": {
        "n_total": 2653,
        "n_hit": 1568,
        "p_hit": 0.591029,
        "t_hit_p25": 6.0,
        "t_hit_median": 15.0,
        "t_hit_p75": 28.0,
        "mdd_p25": -1.564575,
        "mdd_median": -0.7311,
        "mdd_p75": -0.26875
      },
      "60": {
        "n_total": 2653,
        "n_hit": 1695,
        "p_hit": 0.638899,
        "t_hit_p25": 7.0,
        "t_hit_median": 17.0,
        "t_hit_p75": 32.0,
        "mdd_p25": -1.6186500000000001,
        "mdd_median": -0.803,
        "mdd_p75": -0.28795000000000004
      },
      "72": {
        "n_total": 2653,
        "n_hit": 1806,
        "p_hit": 0.680739,
        "t_hit_p25": 7.0,
        "t_hit_median": 18.0,
        "t_hit_p75": 35.0,
        "mdd_p25": -1.7794,
        "mdd_median": -0.8887499999999999,
        "mdd_p75": -0.3126
      },
      "84": {
        "n_total": 2653,
        "n_hit": 1887,
        "p_hit": 0.71127,
        "t_hit_p25": 8.0,
        "t_hit_median": 20.0,
        "t_hit_p75": 39.0,
        "mdd_p25": -1.9438499999999999,
        "mdd_median": -0.9542,
        "mdd_p75": -0.3356
      },
      "96": {
        "n_total": 2653,
        "n_hit": 1962,
        "p_hit": 0.73954,
        "t_hit_p25": 8.0,
        "t_hit_median": 21.0,
        "t_hit_p75": 42.0,
        "mdd_p25": -2.1382250000000003,
        "mdd_median": -0.9963,
        "mdd_p75": -0.34875
      }
    },
    "3.0": {
      "12": {
        "n_total": 2653,
        "n_hit": 366,
        "p_hit": 0.137957,
        "t_hit_p25": 3.0,
        "t_hit_median": 6.0,
        "t_hit_p75": 9.0,
        "mdd_p25": -0.9551249999999999,
        "mdd_median": -0.39339999999999997,
        "mdd_p75": -0.11019999999999999
      },
      "24": {
        "n_total": 2653,
        "n_hit": 633,
        "p_hit": 0.238598,
        "t_hit_p25": 5.0,
        "t_hit_median": 10.0,
        "t_hit_p75": 17.0,
        "mdd_p25": -1.3223,
        "mdd_median": -0.5524,
        "mdd_p75": -0.1663
      },
      "36": {
        "n_total": 2653,
        "n_hit": 896,
        "p_hit": 0.337731,
        "t_hit_p25": 7.0,
        "t_hit_median": 16.0,
        "t_hit_p75": 26.0,
        "mdd_p25": -1.587825,
        "mdd_median": -0.67575,
        "mdd_p75": -0.209425
      },
      "48": {
        "n_total": 2653,
        "n_hit": 1111,
        "p_hit": 0.418771,
        "t_hit_p25": 9.0,
        "t_hit_median": 21.0,
        "t_hit_p75": 33.0,
        "mdd_p25": -1.70255,
        "mdd_median": -0.7988,