{
  "schema": "baseline_probs_v1",
  "source_labels": "data/labels/labels_v1.csv",
  "n_rows_labels": 2545,
  "thresholds": [
    0.5,
    1.0,
    2.0,
    3.0,
    5.0
  ],
  "horizons": [
    12,
    24,
    36,
    48,
    60,
    72,
    84,
    96
  ],
  "results": {
    "0.5": {
      "12": {
        "n_total": 2545,
        "n_hit": 1836,
        "p_hit": 0.721415,
        "t_hit_p25": 1.0,
        "t_hit_median": 2.0,
        "t_hit_p75": 4.0,
        "mdd_p25": -0.7305250000000001,
        "mdd_median": -0.293,
        "mdd_p75": -0.051449999999999996
      },
      "24": {
        "n_total": 2545,
        "n_hit": 2070,
        "p_hit": 0.81336,
        "t_hit_p25": 1.0,
        "t_hit_median": 3.0,
        "t_hit_p75": 6.0,
        "mdd_p25": -0.90835,
        "mdd_median": -0.35485,
        "mdd_p75": -0.08082500000000001
      },
      "36": {
        "n_total": 2545,
        "n_hit": 2185,
        "p_hit": 0.858546,
        "t_hit_p25": 1.0,
        "t_hit_median": 3.0,
        "t_hit_p75": 8.0,
        "mdd_p25": -0.9906,
        "mdd_median": -0.3972,
        "mdd_p75": -0.0955
      },
      "48": {
        "n_total": 2545,
        "n_hit": 2230,
        "p_hit": 0.876228,
        "t_hit_p25": 1.0,
        "t_hit_median": 3.0,
        "t_hit_p75": 8.0,
        "mdd_p25": -1.06325,
        "mdd_median": -0.41475,
        "mdd_p75": -0.10117500000000001
      },
      "60": {
        "n_total": 2545,
        "n_hit": 2253,
        "p_hit": 0.885265,
        "t_hit_p25": 1.0,
        "t_hit_median": 3.0,
        "t_hit_p75": 9.0,
        "mdd_p25": -1.1226,
        "mdd_median": -0.421,
        "mdd_p75": -0.1029
      },
      "72": {
        "n_total": 2545,
        "n_hit": 2292,
        "p_hit": 0.900589,
        "t_hit_p25": 1.0,
        "t_hit_median": 3.0,
        "t_hit_p75": 9.0,
        "mdd_p25": -1.1803499999999998,
        "mdd_median": -0.43684999999999996,
        "mdd_p75": -0.1057
      },
      "84": {
        "n_total": 2545,
        "n_hit": 2333,
        "p_hit": 0.916699,
        "t_hit_p25": 1.0,
        "t_hit_median": 3.0,
        "t_hit_p75": 10.0,
        "mdd_p25": -1.2715,
        "mdd_median": -0.4492,
        "mdd_p75": -0.11
      },
      "96": {
        "n_total": 2545,
        "n_hit": 2357,
        "p_hit": 0.92613,
        "t_hit_p25": 1.0,
        "t_hit_median": 3.0,
        "t_hit_p75": 10.0,
        "mdd_p25": -1.3232,
        "mdd_median": -0.4665,
        "mdd_p75": -0.1132
      }
    },
    "1.0": {
      "12": {
        "n_total": 2545,
        "n_hit": 1361,
        "p_hit": 0.534774,
        "t_hit_p25": 2.0,
        "t_hit_median": 4.0,
        "t_hit_p75": 7.0,
        "mdd_p25": -0.967,
        "mdd_median": -0.3755,
        "mdd_p75": -0.0808
      },
      "24": {
        "n_total": 2545,
        "n_hit": 1675,
        "p_hit": 0.658153,
        "t_hit_p25": 2.0,
        "t_hit_median": 5.0,
        "t_hit_p75": 10.0,
        "mdd_p25": -1.10985,
        "mdd_median": -0.4726,
        "mdd_p75": -0.1283
      },
      "36": {
        "n_total": 2545,
        "n_hit": 1880,
        "p_hit": 0.738703,
        "t_hit_p25": 3.0,
        "t_hit_median": 6.0,
        "t_hit_p75": 14.0,
        "mdd_p25": -1.330575,
        "mdd_median": -0.5347999999999999,
        "mdd_p75": -0.158875
      },
      "48": {
        "n_total": 2545,
        "n_hit": 1980,
        "p_hit": 0.777996,
        "t_hit_p25": 3.0,
        "t_hit_median": 7.0,
        "t_hit_p75": 16.0,
        "mdd_p25": -1.3863,
        "mdd_median": -0.5534,
        "mdd_p75": -0.171525
      },
      "60": {
        "n_total": 2545,
        "n_hit": 2057,
        "p_hit": 0.808251,
        "t_hit_p25": 3.0,
        "t_hit_median": 7.0,
        "t_hit_p75": 18.0,
        "mdd_p25": -1.5018,
        "mdd_median": -0.5963,
        "mdd_p75": -0.1827
      },
      "72": {
        "n_total": 2545,
        "n_hit": 2122,
        "p_hit": 0.833792,
        "t_hit_p25": 3.0,
        "t_hit_median": 7.0,
        "t_hit_p75": 20.0,
        "mdd_p25": -1.6186749999999999,
        "mdd_median": -0.6218,
        "mdd_p75": -0.19285
      },
      "84": {
        "n_total": 2545,
        "n_hit": 2177,
        "p_hit": 0.855403,
        "t_hit_p25": 3.0,
        "t_hit_median": 8.0,
        "t_hit_p75": 22.0,
        "mdd_p25": -1.7183,
        "mdd_median": -0.6633,
        "mdd_p75": -0.2044
      },
      "96": {
        "n_total": 2545,
        "n_hit": 2211,
        "p_hit": 0.868762,
        "t_hit_p25": 3.0,
        "t_hit_median": 8.0,
        "t_hit_p75": 24.0,
        "mdd_p25": -1.79485,
        "mdd_median": -0.6826,
        "mdd_p75": -0.21425
      }
    },
    "2.0": {
      "12": {
        "n_total": 2545,
        "n_hit": 667,
        "p_hit": 0.262083,
        "t_hit_p25": 3.0,
        "t_hit_median": 5.0,
        "t_hit_p75": 9.0,
        "mdd_p25": -0.98455,
        "mdd_median": -0.4163,
        "mdd_p75": -0.1054
      },
      "24": {
        "n_total": 2545,
        "n_hit": 1071,
        "p_hit": 0.420825,
        "t_hit_p25": 4.0,
        "t_hit_median": 9.0,
        "t_hit_p75": 16.0,
        "mdd_p25": -1.3016,
        "mdd_median": -0.5763,
        "mdd_p75": -0.17905
      },
      "36": {
        "n_total": 2545,
        "n_hit": 1347,
        "p_hit": 0.529273,
        "t_hit_p25": 5.0,
        "t_hit_median": 13.0,
        "t_hit_p75": 22.0,
        "mdd_p25": -1.5156,
        "mdd_median": -0.6799,
        "mdd_p75": -0.2233
      },
      "48": {
        "n_total": 2545,
        "n_hit": 1527,
        "p_hit": 0.6,
        "t_hit_p25": 6.0,
        "t_hit_median": 15.0,
        "t_hit_p75": 27.0,
        "mdd_p25": -1.5883500000000002,
        "mdd_median": -0.754,
        "mdd_p75": -0.2652
      },
      "60": {
        "n_total": 2545,
        "n_hit": 1651,
        "p_hit": 0.648723,
        "t_hit_p25": 7.0,
        "t_hit_median": 16.0,
        "t_hit_p75": 32.0,
        "mdd_p25": -1.6484,
        "mdd_median": -0.8197,
        "mdd_p75": -0.2832
      },
      "72": {
        "n_total": 2545,
        "n_hit": 1761,
        "p_hit": 0.691945,
        "t_hit_p25": 7.0,
        "t_hit_median": 18.0,
        "t_hit_p75": 35.0,
        "mdd_p25": -1.8158,
        "mdd_median": -0.9222,
        "mdd_p75": -0.3112
      },
      "84": {
        "n_total": 2545,
        "n_hit": 1841,
        "p_hit": 0.723379,
        "t_hit_p25": 7.0,
        "t_hit_median": 19.0,
        "t_hit_p75": 39.0,
        "mdd_p25": -1.9945,
        "mdd_median": -0.9727,
        "mdd_p75": -0.3308
      },
      "96": {
        "n_total": 2545,
        "n_hit": 1912,
        "p_hit": 0.751277,
        "t_hit_p25": 8.0,
        "t_hit_median": 21.0,
        "t_hit_p75": 42.0,
        "mdd_p25": -2.1605499999999997,
        "mdd_median": -1.01445,
        "mdd_p75": -0.34814999999999996
      }
    },
    "3.0": {
      "12": {
        "n_total": 2545,
        "n_hit": 366,
        "p_hit": 0.143811,
        "t_hit_p25": 3.0,
        "t_hit_median": 6.0,
        "t_hit_p75": 9.0,
        "mdd_p25": -0.9551249999999999,
        "mdd_median": -0.39339999999999997,
        "mdd_p75": -0.11019999999999999
      },
      "24": {
        "n_total": 2545,
        "n_hit": 633,
        "p_hit": 0.248723,
        "t_hit_p25": 5.0,
        "t_hit_median": 10.0,
        "t_hit_p75": 17.0,
        "mdd_p25": -1.3223,
        "mdd_median": -0.5524,
        "mdd_p75": -0.1663
      },
      "36": {
        "n_total": 2545,
        "n_hit": 895,
        "p_hit": 0.35167,
        "t_hit_p25": 7.0,
        "t_hit_median": 16.0,
        "t_hit_p75": 26.0,
        "mdd_p25": -1.58795,
        "mdd_median": -0.6767,
        "mdd_p75": -0.21225
      },
      "48": {
        "n_total": 2545,
        "n_hit": 1108,
        "p_hit": 0.435363,
        "t_hit_p25": 9.0,
        "t_hit_median": 21.0,
        "t_hit_p75": 33.0,
        "mdd_p25": -1.7046750000000002,
        "mdd_median": -0.8016,
        "mdd_p75": -0.275775
      },