{
  "schema": "baseline_probs_v1",
  "source_labels": "data/labels/labels_v1.csv",
  "n_rows_labels": 1033,
  "thresholds": [
    0.5,
    1.0,
    2.0,
    3.0,
    5.0
  ],
  "horizons": [
    12,
    24,
    36,
    48,
    60,
    72,
    84,
    96
  ],
  "results": {
    "0.5": {
      "12": {
        "n_total": 1033,
        "n_hit": 700,
        "p_hit": 0.677638,
        "t_hit_p25": 1.0,
        "t_hit_median": 3.0,
        "t_hit_p75": 5.25,
        "mdd_p25": -0.6662,
        "mdd_median": -0.25705,
        "mdd_p75": -0.049874999999999996
      },
      "24": {
        "n_total": 1033,
        "n_hit": 816,
        "p_hit": 0.789932,
        "t_hit_p25": 1.0,
        "t_hit_median": 3.0,
        "t_hit_p75": 8.0,
        "mdd_p25": -0.8358,
        "mdd_median": -0.3276,
        "mdd_p75": -0.080875
      },
      "36": {
        "n_total": 1033,
        "n_hit": 858,
        "p_hit": 0.830591,
        "t_hit_p25": 1.0,
        "t_hit_median": 4.0,
        "t_hit_p75": 9.0,
        "mdd_p25": -0.8957999999999999,
        "mdd_median": -0.3645,
        "mdd_p75": -0.09175
      },
      "48": {
        "n_total": 1033,
        "n_hit": 868,
        "p_hit": 0.840271,
        "t_hit_p25": 1.0,
        "t_hit_median": 4.0,
        "t_hit_p75": 10.0,
        "mdd_p25": -0.9323499999999999,
        "mdd_median": -0.36924999999999997,
        "mdd_p75": -0.0926
      },
      "60": {
        "n_total": 1033,
        "n_hit": 882,
        "p_hit": 0.853824,
        "t_hit_p25": 1.0,
        "t_hit_median": 4.0,
        "t_hit_p75": 10.0,
        "mdd_p25": -0.9810749999999999,
        "mdd_median": -0.3797,
        "mdd_p75": -0.096775
      },
      "72": {
        "n_total": 1033,
        "n_hit": 904,
        "p_hit": 0.875121,
        "t_hit_p25": 2.0,
        "t_hit_median": 4.0,
        "t_hit_p75": 11.0,
        "mdd_p25": -1.015825,
        "mdd_median": -0.4003,
        "mdd_p75": -0.10255
      },
      "84": {
        "n_total": 1033,
        "n_hit": 920,
        "p_hit": 0.89061,
        "t_hit_p25": 2.0,
        "t_hit_median": 4.0,
        "t_hit_p75": 12.0,
        "mdd_p25": -1.1313499999999999,
        "mdd_median": -0.41475,
        "mdd_p75": -0.104675
      },
      "96": {
        "n_total": 1033,
        "n_hit": 926,
        "p_hit": 0.896418,
        "t_hit_p25": 2.0,
        "t_hit_median": 4.0,
        "t_hit_p75": 12.0,
        "mdd_p25": -1.16195,
        "mdd_median": -0.42005,
        "mdd_p75": -0.105625
      }
    },
    "1.0": {
      "12": {
        "n_total": 1033,
        "n_hit": 491,
        "p_hit": 0.475315,
        "t_hit_p25": 2.0,
        "t_hit_median": 4.0,
        "t_hit_p75": 7.0,
        "mdd_p25": -0.7919499999999999,
        "mdd_median": -0.2812,
        "mdd_p75": -0.0592
      },
      "24": {
        "n_total": 1033,
        "n_hit": 640,
        "p_hit": 0.619555,
        "t_hit_p25": 3.0,
        "t_hit_median": 6.0,
        "t_hit_p75": 12.0,
        "mdd_p25": -0.9824499999999999,
        "mdd_median": -0.41100000000000003,
        "mdd_p75": -0.10022499999999998
      },
      "36": {
        "n_total": 1033,
        "n_hit": 721,
        "p_hit": 0.697967,
        "t_hit_p25": 3.0,
        "t_hit_median": 7.0,
        "t_hit_p75": 16.0,
        "mdd_p25": -1.0607,
        "mdd_median": -0.4389,
        "mdd_p75": -0.125
      },
      "48": {
        "n_total": 1033,
        "n_hit": 756,
        "p_hit": 0.731849,
        "t_hit_p25": 3.0,
        "t_hit_median": 8.0,
        "t_hit_p75": 18.0,
        "mdd_p25": -1.109225,
        "mdd_median": -0.44789999999999996,
        "mdd_p75": -0.13470000000000001
      },
      "60": {
        "n_total": 1033,
        "n_hit": 792,
        "p_hit": 0.766699,
        "t_hit_p25": 4.0,
        "t_hit_median": 8.0,
        "t_hit_p75": 20.0,
        "mdd_p25": -1.2199749999999998,
        "mdd_median": -0.47435,
        "mdd_p75": -0.14535
      },
      "72": {
        "n_total": 1033,
        "n_hit": 823,
        "p_hit": 0.796709,
        "t_hit_p25": 4.0,
        "t_hit_median": 9.0,
        "t_hit_p75": 22.0,
        "mdd_p25": -1.3341500000000002,
        "mdd_median": -0.5036,
        "mdd_p75": -0.158
      },
      "84": {
        "n_total": 1033,
        "n_hit": 844,
        "p_hit": 0.817038,
        "t_hit_p25": 4.0,
        "t_hit_median": 9.0,
        "t_hit_p75": 24.0,
        "mdd_p25": -1.3880750000000002,
        "mdd_median": -0.5267999999999999,
        "mdd_p75": -0.16197499999999998
      },
      "96": {
        "n_total": 1033,
        "n_hit": 855,
        "p_hit": 0.827686,
        "t_hit_p25": 4.0,
        "t_hit_median": 9.0,
        "t_hit_p75": 25.0,
        "mdd_p25": -1.4234499999999999,
        "mdd_median": -0.5427,
        "mdd_p75": -0.16435
      }
    },
    "2.0": {
      "12": {
        "n_total": 1033,
        "n_hit": 221,
        "p_hit": 0.21394,
        "t_hit_p25": 3.0,
        "t_hit_median": 6.0,
        "t_hit_p75": 9.0,
        "mdd_p25": -0.7209,
        "mdd_median": -0.3483,
        "mdd_p75": -0.0678
      },
      "24": {
        "n_total": 1033,
        "n_hit": 382,
        "p_hit": 0.369797,
        "t_hit_p25": 5.0,
        "t_hit_median": 10.0,
        "t_hit_p75": 17.0,
        "mdd_p25": -1.056925,
        "mdd_median": -0.51325,
        "mdd_p75": -0.157075
      },
      "36": {
        "n_total": 1033,
        "n_hit": 475,
        "p_hit": 0.459826,
        "t_hit_p25": 6.0,
        "t_hit_median": 14.0,
        "t_hit_p75": 21.5,
        "mdd_p25": -1.0566499999999999,
        "mdd_median": -0.4791,
        "mdd_p75": -0.15985
      },
      "48": {
        "n_total": 1033,
        "n_hit": 557,
        "p_hit": 0.539206,
        "t_hit_p25": 7.0,
        "t_hit_median": 16.0,
        "t_hit_p75": 30.0,
        "mdd_p25": -1.1753,
        "mdd_median": -0.4986,
        "mdd_p75": -0.1749
      },
      "60": {
        "n_total": 1033,
        "n_hit": 617,
        "p_hit": 0.597289,
        "t_hit_p25": 8.0,
        "t_hit_median": 18.0,
        "t_hit_p75": 35.0,
        "mdd_p25": -1.2602,
        "mdd_median": -0.5434,
        "mdd_p75": -0.2073
      },
      "72": {
        "n_total": 1033,
        "n_hit": 660,
        "p_hit": 0.638916,
        "t_hit_p25": 9.0,
        "t_hit_median": 20.0,
        "t_hit_p75": 40.0,
        "mdd_p25": -1.324925,
        "mdd_median": -0.5879000000000001,
        "mdd_p75": -0.23452499999999998
      },
      "84": {
        "n_total": 1033,
        "n_hit": 685,
        "p_hit": 0.663117,
        "t_hit_p25": 9.0,
        "t_hit_median": 21.0,
        "t_hit_p75": 43.0,
        "mdd_p25": -1.3966,
        "mdd_median": -0.6094,
        "mdd_p75": -0.247
      },
      "96": {
        "n_total": 1033,
        "n_hit": 707,
        "p_hit": 0.684414,
        "t_hit_p25": 9.0,
        "t_hit_median": 21.0,
        "t_hit_p75": 45.0,
        "mdd_p25": -1.4711,
        "mdd_median": -0.6502,
        "mdd_p75": -0.26034999999999997
      }
    },
    "3.0": {
      "12": {
        "n_total": 1033,
        "n_hit": 109,
        "p_hit": 0.105518,
        "t_hit_p25": 4.0,
        "t_hit_median": 6.0,
        "t_hit_p75": 10.0,
        "mdd_p25": -0.7982,
        "mdd_median": -0.3324,
        "mdd_p75": -0.1164
      },
      "24": {
        "n_total": 1033,
        "n_hit": 192,
        "p_hit": 0.185866,
        "t_hit_p25": 6.0,
        "t_hit_median": 11.0,
        "t_hit_p75": 18.0,
        "mdd_p25": -0.773525,
        "mdd_median": -0.3775,
        "mdd_p75": -0.1173
      },
      "36": {
        "n_total": 1033,
        "n_hit": 282,
        "p_hit": 0.272991,
        "t_hit_p25": 9.0,
        "t_hit_median": 18.0,
        "t_hit_p75": 28.0,
        "mdd_p25": -0.925725,
        "mdd_median": -0.45640000000000003,
        "mdd_p75": -0.14425
      },
      "48": {
        "n_total": 1033,
        "n_hit": 355,
        "p_hit": 0.343659,
        "t_hit_p25": 10.0,
        "t_hit_median": 23.0,
        "t_hit_p75": 34.0,