{
  "schema": "baseline_probs_v1",
  "source_labels": "data/labels/labels_v1.csv",
  "n_rows_labels": 2186,
  "thresholds": [
    0.5,
    1.0,
    2.0,
    3.0,
    5.0
  ],
  "horizons": [
    12,
    24,
    36,
    48,
    60,
    72,
    84,
    96
  ],
  "results": {
    "0.5": {
      "12": {
        "n_total": 2186,
        "n_hit": 1582,
        "p_hit": 0.723696,
        "t_hit_p25": 1.0,
        "t_hit_median": 2.0,
        "t_hit_p75": 4.0,
        "mdd_p25": -0.8191,
        "mdd_median": -0.31445,
        "mdd_p75": -0.058850000000000006
      },
      "24": {
        "n_total": 2186,
        "n_hit": 1785,
        "p_hit": 0.81656,
        "t_hit_p25": 1.0,
        "t_hit_median": 3.0,
        "t_hit_p75": 6.0,
        "mdd_p25": -0.9626,
        "mdd_median": -0.3782,
        "mdd_p75": -0.0916
      },
      "36": {
        "n_total": 2186,
        "n_hit": 1878,
        "p_hit": 0.859103,
        "t_hit_p25": 1.0,
        "t_hit_median": 3.0,
        "t_hit_p75": 7.75,
        "mdd_p25": -1.06165,
        "mdd_median": -0.41475,
        "mdd_p75": -0.10327499999999999
      },
      "48": {
        "n_total": 2186,
        "n_hit": 1913,
        "p_hit": 0.875114,
        "t_hit_p25": 1.0,
        "t_hit_median": 3.0,
        "t_hit_p75": 8.0,
        "mdd_p25": -1.1478,
        "mdd_median": -0.4278,
        "mdd_p75": -0.1063
      },
      "60": {
        "n_total": 2186,
        "n_hit": 1931,
        "p_hit": 0.883349,
        "t_hit_p25": 1.0,
        "t_hit_median": 3.0,
        "t_hit_p75": 8.0,
        "mdd_p25": -1.1751,
        "mdd_median": -0.4377,
        "mdd_p75": -0.1091
      },
      "72": {
        "n_total": 2186,
        "n_hit": 1963,
        "p_hit": 0.897987,
        "t_hit_p25": 1.0,
        "t_hit_median": 3.0,
        "t_hit_p75": 9.0,
        "mdd_p25": -1.25265,
        "mdd_median": -0.4485,
        "mdd_p75": -0.11565
      },
      "84": {
        "n_total": 2186,
        "n_hit": 1993,
        "p_hit": 0.911711,
        "t_hit_p25": 1.0,
        "t_hit_median": 3.0,
        "t_hit_p75": 10.0,
        "mdd_p25": -1.3313,
        "mdd_median": -0.469,
        "mdd_p75": -0.1178
      },
      "96": {
        "n_total": 2186,
        "n_hit": 2014,
        "p_hit": 0.921317,
        "t_hit_p25": 1.0,
        "t_hit_median": 3.0,
        "t_hit_p75": 10.0,
        "mdd_p25": -1.35955,
        "mdd_median": -0.4759,
        "mdd_p75": -0.12092499999999999
      }
    },
    "1.0": {
      "12": {
        "n_total": 2186,
        "n_hit": 1176,
        "p_hit": 0.537969,
        "t_hit_p25": 2.0,
        "t_hit_median": 4.0,
        "t_hit_p75": 7.0,
        "mdd_p25": -1.0083250000000001,
        "mdd_median": -0.41375,
        "mdd_p75": -0.096575
      },
      "24": {
        "n_total": 2186,
        "n_hit": 1439,
        "p_hit": 0.65828,
        "t_hit_p25": 2.0,
        "t_hit_median": 5.0,
        "t_hit_p75": 10.0,
        "mdd_p25": -1.2015500000000001,
        "mdd_median": -0.5013,
        "mdd_p75": -0.13765
      },
      "36": {
        "n_total": 2186,
        "n_hit": 1607,
        "p_hit": 0.735133,
        "t_hit_p25": 2.0,
        "t_hit_median": 6.0,
        "t_hit_p75": 14.0,
        "mdd_p25": -1.3905,
        "mdd_median": -0.5477,
        "mdd_p75": -0.16570000000000001
      },
      "48": {
        "n_total": 2186,
        "n_hit": 1685,
        "p_hit": 0.770814,
        "t_hit_p25": 3.0,
        "t_hit_median": 6.0,
        "t_hit_p75": 16.0,
        "mdd_p25": -1.4753,
        "mdd_median": -0.5803,
        "mdd_p75": -0.1749
      },
      "60": {
        "n_total": 2186,
        "n_hit": 1752,
        "p_hit": 0.801464,
        "t_hit_p25": 3.0,
        "t_hit_median": 7.0,
        "t_hit_p75": 18.0,
        "mdd_p25": -1.588425,
        "mdd_median": -0.61615,
        "mdd_p75": -0.188
      },
      "72": {
        "n_total": 2186,
        "n_hit": 1807,
        "p_hit": 0.826624,
        "t_hit_p25": 3.0,
        "t_hit_median": 7.0,
        "t_hit_p75": 20.0,
        "mdd_p25": -1.7001,
        "mdd_median": -0.6633,
        "mdd_p75": -0.2033
      },
      "84": {
        "n_total": 2186,
        "n_hit": 1849,
        "p_hit": 0.845837,
        "t_hit_p25": 3.0,
        "t_hit_median": 7.0,
        "t_hit_p75": 21.0,
        "mdd_p25": -1.8047,
        "mdd_median": -0.6961,
        "mdd_p75": -0.2151
      },
      "96": {
        "n_total": 2186,
        "n_hit": 1875,
        "p_hit": 0.857731,
        "t_hit_p25": 3.0,
        "t_hit_median": 8.0,
        "t_hit_p75": 23.0,
        "mdd_p25": -1.86965,
        "mdd_median": -0.7164,
        "mdd_p75": -0.22394999999999998
      }
    },
    "2.0": {
      "12": {
        "n_total": 2186,
        "n_hit": 593,
        "p_hit": 0.271272,
        "t_hit_p25": 3.0,
        "t_hit_median": 5.0,
        "t_hit_p75": 8.0,
        "mdd_p25": -1.0302,
        "mdd_median": -0.4448,
        "mdd_p75": -0.1166
      },
      "24": {
        "n_total": 2186,
        "n_hit": 918,
        "p_hit": 0.419945,
        "t_hit_p25": 4.0,
        "t_hit_median": 9.0,
        "t_hit_p75": 16.0,
        "mdd_p25": -1.4072999999999998,
        "mdd_median": -0.6184000000000001,
        "mdd_p75": -0.186525
      },
      "36": {
        "n_total": 2186,
        "n_hit": 1130,
        "p_hit": 0.516926,
        "t_hit_p25": 5.0,
        "t_hit_median": 11.0,
        "t_hit_p75": 21.0,
        "mdd_p25": -1.627875,
        "mdd_median": -0.76015,
        "mdd_p75": -0.22652500000000003
      },
      "48": {
        "n_total": 2186,
        "n_hit": 1281,
        "p_hit": 0.586002,
        "t_hit_p25": 5.0,
        "t_hit_median": 14.0,
        "t_hit_p75": 27.0,
        "mdd_p25": -1.6879,
        "mdd_median": -0.8515,
        "mdd_p75": -0.2656
      },
      "60": {
        "n_total": 2186,
        "n_hit": 1384,
        "p_hit": 0.63312,
        "t_hit_p25": 6.0,
        "t_hit_median": 16.0,
        "t_hit_p75": 31.0,
        "mdd_p25": -1.75375,
        "mdd_median": -0.92275,
        "mdd_p75": -0.28295000000000003
      },
      "72": {
        "n_total": 2186,
        "n_hit": 1479,
        "p_hit": 0.676578,
        "t_hit_p25": 6.0,
        "t_hit_median": 17.0,
        "t_hit_p75": 35.0,
        "mdd_p25": -1.96915,
        "mdd_median": -0.9906,
        "mdd_p75": -0.31484999999999996
      },
      "84": {
        "n_total": 2186,
        "n_hit": 1540,
        "p_hit": 0.704483,
        "t_hit_p25": 7.0,
        "t_hit_median": 18.0,
        "t_hit_p75": 38.0,
        "mdd_p25": -2.1575999999999995,
        "mdd_median": -1.05675,
        "mdd_p75": -0.3392
      },
      "96": {
        "n_total": 2186,
        "n_hit": 1600,
        "p_hit": 0.73193,
        "t_hit_p25": 7.0,
        "t_hit_median": 19.0,
        "t_hit_p75": 42.0,
        "mdd_p25": -2.250125,
        "mdd_median": -1.13425,
        "mdd_p75": -0.355725
      }
    },
    "3.0": {
      "12": {
        "n_total": 2186,
        "n_hit": 332,
        "p_hit": 0.151876,
        "t_hit_p25": 3.0,
        "t_hit_median": 6.0,
        "t_hit_p75": 9.0,
        "mdd_p25": -0.990225,
        "mdd_median": -0.42435,
        "mdd_p75": -0.1264
      },
      "24": {
        "n_total": 2186,
        "n_hit": 557,
        "p_hit": 0.254803,
        "t_hit_p25": 5.0,
        "t_hit_median": 10.0,
        "t_hit_p75": 17.0,
        "mdd_p25": -1.4247,
        "mdd_median": -0.5996,
        "mdd_p75": -0.176
      },
      "36": {
        "n_total": 2186,
        "n_hit": 767,
        "p_hit": 0.350869,
        "t_hit_p25": 7.0,
        "t_hit_median": 15.0,
        "t_hit_p75": 26.0,
        "mdd_p25": -1.7055,
        "mdd_median": -0.754,
        "mdd_p75": -0.2353
      },
      "48": {
        "n_total": 2186,
        "n_hit": 931,
        "p_hit": 0.425892,
        "t_hit_p25": 8.0,
        "t_hit_median": 20.0,
        "t_hit_p75": 32.0,
        "mdd_p25": -1.83895,
        "mdd_median": -0.9145,
        "mdd_p75": -0.2832
      },