{
  "schema": "baseline_probs_v1",
  "source_labels": "data/labels/labels_v1.csv",
  "n_rows_labels": 1976,
  "thresholds": [
    0.5,
    1.0,
    2.0,
    3.0,
    5.0
  ],
  "horizons": [
    12,
    24,
    36,
    48,
    60,
    72,
    84,
    96
  ],
  "results": {
    "0.5": {
      "12": {
        "n_total": 1976,
        "n_hit": 1413,
        "p_hit": 0.715081,
        "t_hit_p25": 1.0,
        "t_hit_median": 2.0,
        "t_hit_p75": 4.0,
        "mdd_p25": -0.7978,
        "mdd_median": -0.3046,
        "mdd_p75": -0.0572
      },
      "24": {
        "n_total": 1976,
        "n_hit": 1589,
        "p_hit": 0.80415,
        "t_hit_p25": 1.0,
        "t_hit_median": 2.0,
        "t_hit_p75": 6.0,
        "mdd_p25": -0.9472,
        "mdd_median": -0.3702,
        "mdd_p75": -0.0896
      },
      "36": {
        "n_total": 1976,
        "n_hit": 1673,
        "p_hit": 0.84666,
        "t_hit_p25": 1.0,
        "t_hit_median": 3.0,
        "t_hit_p75": 7.0,
        "mdd_p25": -1.0607,
        "mdd_median": -0.4096,
        "mdd_p75": -0.1021
      },
      "48": {
        "n_total": 1976,
        "n_hit": 1707,
        "p_hit": 0.863866,
        "t_hit_p25": 1.0,
        "t_hit_median": 3.0,
        "t_hit_p75": 8.0,
        "mdd_p25": -1.1489500000000001,
        "mdd_median": -0.421,
        "mdd_p75": -0.1052
      },
      "60": {
        "n_total": 1976,
        "n_hit": 1724,
        "p_hit": 0.87247,
        "t_hit_p25": 1.0,
        "t_hit_median": 3.0,
        "t_hit_p75": 8.0,
        "mdd_p25": -1.1803499999999998,
        "mdd_median": -0.42745,
        "mdd_p75": -0.106525
      },
      "72": {
        "n_total": 1976,
        "n_hit": 1755,
        "p_hit": 0.888158,
        "t_hit_p25": 1.0,
        "t_hit_median": 3.0,
        "t_hit_p75": 9.0,
        "mdd_p25": -1.25345,
        "mdd_median": -0.4433,
        "mdd_p75": -0.11124999999999999
      },
      "84": {
        "n_total": 1976,
        "n_hit": 1785,
        "p_hit": 0.90334,
        "t_hit_p25": 1.0,
        "t_hit_median": 3.0,
        "t_hit_p75": 10.0,
        "mdd_p25": -1.3396,
        "mdd_median": -0.4664,
        "mdd_p75": -0.1172
      },
      "96": {
        "n_total": 1976,
        "n_hit": 1806,
        "p_hit": 0.913968,
        "t_hit_p25": 1.0,
        "t_hit_median": 3.0,
        "t_hit_p75": 10.0,
        "mdd_p25": -1.371225,
        "mdd_median": -0.47425,
        "mdd_p75": -0.118325
      }
    },
    "1.0": {
      "12": {
        "n_total": 1976,
        "n_hit": 1040,
        "p_hit": 0.526316,
        "t_hit_p25": 2.0,
        "t_hit_median": 4.0,
        "t_hit_p75": 7.0,
        "mdd_p25": -0.9961250000000001,
        "mdd_median": -0.38134999999999997,
        "mdd_p75": -0.08277499999999999
      },
      "24": {
        "n_total": 1976,
        "n_hit": 1269,
        "p_hit": 0.642206,
        "t_hit_p25": 2.0,
        "t_hit_median": 5.0,
        "t_hit_p75": 10.0,
        "mdd_p25": -1.1933,
        "mdd_median": -0.4764,
        "mdd_p75": -0.1286
      },
      "36": {
        "n_total": 1976,
        "n_hit": 1415,
        "p_hit": 0.716093,
        "t_hit_p25": 2.0,
        "t_hit_median": 6.0,
        "t_hit_p75": 13.0,
        "mdd_p25": -1.37395,
        "mdd_median": -0.5372,
        "mdd_p75": -0.1558
      },
      "48": {
        "n_total": 1976,
        "n_hit": 1489,
        "p_hit": 0.753543,
        "t_hit_p25": 2.0,
        "t_hit_median": 6.0,
        "t_hit_p75": 16.0,
        "mdd_p25": -1.4387,
        "mdd_median": -0.5535,
        "mdd_p75": -0.1687
      },
      "60": {
        "n_total": 1976,
        "n_hit": 1554,
        "p_hit": 0.786437,
        "t_hit_p25": 3.0,
        "t_hit_median": 7.0,
        "t_hit_p75": 18.0,
        "mdd_p25": -1.5822500000000002,
        "mdd_median": -0.599,
        "mdd_p75": -0.175025
      },
      "72": {
        "n_total": 1976,
        "n_hit": 1608,
        "p_hit": 0.813765,
        "t_hit_p25": 3.0,
        "t_hit_median": 7.0,
        "t_hit_p75": 20.0,
        "mdd_p25": -1.705675,
        "mdd_median": -0.6327499999999999,
        "mdd_p75": -0.18727500000000002
      },
      "84": {
        "n_total": 1976,
        "n_hit": 1646,
        "p_hit": 0.832996,
        "t_hit_p25": 3.0,
        "t_hit_median": 7.0,
        "t_hit_p75": 22.0,
        "mdd_p25": -1.8068499999999998,
        "mdd_median": -0.67485,
        "mdd_p75": -0.19579999999999997
      },
      "96": {
        "n_total": 1976,
        "n_hit": 1670,
        "p_hit": 0.845142,
        "t_hit_p25": 3.0,
        "t_hit_median": 7.0,
        "t_hit_p75": 23.0,
        "mdd_p25": -1.869675,
        "mdd_median": -0.69435,
        "mdd_p75": -0.20452499999999998
      }
    },
    "2.0": {
      "12": {
        "n_total": 1976,
        "n_hit": 528,
        "p_hit": 0.267206,
        "t_hit_p25": 3.0,
        "t_hit_median": 5.0,
        "t_hit_p75": 8.0,
        "mdd_p25": -1.0462,
        "mdd_median": -0.42435,
        "mdd_p75": -0.11560000000000001
      },
      "24": {
        "n_total": 1976,
        "n_hit": 822,
        "p_hit": 0.415992,
        "t_hit_p25": 4.0,
        "t_hit_median": 9.0,
        "t_hit_p75": 16.0,
        "mdd_p25": -1.3564500000000002,
        "mdd_median": -0.5943499999999999,
        "mdd_p75": -0.17385
      },
      "36": {
        "n_total": 1976,
        "n_hit": 1001,
        "p_hit": 0.506579,
        "t_hit_p25": 5.0,
        "t_hit_median": 11.0,
        "t_hit_p75": 21.0,
        "mdd_p25": -1.556,
        "mdd_median": -0.668,
        "mdd_p75": -0.2041
      },
      "48": {
        "n_total": 1976,
        "n_hit": 1131,
        "p_hit": 0.572368,
        "t_hit_p25": 5.0,
        "t_hit_median": 14.0,
        "t_hit_p75": 26.0,
        "mdd_p25": -1.6081500000000002,
        "mdd_median": -0.7193,
        "mdd_p75": -0.2414
      },
      "60": {
        "n_total": 1976,
        "n_hit": 1221,
        "p_hit": 0.617915,
        "t_hit_p25": 6.0,
        "t_hit_median": 16.0,
        "t_hit_p75": 31.0,
        "mdd_p25": -1.6833,
        "mdd_median": -0.7988,
        "mdd_p75": -0.2656
      },
      "72": {
        "n_total": 1976,
        "n_hit": 1305,
        "p_hit": 0.660425,
        "t_hit_p25": 6.0,
        "t_hit_median": 17.0,
        "t_hit_p75": 35.0,
        "mdd_p25": -1.866,
        "mdd_median": -0.9222,
        "mdd_p75": -0.2833
      },
      "84": {
        "n_total": 1976,
        "n_hit": 1355,
        "p_hit": 0.685729,
        "t_hit_p25": 7.0,
        "t_hit_median": 18.0,
        "t_hit_p75": 38.0,
        "mdd_p25": -2.0898,
        "mdd_median": -0.9712,
        "mdd_p75": -0.3033
      },
      "96": {
        "n_total": 1976,
        "n_hit": 1401,
        "p_hit": 0.709008,
        "t_hit_p25": 7.0,
        "t_hit_median": 18.0,
        "t_hit_p75": 41.0,
        "mdd_p25": -2.2476,
        "mdd_median": -1.0032,
        "mdd_p75": -0.3173
      }
    },
    "3.0": {
      "12": {
        "n_total": 1976,
        "n_hit": 296,
        "p_hit": 0.149798,
        "t_hit_p25": 3.0,
        "t_hit_median": 6.0,
        "t_hit_p75": 9.0,
        "mdd_p25": -0.990225,
        "mdd_median": -0.43525,
        "mdd_p75": -0.135025
      },
      "24": {
        "n_total": 1976,
        "n_hit": 486,
        "p_hit": 0.245951,
        "t_hit_p25": 5.0,
        "t_hit_median": 10.0,
        "t_hit_p75": 17.0,
        "mdd_p25": -1.337575,
        "mdd_median": -0.5540499999999999,
        "mdd_p75": -0.1688
      },
      "36": {
        "n_total": 1976,
        "n_hit": 662,
        "p_hit": 0.33502,
        "t_hit_p25": 6.0,
        "t_hit_median": 15.0,
        "t_hit_p75": 25.0,
        "mdd_p25": -1.588075,
        "mdd_median": -0.6537,
        "mdd_p75": -0.20417500000000002
      },
      "48": {
        "n_total": 1976,
        "n_hit": 799,
        "p_hit": 0.404352,
        "t_hit_p25": 8.0,
        "t_hit_median": 19.0,
        "t_hit_p75": 32.0,
        "mdd_p25": -1.716,
        "mdd_median": -0.7627,