{
  "schema": "baseline_probs_v1",
  "source_labels": "data/labels/labels_v1.csv",
  "n_rows_labels": 611,
  "thresholds": [
    0.5,
    1.0,
    2.0,
    3.0,
    5.0
  ],
  "horizons": [
    12,
    24,
    36,
    48,
    60,
    72,
    84,
    96
  ],
  "results": {
    "0.5": {
      "12": {
        "n_total": 611,
        "n_hit": 437,
        "p_hit": 0.715221,
        "t_hit_p25": 1.0,
        "t_hit_median": 3.0,
        "t_hit_p75": 6.0,
        "mdd_p25": -0.6227,
        "mdd_median": -0.2449,
        "mdd_p75": -0.0599
      },
      "24": {
        "n_total": 611,
        "n_hit": 527,
        "p_hit": 0.86252,
        "t_hit_p25": 2.0,
        "t_hit_median": 4.0,
        "t_hit_p75": 9.5,
        "mdd_p25": -0.8052999999999999,
        "mdd_median": -0.3389,
        "mdd_p75": -0.0991
      },
      "36": {
        "n_total": 611,
        "n_hit": 559,
        "p_hit": 0.914894,
        "t_hit_p25": 2.0,
        "t_hit_median": 5.0,
        "t_hit_p75": 11.0,
        "mdd_p25": -0.8298,
        "mdd_median": -0.3728,
        "mdd_p75": -0.10600000000000001
      },
      "48": {
        "n_total": 611,
        "n_hit": 563,
        "p_hit": 0.92144,
        "t_hit_p25": 2.0,
        "t_hit_median": 5.0,
        "t_hit_p75": 11.0,
        "mdd_p25": -0.8362,
        "mdd_median": -0.3775,
        "mdd_p75": -0.10695
      },
      "60": {
        "n_total": 611,
        "n_hit": 570,
        "p_hit": 0.932897,
        "t_hit_p25": 2.0,
        "t_hit_median": 5.0,
        "t_hit_p75": 12.0,
        "mdd_p25": -0.8651249999999999,
        "mdd_median": -0.3842,
        "mdd_p75": -0.108975
      },
      "72": {
        "n_total": 611,
        "n_hit": 582,
        "p_hit": 0.952537,
        "t_hit_p25": 2.0,
        "t_hit_median": 5.0,
        "t_hit_p75": 12.0,
        "mdd_p25": -0.9359999999999999,
        "mdd_median": -0.4003,
        "mdd_p75": -0.114
      },
      "84": {
        "n_total": 611,
        "n_hit": 582,
        "p_hit": 0.952537,
        "t_hit_p25": 2.0,
        "t_hit_median": 5.0,
        "t_hit_p75": 12.0,
        "mdd_p25": -0.9359999999999999,
        "mdd_median": -0.4003,
        "mdd_p75": -0.114
      },
      "96": {
        "n_total": 611,
        "n_hit": 585,
        "p_hit": 0.957447,
        "t_hit_p25": 2.0,
        "t_hit_median": 5.0,
        "t_hit_p75": 13.0,
        "mdd_p25": -0.9448,
        "mdd_median": -0.4034,
        "mdd_p75": -0.1164
      }
    },
    "1.0": {
      "12": {
        "n_total": 611,
        "n_hit": 306,
        "p_hit": 0.500818,
        "t_hit_p25": 3.0,
        "t_hit_median": 5.0,
        "t_hit_p75": 8.0,
        "mdd_p25": -0.661575,
        "mdd_median": -0.2755,
        "mdd_p75": -0.07544999999999999
      },
      "24": {
        "n_total": 611,
        "n_hit": 418,
        "p_hit": 0.684124,
        "t_hit_p25": 4.0,
        "t_hit_median": 7.0,
        "t_hit_p75": 13.0,
        "mdd_p25": -0.868425,
        "mdd_median": -0.40685,
        "mdd_p75": -0.105625
      },
      "36": {
        "n_total": 611,
        "n_hit": 486,
        "p_hit": 0.795417,
        "t_hit_p25": 4.0,
        "t_hit_median": 8.0,
        "t_hit_p75": 18.0,
        "mdd_p25": -0.9973,
        "mdd_median": -0.44405,
        "mdd_p75": -0.1363
      },
      "48": {
        "n_total": 611,
        "n_hit": 518,
        "p_hit": 0.847791,
        "t_hit_p25": 4.0,
        "t_hit_median": 9.0,
        "t_hit_p75": 20.75,
        "mdd_p25": -1.065875,
        "mdd_median": -0.45640000000000003,
        "mdd_p75": -0.15542499999999998
      },
      "60": {
        "n_total": 611,
        "n_hit": 533,
        "p_hit": 0.87234,
        "t_hit_p25": 4.0,
        "t_hit_median": 10.0,
        "t_hit_p75": 21.0,
        "mdd_p25": -1.1494,
        "mdd_median": -0.4718,
        "mdd_p75": -0.1619
      },
      "72": {
        "n_total": 611,
        "n_hit": 552,
        "p_hit": 0.903437,
        "t_hit_p25": 4.0,
        "t_hit_median": 10.0,
        "t_hit_p75": 24.0,
        "mdd_p25": -1.2199749999999998,
        "mdd_median": -0.48285,
        "mdd_p75": -0.170425
      },
      "84": {
        "n_total": 611,
        "n_hit": 557,
        "p_hit": 0.91162,
        "t_hit_p25": 4.0,
        "t_hit_median": 10.0,
        "t_hit_p75": 24.0,
        "mdd_p25": -1.2453,
        "mdd_median": -0.4872,
        "mdd_p75": -0.171
      },
      "96": {
        "n_total": 611,
        "n_hit": 563,
        "p_hit": 0.92144,
        "t_hit_p25": 4.5,
        "t_hit_median": 11.0,
        "t_hit_p75": 25.0,
        "mdd_p25": -1.27085,
        "mdd_median": -0.4952,
        "mdd_p75": -0.1718
      }
    },
    "2.0": {
      "12": {
        "n_total": 611,
        "n_hit": 132,
        "p_hit": 0.216039,
        "t_hit_p25": 4.0,
        "t_hit_median": 7.0,
        "t_hit_p75": 9.0,
        "mdd_p25": -0.62915,
        "mdd_median": -0.35014999999999996,
        "mdd_p75": -0.11560000000000001
      },
      "24": {
        "n_total": 611,
        "n_hit": 251,
        "p_hit": 0.410802,
        "t_hit_p25": 6.0,
        "t_hit_median": 12.0,
        "t_hit_p75": 17.5,
        "mdd_p25": -0.8362,
        "mdd_median": -0.4653,
        "mdd_p75": -0.1622
      },
      "36": {
        "n_total": 611,
        "n_hit": 331,
        "p_hit": 0.541735,
        "t_hit_p25": 8.0,
        "t_hit_median": 16.0,
        "t_hit_p75": 24.0,
        "mdd_p25": -0.9105000000000001,
        "mdd_median": -0.4477,
        "mdd_p75": -0.17075
      },
      "48": {
        "n_total": 611,
        "n_hit": 401,
        "p_hit": 0.656301,
        "t_hit_p25": 10.0,
        "t_hit_median": 19.0,
        "t_hit_p75": 32.0,
        "mdd_p25": -0.9924,
        "mdd_median": -0.4818,
        "mdd_p75": -0.2073
      },
      "60": {
        "n_total": 611,
        "n_hit": 449,
        "p_hit": 0.734861,
        "t_hit_p25": 10.0,
        "t_hit_median": 21.0,
        "t_hit_p75": 38.0,
        "mdd_p25": -1.1216,
        "mdd_median": -0.5119,
        "mdd_p75": -0.2408
      },
      "72": {
        "n_total": 611,
        "n_hit": 477,
        "p_hit": 0.780687,
        "t_hit_p25": 11.0,
        "t_hit_median": 23.0,
        "t_hit_p75": 42.0,
        "mdd_p25": -1.2181,
        "mdd_median": -0.5593,
        "mdd_p75": -0.2637
      },
      "84": {
        "n_total": 611,
        "n_hit": 490,
        "p_hit": 0.801964,
        "t_hit_p25": 12.0,
        "t_hit_median": 23.0,
        "t_hit_p75": 43.0,
        "mdd_p25": -1.2621499999999999,
        "mdd_median": -0.5846,
        "mdd_p75": -0.26665
      },
      "96": {
        "n_total": 611,
        "n_hit": 502,
        "p_hit": 0.821604,
        "t_hit_p25": 12.0,
        "t_hit_median": 24.5,
        "t_hit_p75": 44.0,
        "mdd_p25": -1.3047499999999999,
        "mdd_median": -0.5972,
        "mdd_p75": -0.270625
      }
    },
    "3.0": {
      "12": {
        "n_total": 611,
        "n_hit": 62,
        "p_hit": 0.101473,
        "t_hit_p25": 5.0,
        "t_hit_median": 8.0,
        "t_hit_p75": 10.0,
        "mdd_p25": -0.8750249999999999,
        "mdd_median": -0.36175,
        "mdd_p75": -0.15825
      },
      "24": {
        "n_total": 611,
        "n_hit": 120,
        "p_hit": 0.196399,
        "t_hit_p25": 7.75,
        "t_hit_median": 12.0,
        "t_hit_p75": 20.0,
        "mdd_p25": -0.684525,
        "mdd_median": -0.3775,
        "mdd_p75": -0.128725
      },
      "36": {
        "n_total": 611,
        "n_hit": 197,
        "p_hit": 0.322422,
        "t_hit_p25": 10.0,
        "t_hit_median": 21.0,
        "t_hit_p75": 30.0,
        "mdd_p25": -0.8185,
        "mdd_median": -0.4448,
        "mdd_p75": -0.1442
      },
      "48": {
        "n_total": 611,
        "n_hit": 267,
        "p_hit": 0.436989,
        "t_hit_p25": 14.0,
        "t_hit_median": 27.0,
        "t_hit_p75": 37.0,
        "mdd_p25": -0.95535,
        "mdd_median": -0.4818,
        "mdd_p75": -0.2037
      },
      "60": {
        "n_total": 611,