{
  "schema": "baseline_probs_v1",
  "source_labels": "data/labels/labels_v1.csv",
  "n_rows_labels": 210,
  "thresholds": [
    0.5,
    1.0,
    2.0,
    3.0,
    5.0
  ],
  "horizons": [
    12,
    24,
    36,
    48,
    60,
    72,
    84,
    96
  ],
  "results": {
    "0.5": {
      "12": {
        "n_total": 210,
        "n_hit": 162,
        "p_hit": 0.771429,
        "t_hit_p25": 1.0,
        "t_hit_median": 2.0,
        "t_hit_p75": 5.0,
        "mdd_p25": -0.804275,
        "mdd_median": -0.3058,
        "mdd_p75": -0.0814
      },
      "24": {
        "n_total": 210,
        "n_hit": 186,
        "p_hit": 0.885714,
        "t_hit_p25": 1.0,
        "t_hit_median": 3.0,
        "t_hit_p75": 7.0,
        "mdd_p25": -1.004025,
        "mdd_median": -0.45105,
        "mdd_p75": -0.107575
      },
      "36": {
        "n_total": 210,
        "n_hit": 197,
        "p_hit": 0.938095,
        "t_hit_p25": 1.0,
        "t_hit_median": 3.0,
        "t_hit_p75": 10.0,
        "mdd_p25": -0.9993,
        "mdd_median": -0.4923,
        "mdd_p75": -0.1212
      },
      "48": {
        "n_total": 210,
        "n_hit": 197,
        "p_hit": 0.938095,
        "t_hit_p25": 1.0,
        "t_hit_median": 3.0,
        "t_hit_p75": 10.0,
        "mdd_p25": -0.9993,
        "mdd_median": -0.4923,
        "mdd_p75": -0.1212
      },
      "60": {
        "n_total": 210,
        "n_hit": 202,
        "p_hit": 0.961905,
        "t_hit_p25": 1.0,
        "t_hit_median": 3.0,
        "t_hit_p75": 10.0,
        "mdd_p25": -1.0686499999999999,
        "mdd_median": -0.5051000000000001,
        "mdd_p75": -0.125425
      },
      "72": {
        "n_total": 210,
        "n_hit": 205,
        "p_hit": 0.97619,
        "t_hit_p25": 1.0,
        "t_hit_median": 3.0,
        "t_hit_p75": 11.0,
        "mdd_p25": -1.126,
        "mdd_median": -0.5073,
        "mdd_p75": -0.1267
      },
      "84": {
        "n_total": 210,
        "n_hit": 205,
        "p_hit": 0.97619,
        "t_hit_p25": 1.0,
        "t_hit_median": 3.0,
        "t_hit_p75": 11.0,
        "mdd_p25": -1.126,
        "mdd_median": -0.5073,
        "mdd_p75": -0.1267
      },
      "96": {
        "n_total": 210,
        "n_hit": 205,
        "p_hit": 0.97619,
        "t_hit_p25": 1.0,
        "t_hit_median": 3.0,
        "t_hit_p75": 11.0,
        "mdd_p25": -1.126,
        "mdd_median": -0.5073,
        "mdd_p75": -0.1267
      }
    },
    "1.0": {
      "12": {
        "n_total": 210,
        "n_hit": 128,
        "p_hit": 0.609524,
        "t_hit_p25": 2.75,
        "t_hit_median": 5.0,
        "t_hit_p75": 7.0,
        "mdd_p25": -0.9036250000000001,
        "mdd_median": -0.3284,
        "mdd_p75": -0.08259999999999999
      },
      "24": {
        "n_total": 210,
        "n_hit": 157,
        "p_hit": 0.747619,
        "t_hit_p25": 3.0,
        "t_hit_median": 6.0,
        "t_hit_p75": 10.0,
        "mdd_p25": -1.3632,
        "mdd_median": -0.4872,
        "mdd_p75": -0.1402
      },
      "36": {
        "n_total": 210,
        "n_hit": 171,
        "p_hit": 0.814286,
        "t_hit_p25": 3.0,
        "t_hit_median": 6.0,
        "t_hit_p75": 12.5,
        "mdd_p25": -1.5128,
        "mdd_median": -0.5342,
        "mdd_p75": -0.16325
      },
      "48": {
        "n_total": 210,
        "n_hit": 182,
        "p_hit": 0.866667,
        "t_hit_p25": 3.25,
        "t_hit_median": 7.0,
        "t_hit_p75": 16.0,
        "mdd_p25": -1.49665,
        "mdd_median": -0.585,
        "mdd_p75": -0.172025
      },
      "60": {
        "n_total": 210,
        "n_hit": 189,
        "p_hit": 0.9,
        "t_hit_p25": 4.0,
        "t_hit_median": 7.0,
        "t_hit_p75": 18.0,
        "mdd_p25": -1.5588,
        "mdd_median": -0.6564,
        "mdd_p75": -0.1749
      },
      "72": {
        "n_total": 210,
        "n_hit": 192,
        "p_hit": 0.914286,
        "t_hit_p25": 4.0,
        "t_hit_median": 7.0,
        "t_hit_p75": 19.0,
        "mdd_p25": -1.58805,
        "mdd_median": -0.67885,
        "mdd_p75": -0.186975
      },
      "84": {
        "n_total": 210,
        "n_hit": 193,
        "p_hit": 0.919048,
        "t_hit_p25": 4.0,
        "t_hit_median": 7.0,
        "t_hit_p75": 19.0,
        "mdd_p25": -1.5891,
        "mdd_median": -0.6805,
        "mdd_p75": -0.191
      },
      "96": {
        "n_total": 210,
        "n_hit": 193,
        "p_hit": 0.919048,
        "t_hit_p25": 4.0,
        "t_hit_median": 7.0,
        "t_hit_p75": 19.0,
        "mdd_p25": -1.5891,
        "mdd_median": -0.6805,
        "mdd_p75": -0.191
      }
    },
    "2.0": {
      "12": {
        "n_total": 210,
        "n_hit": 56,
        "p_hit": 0.266667,
        "t_hit_p25": 4.0,
        "t_hit_median": 6.5,
        "t_hit_p75": 9.0,
        "mdd_p25": -1.228225,
        "mdd_median": -0.41225,
        "mdd_p75": -0.17427499999999999
      },
      "24": {
        "n_total": 210,
        "n_hit": 95,
        "p_hit": 0.452381,
        "t_hit_p25": 6.0,
        "t_hit_median": 10.0,
        "t_hit_p75": 17.0,
        "mdd_p25": -1.5117500000000001,
        "mdd_median": -0.8025,
        "mdd_p75": -0.28290000000000004
      },
      "36": {
        "n_total": 210,
        "n_hit": 118,
        "p_hit": 0.561905,
        "t_hit_p25": 7.0,
        "t_hit_median": 13.5,
        "t_hit_p75": 21.0,
        "mdd_p25": -1.4671750000000001,
        "mdd_median": -0.95535,
        "mdd_p75": -0.382075
      },
      "48": {
        "n_total": 210,
        "n_hit": 135,
        "p_hit": 0.642857,
        "t_hit_p25": 8.0,
        "t_hit_median": 16.0,
        "t_hit_p75": 28.0,
        "mdd_p25": -1.4605000000000001,
        "mdd_median": -1.0037,
        "mdd_p75": -0.44155
      },
      "60": {
        "n_total": 210,
        "n_hit": 148,
        "p_hit": 0.704762,
        "t_hit_p25": 8.0,
        "t_hit_median": 18.0,
        "t_hit_p75": 33.0,
        "mdd_p25": -1.462375,
        "mdd_median": -1.03775,
        "mdd_p75": -0.5273
      },
      "72": {
        "n_total": 210,
        "n_hit": 149,
        "p_hit": 0.709524,
        "t_hit_p25": 8.0,
        "t_hit_median": 18.0,
        "t_hit_p75": 33.0,
        "mdd_p25": -1.4609,
        "mdd_median": -1.0361,
        "mdd_p75": -0.5342
      },
      "84": {
        "n_total": 210,
        "n_hit": 156,
        "p_hit": 0.742857,
        "t_hit_p25": 9.0,
        "t_hit_median": 19.0,
        "t_hit_p75": 35.25,
        "mdd_p25": -1.5460500000000001,
        "mdd_median": -1.1085,
        "mdd_p75": -0.5508249999999999
      },
      "96": {
        "n_total": 210,
        "n_hit": 161,
        "p_hit": 0.766667,
        "t_hit_p25": 9.0,
        "t_hit_median": 20.0,
        "t_hit_p75": 38.0,
        "mdd_p25": -1.5877,
        "mdd_median": -1.1517,
        "mdd_p75": -0.5546
      }
    },
    "3.0": {
      "12": {
        "n_total": 210,
        "n_hit": 34,
        "p_hit": 0.161905,
        "t_hit_p25": 5.0,
        "t_hit_median": 8.0,
        "t_hit_p75": 10.0,
        "mdd_p25": -1.370275,
        "mdd_median": -0.44155,
        "mdd_p75": -0.17777500000000002
      },
      "24": {
        "n_total": 210,
        "n_hit": 51,
        "p_hit": 0.242857,
        "t_hit_p25": 6.0,
        "t_hit_median": 10.0,
        "t_hit_p75": 16.5,
        "mdd_p25": -1.4039,
        "mdd_median": -0.5066,
        "mdd_p75": -0.20145
      },
      "36": {
        "n_total": 210,
        "n_hit": 68,
        "p_hit": 0.32381,
        "t_hit_p25": 8.0,
        "t_hit_median": 13.0,
        "t_hit_p75": 24.25,
        "mdd_p25": -1.3997,
        "mdd_median": -0.82185,
        "mdd_p75": -0.2881
      },
      "48": {
        "n_total": 210,
        "n_hit": 80,
        "p_hit": 0.380952,
        "t_hit_p25": 9.0,
        "t_hit_median": 18.0,
        "t_hit_p75": 32.0,
        "mdd_p25": -1.349825,
        "mdd_median": -0.9510000000000001,
        "mdd_p75": -0.372975
      },
      "60": {
        "n_total": 210,
        "n_hit": 92,