{
  "schema": "baseline_probs_v1",
  "source_labels": "data/labels/labels_v1.csv",
  "n_rows_labels": 3114,
  "thresholds": [
    0.5,
    1.0,
    2.0,
    3.0,
    5.0
  ],
  "horizons": [
    12,
    24,
    36,
    48,
    60,
    72,
    84,
    96
  ],
  "results": {
    "0.5": {
      "12": {
        "n_total": 3114,
        "n_hit": 2205,
        "p_hit": 0.708092,
        "t_hit_p25": 1.0,
        "t_hit_median": 2.0,
        "t_hit_p75": 4.0,
        "mdd_p25": -0.7309,
        "mdd_median": -0.2962,
        "mdd_p75": -0.0506
      },
      "24": {
        "n_total": 3114,
        "n_hit": 2505,
        "p_hit": 0.804432,
        "t_hit_p25": 1.0,
        "t_hit_median": 3.0,
        "t_hit_p75": 7.0,
        "mdd_p25": -0.924,
        "mdd_median": -0.3667,
        "mdd_p75": -0.0808
      },
      "36": {
        "n_total": 3114,
        "n_hit": 2649,
        "p_hit": 0.850674,
        "t_hit_p25": 1.0,
        "t_hit_median": 3.0,
        "t_hit_p75": 8.0,
        "mdd_p25": -1.0204,
        "mdd_median": -0.4096,
        "mdd_p75": -0.0944
      },
      "48": {
        "n_total": 3114,
        "n_hit": 2708,
        "p_hit": 0.869621,
        "t_hit_p25": 1.0,
        "t_hit_median": 3.0,
        "t_hit_p75": 9.0,
        "mdd_p25": -1.1133000000000002,
        "mdd_median": -0.42385,
        "mdd_p75": -0.101925
      },
      "60": {
        "n_total": 3114,
        "n_hit": 2739,
        "p_hit": 0.879576,
        "t_hit_p25": 1.0,
        "t_hit_median": 3.0,
        "t_hit_p75": 9.0,
        "mdd_p25": -1.1529,
        "mdd_median": -0.4328,
        "mdd_p75": -0.10414999999999999
      },
      "72": {
        "n_total": 3114,
        "n_hit": 2779,
        "p_hit": 0.892421,
        "t_hit_p25": 1.0,
        "t_hit_median": 3.0,
        "t_hit_p75": 10.0,
        "mdd_p25": -1.20925,
        "mdd_median": -0.4456,
        "mdd_p75": -0.10645
      },
      "84": {
        "n_total": 3114,
        "n_hit": 2822,
        "p_hit": 0.90623,
        "t_hit_p25": 1.0,
        "t_hit_median": 3.0,
        "t_hit_p75": 10.0,
        "mdd_p25": -1.28405,
        "mdd_median": -0.46265,
        "mdd_p75": -0.11097499999999999
      },
      "96": {
        "n_total": 3114,
        "n_hit": 2852,
        "p_hit": 0.915864,
        "t_hit_p25": 1.0,
        "t_hit_median": 3.0,
        "t_hit_p75": 11.0,
        "mdd_p25": -1.340075,
        "mdd_median": -0.4737,
        "mdd_p75": -0.11497500000000001
      }
    },
    "1.0": {
      "12": {
        "n_total": 3114,
        "n_hit": 1610,
        "p_hit": 0.51702,
        "t_hit_p25": 2.0,
        "t_hit_median": 4.0,
        "t_hit_p75": 7.0,
        "mdd_p25": -0.9458249999999999,
        "mdd_median": -0.36795,
        "mdd_p75": -0.078225
      },
      "24": {
        "n_total": 3114,
        "n_hit": 2024,
        "p_hit": 0.649968,
        "t_hit_p25": 2.0,
        "t_hit_median": 5.0,
        "t_hit_p75": 11.0,
        "mdd_p25": -1.1266500000000002,
        "mdd_median": -0.4748,
        "mdd_p75": -0.127925
      },
      "36": {
        "n_total": 3114,
        "n_hit": 2265,
        "p_hit": 0.72736,
        "t_hit_p25": 3.0,
        "t_hit_median": 6.0,
        "t_hit_p75": 15.0,
        "mdd_p25": -1.3343,
        "mdd_median": -0.5397,
        "mdd_p75": -0.1588
      },
      "48": {
        "n_total": 3114,
        "n_hit": 2379,
        "p_hit": 0.763969,
        "t_hit_p25": 3.0,
        "t_hit_median": 7.0,
        "t_hit_p75": 17.0,
        "mdd_p25": -1.3975,
        "mdd_median": -0.5619,
        "mdd_p75": -0.1718
      },
      "60": {
        "n_total": 3114,
        "n_hit": 2464,
        "p_hit": 0.791265,
        "t_hit_p25": 3.0,
        "t_hit_median": 7.0,
        "t_hit_p75": 18.0,
        "mdd_p25": -1.502075,
        "mdd_median": -0.59975,
        "mdd_p75": -0.180725
      },
      "72": {
        "n_total": 3114,
        "n_hit": 2531,
        "p_hit": 0.812781,
        "t_hit_p25": 3.0,
        "t_hit_median": 7.0,
        "t_hit_p75": 20.0,
        "mdd_p25": -1.58865,
        "mdd_median": -0.6234,
        "mdd_p75": -0.1913
      },
      "84": {
        "n_total": 3114,
        "n_hit": 2591,
        "p_hit": 0.832049,
        "t_hit_p25": 3.0,
        "t_hit_median": 8.0,
        "t_hit_p75": 21.0,
        "mdd_p25": -1.68595,
        "mdd_median": -0.6662,
        "mdd_p75": -0.20165
      },
      "96": {
        "n_total": 3114,
        "n_hit": 2630,
        "p_hit": 0.844573,
        "t_hit_p25": 3.0,
        "t_hit_median": 8.0,
        "t_hit_p75": 23.0,
        "mdd_p25": -1.756525,
        "mdd_median": -0.6836500000000001,
        "mdd_p75": -0.207775
      }
    },
    "2.0": {
      "12": {
        "n_total": 3114,
        "n_hit": 772,
        "p_hit": 0.247913,
        "t_hit_p25": 3.0,
        "t_hit_median": 5.0,
        "t_hit_p75": 9.0,
        "mdd_p25": -0.9621500000000001,
        "mdd_median": -0.3993,
        "mdd_p75": -0.080325
      },
      "24": {
        "n_total": 3114,
        "n_hit": 1253,
        "p_hit": 0.402376,
        "t_hit_p25": 4.0,
        "t_hit_median": 9.0,
        "t_hit_p75": 16.0,
        "mdd_p25": -1.2647,
        "mdd_median": -0.5722,
        "mdd_p75": -0.1725
      },
      "36": {
        "n_total": 3114,
        "n_hit": 1584,
        "p_hit": 0.508671,
        "t_hit_p25": 5.0,
        "t_hit_median": 13.0,
        "t_hit_p75": 23.0,
        "mdd_p25": -1.4577,
        "mdd_median": -0.67955,
        "mdd_p75": -0.215475
      },
      "48": {
        "n_total": 3114,
        "n_hit": 1800,
        "p_hit": 0.578035,
        "t_hit_p25": 6.0,
        "t_hit_median": 15.0,
        "t_hit_p75": 27.0,
        "mdd_p25": -1.5720250000000002,
        "mdd_median": -0.7619499999999999,
        "mdd_p75": -0.260525
      },
      "60": {
        "n_total": 3114,
        "n_hit": 1943,
        "p_hit": 0.623956,
        "t_hit_p25": 7.0,
        "t_hit_median": 17.0,
        "t_hit_p75": 32.0,
        "mdd_p25": -1.64245,
        "mdd_median": -0.817,
        "mdd_p75": -0.2831
      },
      "72": {
        "n_total": 3114,
        "n_hit": 2065,
        "p_hit": 0.663134,
        "t_hit_p25": 7.0,
        "t_hit_median": 18.0,
        "t_hit_p75": 35.0,
        "mdd_p25": -1.7986,
        "mdd_median": -0.903,
        "mdd_p75": -0.3105
      },
      "84": {
        "n_total": 3114,
        "n_hit": 2148,
        "p_hit": 0.689788,
        "t_hit_p25": 8.0,
        "t_hit_median": 19.0,
        "t_hit_p75": 38.0,
        "mdd_p25": -1.9171500000000001,
        "mdd_median": -0.95715,
        "mdd_p75": -0.32865000000000005
      },
      "96": {
        "n_total": 3114,
        "n_hit": 2228,
        "p_hit": 0.715478,
        "t_hit_p25": 8.0,
        "t_hit_median": 20.5,
        "t_hit_p75": 41.0,
        "mdd_p25": -2.05525,
        "mdd_median": -0.9975499999999999,
        "mdd_p75": -0.344675
      }
    },
    "3.0": {
      "12": {
        "n_total": 3114,
        "n_hit": 409,
        "p_hit": 0.131342,
        "t_hit_p25": 3.0,
        "t_hit_median": 6.0,
        "t_hit_p75": 9.0,
        "mdd_p25": -0.9293,
        "mdd_median": -0.3684,
        "mdd_p75": -0.0818
      },
      "24": {
        "n_total": 3114,
        "n_hit": 725,
        "p_hit": 0.23282,
        "t_hit_p25": 5.0,
        "t_hit_median": 11.0,
        "t_hit_p75": 17.0,
        "mdd_p25": -1.3323,
        "mdd_median": -0.5546,
        "mdd_p75": -0.156
      },
      "36": {
        "n_total": 3114,
        "n_hit": 1023,
        "p_hit": 0.328516,
        "t_hit_p25": 7.0,
        "t_hit_median": 16.0,
        "t_hit_p75": 26.0,
        "mdd_p25": -1.58795,
        "mdd_median": -0.6845,
        "mdd_p75": -0.20745
      },
      "48": {
        "n_total": 3114,
        "n_hit": 1259,
        "p_hit": 0.404303,
        "t_hit_p25": 9.0,
        "t_hit_median": 21.0,
        "t_hit_p75": 33.0,
        "mdd_p25": -1.71035,
        "mdd_median": -0.8182,
        "mdd_p75": -0.2733
      },