{
  "schema": "baseline_probs_v1",
  "source_labels": "data/labels/labels_v1.csv",
  "n_rows_labels": 1684,
  "thresholds": [
    0.5,
    1.0,
    2.0,
    3.0,
    5.0
  ],
  "horizons": [
    12,
    24,
    36,
    48,
    60,
    72,
    84,
    96
  ],
  "results": {
    "0.5": {
      "12": {
        "n_total": 1684,
        "n_hit": 1206,
        "p_hit": 0.716152,
        "t_hit_p25": 1.0,
        "t_hit_median": 2.0,
        "t_hit_p75": 4.0,
        "mdd_p25": -0.8302499999999999,
        "mdd_median": -0.3043,
        "mdd_p75": -0.057050000000000003
      },
      "24": {
        "n_total": 1684,
        "n_hit": 1360,
        "p_hit": 0.807601,
        "t_hit_p25": 1.0,
        "t_hit_median": 3.0,
        "t_hit_p75": 6.0,
        "mdd_p25": -0.978625,
        "mdd_median": -0.3754,
        "mdd_p75": -0.08925
      },
      "36": {
        "n_total": 1684,
        "n_hit": 1428,
        "p_hit": 0.847981,
        "t_hit_p25": 1.0,
        "t_hit_median": 3.0,
        "t_hit_p75": 7.0,
        "mdd_p25": -1.0665499999999999,
        "mdd_median": -0.41005,
        "mdd_p75": -0.10097500000000001
      },
      "48": {
        "n_total": 1684,
        "n_hit": 1449,
        "p_hit": 0.860451,
        "t_hit_p25": 1.0,
        "t_hit_median": 3.0,
        "t_hit_p75": 8.0,
        "mdd_p25": -1.1351,
        "mdd_median": -0.421,
        "mdd_p75": -0.1035
      },
      "60": {
        "n_total": 1684,
        "n_hit": 1463,
        "p_hit": 0.868765,
        "t_hit_p25": 1.0,
        "t_hit_median": 3.0,
        "t_hit_p75": 8.0,
        "mdd_p25": -1.1585999999999999,
        "mdd_median": -0.4269,
        "mdd_p75": -0.1047
      },
      "72": {
        "n_total": 1684,
        "n_hit": 1492,
        "p_hit": 0.885986,
        "t_hit_p25": 1.0,
        "t_hit_median": 3.0,
        "t_hit_p75": 9.0,
        "mdd_p25": -1.245525,
        "mdd_median": -0.445,
        "mdd_p75": -0.108425
      },
      "84": {
        "n_total": 1684,
        "n_hit": 1519,
        "p_hit": 0.902019,
        "t_hit_p25": 1.0,
        "t_hit_median": 3.0,
        "t_hit_p75": 10.0,
        "mdd_p25": -1.32385,
        "mdd_median": -0.4671,
        "mdd_p75": -0.11405
      },
      "96": {
        "n_total": 1684,
        "n_hit": 1538,
        "p_hit": 0.913302,
        "t_hit_p25": 1.0,
        "t_hit_median": 3.0,
        "t_hit_p75": 10.0,
        "mdd_p25": -1.357425,
        "mdd_median": -0.4748,
        "mdd_p75": -0.1173
      }
    },
    "1.0": {
      "12": {
        "n_total": 1684,
        "n_hit": 897,
        "p_hit": 0.53266,
        "t_hit_p25": 2.0,
        "t_hit_median": 4.0,
        "t_hit_p75": 7.0,
        "mdd_p25": -1.0298,
        "mdd_median": -0.4103,
        "mdd_p75": -0.0944
      },
      "24": {
        "n_total": 1684,
        "n_hit": 1092,
        "p_hit": 0.648456,
        "t_hit_p25": 2.0,
        "t_hit_median": 5.0,
        "t_hit_p75": 10.0,
        "mdd_p25": -1.201225,
        "mdd_median": -0.48285,
        "mdd_p75": -0.13090000000000002
      },
      "36": {
        "n_total": 1684,
        "n_hit": 1214,
        "p_hit": 0.720903,
        "t_hit_p25": 2.0,
        "t_hit_median": 6.0,
        "t_hit_p75": 13.0,
        "mdd_p25": -1.352925,
        "mdd_median": -0.5342,
        "mdd_p75": -0.155825
      },
      "48": {
        "n_total": 1684,
        "n_hit": 1269,
        "p_hit": 0.753563,
        "t_hit_p25": 2.0,
        "t_hit_median": 6.0,
        "t_hit_p75": 16.0,
        "mdd_p25": -1.3822,
        "mdd_median": -0.5429,
        "mdd_p75": -0.1636
      },
      "60": {
        "n_total": 1684,
        "n_hit": 1321,
        "p_hit": 0.784442,
        "t_hit_p25": 3.0,
        "t_hit_median": 6.0,
        "t_hit_p75": 18.0,
        "mdd_p25": -1.4866,
        "mdd_median": -0.5798,
        "mdd_p75": -0.1719
      },
      "72": {
        "n_total": 1684,
        "n_hit": 1370,
        "p_hit": 0.813539,
        "t_hit_p25": 3.0,
        "t_hit_median": 7.0,
        "t_hit_p75": 19.0,
        "mdd_p25": -1.621375,
        "mdd_median": -0.61265,
        "mdd_p75": -0.182875
      },
      "84": {
        "n_total": 1684,
        "n_hit": 1404,
        "p_hit": 0.833729,
        "t_hit_p25": 3.0,
        "t_hit_median": 7.0,
        "t_hit_p75": 21.0,
        "mdd_p25": -1.7120250000000001,
        "mdd_median": -0.6410499999999999,
        "mdd_p75": -0.1923
      },
      "96": {
        "n_total": 1684,
        "n_hit": 1424,
        "p_hit": 0.845606,
        "t_hit_p25": 3.0,
        "t_hit_median": 7.0,
        "t_hit_p75": 22.0,
        "mdd_p25": -1.778425,
        "mdd_median": -0.66785,
        "mdd_p75": -0.20192500000000002
      }
    },
    "2.0": {
      "12": {
        "n_total": 1684,
        "n_hit": 460,
        "p_hit": 0.273159,
        "t_hit_p25": 3.0,
        "t_hit_median": 5.0,
        "t_hit_p75": 8.0,
        "mdd_p25": -1.1481,
        "mdd_median": -0.454,
        "mdd_p75": -0.135025
      },
      "24": {
        "n_total": 1684,
        "n_hit": 704,
        "p_hit": 0.418052,
        "t_hit_p25": 4.0,
        "t_hit_median": 9.0,
        "t_hit_p75": 16.0,
        "mdd_p25": -1.3874750000000002,
        "mdd_median": -0.6115,
        "mdd_p75": -0.18560000000000001
      },
      "36": {
        "n_total": 1684,
        "n_hit": 855,
        "p_hit": 0.50772,
        "t_hit_p25": 5.0,
        "t_hit_median": 11.0,
        "t_hit_p75": 21.0,
        "mdd_p25": -1.54215,
        "mdd_median": -0.6742,
        "mdd_p75": -0.20655
      },
      "48": {
        "n_total": 1684,
        "n_hit": 968,
        "p_hit": 0.574822,
        "t_hit_p25": 5.0,
        "t_hit_median": 13.5,
        "t_hit_p75": 26.0,
        "mdd_p25": -1.5754000000000001,
        "mdd_median": -0.7041999999999999,
        "mdd_p75": -0.2438
      },
      "60": {
        "n_total": 1684,
        "n_hit": 1050,
        "p_hit": 0.623515,
        "t_hit_p25": 6.0,
        "t_hit_median": 15.0,
        "t_hit_p75": 31.0,
        "mdd_p25": -1.6266999999999998,
        "mdd_median": -0.76405,
        "mdd_p75": -0.270175
      },
      "72": {
        "n_total": 1684,
        "n_hit": 1124,
        "p_hit": 0.667458,
        "t_hit_p25": 6.0,
        "t_hit_median": 17.0,
        "t_hit_p75": 36.0,
        "mdd_p25": -1.787125,
        "mdd_median": -0.8994,
        "mdd_p75": -0.29464999999999997
      },
      "84": {
        "n_total": 1684,
        "n_hit": 1167,
        "p_hit": 0.692993,
        "t_hit_p25": 7.0,
        "t_hit_median": 18.0,
        "t_hit_p75": 38.5,
        "mdd_p25": -1.96525,
        "mdd_median": -0.9626,
        "mdd_p75": -0.30555
      },
      "96": {
        "n_total": 1684,
        "n_hit": 1204,
        "p_hit": 0.714964,
        "t_hit_p25": 7.0,
        "t_hit_median": 19.0,
        "t_hit_p75": 42.0,
        "mdd_p25": -2.14565,
        "mdd_median": -0.9936,
        "mdd_p75": -0.32177500000000003
      }
    },
    "3.0": {
      "12": {
        "n_total": 1684,
        "n_hit": 251,
        "p_hit": 0.14905,
        "t_hit_p25": 3.0,
        "t_hit_median": 5.0,
        "t_hit_p75": 9.0,
        "mdd_p25": -1.037,
        "mdd_median": -0.4747,
        "mdd_p75": -0.14445
      },
      "24": {
        "n_total": 1684,
        "n_hit": 414,
        "p_hit": 0.245843,
        "t_hit_p25": 5.0,
        "t_hit_median": 10.0,
        "t_hit_p75": 17.0,
        "mdd_p25": -1.3144,
        "mdd_median": -0.55295,
        "mdd_p75": -0.16935
      },
      "36": {
        "n_total": 1684,
        "n_hit": 557,
        "p_hit": 0.33076,
        "t_hit_p25": 6.0,
        "t_hit_median": 15.0,
        "t_hit_p75": 25.0,
        "mdd_p25": -1.5444,
        "mdd_median": -0.6385,
        "mdd_p75": -0.2073
      },
      "48": {
        "n_total": 1684,
        "n_hit": 674,
        "p_hit": 0.400238,
        "t_hit_p25": 7.0,
        "t_hit_median": 19.5,
        "t_hit_p75": 32.0,
        "mdd_p25": -1.6458,
        "mdd_median": -0.7112499999999999,