{
  "schema": "baseline_probs_v1",
  "source_labels": "data/labels/labels_v1.csv",
  "n_rows_labels": 3035,
  "thresholds": [
    0.5,
    1.0,
    2.0,
    3.0,
    5.0
  ],
  "horizons": [
    12,
    24,
    36,
    48,
    60,
    72,
    84,
    96
  ],
  "results": {
    "0.5": {
      "12": {
        "n_total": 3035,
        "n_hit": 2145,
        "p_hit": 0.706755,
        "t_hit_p25": 1.0,
        "t_hit_median": 2.0,
        "t_hit_p75": 4.0,
        "mdd_p25": -0.7453,
        "mdd_median": -0.2962,
        "mdd_p75": -0.0509
      },
      "24": {
        "n_total": 3035,
        "n_hit": 2435,
        "p_hit": 0.802306,
        "t_hit_p25": 1.0,
        "t_hit_median": 3.0,
        "t_hit_p75": 7.0,
        "mdd_p25": -0.9248000000000001,
        "mdd_median": -0.3667,
        "mdd_p75": -0.08065
      },
      "36": {
        "n_total": 3035,
        "n_hit": 2578,
        "p_hit": 0.849423,
        "t_hit_p25": 1.0,
        "t_hit_median": 3.0,
        "t_hit_p75": 8.0,
        "mdd_p25": -1.026525,
        "mdd_median": -0.41125,
        "mdd_p75": -0.0957
      },
      "48": {
        "n_total": 3035,
        "n_hit": 2635,
        "p_hit": 0.868204,
        "t_hit_p25": 1.0,
        "t_hit_median": 3.0,
        "t_hit_p75": 9.0,
        "mdd_p25": -1.1313499999999999,
        "mdd_median": -0.4269,
        "mdd_p75": -0.10239999999999999
      },
      "60": {
        "n_total": 3035,
        "n_hit": 2663,
        "p_hit": 0.87743,
        "t_hit_p25": 1.0,
        "t_hit_median": 3.0,
        "t_hit_p75": 9.0,
        "mdd_p25": -1.16015,
        "mdd_median": -0.436,
        "mdd_p75": -0.10425000000000001
      },
      "72": {
        "n_total": 3035,
        "n_hit": 2702,
        "p_hit": 0.89028,
        "t_hit_p25": 1.0,
        "t_hit_median": 3.0,
        "t_hit_p75": 10.0,
        "mdd_p25": -1.22325,
        "mdd_median": -0.44789999999999996,
        "mdd_p75": -0.10685
      },
      "84": {
        "n_total": 3035,
        "n_hit": 2745,
        "p_hit": 0.904448,
        "t_hit_p25": 1.0,
        "t_hit_median": 3.0,
        "t_hit_p75": 10.0,
        "mdd_p25": -1.2942,
        "mdd_median": -0.4665,
        "mdd_p75": -0.1115
      },
      "96": {
        "n_total": 3035,
        "n_hit": 2774,
        "p_hit": 0.914003,
        "t_hit_p25": 1.0,
        "t_hit_median": 3.0,
        "t_hit_p75": 11.0,
        "mdd_p25": -1.34165,
        "mdd_median": -0.47514999999999996,
        "mdd_p75": -0.11625
      }
    },
    "1.0": {
      "12": {
        "n_total": 3035,
        "n_hit": 1557,
        "p_hit": 0.513015,
        "t_hit_p25": 2.0,
        "t_hit_median": 4.0,
        "t_hit_p75": 7.0,
        "mdd_p25": -0.962,
        "mdd_median": -0.3755,
        "mdd_p75": -0.079
      },
      "24": {
        "n_total": 3035,
        "n_hit": 1957,
        "p_hit": 0.644811,
        "t_hit_p25": 2.0,
        "t_hit_median": 5.0,
        "t_hit_p75": 11.0,
        "mdd_p25": -1.1452,
        "mdd_median": -0.4791,
        "mdd_p75": -0.1288
      },
      "36": {
        "n_total": 3035,
        "n_hit": 2197,
        "p_hit": 0.723888,
        "t_hit_p25": 3.0,
        "t_hit_median": 6.0,
        "t_hit_p75": 15.0,
        "mdd_p25": -1.3495,
        "mdd_median": -0.5427,
        "mdd_p75": -0.1599
      },
      "48": {
        "n_total": 3035,
        "n_hit": 2308,
        "p_hit": 0.760461,
        "t_hit_p25": 3.0,
        "t_hit_median": 7.0,
        "t_hit_p75": 17.0,
        "mdd_p25": -1.41125,
        "mdd_median": -0.56845,
        "mdd_p75": -0.1723
      },
      "60": {
        "n_total": 3035,
        "n_hit": 2389,
        "p_hit": 0.78715,
        "t_hit_p25": 3.0,
        "t_hit_median": 7.0,
        "t_hit_p75": 18.0,
        "mdd_p25": -1.5084,
        "mdd_median": -0.6018,
        "mdd_p75": -0.1834
      },
      "72": {
        "n_total": 3035,
        "n_hit": 2455,
        "p_hit": 0.808896,
        "t_hit_p25": 3.0,
        "t_hit_median": 8.0,
        "t_hit_p75": 20.0,
        "mdd_p25": -1.5996000000000001,
        "mdd_median": -0.629,
        "mdd_p75": -0.19319999999999998
      },
      "84": {
        "n_total": 3035,
        "n_hit": 2515,
        "p_hit": 0.828666,
        "t_hit_p25": 3.0,
        "t_hit_median": 8.0,
        "t_hit_p75": 22.0,
        "mdd_p25": -1.6928,
        "mdd_median": -0.6682,
        "mdd_p75": -0.20465
      },
      "96": {
        "n_total": 3035,
        "n_hit": 2553,
        "p_hit": 0.841186,
        "t_hit_p25": 3.0,
        "t_hit_median": 8.0,
        "t_hit_p75": 23.0,
        "mdd_p25": -1.7756,
        "mdd_median": -0.688,
        "mdd_p75": -0.2148
      }
    },
    "2.0": {
      "12": {
        "n_total": 3035,
        "n_hit": 742,
        "p_hit": 0.244481,
        "t_hit_p25": 3.0,
        "t_hit_median": 5.0,
        "t_hit_p75": 8.75,
        "mdd_p25": -0.972625,
        "mdd_median": -0.41175,
        "mdd_p75": -0.08987500000000001
      },
      "24": {
        "n_total": 3035,
        "n_hit": 1206,
        "p_hit": 0.397364,
        "t_hit_p25": 4.0,
        "t_hit_median": 9.0,
        "t_hit_p75": 16.0,
        "mdd_p25": -1.2927,
        "mdd_median": -0.58065,
        "mdd_p75": -0.174925
      },
      "36": {
        "n_total": 3035,
        "n_hit": 1526,
        "p_hit": 0.502801,
        "t_hit_p25": 5.0,
        "t_hit_median": 13.0,
        "t_hit_p75": 23.0,
        "mdd_p25": -1.478,
        "mdd_median": -0.68325,
        "mdd_p75": -0.21910000000000002
      },
      "48": {
        "n_total": 3035,
        "n_hit": 1738,
        "p_hit": 0.572652,
        "t_hit_p25": 6.0,
        "t_hit_median": 15.5,
        "t_hit_p75": 28.0,
        "mdd_p25": -1.584825,
        "mdd_median": -0.7683500000000001,
        "mdd_p75": -0.2654
      },
      "60": {
        "n_total": 3035,
        "n_hit": 1876,
        "p_hit": 0.618122,
        "t_hit_p25": 7.0,
        "t_hit_median": 17.0,
        "t_hit_p75": 32.0,
        "mdd_p25": -1.6462499999999998,
        "mdd_median": -0.8221499999999999,
        "mdd_p75": -0.288625
      },
      "72": {
        "n_total": 3035,
        "n_hit": 1997,
        "p_hit": 0.65799,
        "t_hit_p25": 7.0,
        "t_hit_median": 18.0,
        "t_hit_p75": 35.0,
        "mdd_p25": -1.8047,
        "mdd_median": -0.9145,
        "mdd_p75": -0.3135
      },
      "84": {
        "n_total": 3035,
        "n_hit": 2080,
        "p_hit": 0.685338,
        "t_hit_p25": 8.0,
        "t_hit_median": 19.5,
        "t_hit_p75": 38.0,
        "mdd_p25": -1.9387,
        "mdd_median": -0.96695,
        "mdd_p75": -0.33804999999999996
      },
      "96": {
        "n_total": 3035,
        "n_hit": 2156,
        "p_hit": 0.710379,
        "t_hit_p25": 8.0,
        "t_hit_median": 21.0,
        "t_hit_p75": 41.0,
        "mdd_p25": -2.05525,
        "mdd_median": -1.0041,
        "mdd_p75": -0.348625
      }
    },
    "3.0": {
      "12": {
        "n_total": 3035,
        "n_hit": 400,
        "p_hit": 0.131796,
        "t_hit_p25": 3.0,
        "t_hit_median": 6.0,
        "t_hit_p75": 9.0,
        "mdd_p25": -0.932175,
        "mdd_median": -0.36624999999999996,
        "mdd_p75": -0.09004999999999999
      },
      "24": {
        "n_total": 3035,
        "n_hit": 700,
        "p_hit": 0.230643,
        "t_hit_p25": 5.0,
        "t_hit_median": 10.0,
        "t_hit_p75": 17.0,
        "mdd_p25": -1.346775,
        "mdd_median": -0.5607500000000001,
        "mdd_p75": -0.1603
      },
      "36": {
        "n_total": 3035,
        "n_hit": 986,
        "p_hit": 0.324876,
        "t_hit_p25": 7.0,
        "t_hit_median": 16.0,
        "t_hit_p75": 26.0,
        "mdd_p25": -1.6081750000000001,
        "mdd_median": -0.69935,
        "mdd_p75": -0.207775
      },
      "48": {
        "n_total": 3035,
        "n_hit": 1214,
        "p_hit": 0.4,
        "t_hit_p25": 9.0,
        "t_hit_median": 21.0,
        "t_hit_p75": 33.0,
        "mdd_p25": -1.712875,