{
  "schema": "baseline_probs_v1",
  "source_labels": "data/labels/labels_v1.csv",
  "n_rows_labels": 2254,
  "thresholds": [
    0.5,
    1.0,
    2.0,
    3.0,
    5.0
  ],
  "horizons": [
    12,
    24,
    36,
    48,
    60,
    72,
    84,
    96
  ],
  "results": {
    "0.5": {
      "12": {
        "n_total": 2254,
        "n_hit": 1629,
        "p_hit": 0.722715,
        "t_hit_p25": 1.0,
        "t_hit_median": 2.0,
        "t_hit_p75": 4.0,
        "mdd_p25": -0.8001,
        "mdd_median": -0.3096,
        "mdd_p75": -0.0564
      },
      "24": {
        "n_total": 2254,
        "n_hit": 1841,
        "p_hit": 0.81677,
        "t_hit_p25": 1.0,
        "t_hit_median": 3.0,
        "t_hit_p75": 6.0,
        "mdd_p25": -0.9472,
        "mdd_median": -0.3775,
        "mdd_p75": -0.0882
      },
      "36": {
        "n_total": 2254,
        "n_hit": 1940,
        "p_hit": 0.860692,
        "t_hit_p25": 1.0,
        "t_hit_median": 3.0,
        "t_hit_p75": 8.0,
        "mdd_p25": -1.0552249999999999,
        "mdd_median": -0.41375,
        "mdd_p75": -0.10255
      },
      "48": {
        "n_total": 2254,
        "n_hit": 1977,
        "p_hit": 0.877107,
        "t_hit_p25": 1.0,
        "t_hit_median": 3.0,
        "t_hit_p75": 8.0,
        "mdd_p25": -1.1351,
        "mdd_median": -0.4278,
        "mdd_p75": -0.1057
      },
      "60": {
        "n_total": 2254,
        "n_hit": 1998,
        "p_hit": 0.886424,
        "t_hit_p25": 1.0,
        "t_hit_median": 3.0,
        "t_hit_p75": 9.0,
        "mdd_p25": -1.168225,
        "mdd_median": -0.438,
        "mdd_p75": -0.108775
      },
      "72": {
        "n_total": 2254,
        "n_hit": 2030,
        "p_hit": 0.900621,
        "t_hit_p25": 1.0,
        "t_hit_median": 3.0,
        "t_hit_p75": 9.0,
        "mdd_p25": -1.246975,
        "mdd_median": -0.44884999999999997,
        "mdd_p75": -0.113625
      },
      "84": {
        "n_total": 2254,
        "n_hit": 2061,
        "p_hit": 0.914374,
        "t_hit_p25": 1.0,
        "t_hit_median": 3.0,
        "t_hit_p75": 10.0,
        "mdd_p25": -1.3245,
        "mdd_median": -0.4697,
        "mdd_p75": -0.1177
      },
      "96": {
        "n_total": 2254,
        "n_hit": 2082,
        "p_hit": 0.923691,
        "t_hit_p25": 1.0,
        "t_hit_median": 3.0,
        "t_hit_p75": 10.0,
        "mdd_p25": -1.3534499999999998,
        "mdd_median": -0.4774,
        "mdd_p75": -0.120525
      }
    },
    "1.0": {
      "12": {
        "n_total": 2254,
        "n_hit": 1212,
        "p_hit": 0.537711,
        "t_hit_p25": 2.0,
        "t_hit_median": 4.0,
        "t_hit_p75": 7.0,
        "mdd_p25": -0.99815,
        "mdd_median": -0.40565,
        "mdd_p75": -0.08277499999999999
      },
      "24": {
        "n_total": 2254,
        "n_hit": 1490,
        "p_hit": 0.661047,
        "t_hit_p25": 2.0,
        "t_hit_median": 5.0,
        "t_hit_p75": 10.0,
        "mdd_p25": -1.177825,
        "mdd_median": -0.4964,
        "mdd_p75": -0.13520000000000001
      },
      "36": {
        "n_total": 2254,
        "n_hit": 1665,
        "p_hit": 0.738687,
        "t_hit_p25": 2.0,
        "t_hit_median": 6.0,
        "t_hit_p75": 14.0,
        "mdd_p25": -1.3717,
        "mdd_median": -0.5456,
        "mdd_p75": -0.1636
      },
      "48": {
        "n_total": 2254,
        "n_hit": 1746,
        "p_hit": 0.774623,
        "t_hit_p25": 3.0,
        "t_hit_median": 6.0,
        "t_hit_p75": 16.0,
        "mdd_p25": -1.4548999999999999,
        "mdd_median": -0.579,
        "mdd_p75": -0.174825
      },
      "60": {
        "n_total": 2254,
        "n_hit": 1817,
        "p_hit": 0.806122,
        "t_hit_p25": 3.0,
        "t_hit_median": 7.0,
        "t_hit_p75": 18.0,
        "mdd_p25": -1.5815,
        "mdd_median": -0.6161,
        "mdd_p75": -0.1881
      },
      "72": {
        "n_total": 2254,
        "n_hit": 1872,
        "p_hit": 0.830524,
        "t_hit_p25": 3.0,
        "t_hit_median": 7.0,
        "t_hit_p75": 20.0,
        "mdd_p25": -1.687375,
        "mdd_median": -0.6623,
        "mdd_p75": -0.202275
      },
      "84": {
        "n_total": 2254,
        "n_hit": 1917,
        "p_hit": 0.850488,
        "t_hit_p25": 3.0,
        "t_hit_median": 7.0,
        "t_hit_p75": 21.0,
        "mdd_p25": -1.7864,
        "mdd_median": -0.6956,
        "mdd_p75": -0.2148
      },
      "96": {
        "n_total": 2254,
        "n_hit": 1943,
        "p_hit": 0.862023,
        "t_hit_p25": 3.0,
        "t_hit_median": 8.0,
        "t_hit_p75": 23.0,
        "mdd_p25": -1.8334,
        "mdd_median": -0.7144,
        "mdd_p75": -0.21985
      }
    },
    "2.0": {
      "12": {
        "n_total": 2254,
        "n_hit": 614,
        "p_hit": 0.272405,
        "t_hit_p25": 3.0,
        "t_hit_median": 5.0,
        "t_hit_p75": 8.0,
        "mdd_p25": -1.0023250000000001,
        "mdd_median": -0.42435,
        "mdd_p75": -0.10422500000000001
      },
      "24": {
        "n_total": 2254,
        "n_hit": 960,
        "p_hit": 0.425909,
        "t_hit_p25": 4.0,
        "t_hit_median": 9.0,
        "t_hit_p75": 16.0,
        "mdd_p25": -1.3726749999999999,
        "mdd_median": -0.6032,
        "mdd_p75": -0.18415
      },
      "36": {
        "n_total": 2254,
        "n_hit": 1182,
        "p_hit": 0.524401,
        "t_hit_p25": 5.0,
        "t_hit_median": 12.0,
        "t_hit_p75": 21.0,
        "mdd_p25": -1.589575,
        "mdd_median": -0.7342,
        "mdd_p75": -0.2207
      },
      "48": {
        "n_total": 2254,
        "n_hit": 1337,
        "p_hit": 0.593168,
        "t_hit_p25": 5.0,
        "t_hit_median": 14.0,
        "t_hit_p75": 26.0,
        "mdd_p25": -1.6665,
        "mdd_median": -0.8256,
        "mdd_p75": -0.265
      },
      "60": {
        "n_total": 2254,
        "n_hit": 1444,
        "p_hit": 0.640639,
        "t_hit_p25": 6.0,
        "t_hit_median": 16.0,
        "t_hit_p75": 31.0,
        "mdd_p25": -1.736075,
        "mdd_median": -0.8994,
        "mdd_p75": -0.28005
      },
      "72": {
        "n_total": 2254,
        "n_hit": 1539,
        "p_hit": 0.682786,
        "t_hit_p25": 6.0,
        "t_hit_median": 17.0,
        "t_hit_p75": 35.0,
        "mdd_p25": -1.91045,
        "mdd_median": -0.9731,
        "mdd_p75": -0.30994999999999995
      },
      "84": {
        "n_total": 2254,
        "n_hit": 1606,
        "p_hit": 0.712511,
        "t_hit_p25": 7.0,
        "t_hit_median": 18.0,
        "t_hit_p75": 38.0,
        "mdd_p25": -2.1382250000000003,
        "mdd_median": -1.0183499999999999,
        "mdd_p75": -0.33277499999999993
      },
      "96": {
        "n_total": 2254,
        "n_hit": 1668,
        "p_hit": 0.740018,
        "t_hit_p25": 7.0,
        "t_hit_median": 19.0,
        "t_hit_p75": 42.0,
        "mdd_p25": -2.241,
        "mdd_median": -1.10895,
        "mdd_p75": -0.351425
      }
    },
    "3.0": {
      "12": {
        "n_total": 2254,
        "n_hit": 348,
        "p_hit": 0.154392,
        "t_hit_p25": 3.0,
        "t_hit_median": 6.0,
        "t_hit_p75": 9.0,
        "mdd_p25": -0.97285,
        "mdd_median": -0.40054999999999996,
        "mdd_p75": -0.11560000000000001
      },
      "24": {
        "n_total": 2254,
        "n_hit": 585,
        "p_hit": 0.259539,
        "t_hit_p25": 5.0,
        "t_hit_median": 10.0,
        "t_hit_p75": 17.0,
        "mdd_p25": -1.3828,
        "mdd_median": -0.5846,
        "mdd_p75": -0.172
      },
      "36": {
        "n_total": 2254,
        "n_hit": 811,
        "p_hit": 0.359805,
        "t_hit_p25": 7.0,
        "t_hit_median": 15.0,
        "t_hit_p75": 26.0,
        "mdd_p25": -1.64655,
        "mdd_median": -0.7144,
        "mdd_p75": -0.21945
      },
      "48": {
        "n_total": 2254,
        "n_hit": 981,
        "p_hit": 0.435226,
        "t_hit_p25": 8.0,
        "t_hit_median": 20.0,
        "t_hit_p75": 32.0,
        "mdd_p25": -1.7955,
        "mdd_median": -0.8709,