{
  "schema": "baseline_probs_v1",
  "source_labels": "data/labels/labels_v1.csv",
  "n_rows_labels": 1098,
  "thresholds": [
    0.5,
    1.0,
    2.0,
    3.0,
    5.0
  ],
  "horizons": [
    12,
    24,
    36,
    48,
    60,
    72,
    84,
    96
  ],
  "results": {
    "0.5": {
      "12": {
        "n_total": 1098,
        "n_hit": 752,
        "p_hit": 0.684882,
        "t_hit_p25": 1.0,
        "t_hit_median": 2.5,
        "t_hit_p75": 5.0,
        "mdd_p25": -0.7318,
        "mdd_median": -0.2784,
        "mdd_p75": -0.054075
      },
      "24": {
        "n_total": 1098,
        "n_hit": 871,
        "p_hit": 0.79326,
        "t_hit_p25": 1.0,
        "t_hit_median": 3.0,
        "t_hit_p75": 8.0,
        "mdd_p25": -0.933,
        "mdd_median": -0.3594,
        "mdd_p75": -0.09045
      },
      "36": {
        "n_total": 1098,
        "n_hit": 914,
        "p_hit": 0.832423,
        "t_hit_p25": 1.0,
        "t_hit_median": 3.0,
        "t_hit_p75": 9.0,
        "mdd_p25": -0.974325,
        "mdd_median": -0.38545,
        "mdd_p75": -0.10067499999999999
      },
      "48": {
        "n_total": 1098,
        "n_hit": 924,
        "p_hit": 0.84153,
        "t_hit_p25": 1.0,
        "t_hit_median": 4.0,
        "t_hit_p75": 9.0,
        "mdd_p25": -0.9862,
        "mdd_median": -0.3892,
        "mdd_p75": -0.102075
      },
      "60": {
        "n_total": 1098,
        "n_hit": 938,
        "p_hit": 0.854281,
        "t_hit_p25": 1.0,
        "t_hit_median": 4.0,
        "t_hit_p75": 10.0,
        "mdd_p25": -1.00555,
        "mdd_median": -0.4077,
        "mdd_p75": -0.10415
      },
      "72": {
        "n_total": 1098,
        "n_hit": 960,
        "p_hit": 0.874317,
        "t_hit_p25": 1.0,
        "t_hit_median": 4.0,
        "t_hit_p75": 10.25,
        "mdd_p25": -1.131575,
        "mdd_median": -0.42105,
        "mdd_p75": -0.10615000000000001
      },
      "84": {
        "n_total": 1098,
        "n_hit": 977,
        "p_hit": 0.8898,
        "t_hit_p25": 1.0,
        "t_hit_median": 4.0,
        "t_hit_p75": 11.0,
        "mdd_p25": -1.1933,
        "mdd_median": -0.4383,
        "mdd_p75": -0.1098
      },
      "96": {
        "n_total": 1098,
        "n_hit": 983,
        "p_hit": 0.895264,
        "t_hit_p25": 1.0,
        "t_hit_median": 4.0,
        "t_hit_p75": 12.0,
        "mdd_p25": -1.2338,
        "mdd_median": -0.4414,
        "mdd_p75": -0.11165
      }
    },
    "1.0": {
      "12": {
        "n_total": 1098,
        "n_hit": 534,
        "p_hit": 0.486339,
        "t_hit_p25": 2.0,
        "t_hit_median": 4.0,
        "t_hit_p75": 7.0,
        "mdd_p25": -0.9117750000000001,
        "mdd_median": -0.32405,
        "mdd_p75": -0.0713
      },
      "24": {
        "n_total": 1098,
        "n_hit": 686,
        "p_hit": 0.624772,
        "t_hit_p25": 2.0,
        "t_hit_median": 6.0,
        "t_hit_p75": 11.0,
        "mdd_p25": -1.00555,
        "mdd_median": -0.4301,
        "mdd_p75": -0.105625
      },
      "36": {
        "n_total": 1098,
        "n_hit": 768,
        "p_hit": 0.699454,
        "t_hit_p25": 3.0,
        "t_hit_median": 7.0,
        "t_hit_p75": 16.0,
        "mdd_p25": -1.142725,
        "mdd_median": -0.45640000000000003,
        "mdd_p75": -0.133525
      },
      "48": {
        "n_total": 1098,
        "n_hit": 804,
        "p_hit": 0.73224,
        "t_hit_p25": 3.0,
        "t_hit_median": 7.0,
        "t_hit_p75": 18.0,
        "mdd_p25": -1.1759,
        "mdd_median": -0.4678,
        "mdd_p75": -0.145
      },
      "60": {
        "n_total": 1098,
        "n_hit": 840,
        "p_hit": 0.765027,
        "t_hit_p25": 3.0,
        "t_hit_median": 8.0,
        "t_hit_p75": 19.0,
        "mdd_p25": -1.270425,
        "mdd_median": -0.48405,
        "mdd_p75": -0.15815
      },
      "72": {
        "n_total": 1098,
        "n_hit": 871,
        "p_hit": 0.79326,
        "t_hit_p25": 3.0,
        "t_hit_median": 8.0,
        "t_hit_p75": 21.0,
        "mdd_p25": -1.3717000000000001,
        "mdd_median": -0.5194,
        "mdd_p75": -0.16435
      },
      "84": {
        "n_total": 1098,
        "n_hit": 892,
        "p_hit": 0.812386,
        "t_hit_p25": 3.0,
        "t_hit_median": 9.0,
        "t_hit_p75": 22.25,
        "mdd_p25": -1.4603000000000002,
        "mdd_median": -0.54285,
        "mdd_p75": -0.169975
      },
      "96": {
        "n_total": 1098,
        "n_hit": 903,
        "p_hit": 0.822404,
        "t_hit_p25": 3.0,
        "t_hit_median": 9.0,
        "t_hit_p75": 23.0,
        "mdd_p25": -1.4914,
        "mdd_median": -0.5477,
        "mdd_p75": -0.17135
      }
    },
    "2.0": {
      "12": {
        "n_total": 1098,
        "n_hit": 256,
        "p_hit": 0.233151,
        "t_hit_p25": 3.0,
        "t_hit_median": 5.0,
        "t_hit_p75": 9.0,
        "mdd_p25": -0.992175,
        "mdd_median": -0.40175,
        "mdd_p75": -0.110925
      },
      "24": {
        "n_total": 1098,
        "n_hit": 420,
        "p_hit": 0.382514,
        "t_hit_p25": 4.0,
        "t_hit_median": 9.5,
        "t_hit_p75": 17.0,
        "mdd_p25": -1.24865,
        "mdd_median": -0.5433,
        "mdd_p75": -0.169975
      },
      "36": {
        "n_total": 1098,
        "n_hit": 514,
        "p_hit": 0.468124,
        "t_hit_p25": 5.0,
        "t_hit_median": 13.0,
        "t_hit_p75": 21.0,
        "mdd_p25": -1.2052,
        "mdd_median": -0.52105,
        "mdd_p75": -0.169225
      },
      "48": {
        "n_total": 1098,
        "n_hit": 596,
        "p_hit": 0.542805,
        "t_hit_p25": 6.0,
        "t_hit_median": 15.5,
        "t_hit_p75": 29.0,
        "mdd_p25": -1.2610999999999999,
        "mdd_median": -0.5342,
        "mdd_p75": -0.1814
      },
      "60": {
        "n_total": 1098,
        "n_hit": 657,
        "p_hit": 0.598361,
        "t_hit_p25": 7.0,
        "t_hit_median": 17.0,
        "t_hit_p75": 34.0,
        "mdd_p25": -1.3232,
        "mdd_median": -0.5593,
        "mdd_p75": -0.22
      },
      "72": {
        "n_total": 1098,
        "n_hit": 700,
        "p_hit": 0.637523,
        "t_hit_p25": 8.0,
        "t_hit_median": 19.0,
        "t_hit_p75": 38.0,
        "mdd_p25": -1.3779249999999998,
        "mdd_median": -0.6010500000000001,
        "mdd_p75": -0.2438
      },
      "84": {
        "n_total": 1098,
        "n_hit": 726,
        "p_hit": 0.661202,
        "t_hit_p25": 8.0,
        "t_hit_median": 20.0,
        "t_hit_p75": 42.0,
        "mdd_p25": -1.465325,
        "mdd_median": -0.6429499999999999,
        "mdd_p75": -0.258575
      },
      "96": {
        "n_total": 1098,
        "n_hit": 748,
        "p_hit": 0.681239,
        "t_hit_p25": 8.0,
        "t_hit_median": 20.0,
        "t_hit_p75": 44.0,
        "mdd_p25": -1.530575,
        "mdd_median": -0.68015,
        "mdd_p75": -0.26555
      }
    },
    "3.0": {
      "12": {
        "n_total": 1098,
        "n_hit": 128,
        "p_hit": 0.116576,
        "t_hit_p25": 3.0,
        "t_hit_median": 6.0,
        "t_hit_p75": 9.0,
        "mdd_p25": -0.992175,
        "mdd_median": -0.3708,
        "mdd_p75": -0.131325
      },
      "24": {
        "n_total": 1098,
        "n_hit": 215,
        "p_hit": 0.195811,
        "t_hit_p25": 5.0,
        "t_hit_median": 10.0,
        "t_hit_p75": 18.0,
        "mdd_p25": -0.9906999999999999,
        "mdd_median": -0.428,
        "mdd_p75": -0.12845
      },
      "36": {
        "n_total": 1098,
        "n_hit": 306,
        "p_hit": 0.278689,
        "t_hit_p25": 7.0,
        "t_hit_median": 16.5,
        "t_hit_p75": 27.0,
        "mdd_p25": -1.001375,
        "mdd_median": -0.47725,
        "mdd_p75": -0.15744999999999998
      },
      "48": {
        "n_total": 1098,
        "n_hit": 380,
        "p_hit": 0.346084,
        "t_hit_p25": 9.0,
        "t_hit_median": 22.0,
        "t_hit_p75": 33.25,
        "mdd_p25": -1.056375,
        "mdd_median": -0.51325,
        "mdd_p75": -0.20122500000000001
      },