{
  "schema": "baseline_probs_v1",
  "source_labels": "data/labels/labels_v1.csv",
  "n_rows_labels": 1912,
  "thresholds": [
    0.5,
    1.0,
    2.0,
    3.0,
    5.0
  ],
  "horizons": [
    12,
    24,
    36,
    48,
    60,
    72,
    84,
    96
  ],
  "results": {
    "0.5": {
      "12": {
        "n_total": 1912,
        "n_hit": 1376,
        "p_hit": 0.719665,
        "t_hit_p25": 1.0,
        "t_hit_median": 2.0,
        "t_hit_p75": 4.0,
        "mdd_p25": -0.802725,
        "mdd_median": -0.3034,
        "mdd_p75": -0.056975000000000005
      },
      "24": {
        "n_total": 1912,
        "n_hit": 1547,
        "p_hit": 0.8091,
        "t_hit_p25": 1.0,
        "t_hit_median": 2.0,
        "t_hit_p75": 6.0,
        "mdd_p25": -0.9667,
        "mdd_median": -0.3709,
        "mdd_p75": -0.0889
      },
      "36": {
        "n_total": 1912,
        "n_hit": 1623,
        "p_hit": 0.848849,
        "t_hit_p25": 1.0,
        "t_hit_median": 3.0,
        "t_hit_p75": 7.0,
        "mdd_p25": -1.0614,
        "mdd_median": -0.4058,
        "mdd_p75": -0.10135
      },
      "48": {
        "n_total": 1912,
        "n_hit": 1657,
        "p_hit": 0.866632,
        "t_hit_p25": 1.0,
        "t_hit_median": 3.0,
        "t_hit_p75": 8.0,
        "mdd_p25": -1.1501,
        "mdd_median": -0.421,
        "mdd_p75": -0.1046
      },
      "60": {
        "n_total": 1912,
        "n_hit": 1674,
        "p_hit": 0.875523,
        "t_hit_p25": 1.0,
        "t_hit_median": 3.0,
        "t_hit_p75": 8.0,
        "mdd_p25": -1.1825,
        "mdd_median": -0.42745,
        "mdd_p75": -0.10585
      },
      "72": {
        "n_total": 1912,
        "n_hit": 1703,
        "p_hit": 0.89069,
        "t_hit_p25": 1.0,
        "t_hit_median": 3.0,
        "t_hit_p75": 9.0,
        "mdd_p25": -1.2564000000000002,
        "mdd_median": -0.4427,
        "mdd_p75": -0.1099
      },
      "84": {
        "n_total": 1912,
        "n_hit": 1731,
        "p_hit": 0.905335,
        "t_hit_p25": 1.0,
        "t_hit_median": 3.0,
        "t_hit_p75": 10.0,
        "mdd_p25": -1.3382999999999998,
        "mdd_median": -0.4653,
        "mdd_p75": -0.11655
      },
      "96": {
        "n_total": 1912,
        "n_hit": 1750,
        "p_hit": 0.915272,
        "t_hit_p25": 1.0,
        "t_hit_median": 3.0,
        "t_hit_p75": 10.0,
        "mdd_p25": -1.365975,
        "mdd_median": -0.4732,
        "mdd_p75": -0.11785
      }
    },
    "1.0": {
      "12": {
        "n_total": 1912,
        "n_hit": 1020,
        "p_hit": 0.533473,
        "t_hit_p25": 2.0,
        "t_hit_median": 4.0,
        "t_hit_p75": 7.0,
        "mdd_p25": -0.9999750000000001,
        "mdd_median": -0.40015,
        "mdd_p75": -0.090425
      },
      "24": {
        "n_total": 1912,
        "n_hit": 1244,
        "p_hit": 0.650628,
        "t_hit_p25": 2.0,
        "t_hit_median": 5.0,
        "t_hit_p75": 10.0,
        "mdd_p25": -1.2230499999999997,
        "mdd_median": -0.48405,
        "mdd_p75": -0.130075
      },
      "36": {
        "n_total": 1912,
        "n_hit": 1381,
        "p_hit": 0.72228,
        "t_hit_p25": 2.0,
        "t_hit_median": 6.0,
        "t_hit_p75": 13.0,
        "mdd_p25": -1.3777,
        "mdd_median": -0.5375,
        "mdd_p75": -0.1558
      },
      "48": {
        "n_total": 1912,
        "n_hit": 1453,
        "p_hit": 0.759937,
        "t_hit_p25": 2.0,
        "t_hit_median": 6.0,
        "t_hit_p75": 16.0,
        "mdd_p25": -1.4387,
        "mdd_median": -0.5593,
        "mdd_p75": -0.1687
      },
      "60": {
        "n_total": 1912,
        "n_hit": 1518,
        "p_hit": 0.793933,
        "t_hit_p25": 3.0,
        "t_hit_median": 7.0,
        "t_hit_p75": 18.0,
        "mdd_p25": -1.5822500000000002,
        "mdd_median": -0.60015,
        "mdd_p75": -0.175025
      },
      "72": {
        "n_total": 1912,
        "n_hit": 1570,
        "p_hit": 0.82113,
        "t_hit_p25": 3.0,
        "t_hit_median": 7.0,
        "t_hit_p75": 20.0,
        "mdd_p25": -1.69685,
        "mdd_median": -0.63995,
        "mdd_p75": -0.186425
      },
      "84": {
        "n_total": 1912,
        "n_hit": 1606,
        "p_hit": 0.839958,
        "t_hit_p25": 3.0,
        "t_hit_median": 7.0,
        "t_hit_p75": 21.0,
        "mdd_p25": -1.8021000000000003,
        "mdd_median": -0.6769499999999999,
        "mdd_p75": -0.194275
      },
      "96": {
        "n_total": 1912,
        "n_hit": 1626,
        "p_hit": 0.850418,
        "t_hit_p25": 3.0,
        "t_hit_median": 7.0,
        "t_hit_p75": 23.0,
        "mdd_p25": -1.8312,
        "mdd_median": -0.69435,
        "mdd_p75": -0.20290000000000002
      }
    },
    "2.0": {
      "12": {
        "n_total": 1912,
        "n_hit": 520,
        "p_hit": 0.271967,
        "t_hit_p25": 3.0,
        "t_hit_median": 5.0,
        "t_hit_p75": 8.0,
        "mdd_p25": -1.0827,
        "mdd_median": -0.44185,
        "mdd_p75": -0.11779999999999999
      },
      "24": {
        "n_total": 1912,
        "n_hit": 806,
        "p_hit": 0.421548,
        "t_hit_p25": 4.0,
        "t_hit_median": 9.0,
        "t_hit_p75": 16.0,
        "mdd_p25": -1.385275,
        "mdd_median": -0.59825,
        "mdd_p75": -0.17615
      },
      "36": {
        "n_total": 1912,
        "n_hit": 977,
        "p_hit": 0.510983,
        "t_hit_p25": 5.0,
        "t_hit_median": 11.0,
        "t_hit_p75": 21.0,
        "mdd_p25": -1.5567,
        "mdd_median": -0.6748,
        "mdd_p75": -0.2041
      },
      "48": {
        "n_total": 1912,
        "n_hit": 1100,
        "p_hit": 0.575314,
        "t_hit_p25": 5.0,
        "t_hit_median": 14.0,
        "t_hit_p75": 26.0,
        "mdd_p25": -1.58895,
        "mdd_median": -0.71645,
        "mdd_p75": -0.23772500000000002
      },
      "60": {
        "n_total": 1912,
        "n_hit": 1190,
        "p_hit": 0.622385,
        "t_hit_p25": 6.0,
        "t_hit_median": 15.0,
        "t_hit_p75": 30.75,
        "mdd_p25": -1.666375,
        "mdd_median": -0.7985,
        "mdd_p75": -0.26665
      },
      "72": {
        "n_total": 1912,
        "n_hit": 1274,
        "p_hit": 0.666318,
        "t_hit_p25": 6.0,
        "t_hit_median": 17.0,
        "t_hit_p75": 35.0,
        "mdd_p25": -1.834875,
        "mdd_median": -0.9196,
        "mdd_p75": -0.29209999999999997
      },
      "84": {
        "n_total": 1912,
        "n_hit": 1323,
        "p_hit": 0.691946,
        "t_hit_p25": 6.5,
        "t_hit_median": 17.0,
        "t_hit_p75": 38.0,
        "mdd_p25": -2.0238,
        "mdd_median": -0.9724,
        "mdd_p75": -0.30474999999999997
      },
      "96": {
        "n_total": 1912,
        "n_hit": 1368,
        "p_hit": 0.715481,
        "t_hit_p25": 7.0,
        "t_hit_median": 18.0,
        "t_hit_p75": 41.0,
        "mdd_p25": -2.1992000000000003,
        "mdd_median": -1.00345,
        "mdd_p75": -0.31855
      }
    },
    "3.0": {
      "12": {
        "n_total": 1912,
        "n_hit": 296,
        "p_hit": 0.154812,
        "t_hit_p25": 3.0,
        "t_hit_median": 6.0,
        "t_hit_p75": 9.0,
        "mdd_p25": -0.990225,
        "mdd_median": -0.43525,
        "mdd_p75": -0.135025
      },
      "24": {
        "n_total": 1912,
        "n_hit": 486,
        "p_hit": 0.254184,
        "t_hit_p25": 5.0,
        "t_hit_median": 10.0,
        "t_hit_p75": 17.0,
        "mdd_p25": -1.337575,
        "mdd_median": -0.5540499999999999,
        "mdd_p75": -0.1688
      },
      "36": {
        "n_total": 1912,
        "n_hit": 660,
        "p_hit": 0.345188,
        "t_hit_p25": 6.0,
        "t_hit_median": 15.0,
        "t_hit_p75": 25.0,
        "mdd_p25": -1.5838,
        "mdd_median": -0.6444,
        "mdd_p75": -0.20370000000000002
      },
      "48": {
        "n_total": 1912,
        "n_hit": 784,
        "p_hit": 0.410042,
        "t_hit_p25": 7.0,
        "t_hit_median": 19.0,
        "t_hit_p75": 31.0,
        "mdd_p25": -1.660725,
        "mdd_median": -0.7226,