{
  "schema": "baseline_probs_v1",
  "source_labels": "data/labels/labels_v1.csv",
  "n_rows_labels": 184,
  "thresholds": [
    0.5,
    1.0,
    2.0,
    3.0,
    5.0
  ],
  "horizons": [
    12,
    24,
    36,
    48,
    60,
    72,
    84,
    96
  ],
  "results": {
    "0.5": {
      "12": {
        "n_total": 184,
        "n_hit": 139,
        "p_hit": 0.755435,
        "t_hit_p25": 1.0,
        "t_hit_median": 2.0,
        "t_hit_p75": 4.0,
        "mdd_p25": -0.71555,
        "mdd_median": -0.2906,
        "mdd_p75": -0.08199999999999999
      },
      "24": {
        "n_total": 184,
        "n_hit": 161,
        "p_hit": 0.875,
        "t_hit_p25": 1.0,
        "t_hit_median": 3.0,
        "t_hit_p75": 5.0,
        "mdd_p25": -0.9298,
        "mdd_median": -0.4191,
        "mdd_p75": -0.1057
      },
      "36": {
        "n_total": 184,
        "n_hit": 171,
        "p_hit": 0.929348,
        "t_hit_p25": 1.0,
        "t_hit_median": 3.0,
        "t_hit_p75": 9.0,
        "mdd_p25": -0.91235,
        "mdd_median": -0.4842,
        "mdd_p75": -0.1207
      },
      "48": {
        "n_total": 184,
        "n_hit": 171,
        "p_hit": 0.929348,
        "t_hit_p25": 1.0,
        "t_hit_median": 3.0,
        "t_hit_p75": 9.0,
        "mdd_p25": -0.91235,
        "mdd_median": -0.4842,
        "mdd_p75": -0.1207
      },
      "60": {
        "n_total": 184,
        "n_hit": 176,
        "p_hit": 0.956522,
        "t_hit_p25": 1.0,
        "t_hit_median": 3.0,
        "t_hit_p75": 11.0,
        "mdd_p25": -0.99825,
        "mdd_median": -0.49545,
        "mdd_p75": -0.126275
      },
      "72": {
        "n_total": 184,
        "n_hit": 179,
        "p_hit": 0.972826,
        "t_hit_p25": 1.0,
        "t_hit_median": 3.0,
        "t_hit_p75": 11.0,
        "mdd_p25": -1.013,
        "mdd_median": -0.5036,
        "mdd_p75": -0.12835000000000002
      },
      "84": {
        "n_total": 184,
        "n_hit": 179,
        "p_hit": 0.972826,
        "t_hit_p25": 1.0,
        "t_hit_median": 3.0,
        "t_hit_p75": 11.0,
        "mdd_p25": -1.013,
        "mdd_median": -0.5036,
        "mdd_p75": -0.12835000000000002
      },
      "96": {
        "n_total": 184,
        "n_hit": 179,
        "p_hit": 0.972826,
        "t_hit_p25": 1.0,
        "t_hit_median": 3.0,
        "t_hit_p75": 11.0,
        "mdd_p25": -1.013,
        "mdd_median": -0.5036,
        "mdd_p75": -0.12835000000000002
      }
    },
    "1.0": {
      "12": {
        "n_total": 184,
        "n_hit": 116,
        "p_hit": 0.630435,
        "t_hit_p25": 3.0,
        "t_hit_median": 5.0,
        "t_hit_p75": 7.0,
        "mdd_p25": -0.8513999999999999,
        "mdd_median": -0.3284,
        "mdd_p75": -0.098875
      },
      "24": {
        "n_total": 184,
        "n_hit": 140,
        "p_hit": 0.76087,
        "t_hit_p25": 3.0,
        "t_hit_median": 5.0,
        "t_hit_p75": 9.25,
        "mdd_p25": -1.1986750000000002,
        "mdd_median": -0.47885,
        "mdd_p75": -0.13765
      },
      "36": {
        "n_total": 184,
        "n_hit": 146,
        "p_hit": 0.793478,
        "t_hit_p25": 3.0,
        "t_hit_median": 6.0,
        "t_hit_p75": 11.0,
        "mdd_p25": -1.28425,
        "mdd_median": -0.48975,
        "mdd_p75": -0.14445
      },
      "48": {
        "n_total": 184,
        "n_hit": 157,
        "p_hit": 0.853261,
        "t_hit_p25": 3.0,
        "t_hit_median": 6.0,
        "t_hit_p75": 13.0,
        "mdd_p25": -1.3504,
        "mdd_median": -0.5253,
        "mdd_p75": -0.1671
      },
      "60": {
        "n_total": 184,
        "n_hit": 164,
        "p_hit": 0.891304,
        "t_hit_p25": 3.0,
        "t_hit_median": 6.5,
        "t_hit_p75": 15.25,
        "mdd_p25": -1.365225,
        "mdd_median": -0.5481499999999999,
        "mdd_p75": -0.172275
      },
      "72": {
        "n_total": 184,
        "n_hit": 167,
        "p_hit": 0.907609,
        "t_hit_p25": 3.5,
        "t_hit_median": 7.0,
        "t_hit_p75": 16.0,
        "mdd_p25": -1.38185,
        "mdd_median": -0.5546,
        "mdd_p75": -0.17365
      },
      "84": {
        "n_total": 184,
        "n_hit": 167,
        "p_hit": 0.907609,
        "t_hit_p25": 3.5,
        "t_hit_median": 7.0,
        "t_hit_p75": 16.0,
        "mdd_p25": -1.38185,
        "mdd_median": -0.5546,
        "mdd_p75": -0.17365
      },
      "96": {
        "n_total": 184,
        "n_hit": 167,
        "p_hit": 0.907609,
        "t_hit_p25": 3.5,
        "t_hit_median": 7.0,
        "t_hit_p75": 16.0,
        "mdd_p25": -1.38185,
        "mdd_median": -0.5546,
        "mdd_p75": -0.17365
      }
    },
    "2.0": {
      "12": {
        "n_total": 184,
        "n_hit": 55,
        "p_hit": 0.298913,
        "t_hit_p25": 4.0,
        "t_hit_median": 6.0,
        "t_hit_p75": 9.0,
        "mdd_p25": -0.9582999999999999,
        "mdd_median": -0.4103,
        "mdd_p75": -0.17365
      },
      "24": {
        "n_total": 184,
        "n_hit": 89,
        "p_hit": 0.483696,
        "t_hit_p25": 6.0,
        "t_hit_median": 10.0,
        "t_hit_p75": 17.0,
        "mdd_p25": -1.5877,
        "mdd_median": -0.6805,
        "mdd_p75": -0.247
      },
      "36": {
        "n_total": 184,
        "n_hit": 110,
        "p_hit": 0.597826,
        "t_hit_p25": 6.25,
        "t_hit_median": 12.5,
        "t_hit_p75": 21.0,
        "mdd_p25": -1.57995,
        "mdd_median": -0.9510000000000001,
        "mdd_p75": -0.336525
      },
      "48": {
        "n_total": 184,
        "n_hit": 127,
        "p_hit": 0.690217,
        "t_hit_p25": 7.5,
        "t_hit_median": 16.0,
        "t_hit_p75": 28.0,
        "mdd_p25": -1.46705,
        "mdd_median": -0.9924,
        "mdd_p75": -0.41225
      },
      "60": {
        "n_total": 184,
        "n_hit": 140,
        "p_hit": 0.76087,
        "t_hit_p25": 8.0,
        "t_hit_median": 18.0,
        "t_hit_p75": 33.0,
        "mdd_p25": -1.4715250000000002,
        "mdd_median": -1.0265499999999999,
        "mdd_p75": -0.48514999999999997
      },
      "72": {
        "n_total": 184,
        "n_hit": 141,
        "p_hit": 0.766304,
        "t_hit_p25": 8.0,
        "t_hit_median": 18.0,
        "t_hit_p75": 33.0,
        "mdd_p25": -1.4673,
        "mdd_median": -1.017,
        "mdd_p75": -0.4986
      },
      "84": {
        "n_total": 184,
        "n_hit": 143,
        "p_hit": 0.777174,
        "t_hit_p25": 8.0,
        "t_hit_median": 19.0,
        "t_hit_p75": 34.0,
        "mdd_p25": -1.4954,
        "mdd_median": -1.0361,
        "mdd_p75": -0.5026
      },
      "96": {
        "n_total": 184,
        "n_hit": 143,
        "p_hit": 0.777174,
        "t_hit_p25": 8.0,
        "t_hit_median": 19.0,
        "t_hit_p75": 34.0,
        "mdd_p25": -1.4954,
        "mdd_median": -1.0361,
        "mdd_p75": -0.5026
      }
    },
    "3.0": {
      "12": {
        "n_total": 184,
        "n_hit": 34,
        "p_hit": 0.184783,
        "t_hit_p25": 5.0,
        "t_hit_median": 8.0,
        "t_hit_p75": 10.0,
        "mdd_p25": -1.370275,
        "mdd_median": -0.44155,
        "mdd_p75": -0.17777500000000002
      },
      "24": {
        "n_total": 184,
        "n_hit": 51,
        "p_hit": 0.277174,
        "t_hit_p25": 6.0,
        "t_hit_median": 10.0,
        "t_hit_p75": 16.5,
        "mdd_p25": -1.4039,
        "mdd_median": -0.5066,
        "mdd_p75": -0.20145
      },
      "36": {
        "n_total": 184,
        "n_hit": 68,
        "p_hit": 0.369565,
        "t_hit_p25": 8.0,
        "t_hit_median": 13.0,
        "t_hit_p75": 24.25,
        "mdd_p25": -1.3997,
        "mdd_median": -0.82185,
        "mdd_p75": -0.2881
      },
      "48": {
        "n_total": 184,
        "n_hit": 80,
        "p_hit": 0.434783,
        "t_hit_p25": 9.0,
        "t_hit_median": 18.0,
        "t_hit_p75": 32.0,
        "mdd_p25": -1.349825,
        "mdd_median": -0.9510000000000001,
        "mdd_p75": -0.372975
      },
      "60": {
        "n_total": 184,
        "n_hit": 92,