{
  "schema": "baseline_probs_v1",
  "source_labels": "data/labels/labels_v1.csv",
  "n_rows_labels": 240,
  "thresholds": [
    0.5,
    1.0,
    2.0,
    3.0,
    5.0
  ],
  "horizons": [
    12,
    24,
    36,
    48,
    60,
    72,
    84,
    96
  ],
  "results": {
    "0.5": {
      "12": {
        "n_total": 240,
        "n_hit": 170,
        "p_hit": 0.708333,
        "t_hit_p25": 1.0,
        "t_hit_median": 2.5,
        "t_hit_p75": 5.0,
        "mdd_p25": -0.8302499999999999,
        "mdd_median": -0.32175,
        "mdd_p75": -0.080425
      },
      "24": {
        "n_total": 240,
        "n_hit": 202,
        "p_hit": 0.841667,
        "t_hit_p25": 1.0,
        "t_hit_median": 3.0,
        "t_hit_p75": 8.0,
        "mdd_p25": -0.99545,
        "mdd_median": -0.42869999999999997,
        "mdd_p75": -0.107575
      },
      "36": {
        "n_total": 240,
        "n_hit": 217,
        "p_hit": 0.904167,
        "t_hit_p25": 1.0,
        "t_hit_median": 4.0,
        "t_hit_p75": 11.0,
        "mdd_p25": -0.9839,
        "mdd_median": -0.4638,
        "mdd_p75": -0.125
      },
      "48": {
        "n_total": 240,
        "n_hit": 217,
        "p_hit": 0.904167,
        "t_hit_p25": 1.0,
        "t_hit_median": 4.0,
        "t_hit_p75": 11.0,
        "mdd_p25": -0.9839,
        "mdd_median": -0.4638,
        "mdd_p75": -0.125
      },
      "60": {
        "n_total": 240,
        "n_hit": 223,
        "p_hit": 0.929167,
        "t_hit_p25": 1.0,
        "t_hit_median": 4.0,
        "t_hit_p75": 12.0,
        "mdd_p25": -1.04115,
        "mdd_median": -0.4738,
        "mdd_p75": -0.12835000000000002
      },
      "72": {
        "n_total": 240,
        "n_hit": 235,
        "p_hit": 0.979167,
        "t_hit_p25": 2.0,
        "t_hit_median": 4.0,
        "t_hit_p75": 14.0,
        "mdd_p25": -1.3104,
        "mdd_median": -0.5036,
        "mdd_p75": -0.1447
      },
      "84": {
        "n_total": 240,
        "n_hit": 235,
        "p_hit": 0.979167,
        "t_hit_p25": 2.0,
        "t_hit_median": 4.0,
        "t_hit_p75": 14.0,
        "mdd_p25": -1.3104,
        "mdd_median": -0.5036,
        "mdd_p75": -0.1447
      },
      "96": {
        "n_total": 240,
        "n_hit": 235,
        "p_hit": 0.979167,
        "t_hit_p25": 2.0,
        "t_hit_median": 4.0,
        "t_hit_p75": 14.0,
        "mdd_p25": -1.3104,
        "mdd_median": -0.5036,
        "mdd_p75": -0.1447
      }
    },
    "1.0": {
      "12": {
        "n_total": 240,
        "n_hit": 132,
        "p_hit": 0.55,
        "t_hit_p25": 3.0,
        "t_hit_median": 5.0,
        "t_hit_p75": 7.0,
        "mdd_p25": -0.9877499999999999,
        "mdd_median": -0.3498,
        "mdd_p75": -0.098875
      },
      "24": {
        "n_total": 240,
        "n_hit": 161,
        "p_hit": 0.670833,
        "t_hit_p25": 3.0,
        "t_hit_median": 6.0,
        "t_hit_p75": 10.0,
        "mdd_p25": -1.3713,
        "mdd_median": -0.4923,
        "mdd_p75": -0.1442
      },
      "36": {
        "n_total": 240,
        "n_hit": 180,
        "p_hit": 0.75,
        "t_hit_p25": 3.0,
        "t_hit_median": 6.0,
        "t_hit_p75": 13.25,
        "mdd_p25": -1.4898,
        "mdd_median": -0.52525,
        "mdd_p75": -0.1666
      },
      "48": {
        "n_total": 240,
        "n_hit": 198,
        "p_hit": 0.825,
        "t_hit_p25": 4.0,
        "t_hit_median": 7.0,
        "t_hit_p75": 19.0,
        "mdd_p25": -1.4606999999999999,
        "mdd_median": -0.538,
        "mdd_p75": -0.17302499999999998
      },
      "60": {
        "n_total": 240,
        "n_hit": 207,
        "p_hit": 0.8625,
        "t_hit_p25": 4.0,
        "t_hit_median": 7.0,
        "t_hit_p75": 21.0,
        "mdd_p25": -1.4954,
        "mdd_median": -0.5546,
        "mdd_p75": -0.19319999999999998
      },
      "72": {
        "n_total": 240,
        "n_hit": 222,
        "p_hit": 0.925,
        "t_hit_p25": 4.0,
        "t_hit_median": 8.0,
        "t_hit_p75": 28.0,
        "mdd_p25": -1.6675749999999998,
        "mdd_median": -0.68155,
        "mdd_p75": -0.234675
      },
      "84": {
        "n_total": 240,
        "n_hit": 223,
        "p_hit": 0.929167,
        "t_hit_p25": 4.0,
        "t_hit_median": 8.0,
        "t_hit_p75": 28.0,
        "mdd_p25": -1.6803,
        "mdd_median": -0.6826,
        "mdd_p75": -0.23575000000000002
      },
      "96": {
        "n_total": 240,
        "n_hit": 223,
        "p_hit": 0.929167,
        "t_hit_p25": 4.0,
        "t_hit_median": 8.0,
        "t_hit_p75": 28.0,
        "mdd_p25": -1.6803,
        "mdd_median": -0.6826,
        "mdd_p75": -0.23575000000000002
      }
    },
    "2.0": {
      "12": {
        "n_total": 240,
        "n_hit": 58,
        "p_hit": 0.241667,
        "t_hit_p25": 4.0,
        "t_hit_median": 6.0,
        "t_hit_p75": 9.0,
        "mdd_p25": -1.280275,
        "mdd_median": -0.41225,
        "mdd_p75": -0.180025
      },
      "24": {
        "n_total": 240,
        "n_hit": 97,
        "p_hit": 0.404167,
        "t_hit_p25": 6.0,
        "t_hit_median": 10.0,
        "t_hit_p75": 17.0,
        "mdd_p25": -1.4668,
        "mdd_median": -0.8025,
        "mdd_p75": -0.2933
      },
      "36": {
        "n_total": 240,
        "n_hit": 120,
        "p_hit": 0.5,
        "t_hit_p25": 6.75,
        "t_hit_median": 13.0,
        "t_hit_p75": 21.0,
        "mdd_p25": -1.466925,
        "mdd_median": -0.95535,
        "mdd_p75": -0.372975
      },
      "48": {
        "n_total": 240,
        "n_hit": 140,
        "p_hit": 0.583333,
        "t_hit_p25": 8.0,
        "t_hit_median": 16.0,
        "t_hit_p75": 29.0,
        "mdd_p25": -1.4210999999999998,
        "mdd_median": -0.99745,
        "mdd_p75": -0.41322499999999995
      },
      "60": {
        "n_total": 240,
        "n_hit": 163,
        "p_hit": 0.679167,
        "t_hit_p25": 9.0,
        "t_hit_median": 20.0,
        "t_hit_p75": 37.5,
        "mdd_p25": -1.4039,
        "mdd_median": -0.9761,
        "mdd_p75": -0.40305
      },
      "72": {
        "n_total": 240,
        "n_hit": 177,
        "p_hit": 0.7375,
        "t_hit_p25": 9.0,
        "t_hit_median": 21.0,
        "t_hit_p75": 43.0,
        "mdd_p25": -1.5555,
        "mdd_median": -1.0361,
        "mdd_p75": -0.4448
      },
      "84": {
        "n_total": 240,
        "n_hit": 186,
        "p_hit": 0.775,
        "t_hit_p25": 10.0,
        "t_hit_median": 22.5,
        "t_hit_p75": 46.75,
        "mdd_p25": -1.6551999999999998,
        "mdd_median": -1.11595,
        "mdd_p75": -0.4616
      },
      "96": {
        "n_total": 240,
        "n_hit": 191,
        "p_hit": 0.795833,
        "t_hit_p25": 10.0,
        "t_hit_median": 23.0,
        "t_hit_p75": 51.0,
        "mdd_p25": -1.66705,
        "mdd_median": -1.1628,
        "mdd_p75": -0.4835
      }
    },
    "3.0": {
      "12": {
        "n_total": 240,
        "n_hit": 35,
        "p_hit": 0.145833,
        "t_hit_p25": 5.0,
        "t_hit_median": 8.0,
        "t_hit_p75": 10.0,
        "mdd_p25": -1.3489499999999999,
        "mdd_median": -0.4383,
        "mdd_p75": -0.18364999999999998
      },
      "24": {
        "n_total": 240,
        "n_hit": 52,
        "p_hit": 0.216667,
        "t_hit_p25": 6.0,
        "t_hit_median": 10.0,
        "t_hit_p75": 16.25,
        "mdd_p25": -1.4018,
        "mdd_median": -0.5026,
        "mdd_p75": -0.204475
      },
      "36": {
        "n_total": 240,
        "n_hit": 69,
        "p_hit": 0.2875,
        "t_hit_p25": 8.0,
        "t_hit_median": 12.0,
        "t_hit_p75": 24.0,
        "mdd_p25": -1.3997,
        "mdd_median": -0.8025,
        "mdd_p75": -0.2933
      },
      "48": {
        "n_total": 240,
        "n_hit": 84,
        "p_hit": 0.35,
        "t_hit_p25": 9.0,
        "t_hit_median": 18.5,
        "t_hit_p75": 32.0,
        "mdd_p25": -1.3136999999999999,
        "mdd_median": -0.9002,
        "mdd_p75": -0.35205000000000003
      },
      "60": {
        "n_total": 240,