{
  "schema": "baseline_probs_v1",
  "source_labels": "data/labels/labels_v1.csv",
  "n_rows_labels": 690,
  "thresholds": [
    0.5,
    1.0,
    2.0,
    3.0,
    5.0
  ],
  "horizons": [
    12,
    24,
    36,
    48,
    60,
    72,
    84,
    96
  ],
  "results": {
    "0.5": {
      "12": {
        "n_total": 690,
        "n_hit": 496,
        "p_hit": 0.718841,
        "t_hit_p25": 1.0,
        "t_hit_median": 3.0,
        "t_hit_p75": 6.0,
        "mdd_p25": -0.61315,
        "mdd_median": -0.24485,
        "mdd_p75": -0.054075
      },
      "24": {
        "n_total": 690,
        "n_hit": 587,
        "p_hit": 0.850725,
        "t_hit_p25": 2.0,
        "t_hit_median": 4.0,
        "t_hit_p75": 9.0,
        "mdd_p25": -0.7332000000000001,
        "mdd_median": -0.3324,
        "mdd_p75": -0.092
      },
      "36": {
        "n_total": 690,
        "n_hit": 624,
        "p_hit": 0.904348,
        "t_hit_p25": 2.0,
        "t_hit_median": 4.0,
        "t_hit_p75": 10.0,
        "mdd_p25": -0.82935,
        "mdd_median": -0.36735,
        "mdd_p75": -0.10425000000000001
      },
      "48": {
        "n_total": 690,
        "n_hit": 631,
        "p_hit": 0.914493,
        "t_hit_p25": 2.0,
        "t_hit_median": 4.0,
        "t_hit_p75": 11.0,
        "mdd_p25": -0.8441000000000001,
        "mdd_median": -0.3728,
        "mdd_p75": -0.1052
      },
      "60": {
        "n_total": 690,
        "n_hit": 640,
        "p_hit": 0.927536,
        "t_hit_p25": 2.0,
        "t_hit_median": 5.0,
        "t_hit_p75": 11.0,
        "mdd_p25": -0.8952000000000001,
        "mdd_median": -0.3797,
        "mdd_p75": -0.1057
      },
      "72": {
        "n_total": 690,
        "n_hit": 653,
        "p_hit": 0.946377,
        "t_hit_p25": 2.0,
        "t_hit_median": 5.0,
        "t_hit_p75": 12.0,
        "mdd_p25": -0.9724,
        "mdd_median": -0.3894,
        "mdd_p75": -0.1087
      },
      "84": {
        "n_total": 690,
        "n_hit": 656,
        "p_hit": 0.950725,
        "t_hit_p25": 2.0,
        "t_hit_median": 5.0,
        "t_hit_p75": 12.0,
        "mdd_p25": -0.9824499999999999,
        "mdd_median": -0.3907,
        "mdd_p75": -0.109525
      },
      "96": {
        "n_total": 690,
        "n_hit": 659,
        "p_hit": 0.955072,
        "t_hit_p25": 2.0,
        "t_hit_median": 5.0,
        "t_hit_p75": 12.0,
        "mdd_p25": -0.9836,
        "mdd_median": -0.3978,
        "mdd_p75": -0.11115
      }
    },
    "1.0": {
      "12": {
        "n_total": 690,
        "n_hit": 348,
        "p_hit": 0.504348,
        "t_hit_p25": 3.0,
        "t_hit_median": 5.0,
        "t_hit_p75": 7.0,
        "mdd_p25": -0.658125,
        "mdd_median": -0.2612,
        "mdd_p75": -0.0659
      },
      "24": {
        "n_total": 690,
        "n_hit": 466,
        "p_hit": 0.675362,
        "t_hit_p25": 3.0,
        "t_hit_median": 7.0,
        "t_hit_p75": 13.0,
        "mdd_p25": -0.84535,
        "mdd_median": -0.3775,
        "mdd_p75": -0.10364999999999999
      },
      "36": {
        "n_total": 690,
        "n_hit": 536,
        "p_hit": 0.776812,
        "t_hit_p25": 4.0,
        "t_hit_median": 8.0,
        "t_hit_p75": 18.0,
        "mdd_p25": -0.9904,
        "mdd_median": -0.42515000000000003,
        "mdd_p75": -0.13090000000000002
      },
      "48": {
        "n_total": 690,
        "n_hit": 570,
        "p_hit": 0.826087,
        "t_hit_p25": 4.0,
        "t_hit_median": 9.0,
        "t_hit_p75": 20.0,
        "mdd_p25": -1.0607,
        "mdd_median": -0.443,
        "mdd_p75": -0.14425
      },
      "60": {
        "n_total": 690,
        "n_hit": 594,
        "p_hit": 0.86087,
        "t_hit_p25": 4.0,
        "t_hit_median": 9.0,
        "t_hit_p75": 21.0,
        "mdd_p25": -1.16875,
        "mdd_median": -0.4693,
        "mdd_p75": -0.15542499999999998
      },
      "72": {
        "n_total": 690,
        "n_hit": 616,
        "p_hit": 0.892754,
        "t_hit_p25": 4.0,
        "t_hit_median": 10.0,
        "t_hit_p75": 24.0,
        "mdd_p25": -1.23255,
        "mdd_median": -0.48285,
        "mdd_p75": -0.1666
      },
      "84": {
        "n_total": 690,
        "n_hit": 624,
        "p_hit": 0.904348,
        "t_hit_p25": 4.0,
        "t_hit_median": 10.0,
        "t_hit_p75": 25.0,
        "mdd_p25": -1.2646,
        "mdd_median": -0.49355000000000004,
        "mdd_p75": -0.16899999999999998
      },
      "96": {
        "n_total": 690,
        "n_hit": 630,
        "p_hit": 0.913043,
        "t_hit_p25": 4.0,
        "t_hit_median": 10.0,
        "t_hit_p75": 25.0,
        "mdd_p25": -1.295,
        "mdd_median": -0.49845,
        "mdd_p75": -0.16972500000000001
      }
    },
    "2.0": {
      "12": {
        "n_total": 690,
        "n_hit": 161,
        "p_hit": 0.233333,
        "t_hit_p25": 4.0,
        "t_hit_median": 7.0,
        "t_hit_p75": 9.0,
        "mdd_p25": -0.6287,
        "mdd_median": -0.3289,
        "mdd_p75": -0.0678
      },
      "24": {
        "n_total": 690,
        "n_hit": 285,
        "p_hit": 0.413043,
        "t_hit_p25": 6.0,
        "t_hit_median": 11.0,
        "t_hit_p75": 17.0,
        "mdd_p25": -0.8384,
        "mdd_median": -0.4448,
        "mdd_p75": -0.135
      },
      "36": {
        "n_total": 690,
        "n_hit": 365,
        "p_hit": 0.528986,
        "t_hit_p25": 7.0,
        "t_hit_median": 15.0,
        "t_hit_p75": 23.0,
        "mdd_p25": -0.9249,
        "mdd_median": -0.4427,
        "mdd_p75": -0.1537
      },
      "48": {
        "n_total": 690,
        "n_hit": 439,
        "p_hit": 0.636232,
        "t_hit_p25": 9.0,
        "t_hit_median": 17.0,
        "t_hit_p75": 31.0,
        "mdd_p25": -0.9918499999999999,
        "mdd_median": -0.4728,
        "mdd_p75": -0.1812
      },
      "60": {
        "n_total": 690,
        "n_hit": 491,
        "p_hit": 0.711594,
        "t_hit_p25": 9.0,
        "t_hit_median": 20.0,
        "t_hit_p75": 37.0,
        "mdd_p25": -1.11595,
        "mdd_median": -0.5065,
        "mdd_p75": -0.21739999999999998
      },
      "72": {
        "n_total": 690,
        "n_hit": 525,
        "p_hit": 0.76087,
        "t_hit_p25": 10.0,
        "t_hit_median": 21.0,
        "t_hit_p75": 42.0,
        "mdd_p25": -1.1957,
        "mdd_median": -0.5535,
        "mdd_p75": -0.2432
      },
      "84": {
        "n_total": 690,
        "n_hit": 538,
        "p_hit": 0.77971,
        "t_hit_p25": 10.0,
        "t_hit_median": 22.0,
        "t_hit_p75": 43.0,
        "mdd_p25": -1.242375,
        "mdd_median": -0.5783,
        "mdd_p75": -0.247
      },
      "96": {
        "n_total": 690,
        "n_hit": 550,
        "p_hit": 0.797101,
        "t_hit_p25": 10.0,
        "t_hit_median": 23.0,
        "t_hit_p75": 44.0,
        "mdd_p25": -1.2712750000000002,
        "mdd_median": -0.5879000000000001,
        "mdd_p75": -0.26189999999999997
      }
    },
    "3.0": {
      "12": {
        "n_total": 690,
        "n_hit": 75,
        "p_hit": 0.108696,
        "t_hit_p25": 5.0,
        "t_hit_median": 7.0,
        "t_hit_p75": 10.0,
        "mdd_p25": -0.6958,
        "mdd_median": -0.3339,
        "mdd_p75": -0.13845000000000002
      },
      "24": {
        "n_total": 690,
        "n_hit": 141,
        "p_hit": 0.204348,
        "t_hit_p25": 7.0,
        "t_hit_median": 12.0,
        "t_hit_p75": 19.0,
        "mdd_p25": -0.6217,
        "mdd_median": -0.3339,
        "mdd_p75": -0.1132
      },
      "36": {
        "n_total": 690,
        "n_hit": 218,
        "p_hit": 0.315942,
        "t_hit_p25": 10.0,
        "t_hit_median": 19.0,
        "t_hit_p75": 29.0,
        "mdd_p25": -0.7329,
        "mdd_median": -0.3775,
        "mdd_p75": -0.13045
      },
      "48": {
        "n_total": 690,
        "n_hit": 288,
        "p_hit": 0.417391,
        "t_hit_p25": 12.0,
        "t_hit_median": 25.0,
        "t_hit_p75": 36.0,
        "mdd_p25": -0.9266000000000001,
        "mdd_median": -0.4619,