{
  "schema": "baseline_probs_v1",
  "source_labels": "data/labels/labels_v1.csv",
  "n_rows_labels": 2865,
  "thresholds": [
    0.5,
    1.0,
    2.0,
    3.0,
    5.0
  ],
  "horizons": [
    12,
    24,
    36,
    48,
    60,
    72,
    84,
    96
  ],
  "results": {
    "0.5": {
      "12": {
        "n_total": 2865,
        "n_hit": 2013,
        "p_hit": 0.702618,
        "t_hit_p25": 1.0,
        "t_hit_median": 2.0,
        "t_hit_p75": 4.0,
        "mdd_p25": -0.7285,
        "mdd_median": -0.293,
        "mdd_p75": -0.0489
      },
      "24": {
        "n_total": 2865,
        "n_hit": 2289,
        "p_hit": 0.798953,
        "t_hit_p25": 1.0,
        "t_hit_median": 3.0,
        "t_hit_p75": 7.0,
        "mdd_p25": -0.917,
        "mdd_median": -0.3625,
        "mdd_p75": -0.079
      },
      "36": {
        "n_total": 2865,
        "n_hit": 2427,
        "p_hit": 0.84712,
        "t_hit_p25": 1.0,
        "t_hit_median": 3.0,
        "t_hit_p75": 8.0,
        "mdd_p25": -1.01615,
        "mdd_median": -0.4097,
        "mdd_p75": -0.0959
      },
      "48": {
        "n_total": 2865,
        "n_hit": 2480,
        "p_hit": 0.86562,
        "t_hit_p25": 1.0,
        "t_hit_median": 3.0,
        "t_hit_p75": 9.0,
        "mdd_p25": -1.12345,
        "mdd_median": -0.42310000000000003,
        "mdd_p75": -0.102075
      },
      "60": {
        "n_total": 2865,
        "n_hit": 2503,
        "p_hit": 0.873647,
        "t_hit_p25": 1.0,
        "t_hit_median": 3.0,
        "t_hit_p75": 9.0,
        "mdd_p25": -1.1489500000000001,
        "mdd_median": -0.4298,
        "mdd_p75": -0.1038
      },
      "72": {
        "n_total": 2865,
        "n_hit": 2542,
        "p_hit": 0.88726,
        "t_hit_p25": 1.0,
        "t_hit_median": 3.0,
        "t_hit_p75": 10.0,
        "mdd_p25": -1.204875,
        "mdd_median": -0.443,
        "mdd_p75": -0.106375
      },
      "84": {
        "n_total": 2865,
        "n_hit": 2585,
        "p_hit": 0.902269,
        "t_hit_p25": 1.0,
        "t_hit_median": 3.0,
        "t_hit_p75": 10.0,
        "mdd_p25": -1.2782,
        "mdd_median": -0.4611,
        "mdd_p75": -0.1108
      },
      "96": {
        "n_total": 2865,
        "n_hit": 2614,
        "p_hit": 0.912391,
        "t_hit_p25": 1.0,
        "t_hit_median": 3.0,
        "t_hit_p75": 11.0,
        "mdd_p25": -1.336325,
        "mdd_median": -0.4732,
        "mdd_p75": -0.11530000000000001
      }
    },
    "1.0": {
      "12": {
        "n_total": 2865,
        "n_hit": 1458,
        "p_hit": 0.508901,
        "t_hit_p25": 2.0,
        "t_hit_median": 4.0,
        "t_hit_p75": 7.0,
        "mdd_p25": -0.952475,
        "mdd_median": -0.36795,
        "mdd_p75": -0.07885
      },
      "24": {
        "n_total": 2865,
        "n_hit": 1831,
        "p_hit": 0.639092,
        "t_hit_p25": 2.0,
        "t_hit_median": 5.0,
        "t_hit_p75": 11.0,
        "mdd_p25": -1.1102500000000002,
        "mdd_median": -0.4726,
        "mdd_p75": -0.12730000000000002
      },
      "36": {
        "n_total": 2865,
        "n_hit": 2058,
        "p_hit": 0.718325,
        "t_hit_p25": 3.0,
        "t_hit_median": 6.0,
        "t_hit_p75": 15.0,
        "mdd_p25": -1.3295000000000001,
        "mdd_median": -0.5367999999999999,
        "mdd_p75": -0.158825
      },
      "48": {
        "n_total": 2865,
        "n_hit": 2164,
        "p_hit": 0.755323,
        "t_hit_p25": 3.0,
        "t_hit_median": 7.0,
        "t_hit_p75": 17.0,
        "mdd_p25": -1.3863,
        "mdd_median": -0.5544,
        "mdd_p75": -0.171
      },
      "60": {
        "n_total": 2865,
        "n_hit": 2243,
        "p_hit": 0.782897,
        "t_hit_p25": 3.0,
        "t_hit_median": 7.0,
        "t_hit_p75": 19.0,
        "mdd_p25": -1.4865499999999998,
        "mdd_median": -0.5955,
        "mdd_p75": -0.18175
      },
      "72": {
        "n_total": 2865,
        "n_hit": 2308,
        "p_hit": 0.805585,
        "t_hit_p25": 3.0,
        "t_hit_median": 8.0,
        "t_hit_p75": 21.0,
        "mdd_p25": -1.587825,
        "mdd_median": -0.6193500000000001,
        "mdd_p75": -0.192425
      },
      "84": {
        "n_total": 2865,
        "n_hit": 2366,
        "p_hit": 0.825829,
        "t_hit_p25": 3.0,
        "t_hit_median": 8.0,
        "t_hit_p75": 22.0,
        "mdd_p25": -1.6870500000000002,
        "mdd_median": -0.6574,
        "mdd_p75": -0.2044
      },
      "96": {
        "n_total": 2865,
        "n_hit": 2403,
        "p_hit": 0.838743,
        "t_hit_p25": 3.0,
        "t_hit_median": 8.0,
        "t_hit_p75": 23.0,
        "mdd_p25": -1.75715,
        "mdd_median": -0.6799,
        "mdd_p75": -0.2134
      }
    },
    "2.0": {
      "12": {
        "n_total": 2865,
        "n_hit": 703,
        "p_hit": 0.245375,
        "t_hit_p25": 3.0,
        "t_hit_median": 5.0,
        "t_hit_p75": 9.0,
        "mdd_p25": -0.9734499999999999,
        "mdd_median": -0.4153,
        "mdd_p75": -0.10185
      },
      "24": {
        "n_total": 2865,
        "n_hit": 1137,
        "p_hit": 0.396859,
        "t_hit_p25": 4.0,
        "t_hit_median": 9.0,
        "t_hit_p75": 16.0,
        "mdd_p25": -1.2736,
        "mdd_median": -0.5798,
        "mdd_p75": -0.175
      },
      "36": {
        "n_total": 2865,
        "n_hit": 1438,
        "p_hit": 0.50192,
        "t_hit_p25": 5.0,
        "t_hit_median": 13.0,
        "t_hit_p75": 23.0,
        "mdd_p25": -1.4671750000000001,
        "mdd_median": -0.6782,
        "mdd_p75": -0.219775
      },
      "48": {
        "n_total": 2865,
        "n_hit": 1628,
        "p_hit": 0.568237,
        "t_hit_p25": 6.0,
        "t_hit_median": 15.0,
        "t_hit_p75": 27.0,
        "mdd_p25": -1.559875,
        "mdd_median": -0.7342,
        "mdd_p75": -0.264675
      },
      "60": {
        "n_total": 2865,
        "n_hit": 1755,
        "p_hit": 0.612565,
        "t_hit_p25": 7.0,
        "t_hit_median": 17.0,
        "t_hit_p75": 31.0,
        "mdd_p25": -1.6174,
        "mdd_median": -0.8015,
        "mdd_p75": -0.2832
      },
      "72": {
        "n_total": 2865,
        "n_hit": 1868,
        "p_hit": 0.652007,
        "t_hit_p25": 7.0,
        "t_hit_median": 18.0,
        "t_hit_p75": 35.0,
        "mdd_p25": -1.775125,
        "mdd_median": -0.88695,
        "mdd_p75": -0.311025
      },
      "84": {
        "n_total": 2865,
        "n_hit": 1949,
        "p_hit": 0.680279,
        "t_hit_p25": 8.0,
        "t_hit_median": 19.0,
        "t_hit_p75": 38.0,
        "mdd_p25": -1.9188,
        "mdd_median": -0.9472,
        "mdd_p75": -0.3289
      },
      "96": {
        "n_total": 2865,
        "n_hit": 2024,
        "p_hit": 0.706457,
        "t_hit_p25": 8.0,
        "t_hit_median": 21.0,
        "t_hit_p75": 41.0,
        "mdd_p25": -2.100425,
        "mdd_median": -0.9903500000000001,
        "mdd_p75": -0.34575
      }
    },
    "3.0": {
      "12": {
        "n_total": 2865,
        "n_hit": 384,
        "p_hit": 0.134031,
        "t_hit_p25": 3.0,
        "t_hit_median": 6.0,
        "t_hit_p75": 9.0,
        "mdd_p25": -0.932175,
        "mdd_median": -0.3776,
        "mdd_p75": -0.1031
      },
      "24": {
        "n_total": 2865,
        "n_hit": 665,
        "p_hit": 0.232112,
        "t_hit_p25": 5.0,
        "t_hit_median": 10.0,
        "t_hit_p75": 17.0,
        "mdd_p25": -1.3323,
        "mdd_median": -0.5509,
        "mdd_p75": -0.1588
      },
      "36": {
        "n_total": 2865,
        "n_hit": 932,
        "p_hit": 0.325305,
        "t_hit_p25": 7.0,
        "t_hit_median": 16.0,
        "t_hit_p75": 26.0,
        "mdd_p25": -1.6055249999999999,
        "mdd_median": -0.67575,
        "mdd_p75": -0.2072
      },
      "48": {
        "n_total": 2865,
        "n_hit": 1148,
        "p_hit": 0.400698,
        "t_hit_p25": 9.0,
        "t_hit_median": 21.0,
        "t_hit_p75": 33.0,
        "mdd_p25": -1.7120250000000001,
        "mdd_median": -0.79975,