{
  "schema": "baseline_probs_v1",
  "source_labels": "data/labels/labels_v1.csv",
  "n_rows_labels": 3082,
  "thresholds": [
    0.5,
    1.0,
    2.0,
    3.0,
    5.0
  ],
  "horizons": [
    12,
    24,
    36,
    48,
    60,
    72,
    84,
    96
  ],
  "results": {
    "0.5": {
      "12": {
        "n_total": 3082,
        "n_hit": 2185,
        "p_hit": 0.708955,
        "t_hit_p25": 1.0,
        "t_hit_median": 2.0,
        "t_hit_p75": 4.0,
        "mdd_p25": -0.7427,
        "mdd_median": -0.2962,
        "mdd_p75": -0.0504
      },
      "24": {
        "n_total": 3082,
        "n_hit": 2480,
        "p_hit": 0.804672,
        "t_hit_p25": 1.0,
        "t_hit_median": 3.0,
        "t_hit_p75": 7.0,
        "mdd_p25": -0.924375,
        "mdd_median": -0.36660000000000004,
        "mdd_p75": -0.079975
      },
      "36": {
        "n_total": 3082,
        "n_hit": 2624,
        "p_hit": 0.851395,
        "t_hit_p25": 1.0,
        "t_hit_median": 3.0,
        "t_hit_p75": 8.0,
        "mdd_p25": -1.0218249999999998,
        "mdd_median": -0.40975,
        "mdd_p75": -0.09507499999999999
      },
      "48": {
        "n_total": 3082,
        "n_hit": 2681,
        "p_hit": 0.86989,
        "t_hit_p25": 1.0,
        "t_hit_median": 3.0,
        "t_hit_p75": 9.0,
        "mdd_p25": -1.1102,
        "mdd_median": -0.4243,
        "mdd_p75": -0.102
      },
      "60": {
        "n_total": 3082,
        "n_hit": 2710,
        "p_hit": 0.879299,
        "t_hit_p25": 1.0,
        "t_hit_median": 3.0,
        "t_hit_p75": 9.0,
        "mdd_p25": -1.151525,
        "mdd_median": -0.43274999999999997,
        "mdd_p75": -0.10412500000000001
      },
      "72": {
        "n_total": 3082,
        "n_hit": 2749,
        "p_hit": 0.891953,
        "t_hit_p25": 1.0,
        "t_hit_median": 3.0,
        "t_hit_p75": 10.0,
        "mdd_p25": -1.2049,
        "mdd_median": -0.4433,
        "mdd_p75": -0.1063
      },
      "84": {
        "n_total": 3082,
        "n_hit": 2792,
        "p_hit": 0.905905,
        "t_hit_p25": 1.0,
        "t_hit_median": 3.0,
        "t_hit_p75": 10.0,
        "mdd_p25": -1.2755,
        "mdd_median": -0.46130000000000004,
        "mdd_p75": -0.11059999999999999
      },
      "96": {
        "n_total": 3082,
        "n_hit": 2821,
        "p_hit": 0.915315,
        "t_hit_p25": 1.0,
        "t_hit_median": 3.0,
        "t_hit_p75": 11.0,
        "mdd_p25": -1.3337,
        "mdd_median": -0.4728,
        "mdd_p75": -0.1149
      }
    },
    "1.0": {
      "12": {
        "n_total": 3082,
        "n_hit": 1594,
        "p_hit": 0.517197,
        "t_hit_p25": 2.0,
        "t_hit_median": 4.0,
        "t_hit_p75": 7.0,
        "mdd_p25": -0.952475,
        "mdd_median": -0.3684,
        "mdd_p75": -0.078025
      },
      "24": {
        "n_total": 3082,
        "n_hit": 2002,
        "p_hit": 0.649578,
        "t_hit_p25": 2.0,
        "t_hit_median": 5.0,
        "t_hit_p75": 11.0,
        "mdd_p25": -1.1289,
        "mdd_median": -0.47514999999999996,
        "mdd_p75": -0.12815
      },
      "36": {
        "n_total": 3082,
        "n_hit": 2242,
        "p_hit": 0.72745,
        "t_hit_p25": 3.0,
        "t_hit_median": 6.0,
        "t_hit_p75": 15.0,
        "mdd_p25": -1.3389499999999999,
        "mdd_median": -0.54065,
        "mdd_p75": -0.1589
      },
      "48": {
        "n_total": 3082,
        "n_hit": 2353,
        "p_hit": 0.763465,
        "t_hit_p25": 3.0,
        "t_hit_median": 7.0,
        "t_hit_p75": 17.0,
        "mdd_p25": -1.3975,
        "mdd_median": -0.5616,
        "mdd_p75": -0.1719
      },
      "60": {
        "n_total": 3082,
        "n_hit": 2436,
        "p_hit": 0.790396,
        "t_hit_p25": 3.0,
        "t_hit_median": 7.0,
        "t_hit_p75": 18.0,
        "mdd_p25": -1.502075,
        "mdd_median": -0.59975,
        "mdd_p75": -0.18094999999999997
      },
      "72": {
        "n_total": 3082,
        "n_hit": 2502,
        "p_hit": 0.811811,
        "t_hit_p25": 3.0,
        "t_hit_median": 7.0,
        "t_hit_p75": 20.0,
        "mdd_p25": -1.5888749999999998,
        "mdd_median": -0.62325,
        "mdd_p75": -0.191625
      },
      "84": {
        "n_total": 3082,
        "n_hit": 2562,
        "p_hit": 0.831278,
        "t_hit_p25": 3.0,
        "t_hit_median": 8.0,
        "t_hit_p75": 21.0,
        "mdd_p25": -1.686275,
        "mdd_median": -0.66525,
        "mdd_p75": -0.2019
      },
      "96": {
        "n_total": 3082,
        "n_hit": 2600,
        "p_hit": 0.843608,
        "t_hit_p25": 3.0,
        "t_hit_median": 8.0,
        "t_hit_p75": 23.0,
        "mdd_p25": -1.7561749999999998,
        "mdd_median": -0.68285,
        "mdd_p75": -0.208325
      }
    },
    "2.0": {
      "12": {
        "n_total": 3082,
        "n_hit": 764,
        "p_hit": 0.247891,
        "t_hit_p25": 3.0,
        "t_hit_median": 5.0,
        "t_hit_p75": 8.0,
        "mdd_p25": -0.9685750000000001,
        "mdd_median": -0.3993,
        "mdd_p75": -0.07755000000000001
      },
      "24": {
        "n_total": 3082,
        "n_hit": 1243,
        "p_hit": 0.40331,
        "t_hit_p25": 4.0,
        "t_hit_median": 9.0,
        "t_hit_p75": 16.0,
        "mdd_p25": -1.2716500000000002,
        "mdd_median": -0.5725,
        "mdd_p75": -0.173
      },
      "36": {
        "n_total": 3082,
        "n_hit": 1567,
        "p_hit": 0.508436,
        "t_hit_p25": 5.0,
        "t_hit_median": 13.0,
        "t_hit_p75": 23.0,
        "mdd_p25": -1.4668,
        "mdd_median": -0.6805,
        "mdd_p75": -0.21525
      },
      "48": {
        "n_total": 3082,
        "n_hit": 1781,
        "p_hit": 0.577872,
        "t_hit_p25": 6.0,
        "t_hit_median": 15.0,
        "t_hit_p75": 27.0,
        "mdd_p25": -1.5815,
        "mdd_median": -0.7653,
        "mdd_p75": -0.2607
      },
      "60": {
        "n_total": 3082,
        "n_hit": 1921,
        "p_hit": 0.623297,
        "t_hit_p25": 7.0,
        "t_hit_median": 17.0,
        "t_hit_p75": 31.0,
        "mdd_p25": -1.6459,
        "mdd_median": -0.8185,
        "mdd_p75": -0.2831
      },
      "72": {
        "n_total": 3082,
        "n_hit": 2042,
        "p_hit": 0.662557,
        "t_hit_p25": 7.0,
        "t_hit_median": 18.0,
        "t_hit_p75": 35.0,
        "mdd_p25": -1.8035999999999999,
        "mdd_median": -0.9051,
        "mdd_p75": -0.310675
      },
      "84": {
        "n_total": 3082,
        "n_hit": 2125,
        "p_hit": 0.689487,
        "t_hit_p25": 7.0,
        "t_hit_median": 19.0,
        "t_hit_p75": 38.0,
        "mdd_p25": -1.9385,
        "mdd_median": -0.9599,
        "mdd_p75": -0.3289
      },
      "96": {
        "n_total": 3082,
        "n_hit": 2201,
        "p_hit": 0.714147,
        "t_hit_p25": 8.0,
        "t_hit_median": 20.0,
        "t_hit_p75": 41.0,
        "mdd_p25": -2.055,
        "mdd_median": -0.9986,
        "mdd_p75": -0.3443
      }
    },
    "3.0": {
      "12": {
        "n_total": 3082,
        "n_hit": 407,
        "p_hit": 0.132057,
        "t_hit_p25": 3.0,
        "t_hit_median": 6.0,
        "t_hit_p75": 9.0,
        "mdd_p25": -0.9350499999999999,
        "mdd_median": -0.3641,
        "mdd_p75": -0.0817
      },
      "24": {
        "n_total": 3082,
        "n_hit": 720,
        "p_hit": 0.233615,
        "t_hit_p25": 5.0,
        "t_hit_median": 11.0,
        "t_hit_p75": 17.0,
        "mdd_p25": -1.34035,
        "mdd_median": -0.5540499999999999,
        "mdd_p75": -0.155975
      },
      "36": {
        "n_total": 3082,
        "n_hit": 1013,
        "p_hit": 0.328683,
        "t_hit_p25": 7.0,
        "t_hit_median": 16.0,
        "t_hit_p75": 26.0,
        "mdd_p25": -1.6042,
        "mdd_median": -0.6985,
        "mdd_p75": -0.2075
      },
      "48": {
        "n_total": 3082,
        "n_hit": 1244,
        "p_hit": 0.403634,
        "t_hit_p25": 9.0,
        "t_hit_median": 21.0,
        "t_hit_p75": 33.0,
        "mdd_p25": -1.7156,