{
  "schema": "baseline_probs_v1",
  "source_labels": "data/labels/labels_v1.csv",
  "n_rows_labels": 1543,
  "thresholds": [
    0.5,
    1.0,
    2.0,
    3.0,
    5.0
  ],
  "horizons": [
    12,
    24,
    36,
    48,
    60,
    72,
    84,
    96
  ],
  "results": {
    "0.5": {
      "12": {
        "n_total": 1543,
        "n_hit": 1094,
        "p_hit": 0.709008,
        "t_hit_p25": 1.0,
        "t_hit_median": 2.0,
        "t_hit_p75": 5.0,
        "mdd_p25": -0.83765,
        "mdd_median": -0.2924,
        "mdd_p75": -0.053224999999999995
      },
      "24": {
        "n_total": 1543,
        "n_hit": 1243,
        "p_hit": 0.805574,
        "t_hit_p25": 1.0,
        "t_hit_median": 3.0,
        "t_hit_p75": 7.0,
        "mdd_p25": -0.9836,
        "mdd_median": -0.3733,
        "mdd_p75": -0.08335000000000001
      },
      "36": {
        "n_total": 1543,
        "n_hit": 1305,
        "p_hit": 0.845755,
        "t_hit_p25": 1.0,
        "t_hit_median": 3.0,
        "t_hit_p75": 8.0,
        "mdd_p25": -1.078,
        "mdd_median": -0.4096,
        "mdd_p75": -0.0973
      },
      "48": {
        "n_total": 1543,
        "n_hit": 1323,
        "p_hit": 0.857421,
        "t_hit_p25": 1.0,
        "t_hit_median": 3.0,
        "t_hit_p75": 8.0,
        "mdd_p25": -1.13765,
        "mdd_median": -0.4172,
        "mdd_p75": -0.10135
      },
      "60": {
        "n_total": 1543,
        "n_hit": 1337,
        "p_hit": 0.866494,
        "t_hit_p25": 1.0,
        "t_hit_median": 3.0,
        "t_hit_p75": 9.0,
        "mdd_p25": -1.1659,
        "mdd_median": -0.426,
        "mdd_p75": -0.1027
      },
      "72": {
        "n_total": 1543,
        "n_hit": 1366,
        "p_hit": 0.885288,
        "t_hit_p25": 1.0,
        "t_hit_median": 3.0,
        "t_hit_p75": 9.0,
        "mdd_p25": -1.251125,
        "mdd_median": -0.44684999999999997,
        "mdd_p75": -0.1057
      },
      "84": {
        "n_total": 1543,
        "n_hit": 1393,
        "p_hit": 0.902787,
        "t_hit_p25": 1.0,
        "t_hit_median": 3.0,
        "t_hit_p75": 10.0,
        "mdd_p25": -1.337,
        "mdd_median": -0.4685,
        "mdd_p75": -0.1098
      },
      "96": {
        "n_total": 1543,
        "n_hit": 1409,
        "p_hit": 0.913156,
        "t_hit_p25": 1.0,
        "t_hit_median": 3.0,
        "t_hit_p75": 10.0,
        "mdd_p25": -1.3632,
        "mdd_median": -0.4747,
        "mdd_p75": -0.1132
      }
    },
    "1.0": {
      "12": {
        "n_total": 1543,
        "n_hit": 817,
        "p_hit": 0.529488,
        "t_hit_p25": 2.0,
        "t_hit_median": 4.0,
        "t_hit_p75": 7.0,
        "mdd_p25": -1.0056,
        "mdd_median": -0.3893,
        "mdd_p75": -0.0809
      },
      "24": {
        "n_total": 1543,
        "n_hit": 1002,
        "p_hit": 0.649384,
        "t_hit_p25": 2.0,
        "t_hit_median": 5.0,
        "t_hit_p75": 10.0,
        "mdd_p25": -1.172025,
        "mdd_median": -0.47514999999999996,
        "mdd_p75": -0.122
      },
      "36": {
        "n_total": 1543,
        "n_hit": 1118,
        "p_hit": 0.724563,
        "t_hit_p25": 2.0,
        "t_hit_median": 6.0,
        "t_hit_p75": 14.0,
        "mdd_p25": -1.336325,
        "mdd_median": -0.5123500000000001,
        "mdd_p75": -0.14975
      },
      "48": {
        "n_total": 1543,
        "n_hit": 1163,
        "p_hit": 0.753727,
        "t_hit_p25": 2.0,
        "t_hit_median": 6.0,
        "t_hit_p75": 16.0,
        "mdd_p25": -1.35285,
        "mdd_median": -0.5342,
        "mdd_p75": -0.15885
      },
      "60": {
        "n_total": 1543,
        "n_hit": 1203,
        "p_hit": 0.77965,
        "t_hit_p25": 3.0,
        "t_hit_median": 7.0,
        "t_hit_p75": 17.5,
        "mdd_p25": -1.3970500000000001,
        "mdd_median": -0.5524,
        "mdd_p75": -0.16435
      },
      "72": {
        "n_total": 1543,
        "n_hit": 1251,
        "p_hit": 0.810758,
        "t_hit_p25": 3.0,
        "t_hit_median": 7.0,
        "t_hit_p75": 19.0,
        "mdd_p25": -1.5536,
        "mdd_median": -0.5938,
        "mdd_p75": -0.1719
      },
      "84": {
        "n_total": 1543,
        "n_hit": 1285,
        "p_hit": 0.832793,
        "t_hit_p25": 3.0,
        "t_hit_median": 7.0,
        "t_hit_p75": 21.0,
        "mdd_p25": -1.659,
        "mdd_median": -0.6162,
        "mdd_p75": -0.177
      },
      "96": {
        "n_total": 1543,
        "n_hit": 1304,
        "p_hit": 0.845107,
        "t_hit_p25": 3.0,
        "t_hit_median": 8.0,
        "t_hit_p75": 22.0,
        "mdd_p25": -1.705675,
        "mdd_median": -0.62885,
        "mdd_p75": -0.183225
      }
    },
    "2.0": {
      "12": {
        "n_total": 1543,
        "n_hit": 417,
        "p_hit": 0.270253,
        "t_hit_p25": 3.0,
        "t_hit_median": 5.0,
        "t_hit_p75": 8.0,
        "mdd_p25": -1.0937,
        "mdd_median": -0.4383,
        "mdd_p75": -0.1274
      },
      "24": {
        "n_total": 1543,
        "n_hit": 639,
        "p_hit": 0.414128,
        "t_hit_p25": 4.0,
        "t_hit_median": 9.0,
        "t_hit_p75": 16.0,
        "mdd_p25": -1.33425,
        "mdd_median": -0.5855,
        "mdd_p75": -0.1742
      },
      "36": {
        "n_total": 1543,
        "n_hit": 782,
        "p_hit": 0.506805,
        "t_hit_p25": 5.0,
        "t_hit_median": 11.0,
        "t_hit_p75": 21.0,
        "mdd_p25": -1.465325,
        "mdd_median": -0.61615,
        "mdd_p75": -0.19190000000000002
      },
      "48": {
        "n_total": 1543,
        "n_hit": 888,
        "p_hit": 0.575502,
        "t_hit_p25": 5.0,
        "t_hit_median": 14.0,
        "t_hit_p75": 27.0,
        "mdd_p25": -1.4997500000000001,
        "mdd_median": -0.6429499999999999,
        "mdd_p75": -0.22410000000000002
      },
      "60": {
        "n_total": 1543,
        "n_hit": 954,
        "p_hit": 0.618276,
        "t_hit_p25": 6.0,
        "t_hit_median": 15.5,
        "t_hit_p75": 31.0,
        "mdd_p25": -1.541525,
        "mdd_median": -0.6838,
        "mdd_p75": -0.24905
      },
      "72": {
        "n_total": 1543,
        "n_hit": 1016,
        "p_hit": 0.658458,
        "t_hit_p25": 6.0,
        "t_hit_median": 17.0,
        "t_hit_p75": 35.0,
        "mdd_p25": -1.6296749999999998,
        "mdd_median": -0.7985,
        "mdd_p75": -0.2731
      },
      "84": {
        "n_total": 1543,
        "n_hit": 1059,
        "p_hit": 0.686325,
        "t_hit_p25": 7.0,
        "t_hit_median": 18.0,
        "t_hit_p75": 38.0,
        "mdd_p25": -1.7918,
        "mdd_median": -0.87,
        "mdd_p75": -0.2879
      },
      "96": {
        "n_total": 1543,
        "n_hit": 1096,
        "p_hit": 0.710305,
        "t_hit_p25": 7.0,
        "t_hit_median": 19.0,
        "t_hit_p75": 41.0,
        "mdd_p25": -1.908475,
        "mdd_median": -0.94175,
        "mdd_p75": -0.30135
      }
    },
    "3.0": {
      "12": {
        "n_total": 1543,
        "n_hit": 229,
        "p_hit": 0.148412,
        "t_hit_p25": 3.0,
        "t_hit_median": 5.0,
        "t_hit_p75": 9.0,
        "mdd_p25": -1.0609,
        "mdd_median": -0.4653,
        "mdd_p75": -0.1444
      },
      "24": {
        "n_total": 1543,
        "n_hit": 368,
        "p_hit": 0.238496,
        "t_hit_p25": 5.0,
        "t_hit_median": 9.0,
        "t_hit_p75": 17.0,
        "mdd_p25": -1.2542499999999999,
        "mdd_median": -0.5422,
        "mdd_p75": -0.158075
      },
      "36": {
        "n_total": 1543,
        "n_hit": 502,
        "p_hit": 0.32534,
        "t_hit_p25": 6.0,
        "t_hit_median": 15.0,
        "t_hit_p75": 25.0,
        "mdd_p25": -1.4657,
        "mdd_median": -0.6032,
        "mdd_p75": -0.1959
      },
      "48": {
        "n_total": 1543,
        "n_hit": 611,
        "p_hit": 0.395982,
        "t_hit_p25": 7.0,
        "t_hit_median": 20.0,
        "t_hit_p75": 32.0,
        "mdd_p25": -1.58795,
        "mdd_median": -0.6742,
        "mdd_p75": -0.247
      },
      "60": {
        "n_total": 1543,