{
  "schema": "baseline_probs_v1",
  "source_labels": "data/labels/labels_v1.csv",
  "n_rows_labels": 2508,
  "thresholds": [
    0.5,
    1.0,
    2.0,
    3.0,
    5.0
  ],
  "horizons": [
    12,
    24,
    36,
    48,
    60,
    72,
    84,
    96
  ],
  "results": {
    "0.5": {
      "12": {
        "n_total": 2508,
        "n_hit": 1802,
        "p_hit": 0.718501,
        "t_hit_p25": 1.0,
        "t_hit_median": 2.0,
        "t_hit_p75": 4.0,
        "mdd_p25": -0.730775,
        "mdd_median": -0.2955,
        "mdd_p75": -0.05134999999999999
      },
      "24": {
        "n_total": 2508,
        "n_hit": 2034,
        "p_hit": 0.811005,
        "t_hit_p25": 1.0,
        "t_hit_median": 3.0,
        "t_hit_p75": 6.0,
        "mdd_p25": -0.916375,
        "mdd_median": -0.35719999999999996,
        "mdd_p75": -0.08145
      },
      "36": {
        "n_total": 2508,
        "n_hit": 2148,
        "p_hit": 0.856459,
        "t_hit_p25": 1.0,
        "t_hit_median": 3.0,
        "t_hit_p75": 8.0,
        "mdd_p25": -0.9949749999999999,
        "mdd_median": -0.40265,
        "mdd_p75": -0.097525
      },
      "48": {
        "n_total": 2508,
        "n_hit": 2193,
        "p_hit": 0.874402,
        "t_hit_p25": 1.0,
        "t_hit_median": 3.0,
        "t_hit_p75": 8.0,
        "mdd_p25": -1.0709,
        "mdd_median": -0.4163,
        "mdd_p75": -0.1027
      },
      "60": {
        "n_total": 2508,
        "n_hit": 2216,
        "p_hit": 0.883573,
        "t_hit_p25": 1.0,
        "t_hit_median": 3.0,
        "t_hit_p75": 9.0,
        "mdd_p25": -1.1338249999999999,
        "mdd_median": -0.42275,
        "mdd_p75": -0.10452499999999999
      },
      "72": {
        "n_total": 2508,
        "n_hit": 2255,
        "p_hit": 0.899123,
        "t_hit_p25": 1.0,
        "t_hit_median": 3.0,
        "t_hit_p75": 10.0,
        "mdd_p25": -1.18665,
        "mdd_median": -0.4388,
        "mdd_p75": -0.10880000000000001
      },
      "84": {
        "n_total": 2508,
        "n_hit": 2296,
        "p_hit": 0.91547,
        "t_hit_p25": 1.0,
        "t_hit_median": 3.0,
        "t_hit_p75": 10.0,
        "mdd_p25": -1.27925,
        "mdd_median": -0.45594999999999997,
        "mdd_p75": -0.1132
      },
      "96": {
        "n_total": 2508,
        "n_hit": 2320,
        "p_hit": 0.92504,
        "t_hit_p25": 1.0,
        "t_hit_median": 3.0,
        "t_hit_p75": 10.25,
        "mdd_p25": -1.3326500000000001,
        "mdd_median": -0.46965,
        "mdd_p75": -0.1166
      }
    },
    "1.0": {
      "12": {
        "n_total": 2508,
        "n_hit": 1332,
        "p_hit": 0.5311,
        "t_hit_p25": 2.0,
        "t_hit_median": 4.0,
        "t_hit_p75": 7.0,
        "mdd_p25": -0.9730749999999999,
        "mdd_median": -0.3765,
        "mdd_p75": -0.080875
      },
      "24": {
        "n_total": 2508,
        "n_hit": 1641,
        "p_hit": 0.654306,
        "t_hit_p25": 2.0,
        "t_hit_median": 5.0,
        "t_hit_p75": 10.0,
        "mdd_p25": -1.1293,
        "mdd_median": -0.4726,
        "mdd_p75": -0.1286
      },
      "36": {
        "n_total": 2508,
        "n_hit": 1844,
        "p_hit": 0.735247,
        "t_hit_p25": 3.0,
        "t_hit_median": 6.0,
        "t_hit_p75": 14.0,
        "mdd_p25": -1.3340750000000001,
        "mdd_median": -0.53575,
        "mdd_p75": -0.1589
      },
      "48": {
        "n_total": 2508,
        "n_hit": 1944,
        "p_hit": 0.77512,
        "t_hit_p25": 3.0,
        "t_hit_median": 7.0,
        "t_hit_p75": 17.0,
        "mdd_p25": -1.396825,
        "mdd_median": -0.55845,
        "mdd_p75": -0.17185
      },
      "60": {
        "n_total": 2508,
        "n_hit": 2020,
        "p_hit": 0.805423,
        "t_hit_p25": 3.0,
        "t_hit_median": 7.0,
        "t_hit_p75": 18.0,
        "mdd_p25": -1.53035,
        "mdd_median": -0.599,
        "mdd_p75": -0.183225
      },
      "72": {
        "n_total": 2508,
        "n_hit": 2085,
        "p_hit": 0.83134,
        "t_hit_p25": 3.0,
        "t_hit_median": 7.0,
        "t_hit_p75": 21.0,
        "mdd_p25": -1.6347,
        "mdd_median": -0.6264,
        "mdd_p75": -0.1939
      },
      "84": {
        "n_total": 2508,
        "n_hit": 2140,
        "p_hit": 0.85327,
        "t_hit_p25": 3.0,
        "t_hit_median": 8.0,
        "t_hit_p75": 23.0,
        "mdd_p25": -1.7266749999999997,
        "mdd_median": -0.6698999999999999,
        "mdd_p75": -0.205575
      },
      "96": {
        "n_total": 2508,
        "n_hit": 2174,
        "p_hit": 0.866826,
        "t_hit_p25": 3.0,
        "t_hit_median": 8.0,
        "t_hit_p75": 24.0,
        "mdd_p25": -1.810525,
        "mdd_median": -0.69245,
        "mdd_p75": -0.21525
      }
    },
    "2.0": {
      "12": {
        "n_total": 2508,
        "n_hit": 656,
        "p_hit": 0.261563,
        "t_hit_p25": 3.0,
        "t_hit_median": 5.0,
        "t_hit_p75": 8.25,
        "mdd_p25": -0.990225,
        "mdd_median": -0.4137,
        "mdd_p75": -0.103775
      },
      "24": {
        "n_total": 2508,
        "n_hit": 1048,
        "p_hit": 0.417863,
        "t_hit_p25": 4.0,
        "t_hit_median": 9.0,
        "t_hit_p75": 16.0,
        "mdd_p25": -1.322525,
        "mdd_median": -0.58005,
        "mdd_p75": -0.178175
      },
      "36": {
        "n_total": 2508,
        "n_hit": 1320,
        "p_hit": 0.526316,
        "t_hit_p25": 5.0,
        "t_hit_median": 13.0,
        "t_hit_p75": 23.0,
        "mdd_p25": -1.5380250000000002,
        "mdd_median": -0.68325,
        "mdd_p75": -0.2221
      },
      "48": {
        "n_total": 2508,
        "n_hit": 1498,
        "p_hit": 0.597289,
        "t_hit_p25": 6.0,
        "t_hit_median": 15.0,
        "t_hit_p75": 28.0,
        "mdd_p25": -1.6081750000000001,
        "mdd_median": -0.7665,
        "mdd_p75": -0.26402499999999995
      },
      "60": {
        "n_total": 2508,
        "n_hit": 1620,
        "p_hit": 0.645933,
        "t_hit_p25": 6.75,
        "t_hit_median": 16.5,
        "t_hit_p75": 32.0,
        "mdd_p25": -1.6661249999999999,
        "mdd_median": -0.8384,
        "mdd_p75": -0.282
      },
      "72": {
        "n_total": 2508,
        "n_hit": 1730,
        "p_hit": 0.689793,
        "t_hit_p25": 7.0,
        "t_hit_median": 18.0,
        "t_hit_p75": 35.0,
        "mdd_p25": -1.832425,
        "mdd_median": -0.93225,
        "mdd_p75": -0.30915
      },
      "84": {
        "n_total": 2508,
        "n_hit": 1810,
        "p_hit": 0.721691,
        "t_hit_p25": 7.0,
        "t_hit_median": 20.0,
        "t_hit_p75": 39.0,
        "mdd_p25": -2.0191,
        "mdd_median": -0.9843999999999999,
        "mdd_p75": -0.3312
      },
      "96": {
        "n_total": 2508,
        "n_hit": 1881,
        "p_hit": 0.75,
        "t_hit_p25": 8.0,
        "t_hit_median": 21.0,
        "t_hit_p75": 42.0,
        "mdd_p25": -2.1776,
        "mdd_median": -1.0514,
        "mdd_p75": -0.3483
      }
    },
    "3.0": {
      "12": {
        "n_total": 2508,
        "n_hit": 365,
        "p_hit": 0.145534,
        "t_hit_p25": 3.0,
        "t_hit_median": 6.0,
        "t_hit_p75": 9.0,
        "mdd_p25": -0.9599,
        "mdd_median": -0.3885,
        "mdd_p75": -0.1092
      },
      "24": {
        "n_total": 2508,
        "n_hit": 628,
        "p_hit": 0.250399,
        "t_hit_p25": 5.0,
        "t_hit_median": 10.0,
        "t_hit_p75": 17.0,
        "mdd_p25": -1.325275,
        "mdd_median": -0.5561,
        "mdd_p75": -0.16899999999999998
      },
      "36": {
        "n_total": 2508,
        "n_hit": 888,
        "p_hit": 0.354067,
        "t_hit_p25": 7.0,
        "t_hit_median": 16.0,
        "t_hit_p75": 26.0,
        "mdd_p25": -1.5927250000000002,
        "mdd_median": -0.6784,
        "mdd_p75": -0.219725
      },
      "48": {
        "n_total": 2508,
        "n_hit": 1092,
        "p_hit": 0.435407,
        "t_hit_p25": 9.0,
        "t_hit_median": 21.0,
        "t_hit_p75": 33.0,
        "mdd_p25": -1.7156,