{
  "schema": "baseline_probs_v1",
  "source_labels": "data/labels/labels_v1.csv",
  "n_rows_labels": 626,
  "thresholds": [
    0.5,
    1.0,
    2.0,
    3.0,
    5.0
  ],
  "horizons": [
    12,
    24,
    36,
    48,
    60,
    72,
    84,
    96
  ],
  "results": {
    "0.5": {
      "12": {
        "n_total": 626,
        "n_hit": 452,
        "p_hit": 0.722045,
        "t_hit_p25": 1.0,
        "t_hit_median": 3.0,
        "t_hit_p75": 6.0,
        "mdd_p25": -0.61315,
        "mdd_median": -0.242,
        "mdd_p75": -0.056799999999999996
      },
      "24": {
        "n_total": 626,
        "n_hit": 542,
        "p_hit": 0.865815,
        "t_hit_p25": 2.0,
        "t_hit_median": 4.0,
        "t_hit_p75": 9.0,
        "mdd_p25": -0.7346,
        "mdd_median": -0.3304,
        "mdd_p75": -0.095775
      },
      "36": {
        "n_total": 626,
        "n_hit": 574,
        "p_hit": 0.916933,
        "t_hit_p25": 2.0,
        "t_hit_median": 5.0,
        "t_hit_p75": 11.0,
        "mdd_p25": -0.80855,
        "mdd_median": -0.36660000000000004,
        "mdd_p75": -0.10500000000000001
      },
      "48": {
        "n_total": 626,
        "n_hit": 578,
        "p_hit": 0.923323,
        "t_hit_p25": 2.0,
        "t_hit_median": 5.0,
        "t_hit_p75": 11.0,
        "mdd_p25": -0.817175,
        "mdd_median": -0.36819999999999997,
        "mdd_p75": -0.105625
      },
      "60": {
        "n_total": 626,
        "n_hit": 585,
        "p_hit": 0.934505,
        "t_hit_p25": 2.0,
        "t_hit_median": 5.0,
        "t_hit_p75": 11.0,
        "mdd_p25": -0.8416,
        "mdd_median": -0.3733,
        "mdd_p75": -0.1057
      },
      "72": {
        "n_total": 626,
        "n_hit": 597,
        "p_hit": 0.953674,
        "t_hit_p25": 2.0,
        "t_hit_median": 5.0,
        "t_hit_p75": 12.0,
        "mdd_p25": -0.9298,
        "mdd_median": -0.3866,
        "mdd_p75": -0.1087
      },
      "84": {
        "n_total": 626,
        "n_hit": 597,
        "p_hit": 0.953674,
        "t_hit_p25": 2.0,
        "t_hit_median": 5.0,
        "t_hit_p75": 12.0,
        "mdd_p25": -0.9298,
        "mdd_median": -0.3866,
        "mdd_p75": -0.1087
      },
      "96": {
        "n_total": 626,
        "n_hit": 600,
        "p_hit": 0.958466,
        "t_hit_p25": 2.0,
        "t_hit_median": 5.0,
        "t_hit_p75": 12.0,
        "mdd_p25": -0.93465,
        "mdd_median": -0.38980000000000004,
        "mdd_p75": -0.109525
      }
    },
    "1.0": {
      "12": {
        "n_total": 626,
        "n_hit": 321,
        "p_hit": 0.51278,
        "t_hit_p25": 3.0,
        "t_hit_median": 5.0,
        "t_hit_p75": 8.0,
        "mdd_p25": -0.6474,
        "mdd_median": -0.2629,
        "mdd_p75": -0.07
      },
      "24": {
        "n_total": 626,
        "n_hit": 433,
        "p_hit": 0.691693,
        "t_hit_p25": 4.0,
        "t_hit_median": 7.0,
        "t_hit_p75": 13.0,
        "mdd_p25": -0.8384,
        "mdd_median": -0.3775,
        "mdd_p75": -0.1041
      },
      "36": {
        "n_total": 626,
        "n_hit": 501,
        "p_hit": 0.800319,
        "t_hit_p25": 4.0,
        "t_hit_median": 8.0,
        "t_hit_p75": 18.0,
        "mdd_p25": -0.9833,
        "mdd_median": -0.428,
        "mdd_p75": -0.1312
      },
      "48": {
        "n_total": 626,
        "n_hit": 533,
        "p_hit": 0.851438,
        "t_hit_p25": 4.0,
        "t_hit_median": 9.0,
        "t_hit_p75": 20.0,
        "mdd_p25": -1.0071,
        "mdd_median": -0.4433,
        "mdd_p75": -0.1454
      },
      "60": {
        "n_total": 626,
        "n_hit": 548,
        "p_hit": 0.875399,
        "t_hit_p25": 4.0,
        "t_hit_median": 9.0,
        "t_hit_p75": 21.0,
        "mdd_p25": -1.1131250000000001,
        "mdd_median": -0.46115,
        "mdd_p75": -0.155675
      },
      "72": {
        "n_total": 626,
        "n_hit": 567,
        "p_hit": 0.905751,
        "t_hit_p25": 4.0,
        "t_hit_median": 10.0,
        "t_hit_p75": 23.0,
        "mdd_p25": -1.19985,
        "mdd_median": -0.4749,
        "mdd_p75": -0.1661
      },
      "84": {
        "n_total": 626,
        "n_hit": 572,
        "p_hit": 0.913738,
        "t_hit_p25": 4.0,
        "t_hit_median": 10.0,
        "t_hit_p75": 24.0,
        "mdd_p25": -1.2199749999999998,
        "mdd_median": -0.4786,
        "mdd_p75": -0.1683
      },
      "96": {
        "n_total": 626,
        "n_hit": 578,
        "p_hit": 0.923323,
        "t_hit_p25": 4.0,
        "t_hit_median": 10.0,
        "t_hit_p75": 24.75,
        "mdd_p25": -1.251525,
        "mdd_median": -0.48285,
        "mdd_p75": -0.169225
      }
    },
    "2.0": {
      "12": {
        "n_total": 626,
        "n_hit": 145,
        "p_hit": 0.231629,
        "t_hit_p25": 4.0,
        "t_hit_median": 7.0,
        "t_hit_p75": 9.0,
        "mdd_p25": -0.6041,
        "mdd_median": -0.3289,
        "mdd_p75": -0.1009
      },
      "24": {
        "n_total": 626,
        "n_hit": 266,
        "p_hit": 0.42492,
        "t_hit_p25": 6.0,
        "t_hit_median": 11.5,
        "t_hit_p75": 17.0,
        "mdd_p25": -0.809475,
        "mdd_median": -0.4408,
        "mdd_p75": -0.1445
      },
      "36": {
        "n_total": 626,
        "n_hit": 346,
        "p_hit": 0.552716,
        "t_hit_p25": 8.0,
        "t_hit_median": 15.0,
        "t_hit_p75": 23.0,
        "mdd_p25": -0.8613749999999999,
        "mdd_median": -0.4369,
        "mdd_p75": -0.1578
      },
      "48": {
        "n_total": 626,
        "n_hit": 416,
        "p_hit": 0.664537,
        "t_hit_p25": 9.0,
        "t_hit_median": 18.0,
        "t_hit_p75": 31.25,
        "mdd_p25": -0.9824499999999999,
        "mdd_median": -0.4727,
        "mdd_p75": -0.189775
      },
      "60": {
        "n_total": 626,
        "n_hit": 464,
        "p_hit": 0.741214,
        "t_hit_p25": 10.0,
        "t_hit_median": 20.0,
        "t_hit_p75": 37.0,
        "mdd_p25": -1.1007,
        "mdd_median": -0.49675,
        "mdd_p75": -0.2208
      },
      "72": {
        "n_total": 626,
        "n_hit": 492,
        "p_hit": 0.785942,
        "t_hit_p25": 10.0,
        "t_hit_median": 21.0,
        "t_hit_p75": 41.0,
        "mdd_p25": -1.1939250000000001,
        "mdd_median": -0.54655,
        "mdd_p75": -0.2426
      },
      "84": {
        "n_total": 626,
        "n_hit": 505,
        "p_hit": 0.806709,
        "t_hit_p25": 11.0,
        "t_hit_median": 22.0,
        "t_hit_p75": 42.0,
        "mdd_p25": -1.2453,
        "mdd_median": -0.5708,
        "mdd_p75": -0.247
      },
      "96": {
        "n_total": 626,
        "n_hit": 517,
        "p_hit": 0.825879,
        "t_hit_p25": 11.0,
        "t_hit_median": 23.0,
        "t_hit_p75": 44.0,
        "mdd_p25": -1.2757,
        "mdd_median": -0.5846,
        "mdd_p75": -0.2613
      }
    },
    "3.0": {
      "12": {
        "n_total": 626,
        "n_hit": 69,
        "p_hit": 0.110224,
        "t_hit_p25": 5.0,
        "t_hit_median": 8.0,
        "t_hit_p75": 10.0,
        "mdd_p25": -0.7982,
        "mdd_median": -0.3402,
        "mdd_p75": -0.1442
      },
      "24": {
        "n_total": 626,
        "n_hit": 135,
        "p_hit": 0.215655,
        "t_hit_p25": 8.0,
        "t_hit_median": 12.0,
        "t_hit_p75": 19.0,
        "mdd_p25": -0.6412,
        "mdd_median": -0.3402,
        "mdd_p75": -0.1148
      },
      "36": {
        "n_total": 626,
        "n_hit": 212,
        "p_hit": 0.338658,
        "t_hit_p25": 10.0,
        "t_hit_median": 20.0,
        "t_hit_p75": 29.0,
        "mdd_p25": -0.79835,
        "mdd_median": -0.39044999999999996,
        "mdd_p75": -0.13195
      },
      "48": {
        "n_total": 626,
        "n_hit": 282,
        "p_hit": 0.450479,
        "t_hit_p25": 13.0,
        "t_hit_median": 26.0,
        "t_hit_p75": 36.0,
        "mdd_p25": -0.941525,
        "mdd_median": -0.46714999999999995,
        "mdd_p75": -0.1805
      },
      "60": {
        "n_total": 626,
        "n_hit": 343,