{
  "schema": "baseline_probs_v1",
  "source_labels": "data/labels/labels_v1.csv",
  "n_rows_labels": 3088,
  "thresholds": [
    0.5,
    1.0,
    2.0,
    3.0,
    5.0
  ],
  "horizons": [
    12,
    24,
    36,
    48,
    60,
    72,
    84,
    96
  ],
  "results": {
    "0.5": {
      "12": {
        "n_total": 3088,
        "n_hit": 2189,
        "p_hit": 0.708873,
        "t_hit_p25": 1.0,
        "t_hit_median": 2.0,
        "t_hit_p75": 4.0,
        "mdd_p25": -0.7427,
        "mdd_median": -0.2961,
        "mdd_p75": -0.0504
      },
      "24": {
        "n_total": 3088,
        "n_hit": 2485,
        "p_hit": 0.804728,
        "t_hit_p25": 1.0,
        "t_hit_median": 3.0,
        "t_hit_p75": 7.0,
        "mdd_p25": -0.9246,
        "mdd_median": -0.3665,
        "mdd_p75": -0.0803
      },
      "36": {
        "n_total": 3088,
        "n_hit": 2629,
        "p_hit": 0.85136,
        "t_hit_p25": 1.0,
        "t_hit_median": 3.0,
        "t_hit_p75": 8.0,
        "mdd_p25": -1.0246,
        "mdd_median": -0.4097,
        "mdd_p75": -0.0941
      },
      "48": {
        "n_total": 3088,
        "n_hit": 2686,
        "p_hit": 0.869819,
        "t_hit_p25": 1.0,
        "t_hit_median": 3.0,
        "t_hit_p75": 9.0,
        "mdd_p25": -1.1195,
        "mdd_median": -0.42385,
        "mdd_p75": -0.10117500000000001
      },
      "60": {
        "n_total": 3088,
        "n_hit": 2715,
        "p_hit": 0.87921,
        "t_hit_p25": 1.0,
        "t_hit_median": 3.0,
        "t_hit_p75": 9.0,
        "mdd_p25": -1.15235,
        "mdd_median": -0.4327,
        "mdd_p75": -0.10335
      },
      "72": {
        "n_total": 3088,
        "n_hit": 2754,
        "p_hit": 0.891839,
        "t_hit_p25": 1.0,
        "t_hit_median": 3.0,
        "t_hit_p75": 10.0,
        "mdd_p25": -1.2052,
        "mdd_median": -0.443,
        "mdd_p75": -0.1057
      },
      "84": {
        "n_total": 3088,
        "n_hit": 2797,
        "p_hit": 0.905764,
        "t_hit_p25": 1.0,
        "t_hit_median": 3.0,
        "t_hit_p75": 10.0,
        "mdd_p25": -1.2782,
        "mdd_median": -0.4611,
        "mdd_p75": -0.1098
      },
      "96": {
        "n_total": 3088,
        "n_hit": 2826,
        "p_hit": 0.915155,
        "t_hit_p25": 1.0,
        "t_hit_median": 3.0,
        "t_hit_p75": 11.0,
        "mdd_p25": -1.3341500000000002,
        "mdd_median": -0.4727,
        "mdd_p75": -0.113625
      }
    },
    "1.0": {
      "12": {
        "n_total": 3088,
        "n_hit": 1598,
        "p_hit": 0.517487,
        "t_hit_p25": 2.0,
        "t_hit_median": 4.0,
        "t_hit_p75": 7.0,
        "mdd_p25": -0.952475,
        "mdd_median": -0.36795,
        "mdd_p75": -0.078025
      },
      "24": {
        "n_total": 3088,
        "n_hit": 2006,
        "p_hit": 0.649611,
        "t_hit_p25": 2.0,
        "t_hit_median": 5.0,
        "t_hit_p75": 11.0,
        "mdd_p25": -1.1289,
        "mdd_median": -0.4748,
        "mdd_p75": -0.127475
      },
      "36": {
        "n_total": 3088,
        "n_hit": 2246,
        "p_hit": 0.727332,
        "t_hit_p25": 3.0,
        "t_hit_median": 6.0,
        "t_hit_p75": 15.0,
        "mdd_p25": -1.3389499999999999,
        "mdd_median": -0.53955,
        "mdd_p75": -0.15842499999999998
      },
      "48": {
        "n_total": 3088,
        "n_hit": 2357,
        "p_hit": 0.763277,
        "t_hit_p25": 3.0,
        "t_hit_median": 7.0,
        "t_hit_p75": 17.0,
        "mdd_p25": -1.3975,
        "mdd_median": -0.5615,
        "mdd_p75": -0.171
      },
      "60": {
        "n_total": 3088,
        "n_hit": 2440,
        "p_hit": 0.790155,
        "t_hit_p25": 3.0,
        "t_hit_median": 7.0,
        "t_hit_p75": 18.0,
        "mdd_p25": -1.502075,
        "mdd_median": -0.599,
        "mdd_p75": -0.180475
      },
      "72": {
        "n_total": 3088,
        "n_hit": 2506,
        "p_hit": 0.811528,
        "t_hit_p25": 3.0,
        "t_hit_median": 7.0,
        "t_hit_p75": 20.0,
        "mdd_p25": -1.588075,
        "mdd_median": -0.6229,
        "mdd_p75": -0.19085000000000002
      },
      "84": {
        "n_total": 3088,
        "n_hit": 2566,
        "p_hit": 0.830959,
        "t_hit_p25": 3.0,
        "t_hit_median": 8.0,
        "t_hit_p75": 21.0,
        "mdd_p25": -1.68485,
        "mdd_median": -0.6638,
        "mdd_p75": -0.20055
      },
      "96": {
        "n_total": 3088,
        "n_hit": 2604,
        "p_hit": 0.843264,
        "t_hit_p25": 3.0,
        "t_hit_median": 8.0,
        "t_hit_p75": 23.0,
        "mdd_p25": -1.75465,
        "mdd_median": -0.6824,
        "mdd_p75": -0.206925
      }
    },
    "2.0": {
      "12": {
        "n_total": 3088,
        "n_hit": 766,
        "p_hit": 0.248057,
        "t_hit_p25": 3.0,
        "t_hit_median": 5.0,
        "t_hit_p75": 8.0,
        "mdd_p25": -0.9664250000000001,
        "mdd_median": -0.3993,
        "mdd_p75": -0.078575
      },
      "24": {
        "n_total": 3088,
        "n_hit": 1245,
        "p_hit": 0.403174,
        "t_hit_p25": 4.0,
        "t_hit_median": 9.0,
        "t_hit_p75": 16.0,
        "mdd_p25": -1.2715,
        "mdd_median": -0.5723,
        "mdd_p75": -0.1735
      },
      "36": {
        "n_total": 3088,
        "n_hit": 1569,
        "p_hit": 0.508096,
        "t_hit_p25": 5.0,
        "t_hit_median": 13.0,
        "t_hit_p75": 23.0,
        "mdd_p25": -1.4668,
        "mdd_median": -0.6799,
        "mdd_p75": -0.2157
      },
      "48": {
        "n_total": 3088,
        "n_hit": 1783,
        "p_hit": 0.577396,
        "t_hit_p25": 6.0,
        "t_hit_median": 15.0,
        "t_hit_p75": 27.0,
        "mdd_p25": -1.57995,
        "mdd_median": -0.7628,
        "mdd_p75": -0.261
      },
      "60": {
        "n_total": 3088,
        "n_hit": 1923,
        "p_hit": 0.622733,
        "t_hit_p25": 7.0,
        "t_hit_median": 17.0,
        "t_hit_p75": 31.0,
        "mdd_p25": -1.64475,
        "mdd_median": -0.8182,
        "mdd_p75": -0.2831
      },
      "72": {
        "n_total": 3088,
        "n_hit": 2044,
        "p_hit": 0.661917,
        "t_hit_p25": 7.0,
        "t_hit_median": 18.0,
        "t_hit_p75": 35.0,
        "mdd_p25": -1.8014000000000001,
        "mdd_median": -0.90425,
        "mdd_p75": -0.31005
      },
      "84": {
        "n_total": 3088,
        "n_hit": 2127,
        "p_hit": 0.688795,
        "t_hit_p25": 7.5,
        "t_hit_median": 19.0,
        "t_hit_p75": 38.0,
        "mdd_p25": -1.92865,
        "mdd_median": -0.9577,
        "mdd_p75": -0.3284
      },
      "96": {
        "n_total": 3088,
        "n_hit": 2203,
        "p_hit": 0.713407,
        "t_hit_p25": 8.0,
        "t_hit_median": 20.0,
        "t_hit_p75": 41.0,
        "mdd_p25": -2.05375,
        "mdd_median": -0.998,
        "mdd_p75": -0.34355
      }
    },
    "3.0": {
      "12": {
        "n_total": 3088,
        "n_hit": 407,
        "p_hit": 0.131801,
        "t_hit_p25": 3.0,
        "t_hit_median": 6.0,
        "t_hit_p75": 9.0,
        "mdd_p25": -0.9350499999999999,
        "mdd_median": -0.3641,
        "mdd_p75": -0.0817
      },
      "24": {
        "n_total": 3088,
        "n_hit": 720,
        "p_hit": 0.233161,
        "t_hit_p25": 5.0,
        "t_hit_median": 11.0,
        "t_hit_p75": 17.0,
        "mdd_p25": -1.34035,
        "mdd_median": -0.5540499999999999,
        "mdd_p75": -0.155975
      },
      "36": {
        "n_total": 3088,
        "n_hit": 1013,
        "p_hit": 0.328044,
        "t_hit_p25": 7.0,
        "t_hit_median": 16.0,
        "t_hit_p75": 26.0,
        "mdd_p25": -1.6042,
        "mdd_median": -0.6985,
        "mdd_p75": -0.2075
      },
      "48": {
        "n_total": 3088,
        "n_hit": 1244,
        "p_hit": 0.40285,
        "t_hit_p25": 9.0,
        "t_hit_median": 21.0,
        "t_hit_p75": 33.0,
        "mdd_p25": -1.7156,
        "mdd_median": -0.81955,
        "mdd_p75": -0.2737
      },
      "60": {
        "n_total": 3088,
        "n_hit": 1422,