{
  "schema": "baseline_probs_v1",
  "source_labels": "data/labels/labels_v1.csv",
  "n_rows_labels": 2778,
  "thresholds": [
    0.5,
    1.0,
    2.0,
    3.0,
    5.0
  ],
  "horizons": [
    12,
    24,
    36,
    48,
    60,
    72,
    84,
    96
  ],
  "results": {
    "0.5": {
      "12": {
        "n_total": 2778,
        "n_hit": 1951,
        "p_hit": 0.702304,
        "t_hit_p25": 1.0,
        "t_hit_median": 2.0,
        "t_hit_p75": 4.0,
        "mdd_p25": -0.72175,
        "mdd_median": -0.2907,
        "mdd_p75": -0.05075
      },
      "24": {
        "n_total": 2778,
        "n_hit": 2222,
        "p_hit": 0.799856,
        "t_hit_p25": 1.0,
        "t_hit_median": 3.0,
        "t_hit_p75": 7.0,
        "mdd_p25": -0.904075,
        "mdd_median": -0.3594,
        "mdd_p75": -0.0811
      },
      "36": {
        "n_total": 2778,
        "n_hit": 2359,
        "p_hit": 0.849172,
        "t_hit_p25": 1.0,
        "t_hit_median": 3.0,
        "t_hit_p75": 8.0,
        "mdd_p25": -1.0055,
        "mdd_median": -0.4097,
        "mdd_p75": -0.098
      },
      "48": {
        "n_total": 2778,
        "n_hit": 2411,
        "p_hit": 0.867891,
        "t_hit_p25": 1.0,
        "t_hit_median": 3.0,
        "t_hit_p75": 9.0,
        "mdd_p25": -1.1035,
        "mdd_median": -0.4228,
        "mdd_p75": -0.1038
      },
      "60": {
        "n_total": 2778,
        "n_hit": 2434,
        "p_hit": 0.87617,
        "t_hit_p25": 1.0,
        "t_hit_median": 3.0,
        "t_hit_p75": 9.75,
        "mdd_p25": -1.147475,
        "mdd_median": -0.43005000000000004,
        "mdd_p75": -0.105625
      },
      "72": {
        "n_total": 2778,
        "n_hit": 2473,
        "p_hit": 0.890209,
        "t_hit_p25": 1.0,
        "t_hit_median": 3.0,
        "t_hit_p75": 10.0,
        "mdd_p25": -1.1975,
        "mdd_median": -0.4456,
        "mdd_p75": -0.1089
      },
      "84": {
        "n_total": 2778,
        "n_hit": 2516,
        "p_hit": 0.905688,
        "t_hit_p25": 1.0,
        "t_hit_median": 3.0,
        "t_hit_p75": 11.0,
        "mdd_p25": -1.2755,
        "mdd_median": -0.46455,
        "mdd_p75": -0.114475
      },
      "96": {
        "n_total": 2778,
        "n_hit": 2545,
        "p_hit": 0.916127,
        "t_hit_p25": 1.0,
        "t_hit_median": 3.0,
        "t_hit_p75": 11.0,
        "mdd_p25": -1.3343,
        "mdd_median": -0.4747,
        "mdd_p75": -0.1172
      }
    },
    "1.0": {
      "12": {
        "n_total": 2778,
        "n_hit": 1427,
        "p_hit": 0.513679,
        "t_hit_p25": 2.0,
        "t_hit_median": 4.0,
        "t_hit_p75": 7.0,
        "mdd_p25": -0.9305,
        "mdd_median": -0.3675,
        "mdd_p75": -0.08085
      },
      "24": {
        "n_total": 2778,
        "n_hit": 1785,
        "p_hit": 0.642549,
        "t_hit_p25": 2.0,
        "t_hit_median": 5.0,
        "t_hit_p75": 11.0,
        "mdd_p25": -1.0944,
        "mdd_median": -0.4726,
        "mdd_p75": -0.1292
      },
      "36": {
        "n_total": 2778,
        "n_hit": 2010,
        "p_hit": 0.723542,
        "t_hit_p25": 3.0,
        "t_hit_median": 6.0,
        "t_hit_p75": 15.0,
        "mdd_p25": -1.309825,
        "mdd_median": -0.53575,
        "mdd_p75": -0.16035
      },
      "48": {
        "n_total": 2778,
        "n_hit": 2115,
        "p_hit": 0.761339,
        "t_hit_p25": 3.0,
        "t_hit_median": 7.0,
        "t_hit_p75": 17.0,
        "mdd_p25": -1.3743500000000002,
        "mdd_median": -0.5535,
        "mdd_p75": -0.17245
      },
      "60": {
        "n_total": 2778,
        "n_hit": 2193,
        "p_hit": 0.789417,
        "t_hit_p25": 3.0,
        "t_hit_median": 7.0,
        "t_hit_p75": 19.0,
        "mdd_p25": -1.4749,
        "mdd_median": -0.5949,
        "mdd_p75": -0.1853
      },
      "72": {
        "n_total": 2778,
        "n_hit": 2258,
        "p_hit": 0.812815,
        "t_hit_p25": 3.0,
        "t_hit_median": 8.0,
        "t_hit_p75": 21.0,
        "mdd_p25": -1.5796000000000001,
        "mdd_median": -0.6183000000000001,
        "mdd_p75": -0.19579999999999997
      },
      "84": {
        "n_total": 2778,
        "n_hit": 2316,
        "p_hit": 0.833693,
        "t_hit_p25": 3.0,
        "t_hit_median": 8.0,
        "t_hit_p75": 23.0,
        "mdd_p25": -1.683,
        "mdd_median": -0.6529,
        "mdd_p75": -0.20745
      },
      "96": {
        "n_total": 2778,
        "n_hit": 2353,
        "p_hit": 0.847012,
        "t_hit_p25": 3.0,
        "t_hit_median": 8.0,
        "t_hit_p75": 24.0,
        "mdd_p25": -1.7542,
        "mdd_median": -0.6772,
        "mdd_p75": -0.218
      }
    },
    "2.0": {
      "12": {
        "n_total": 2778,
        "n_hit": 686,
        "p_hit": 0.24694,
        "t_hit_p25": 3.0,
        "t_hit_median": 5.0,
        "t_hit_p75": 9.0,
        "mdd_p25": -0.973825,
        "mdd_median": -0.41600000000000004,
        "mdd_p75": -0.105
      },
      "24": {
        "n_total": 2778,
        "n_hit": 1114,
        "p_hit": 0.401008,
        "t_hit_p25": 4.0,
        "t_hit_median": 9.0,
        "t_hit_p75": 16.0,
        "mdd_p25": -1.27315,
        "mdd_median": -0.58005,
        "mdd_p75": -0.177125
      },
      "36": {
        "n_total": 2778,
        "n_hit": 1409,
        "p_hit": 0.507199,
        "t_hit_p25": 5.0,
        "t_hit_median": 13.0,
        "t_hit_p75": 23.0,
        "mdd_p25": -1.4668,
        "mdd_median": -0.6767,
        "mdd_p75": -0.2228
      },
      "48": {
        "n_total": 2778,
        "n_hit": 1599,
        "p_hit": 0.575594,
        "t_hit_p25": 6.0,
        "t_hit_median": 15.0,
        "t_hit_p75": 28.0,
        "mdd_p25": -1.5577,
        "mdd_median": -0.7309,
        "mdd_p75": -0.2654
      },
      "60": {
        "n_total": 2778,
        "n_hit": 1726,
        "p_hit": 0.62131,
        "t_hit_p25": 7.0,
        "t_hit_median": 17.0,
        "t_hit_p75": 32.0,
        "mdd_p25": -1.616825,
        "mdd_median": -0.7985,
        "mdd_p75": -0.28435
      },
      "72": {
        "n_total": 2778,
        "n_hit": 1837,
        "p_hit": 0.661267,
        "t_hit_p25": 7.0,
        "t_hit_median": 18.0,
        "t_hit_p75": 35.0,
        "mdd_p25": -1.7604,
        "mdd_median": -0.8837,
        "mdd_p75": -0.312
      },
      "84": {
        "n_total": 2778,
        "n_hit": 1918,
        "p_hit": 0.690425,
        "t_hit_p25": 8.0,
        "t_hit_median": 20.0,
        "t_hit_p75": 38.0,
        "mdd_p25": -1.91825,
        "mdd_median": -0.9452,
        "mdd_p75": -0.329675
      },
      "96": {
        "n_total": 2778,
        "n_hit": 1993,
        "p_hit": 0.717423,
        "t_hit_p25": 8.0,
        "t_hit_median": 21.0,
        "t_hit_p75": 42.0,
        "mdd_p25": -2.1256,
        "mdd_median": -0.9901,
        "mdd_p75": -0.3477
      }
    },
    "3.0": {
      "12": {
        "n_total": 2778,
        "n_hit": 373,
        "p_hit": 0.134269,
        "t_hit_p25": 3.0,
        "t_hit_median": 6.0,
        "t_hit_p75": 9.0,
        "mdd_p25": -0.9293,
        "mdd_median": -0.3777,
        "mdd_p75": -0.1062
      },
      "24": {
        "n_total": 2778,
        "n_hit": 646,
        "p_hit": 0.232541,
        "t_hit_p25": 5.0,
        "t_hit_median": 10.0,
        "t_hit_p75": 17.0,
        "mdd_p25": -1.3294249999999999,
        "mdd_median": -0.55085,
        "mdd_p75": -0.1612
      },
      "36": {
        "n_total": 2778,
        "n_hit": 909,
        "p_hit": 0.327214,
        "t_hit_p25": 7.0,
        "t_hit_median": 16.0,
        "t_hit_p75": 26.0,
        "mdd_p25": -1.5889,
        "mdd_median": -0.6742,
        "mdd_p75": -0.2074
      },
      "48": {
        "n_total": 2778,
        "n_hit": 1124,
        "p_hit": 0.404608,
        "t_hit_p25": 9.0,
        "t_hit_median": 21.0,
        "t_hit_p75": 33.0,
        "mdd_p25": -1.709725,
        "mdd_median": -0.79705,
        "mdd_p75": -0.2719
      },
      "60": {
        "n_total": 2778,
        "n_hit": 1283,
        "p_hit": 0.461843,