{
  "schema": "baseline_probs_v1",
  "source_labels": "data/labels/labels_v1.csv",
  "n_rows_labels": 1145,
  "thresholds": [
    0.5,
    1.0,
    2.0,
    3.0,
    5.0
  ],
  "horizons": [
    12,
    24,
    36,
    48,
    60,
    72,
    84,
    96
  ],
  "results": {
    "0.5": {
      "12": {
        "n_total": 1145,
        "n_hit": 798,
        "p_hit": 0.696943,
        "t_hit_p25": 1.0,
        "t_hit_median": 2.0,
        "t_hit_p75": 5.0,
        "mdd_p25": -0.8302499999999999,
        "mdd_median": -0.2844,
        "mdd_p75": -0.058850000000000006
      },
      "24": {
        "n_total": 1145,
        "n_hit": 918,
        "p_hit": 0.801747,
        "t_hit_p25": 1.0,
        "t_hit_median": 3.0,
        "t_hit_p75": 7.0,
        "mdd_p25": -0.9711,
        "mdd_median": -0.36819999999999997,
        "mdd_p75": -0.09175
      },
      "36": {
        "n_total": 1145,
        "n_hit": 961,
        "p_hit": 0.839301,
        "t_hit_p25": 1.0,
        "t_hit_median": 3.0,
        "t_hit_p75": 9.0,
        "mdd_p25": -0.9948,
        "mdd_median": -0.3894,
        "mdd_p75": -0.1021
      },
      "48": {
        "n_total": 1145,
        "n_hit": 971,
        "p_hit": 0.848035,
        "t_hit_p25": 1.0,
        "t_hit_median": 3.0,
        "t_hit_p75": 9.0,
        "mdd_p25": -1.0039500000000001,
        "mdd_median": -0.4034,
        "mdd_p75": -0.1038
      },
      "60": {
        "n_total": 1145,
        "n_hit": 985,
        "p_hit": 0.860262,
        "t_hit_p25": 1.0,
        "t_hit_median": 3.0,
        "t_hit_p75": 10.0,
        "mdd_p25": -1.0651,
        "mdd_median": -0.4133,
        "mdd_p75": -0.1056
      },
      "72": {
        "n_total": 1145,
        "n_hit": 1007,
        "p_hit": 0.879476,
        "t_hit_p25": 1.0,
        "t_hit_median": 4.0,
        "t_hit_p75": 10.0,
        "mdd_p25": -1.16635,
        "mdd_median": -0.4317,
        "mdd_p75": -0.10815
      },
      "84": {
        "n_total": 1145,
        "n_hit": 1024,
        "p_hit": 0.894323,
        "t_hit_p25": 1.0,
        "t_hit_median": 4.0,
        "t_hit_p75": 11.0,
        "mdd_p25": -1.233,
        "mdd_median": -0.445,
        "mdd_p75": -0.11207500000000001
      },
      "96": {
        "n_total": 1145,
        "n_hit": 1030,
        "p_hit": 0.899563,
        "t_hit_p25": 1.0,
        "t_hit_median": 4.0,
        "t_hit_p75": 11.0,
        "mdd_p25": -1.251125,
        "mdd_median": -0.44789999999999996,
        "mdd_p75": -0.114
      }
    },
    "1.0": {
      "12": {
        "n_total": 1145,
        "n_hit": 578,
        "p_hit": 0.504803,
        "t_hit_p25": 2.0,
        "t_hit_median": 4.0,
        "t_hit_p75": 7.0,
        "mdd_p25": -0.991,
        "mdd_median": -0.35714999999999997,
        "mdd_p75": -0.0787
      },
      "24": {
        "n_total": 1145,
        "n_hit": 733,
        "p_hit": 0.640175,
        "t_hit_p25": 2.0,
        "t_hit_median": 5.0,
        "t_hit_p75": 11.0,
        "mdd_p25": -1.1102,
        "mdd_median": -0.4585,
        "mdd_p75": -0.1164
      },
      "36": {
        "n_total": 1145,
        "n_hit": 815,
        "p_hit": 0.71179,
        "t_hit_p25": 3.0,
        "t_hit_median": 7.0,
        "t_hit_p75": 15.0,
        "mdd_p25": -1.1950500000000002,
        "mdd_median": -0.4726,
        "mdd_p75": -0.1426
      },
      "48": {
        "n_total": 1145,
        "n_hit": 851,
        "p_hit": 0.743231,
        "t_hit_p25": 3.0,
        "t_hit_median": 7.0,
        "t_hit_p75": 17.0,
        "mdd_p25": -1.22155,
        "mdd_median": -0.4754,
        "mdd_p75": -0.153
      },
      "60": {
        "n_total": 1145,
        "n_hit": 887,
        "p_hit": 0.774672,
        "t_hit_p25": 3.0,
        "t_hit_median": 7.0,
        "t_hit_p75": 19.0,
        "mdd_p25": -1.3341500000000002,
        "mdd_median": -0.5065,
        "mdd_p75": -0.1608
      },
      "72": {
        "n_total": 1145,
        "n_hit": 918,
        "p_hit": 0.801747,
        "t_hit_p25": 3.0,
        "t_hit_median": 8.0,
        "t_hit_p75": 20.0,
        "mdd_p25": -1.3975,
        "mdd_median": -0.54275,
        "mdd_p75": -0.1688
      },
      "84": {
        "n_total": 1145,
        "n_hit": 939,
        "p_hit": 0.820087,
        "t_hit_p25": 3.0,
        "t_hit_median": 8.0,
        "t_hit_p75": 21.0,
        "mdd_p25": -1.4914,
        "mdd_median": -0.5526,
        "mdd_p75": -0.17135
      },
      "96": {
        "n_total": 1145,
        "n_hit": 950,
        "p_hit": 0.829694,
        "t_hit_p25": 3.0,
        "t_hit_median": 8.0,
        "t_hit_p75": 22.0,
        "mdd_p25": -1.5458749999999999,
        "mdd_median": -0.57155,
        "mdd_p75": -0.172025
      }
    },
    "2.0": {
      "12": {
        "n_total": 1145,
        "n_hit": 288,
        "p_hit": 0.251528,
        "t_hit_p25": 3.0,
        "t_hit_median": 5.0,
        "t_hit_p75": 8.25,
        "mdd_p25": -1.1018499999999998,
        "mdd_median": -0.4408,
        "mdd_p75": -0.12735000000000002
      },
      "24": {
        "n_total": 1145,
        "n_hit": 457,
        "p_hit": 0.399127,
        "t_hit_p25": 4.0,
        "t_hit_median": 9.0,
        "t_hit_p75": 16.0,
        "mdd_p25": -1.3232,
        "mdd_median": -0.5708,
        "mdd_p75": -0.1724
      },
      "36": {
        "n_total": 1145,
        "n_hit": 554,
        "p_hit": 0.483843,
        "t_hit_p25": 5.0,
        "t_hit_median": 12.0,
        "t_hit_p75": 21.0,
        "mdd_p25": -1.270025,
        "mdd_median": -0.54455,
        "mdd_p75": -0.1719
      },
      "48": {
        "n_total": 1145,
        "n_hit": 636,
        "p_hit": 0.555459,
        "t_hit_p25": 6.0,
        "t_hit_median": 15.0,
        "t_hit_p75": 27.25,
        "mdd_p25": -1.301525,
        "mdd_median": -0.5481,
        "mdd_p75": -0.1923
      },
      "60": {
        "n_total": 1145,
        "n_hit": 697,
        "p_hit": 0.608734,
        "t_hit_p25": 6.0,
        "t_hit_median": 16.0,
        "t_hit_p75": 33.0,
        "mdd_p25": -1.353,
        "mdd_median": -0.5832,
        "mdd_p75": -0.2228
      },
      "72": {
        "n_total": 1145,
        "n_hit": 740,
        "p_hit": 0.646288,
        "t_hit_p25": 7.0,
        "t_hit_median": 18.0,
        "t_hit_p75": 37.0,
        "mdd_p25": -1.4018,
        "mdd_median": -0.6225,
        "mdd_p75": -0.24505
      },
      "84": {
        "n_total": 1145,
        "n_hit": 766,
        "p_hit": 0.668996,
        "t_hit_p25": 7.0,
        "t_hit_median": 18.0,
        "t_hit_p75": 40.0,
        "mdd_p25": -1.483225,
        "mdd_median": -0.6745,
        "mdd_p75": -0.25987499999999997
      },
      "96": {
        "n_total": 1145,
        "n_hit": 788,
        "p_hit": 0.68821,
        "t_hit_p25": 8.0,
        "t_hit_median": 19.0,
        "t_hit_p75": 42.25,
        "mdd_p25": -1.5491249999999999,
        "mdd_median": -0.7187,
        "mdd_p75": -0.26875
      }
    },
    "3.0": {
      "12": {
        "n_total": 1145,
        "n_hit": 144,
        "p_hit": 0.125764,
        "t_hit_p25": 3.0,
        "t_hit_median": 6.0,
        "t_hit_p75": 9.0,
        "mdd_p25": -1.0413999999999999,
        "mdd_median": -0.383,
        "mdd_p75": -0.131325
      },
      "24": {
        "n_total": 1145,
        "n_hit": 236,
        "p_hit": 0.206114,
        "t_hit_p25": 5.0,
        "t_hit_median": 10.0,
        "t_hit_p75": 18.0,
        "mdd_p25": -1.0641749999999999,
        "mdd_median": -0.44699999999999995,
        "mdd_p75": -0.13195
      },
      "36": {
        "n_total": 1145,
        "n_hit": 329,
        "p_hit": 0.287336,
        "t_hit_p25": 6.0,
        "t_hit_median": 16.0,
        "t_hit_p75": 26.0,
        "mdd_p25": -1.0572,
        "mdd_median": -0.5064,
        "mdd_p75": -0.1588
      },
      "48": {
        "n_total": 1145,
        "n_hit": 408,
        "p_hit": 0.356332,
        "t_hit_p25": 9.0,
        "t_hit_median": 21.0,
        "t_hit_p75": 33.0,
        "mdd_p25": -1.148775,
        "mdd_median": -0.54275,