{
  "schema": "baseline_probs_v1",
  "source_labels": "data/labels/labels_v1.csv",
  "n_rows_labels": 2171,
  "thresholds": [
    0.5,
    1.0,
    2.0,
    3.0,
    5.0
  ],
  "horizons": [
    12,
    24,
    36,
    48,
    60,
    72,
    84,
    96
  ],
  "results": {
    "0.5": {
      "12": {
        "n_total": 2171,
        "n_hit": 1568,
        "p_hit": 0.722248,
        "t_hit_p25": 1.0,
        "t_hit_median": 2.0,
        "t_hit_p75": 4.0,
        "mdd_p25": -0.8185,
        "mdd_median": -0.31445,
        "mdd_p75": -0.059975
      },
      "24": {
        "n_total": 2171,
        "n_hit": 1770,
        "p_hit": 0.815292,
        "t_hit_p25": 1.0,
        "t_hit_median": 3.0,
        "t_hit_p75": 6.0,
        "mdd_p25": -0.9619249999999999,
        "mdd_median": -0.37795,
        "mdd_p75": -0.092225
      },
      "36": {
        "n_total": 2171,
        "n_hit": 1863,
        "p_hit": 0.85813,
        "t_hit_p25": 1.0,
        "t_hit_median": 3.0,
        "t_hit_p75": 8.0,
        "mdd_p25": -1.0644,
        "mdd_median": -0.4142,
        "mdd_p75": -0.1038
      },
      "48": {
        "n_total": 2171,
        "n_hit": 1898,
        "p_hit": 0.874251,
        "t_hit_p25": 1.0,
        "t_hit_median": 3.0,
        "t_hit_p75": 8.0,
        "mdd_p25": -1.149175,
        "mdd_median": -0.42735,
        "mdd_p75": -0.10685
      },
      "60": {
        "n_total": 2171,
        "n_hit": 1916,
        "p_hit": 0.882543,
        "t_hit_p25": 1.0,
        "t_hit_median": 3.0,
        "t_hit_p75": 8.25,
        "mdd_p25": -1.1803499999999998,
        "mdd_median": -0.43684999999999996,
        "mdd_p75": -0.10965
      },
      "72": {
        "n_total": 2171,
        "n_hit": 1948,
        "p_hit": 0.897282,
        "t_hit_p25": 1.0,
        "t_hit_median": 3.0,
        "t_hit_p75": 9.0,
        "mdd_p25": -1.2550000000000001,
        "mdd_median": -0.44830000000000003,
        "mdd_p75": -0.11647500000000001
      },
      "84": {
        "n_total": 2171,
        "n_hit": 1978,
        "p_hit": 0.911101,
        "t_hit_p25": 1.0,
        "t_hit_median": 3.0,
        "t_hit_p75": 10.0,
        "mdd_p25": -1.3389499999999999,
        "mdd_median": -0.46875,
        "mdd_p75": -0.118
      },
      "96": {
        "n_total": 2171,
        "n_hit": 1999,
        "p_hit": 0.920774,
        "t_hit_p25": 1.0,
        "t_hit_median": 3.0,
        "t_hit_p75": 10.0,
        "mdd_p25": -1.36895,
        "mdd_median": -0.4754,
        "mdd_p75": -0.1211
      }
    },
    "1.0": {
      "12": {
        "n_total": 2171,
        "n_hit": 1163,
        "p_hit": 0.535698,
        "t_hit_p25": 2.0,
        "t_hit_median": 4.0,
        "t_hit_p75": 7.0,
        "mdd_p25": -1.00635,
        "mdd_median": -0.4117,
        "mdd_p75": -0.09355
      },
      "24": {
        "n_total": 2171,
        "n_hit": 1424,
        "p_hit": 0.655919,
        "t_hit_p25": 2.0,
        "t_hit_median": 5.0,
        "t_hit_p75": 10.0,
        "mdd_p25": -1.21395,
        "mdd_median": -0.4964,
        "mdd_p75": -0.136025
      },
      "36": {
        "n_total": 2171,
        "n_hit": 1592,
        "p_hit": 0.733303,
        "t_hit_p25": 2.0,
        "t_hit_median": 6.0,
        "t_hit_p75": 14.0,
        "mdd_p25": -1.396825,
        "mdd_median": -0.5479499999999999,
        "mdd_p75": -0.16345
      },
      "48": {
        "n_total": 2171,
        "n_hit": 1670,
        "p_hit": 0.769231,
        "t_hit_p25": 3.0,
        "t_hit_median": 6.0,
        "t_hit_p75": 16.0,
        "mdd_p25": -1.485825,
        "mdd_median": -0.58065,
        "mdd_p75": -0.173825
      },
      "60": {
        "n_total": 2171,
        "n_hit": 1737,
        "p_hit": 0.800092,
        "t_hit_p25": 3.0,
        "t_hit_median": 7.0,
        "t_hit_p75": 18.0,
        "mdd_p25": -1.6042,
        "mdd_median": -0.6162,
        "mdd_p75": -0.186
      },
      "72": {
        "n_total": 2171,
        "n_hit": 1792,
        "p_hit": 0.825426,
        "t_hit_p25": 3.0,
        "t_hit_median": 7.0,
        "t_hit_p75": 20.0,
        "mdd_p25": -1.7120250000000001,
        "mdd_median": -0.6655,
        "mdd_p75": -0.20124999999999998
      },
      "84": {
        "n_total": 2171,
        "n_hit": 1834,
        "p_hit": 0.844772,
        "t_hit_p25": 3.0,
        "t_hit_median": 7.0,
        "t_hit_p75": 21.0,
        "mdd_p25": -1.810525,
        "mdd_median": -0.6968000000000001,
        "mdd_p75": -0.213975
      },
      "96": {
        "n_total": 2171,
        "n_hit": 1860,
        "p_hit": 0.856748,
        "t_hit_p25": 3.0,
        "t_hit_median": 8.0,
        "t_hit_p75": 23.0,
        "mdd_p25": -1.8805999999999998,
        "mdd_median": -0.71645,
        "mdd_p75": -0.219925
      }
    },
    "2.0": {
      "12": {
        "n_total": 2171,
        "n_hit": 585,
        "p_hit": 0.269461,
        "t_hit_p25": 3.0,
        "t_hit_median": 5.0,
        "t_hit_p75": 8.0,
        "mdd_p25": -1.0298,
        "mdd_median": -0.4448,
        "mdd_p75": -0.1166
      },
      "24": {
        "n_total": 2171,
        "n_hit": 907,
        "p_hit": 0.41778,
        "t_hit_p25": 4.0,
        "t_hit_median": 9.0,
        "t_hit_p75": 16.0,
        "mdd_p25": -1.4097,
        "mdd_median": -0.6178,
        "mdd_p75": -0.1852
      },
      "36": {
        "n_total": 2171,
        "n_hit": 1119,
        "p_hit": 0.515431,
        "t_hit_p25": 5.0,
        "t_hit_median": 12.0,
        "t_hit_p75": 21.0,
        "mdd_p25": -1.63435,
        "mdd_median": -0.7588,
        "mdd_p75": -0.224
      },
      "48": {
        "n_total": 2171,
        "n_hit": 1267,
        "p_hit": 0.583602,
        "t_hit_p25": 5.0,
        "t_hit_median": 14.0,
        "t_hit_p75": 27.0,
        "mdd_p25": -1.69075,
        "mdd_median": -0.8443,
        "mdd_p75": -0.2655
      },
      "60": {
        "n_total": 2171,
        "n_hit": 1369,
        "p_hit": 0.630585,
        "t_hit_p25": 6.0,
        "t_hit_median": 16.0,
        "t_hit_p75": 31.0,
        "mdd_p25": -1.756,
        "mdd_median": -0.917,
        "mdd_p75": -0.2825
      },
      "72": {
        "n_total": 2171,
        "n_hit": 1464,
        "p_hit": 0.674344,
        "t_hit_p25": 6.0,
        "t_hit_median": 17.0,
        "t_hit_p75": 35.0,
        "mdd_p25": -1.97255,
        "mdd_median": -0.9885999999999999,
        "mdd_p75": -0.3134
      },
      "84": {
        "n_total": 2171,
        "n_hit": 1525,
        "p_hit": 0.702441,
        "t_hit_p25": 7.0,
        "t_hit_median": 18.0,
        "t_hit_p75": 38.0,
        "mdd_p25": -2.1687,
        "mdd_median": -1.0563,
        "mdd_p75": -0.3383
      },
      "96": {
        "n_total": 2171,
        "n_hit": 1585,
        "p_hit": 0.730078,
        "t_hit_p25": 7.0,
        "t_hit_median": 19.0,
        "t_hit_p75": 42.0,
        "mdd_p25": -2.2714,
        "mdd_median": -1.1334,
        "mdd_p75": -0.3549
      }
    },
    "3.0": {
      "12": {
        "n_total": 2171,
        "n_hit": 329,
        "p_hit": 0.151543,
        "t_hit_p25": 3.0,
        "t_hit_median": 6.0,
        "t_hit_p75": 9.0,
        "mdd_p25": -0.9906,
        "mdd_median": -0.4322,
        "mdd_p75": -0.1327
      },
      "24": {
        "n_total": 2171,
        "n_hit": 553,
        "p_hit": 0.254721,
        "t_hit_p25": 5.0,
        "t_hit_median": 10.0,
        "t_hit_p75": 17.0,
        "mdd_p25": -1.4258,
        "mdd_median": -0.6004,
        "mdd_p75": -0.1834
      },
      "36": {
        "n_total": 2171,
        "n_hit": 758,
        "p_hit": 0.349148,
        "t_hit_p25": 6.25,
        "t_hit_median": 15.0,
        "t_hit_p75": 25.0,
        "mdd_p25": -1.712875,
        "mdd_median": -0.7583500000000001,
        "mdd_p75": -0.2348
      },
      "48": {
        "n_total": 2171,
        "n_hit": 918,
        "p_hit": 0.422847,
        "t_hit_p25": 8.0,
        "t_hit_median": 19.5,
        "t_hit_p75": 32.0,
        "mdd_p25": -1.876275,
        "mdd_median": -0.9017,
        "mdd_p75": -0.28315
      },