{
  "schema": "baseline_probs_v1",
  "source_labels": "data/labels/labels_v1.csv",
  "n_rows_labels": 1702,
  "thresholds": [
    0.5,
    1.0,
    2.0,
    3.0,
    5.0
  ],
  "horizons": [
    12,
    24,
    36,
    48,
    60,
    72,
    84,
    96
  ],
  "results": {
    "0.5": {
      "12": {
        "n_total": 1702,
        "n_hit": 1222,
        "p_hit": 0.717979,
        "t_hit_p25": 1.0,
        "t_hit_median": 2.0,
        "t_hit_p75": 4.0,
        "mdd_p25": -0.83535,
        "mdd_median": -0.3043,
        "mdd_p75": -0.057525
      },
      "24": {
        "n_total": 1702,
        "n_hit": 1378,
        "p_hit": 0.809636,
        "t_hit_p25": 1.0,
        "t_hit_median": 3.0,
        "t_hit_p75": 6.0,
        "mdd_p25": -0.98275,
        "mdd_median": -0.3754,
        "mdd_p75": -0.09135000000000001
      },
      "36": {
        "n_total": 1702,
        "n_hit": 1446,
        "p_hit": 0.849589,
        "t_hit_p25": 1.0,
        "t_hit_median": 3.0,
        "t_hit_p75": 7.0,
        "mdd_p25": -1.07435,
        "mdd_median": -0.4096,
        "mdd_p75": -0.10177499999999999
      },
      "48": {
        "n_total": 1702,
        "n_hit": 1467,
        "p_hit": 0.861927,
        "t_hit_p25": 1.0,
        "t_hit_median": 3.0,
        "t_hit_p75": 8.0,
        "mdd_p25": -1.1438000000000001,
        "mdd_median": -0.4181,
        "mdd_p75": -0.1042
      },
      "60": {
        "n_total": 1702,
        "n_hit": 1481,
        "p_hit": 0.870153,
        "t_hit_p25": 1.0,
        "t_hit_median": 3.0,
        "t_hit_p75": 8.0,
        "mdd_p25": -1.1659,
        "mdd_median": -0.426,
        "mdd_p75": -0.1056
      },
      "72": {
        "n_total": 1702,
        "n_hit": 1510,
        "p_hit": 0.887192,
        "t_hit_p25": 1.0,
        "t_hit_median": 3.0,
        "t_hit_p75": 9.0,
        "mdd_p25": -1.246275,
        "mdd_median": -0.44205,
        "mdd_p75": -0.1092
      },
      "84": {
        "n_total": 1702,
        "n_hit": 1537,
        "p_hit": 0.903055,
        "t_hit_p25": 1.0,
        "t_hit_median": 3.0,
        "t_hit_p75": 10.0,
        "mdd_p25": -1.3265,
        "mdd_median": -0.4653,
        "mdd_p75": -0.1164
      },
      "96": {
        "n_total": 1702,
        "n_hit": 1556,
        "p_hit": 0.914219,
        "t_hit_p25": 1.0,
        "t_hit_median": 3.0,
        "t_hit_p75": 10.0,
        "mdd_p25": -1.3597249999999999,
        "mdd_median": -0.4737,
        "mdd_p75": -0.11767499999999999
      }
    },
    "1.0": {
      "12": {
        "n_total": 1702,
        "n_hit": 907,
        "p_hit": 0.532902,
        "t_hit_p25": 2.0,
        "t_hit_median": 4.0,
        "t_hit_p75": 7.0,
        "mdd_p25": -1.0220500000000001,
        "mdd_median": -0.4058,
        "mdd_p75": -0.093
      },
      "24": {
        "n_total": 1702,
        "n_hit": 1108,
        "p_hit": 0.650999,
        "t_hit_p25": 2.0,
        "t_hit_median": 5.0,
        "t_hit_p75": 10.0,
        "mdd_p25": -1.22475,
        "mdd_median": -0.48405,
        "mdd_p75": -0.132325
      },
      "36": {
        "n_total": 1702,
        "n_hit": 1232,
        "p_hit": 0.723854,
        "t_hit_p25": 2.0,
        "t_hit_median": 6.0,
        "t_hit_p75": 13.0,
        "mdd_p25": -1.3604999999999998,
        "mdd_median": -0.5347999999999999,
        "mdd_p75": -0.15725
      },
      "48": {
        "n_total": 1702,
        "n_hit": 1287,
        "p_hit": 0.756169,
        "t_hit_p25": 2.0,
        "t_hit_median": 6.0,
        "t_hit_p75": 16.0,
        "mdd_p25": -1.3933499999999999,
        "mdd_median": -0.5434,
        "mdd_p75": -0.1661
      },
      "60": {
        "n_total": 1702,
        "n_hit": 1339,
        "p_hit": 0.786722,
        "t_hit_p25": 3.0,
        "t_hit_median": 6.0,
        "t_hit_p75": 18.0,
        "mdd_p25": -1.5295,
        "mdd_median": -0.5832,
        "mdd_p75": -0.17245
      },
      "72": {
        "n_total": 1702,
        "n_hit": 1388,
        "p_hit": 0.815511,
        "t_hit_p25": 3.0,
        "t_hit_median": 7.0,
        "t_hit_p75": 19.0,
        "mdd_p25": -1.639025,
        "mdd_median": -0.61615,
        "mdd_p75": -0.18415
      },
      "84": {
        "n_total": 1702,
        "n_hit": 1422,
        "p_hit": 0.835488,
        "t_hit_p25": 3.0,
        "t_hit_median": 7.0,
        "t_hit_p75": 21.0,
        "mdd_p25": -1.722525,
        "mdd_median": -0.6488,
        "mdd_p75": -0.19285
      },
      "96": {
        "n_total": 1702,
        "n_hit": 1442,
        "p_hit": 0.847239,
        "t_hit_p25": 3.0,
        "t_hit_median": 7.0,
        "t_hit_p75": 22.0,
        "mdd_p25": -1.7923499999999999,
        "mdd_median": -0.6698999999999999,
        "mdd_p75": -0.200775
      }
    },
    "2.0": {
      "12": {
        "n_total": 1702,
        "n_hit": 465,
        "p_hit": 0.273208,
        "t_hit_p25": 3.0,
        "t_hit_median": 5.0,
        "t_hit_p75": 8.0,
        "mdd_p25": -1.1351,
        "mdd_median": -0.4492,
        "mdd_p75": -0.1327
      },
      "24": {
        "n_total": 1702,
        "n_hit": 713,
        "p_hit": 0.418919,
        "t_hit_p25": 4.0,
        "t_hit_median": 9.0,
        "t_hit_p75": 16.0,
        "mdd_p25": -1.3916,
        "mdd_median": -0.6094,
        "mdd_p75": -0.186
      },
      "36": {
        "n_total": 1702,
        "n_hit": 873,
        "p_hit": 0.512926,
        "t_hit_p25": 5.0,
        "t_hit_median": 11.0,
        "t_hit_p75": 21.0,
        "mdd_p25": -1.5587,
        "mdd_median": -0.6798,
        "mdd_p75": -0.2074
      },
      "48": {
        "n_total": 1702,
        "n_hit": 986,
        "p_hit": 0.579318,
        "t_hit_p25": 5.0,
        "t_hit_median": 14.0,
        "t_hit_p75": 26.75,
        "mdd_p25": -1.588425,
        "mdd_median": -0.7154,
        "mdd_p75": -0.2458
      },
      "60": {
        "n_total": 1702,
        "n_hit": 1068,
        "p_hit": 0.627497,
        "t_hit_p25": 6.0,
        "t_hit_median": 15.5,
        "t_hit_p75": 31.0,
        "mdd_p25": -1.651875,
        "mdd_median": -0.7858499999999999,
        "mdd_p75": -0.27205
      },
      "72": {
        "n_total": 1702,
        "n_hit": 1142,
        "p_hit": 0.670975,
        "t_hit_p25": 6.0,
        "t_hit_median": 17.0,
        "t_hit_p75": 35.0,
        "mdd_p25": -1.8035999999999999,
        "mdd_median": -0.92235,
        "mdd_p75": -0.295825
      },
      "84": {
        "n_total": 1702,
        "n_hit": 1185,
        "p_hit": 0.69624,
        "t_hit_p25": 7.0,
        "t_hit_median": 18.0,
        "t_hit_p75": 38.0,
        "mdd_p25": -1.9837,
        "mdd_median": -0.9712,
        "mdd_p75": -0.3073
      },
      "96": {
        "n_total": 1702,
        "n_hit": 1222,
        "p_hit": 0.717979,
        "t_hit_p25": 7.0,
        "t_hit_median": 19.0,
        "t_hit_p75": 41.0,
        "mdd_p25": -2.156525,
        "mdd_median": -0.9983,
        "mdd_p75": -0.32335
      }
    },
    "3.0": {
      "12": {
        "n_total": 1702,
        "n_hit": 255,
        "p_hit": 0.149824,
        "t_hit_p25": 3.0,
        "t_hit_median": 5.0,
        "t_hit_p75": 9.0,
        "mdd_p25": -1.00815,
        "mdd_median": -0.4585,
        "mdd_p75": -0.14429999999999998
      },
      "24": {
        "n_total": 1702,
        "n_hit": 422,
        "p_hit": 0.247944,
        "t_hit_p25": 5.0,
        "t_hit_median": 10.0,
        "t_hit_p75": 17.0,
        "mdd_p25": -1.3144,
        "mdd_median": -0.5516,
        "mdd_p75": -0.16935
      },
      "36": {
        "n_total": 1702,
        "n_hit": 575,
        "p_hit": 0.337838,
        "t_hit_p25": 6.0,
        "t_hit_median": 15.0,
        "t_hit_p75": 25.0,
        "mdd_p25": -1.58045,
        "mdd_median": -0.6742,
        "mdd_p75": -0.20745
      },
      "48": {
        "n_total": 1702,
        "n_hit": 692,
        "p_hit": 0.40658,
        "t_hit_p25": 8.0,
        "t_hit_median": 20.0,
        "t_hit_p75": 32.0,
        "mdd_p25": -1.6693999999999998,
        "mdd_median": -0.7276,