{
  "schema": "baseline_probs_v1",
  "source_labels": "data/labels/labels_v1.csv",
  "n_rows_labels": 3196,
  "thresholds": [
    0.5,
    1.0,
    2.0,
    3.0,
    5.0
  ],
  "horizons": [
    12,
    24,
    36,
    48,
    60,
    72,
    84,
    96
  ],
  "results": {
    "0.5": {
      "12": {
        "n_total": 3196,
        "n_hit": 2255,
        "p_hit": 0.705569,
        "t_hit_p25": 1.0,
        "t_hit_median": 2.0,
        "t_hit_p75": 4.5,
        "mdd_p25": -0.72835,
        "mdd_median": -0.2954,
        "mdd_p75": -0.049049999999999996
      },
      "24": {
        "n_total": 3196,
        "n_hit": 2563,
        "p_hit": 0.80194,
        "t_hit_p25": 1.0,
        "t_hit_median": 3.0,
        "t_hit_p75": 7.0,
        "mdd_p25": -0.9116,
        "mdd_median": -0.3625,
        "mdd_p75": -0.07885
      },
      "36": {
        "n_total": 3196,
        "n_hit": 2708,
        "p_hit": 0.847309,
        "t_hit_p25": 1.0,
        "t_hit_median": 3.0,
        "t_hit_p75": 8.0,
        "mdd_p25": -1.00895,
        "mdd_median": -0.40545,
        "mdd_p75": -0.092275
      },
      "48": {
        "n_total": 3196,
        "n_hit": 2772,
        "p_hit": 0.867334,
        "t_hit_p25": 1.0,
        "t_hit_median": 3.0,
        "t_hit_p75": 9.0,
        "mdd_p25": -1.108925,
        "mdd_median": -0.42115,
        "mdd_p75": -0.10047499999999998
      },
      "60": {
        "n_total": 3196,
        "n_hit": 2804,
        "p_hit": 0.877347,
        "t_hit_p25": 1.0,
        "t_hit_median": 3.0,
        "t_hit_p75": 9.0,
        "mdd_p25": -1.150575,
        "mdd_median": -0.42855,
        "mdd_p75": -0.10287500000000001
      },
      "72": {
        "n_total": 3196,
        "n_hit": 2848,
        "p_hit": 0.891114,
        "t_hit_p25": 1.0,
        "t_hit_median": 3.0,
        "t_hit_p75": 10.0,
        "mdd_p25": -1.207475,
        "mdd_median": -0.44075,
        "mdd_p75": -0.10567499999999999
      },
      "84": {
        "n_total": 3196,
        "n_hit": 2894,
        "p_hit": 0.905507,
        "t_hit_p25": 1.0,
        "t_hit_median": 3.0,
        "t_hit_p75": 10.0,
        "mdd_p25": -1.292,
        "mdd_median": -0.45735,
        "mdd_p75": -0.10935
      },
      "96": {
        "n_total": 3196,
        "n_hit": 2925,
        "p_hit": 0.915207,
        "t_hit_p25": 1.0,
        "t_hit_median": 3.0,
        "t_hit_p75": 11.0,
        "mdd_p25": -1.3417,
        "mdd_median": -0.4717,
        "mdd_p75": -0.1132
      }
    },
    "1.0": {
      "12": {
        "n_total": 3196,
        "n_hit": 1646,
        "p_hit": 0.515019,
        "t_hit_p25": 2.0,
        "t_hit_median": 4.0,
        "t_hit_p75": 7.0,
        "mdd_p25": -0.93865,
        "mdd_median": -0.36305,
        "mdd_p75": -0.07755
      },
      "24": {
        "n_total": 3196,
        "n_hit": 2075,
        "p_hit": 0.649249,
        "t_hit_p25": 2.0,
        "t_hit_median": 5.0,
        "t_hit_p75": 11.0,
        "mdd_p25": -1.1102500000000002,
        "mdd_median": -0.4695,
        "mdd_p75": -0.12535000000000002
      },
      "36": {
        "n_total": 3196,
        "n_hit": 2320,
        "p_hit": 0.725907,
        "t_hit_p25": 3.0,
        "t_hit_median": 6.0,
        "t_hit_p75": 15.0,
        "mdd_p25": -1.330975,
        "mdd_median": -0.53485,
        "mdd_p75": -0.155675
      },
      "48": {
        "n_total": 3196,
        "n_hit": 2439,
        "p_hit": 0.763141,
        "t_hit_p25": 3.0,
        "t_hit_median": 7.0,
        "t_hit_p75": 17.0,
        "mdd_p25": -1.3970500000000001,
        "mdd_median": -0.5546,
        "mdd_p75": -0.16975
      },
      "60": {
        "n_total": 3196,
        "n_hit": 2524,
        "p_hit": 0.789737,
        "t_hit_p25": 3.0,
        "t_hit_median": 7.0,
        "t_hit_p75": 18.0,
        "mdd_p25": -1.4889999999999999,
        "mdd_median": -0.5961000000000001,
        "mdd_p75": -0.17675
      },
      "72": {
        "n_total": 3196,
        "n_hit": 2597,
        "p_hit": 0.812578,
        "t_hit_p25": 3.0,
        "t_hit_median": 8.0,
        "t_hit_p75": 20.0,
        "mdd_p25": -1.5891,
        "mdd_median": -0.6217,
        "mdd_p75": -0.1877
      },
      "84": {
        "n_total": 3196,
        "n_hit": 2658,
        "p_hit": 0.831665,
        "t_hit_p25": 3.0,
        "t_hit_median": 8.0,
        "t_hit_p75": 22.0,
        "mdd_p25": -1.686275,
        "mdd_median": -0.6609,
        "mdd_p75": -0.195575
      },
      "96": {
        "n_total": 3196,
        "n_hit": 2701,
        "p_hit": 0.845119,
        "t_hit_p25": 3.0,
        "t_hit_median": 8.0,
        "t_hit_p75": 23.0,
        "mdd_p25": -1.7627,
        "mdd_median": -0.6822,
        "mdd_p75": -0.2044
      }
    },
    "2.0": {
      "12": {
        "n_total": 3196,
        "n_hit": 784,
        "p_hit": 0.245307,
        "t_hit_p25": 3.0,
        "t_hit_median": 5.0,
        "t_hit_p75": 9.0,
        "mdd_p25": -0.9604249999999999,
        "mdd_median": -0.39705,
        "mdd_p75": -0.080325
      },
      "24": {
        "n_total": 3196,
        "n_hit": 1278,
        "p_hit": 0.399875,
        "t_hit_p25": 4.0,
        "t_hit_median": 9.0,
        "t_hit_p75": 16.0,
        "mdd_p25": -1.24795,
        "mdd_median": -0.5615,
        "mdd_p75": -0.172425
      },
      "36": {
        "n_total": 3196,
        "n_hit": 1618,
        "p_hit": 0.506258,
        "t_hit_p25": 5.0,
        "t_hit_median": 13.0,
        "t_hit_p75": 23.0,
        "mdd_p25": -1.4502499999999998,
        "mdd_median": -0.6770499999999999,
        "mdd_p75": -0.208875
      },
      "48": {
        "n_total": 3196,
        "n_hit": 1845,
        "p_hit": 0.577284,
        "t_hit_p25": 6.0,
        "t_hit_median": 16.0,
        "t_hit_p75": 28.0,
        "mdd_p25": -1.5744,
        "mdd_median": -0.76,
        "mdd_p75": -0.2572
      },
      "60": {
        "n_total": 3196,
        "n_hit": 1994,
        "p_hit": 0.623905,
        "t_hit_p25": 7.0,
        "t_hit_median": 17.0,
        "t_hit_p75": 32.0,
        "mdd_p25": -1.656625,
        "mdd_median": -0.81585,
        "mdd_p75": -0.27915
      },
      "72": {
        "n_total": 3196,
        "n_hit": 2125,
        "p_hit": 0.664894,
        "t_hit_p25": 7.0,
        "t_hit_median": 18.0,
        "t_hit_p75": 36.0,
        "mdd_p25": -1.8154,
        "mdd_median": -0.9049,
        "mdd_p75": -0.3073
      },
      "84": {
        "n_total": 3196,
        "n_hit": 2213,
        "p_hit": 0.692428,
        "t_hit_p25": 8.0,
        "t_hit_median": 20.0,
        "t_hit_p75": 39.0,
        "mdd_p25": -1.9683,
        "mdd_median": -0.962,
        "mdd_p75": -0.3279
      },
      "96": {
        "n_total": 3196,
        "n_hit": 2298,
        "p_hit": 0.719024,
        "t_hit_p25": 8.0,
        "t_hit_median": 21.0,
        "t_hit_p75": 42.0,
        "mdd_p25": -2.105,
        "mdd_median": -1.00345,
        "mdd_p75": -0.345
      }
    },
    "3.0": {
      "12": {
        "n_total": 3196,
        "n_hit": 419,
        "p_hit": 0.131101,
        "t_hit_p25": 3.0,
        "t_hit_median": 6.0,
        "t_hit_p75": 9.0,
        "mdd_p25": -0.92355,
        "mdd_median": -0.3594,
        "mdd_p75": -0.08510000000000001
      },
      "24": {
        "n_total": 3196,
        "n_hit": 746,
        "p_hit": 0.233417,
        "t_hit_p25": 5.0,
        "t_hit_median": 11.0,
        "t_hit_p75": 17.0,
        "mdd_p25": -1.3144,
        "mdd_median": -0.5520499999999999,
        "mdd_p75": -0.155925
      },
      "36": {
        "n_total": 3196,
        "n_hit": 1048,
        "p_hit": 0.32791,
        "t_hit_p25": 7.0,
        "t_hit_median": 16.0,
        "t_hit_p75": 26.0,
        "mdd_p25": -1.579425,
        "mdd_median": -0.6838,
        "mdd_p75": -0.206625
      },
      "48": {
        "n_total": 3196,
        "n_hit": 1292,
        "p_hit": 0.404255,
        "t_hit_p25": 9.0,
        "t_hit_median": 21.0,
        "t_hit_p75": 33.0,
        "mdd_p25": -1.713875,
        "mdd_median": -0.8176,