{
  "schema": "baseline_probs_v1",
  "source_labels": "data/labels/labels_v1.csv",
  "n_rows_labels": 2305,
  "thresholds": [
    0.5,
    1.0,
    2.0,
    3.0,
    5.0
  ],
  "horizons": [
    12,
    24,
    36,
    48,
    60,
    72,
    84,
    96
  ],
  "results": {
    "0.5": {
      "12": {
        "n_total": 2305,
        "n_hit": 1665,
        "p_hit": 0.722343,
        "t_hit_p25": 1.0,
        "t_hit_median": 2.0,
        "t_hit_p75": 4.0,
        "mdd_p25": -0.7982,
        "mdd_median": -0.3049,
        "mdd_p75": -0.0557
      },
      "24": {
        "n_total": 2305,
        "n_hit": 1878,
        "p_hit": 0.814751,
        "t_hit_p25": 1.0,
        "t_hit_median": 3.0,
        "t_hit_p75": 6.0,
        "mdd_p25": -0.945175,
        "mdd_median": -0.37024999999999997,
        "mdd_p75": -0.08415
      },
      "36": {
        "n_total": 2305,
        "n_hit": 1981,
        "p_hit": 0.859436,
        "t_hit_p25": 1.0,
        "t_hit_median": 3.0,
        "t_hit_p75": 8.0,
        "mdd_p25": -1.0552,
        "mdd_median": -0.4117,
        "mdd_p75": -0.101
      },
      "48": {
        "n_total": 2305,
        "n_hit": 2020,
        "p_hit": 0.876356,
        "t_hit_p25": 1.0,
        "t_hit_median": 3.0,
        "t_hit_p75": 8.0,
        "mdd_p25": -1.14145,
        "mdd_median": -0.4265,
        "mdd_p75": -0.10452499999999999
      },
      "60": {
        "n_total": 2305,
        "n_hit": 2041,
        "p_hit": 0.885466,
        "t_hit_p25": 1.0,
        "t_hit_median": 3.0,
        "t_hit_p75": 9.0,
        "mdd_p25": -1.1687,
        "mdd_median": -0.436,
        "mdd_p75": -0.1063
      },
      "72": {
        "n_total": 2305,
        "n_hit": 2074,
        "p_hit": 0.899783,
        "t_hit_p25": 1.0,
        "t_hit_median": 3.0,
        "t_hit_p75": 9.0,
        "mdd_p25": -1.248175,
        "mdd_median": -0.44830000000000003,
        "mdd_p75": -0.11102499999999998
      },
      "84": {
        "n_total": 2305,
        "n_hit": 2105,
        "p_hit": 0.913232,
        "t_hit_p25": 1.0,
        "t_hit_median": 3.0,
        "t_hit_p75": 10.0,
        "mdd_p25": -1.3265,
        "mdd_median": -0.469,
        "mdd_p75": -0.1169
      },
      "96": {
        "n_total": 2305,
        "n_hit": 2126,
        "p_hit": 0.922343,
        "t_hit_p25": 1.0,
        "t_hit_median": 3.0,
        "t_hit_p75": 10.0,
        "mdd_p25": -1.3534499999999998,
        "mdd_median": -0.4759,
        "mdd_p75": -0.118
      }
    },
    "1.0": {
      "12": {
        "n_total": 2305,
        "n_hit": 1238,
        "p_hit": 0.537093,
        "t_hit_p25": 2.0,
        "t_hit_median": 4.0,
        "t_hit_p75": 7.0,
        "mdd_p25": -0.9966999999999999,
        "mdd_median": -0.4044,
        "mdd_p75": -0.082125
      },
      "24": {
        "n_total": 2305,
        "n_hit": 1521,
        "p_hit": 0.65987,
        "t_hit_p25": 2.0,
        "t_hit_median": 5.0,
        "t_hit_p75": 10.0,
        "mdd_p25": -1.1694,
        "mdd_median": -0.4945,
        "mdd_p75": -0.1358
      },
      "36": {
        "n_total": 2305,
        "n_hit": 1700,
        "p_hit": 0.737527,
        "t_hit_p25": 2.0,
        "t_hit_median": 6.0,
        "t_hit_p75": 14.0,
        "mdd_p25": -1.3710749999999998,
        "mdd_median": -0.5434,
        "mdd_p75": -0.16345
      },
      "48": {
        "n_total": 2305,
        "n_hit": 1786,
        "p_hit": 0.774837,
        "t_hit_p25": 3.0,
        "t_hit_median": 6.0,
        "t_hit_p75": 16.0,
        "mdd_p25": -1.4606999999999999,
        "mdd_median": -0.5781000000000001,
        "mdd_p75": -0.174925
      },
      "60": {
        "n_total": 2305,
        "n_hit": 1857,
        "p_hit": 0.80564,
        "t_hit_p25": 3.0,
        "t_hit_median": 7.0,
        "t_hit_p75": 18.0,
        "mdd_p25": -1.5851,
        "mdd_median": -0.6136,
        "mdd_p75": -0.1881
      },
      "72": {
        "n_total": 2305,
        "n_hit": 1913,
        "p_hit": 0.829935,
        "t_hit_p25": 3.0,
        "t_hit_median": 7.0,
        "t_hit_p75": 20.0,
        "mdd_p25": -1.6879,
        "mdd_median": -0.66,
        "mdd_p75": -0.2016
      },
      "84": {
        "n_total": 2305,
        "n_hit": 1958,
        "p_hit": 0.849458,
        "t_hit_p25": 3.0,
        "t_hit_median": 7.0,
        "t_hit_p75": 21.0,
        "mdd_p25": -1.7867000000000002,
        "mdd_median": -0.6904999999999999,
        "mdd_p75": -0.213975
      },
      "96": {
        "n_total": 2305,
        "n_hit": 1984,
        "p_hit": 0.860738,
        "t_hit_p25": 3.0,
        "t_hit_median": 8.0,
        "t_hit_p75": 23.0,
        "mdd_p25": -1.837725,
        "mdd_median": -0.7095499999999999,
        "mdd_p75": -0.2195
      }
    },
    "2.0": {
      "12": {
        "n_total": 2305,
        "n_hit": 625,
        "p_hit": 0.27115,
        "t_hit_p25": 3.0,
        "t_hit_median": 5.0,
        "t_hit_p75": 8.0,
        "mdd_p25": -0.9971,
        "mdd_median": -0.4163,
        "mdd_p75": -0.1046
      },
      "24": {
        "n_total": 2305,
        "n_hit": 985,
        "p_hit": 0.427332,
        "t_hit_p25": 4.0,
        "t_hit_median": 9.0,
        "t_hit_p75": 16.0,
        "mdd_p25": -1.3503,
        "mdd_median": -0.5963,
        "mdd_p75": -0.186
      },
      "36": {
        "n_total": 2305,
        "n_hit": 1212,
        "p_hit": 0.525813,
        "t_hit_p25": 5.0,
        "t_hit_median": 12.0,
        "t_hit_p75": 21.0,
        "mdd_p25": -1.5886,
        "mdd_median": -0.7215,
        "mdd_p75": -0.22410000000000002
      },
      "48": {
        "n_total": 2305,
        "n_hit": 1374,
        "p_hit": 0.596095,
        "t_hit_p25": 6.0,
        "t_hit_median": 14.0,
        "t_hit_p75": 26.0,
        "mdd_p25": -1.6826,
        "mdd_median": -0.82085,
        "mdd_p75": -0.26665
      },
      "60": {
        "n_total": 2305,
        "n_hit": 1481,
        "p_hit": 0.642516,
        "t_hit_p25": 6.0,
        "t_hit_median": 16.0,
        "t_hit_p75": 31.0,
        "mdd_p25": -1.7475,
        "mdd_median": -0.8891,
        "mdd_p75": -0.2833
      },
      "72": {
        "n_total": 2305,
        "n_hit": 1579,
        "p_hit": 0.685033,
        "t_hit_p25": 7.0,
        "t_hit_median": 17.0,
        "t_hit_p75": 35.0,
        "mdd_p25": -1.9177,
        "mdd_median": -0.9728,
        "mdd_p75": -0.3123
      },
      "84": {
        "n_total": 2305,
        "n_hit": 1646,
        "p_hit": 0.7141,
        "t_hit_p25": 7.0,
        "t_hit_median": 18.0,
        "t_hit_p75": 38.0,
        "mdd_p25": -2.1456999999999997,
        "mdd_median": -1.0158,
        "mdd_p75": -0.33755
      },
      "96": {
        "n_total": 2305,
        "n_hit": 1708,
        "p_hit": 0.740998,
        "t_hit_p25": 7.0,
        "t_hit_median": 19.0,
        "t_hit_p75": 41.0,
        "mdd_p25": -2.2480499999999997,
        "mdd_median": -1.1027,
        "mdd_p75": -0.34950000000000003
      }
    },
    "3.0": {
      "12": {
        "n_total": 2305,
        "n_hit": 355,
        "p_hit": 0.154013,
        "t_hit_p25": 3.0,
        "t_hit_median": 6.0,
        "t_hit_p75": 9.0,
        "mdd_p25": -0.96515,
        "mdd_median": -0.3983,
        "mdd_p75": -0.1168
      },
      "24": {
        "n_total": 2305,
        "n_hit": 600,
        "p_hit": 0.260304,
        "t_hit_p25": 5.0,
        "t_hit_median": 10.0,
        "t_hit_p75": 17.0,
        "mdd_p25": -1.35255,
        "mdd_median": -0.5751,
        "mdd_p75": -0.171975
      },
      "36": {
        "n_total": 2305,
        "n_hit": 831,
        "p_hit": 0.360521,
        "t_hit_p25": 7.0,
        "t_hit_median": 15.0,
        "t_hit_p75": 26.0,
        "mdd_p25": -1.65425,
        "mdd_median": -0.7081,
        "mdd_p75": -0.2219
      },
      "48": {
        "n_total": 2305,
        "n_hit": 1009,
        "p_hit": 0.437744,
        "t_hit_p25": 8.0,
        "t_hit_median": 20.0,
        "t_hit_p75": 32.0,
        "mdd_p25": -1.8226,
        "mdd_median": -0.8861,
        "mdd_p75": -0.2805
      },