{
  "schema": "baseline_probs_v1",
  "source_labels": "data/labels/labels_v1.csv",
  "n_rows_labels": 1994,
  "thresholds": [
    0.5,
    1.0,
    2.0,
    3.0,
    5.0
  ],
  "horizons": [
    12,
    24,
    36,
    48,
    60,
    72,
    84,
    96
  ],
  "results": {
    "0.5": {
      "12": {
        "n_total": 1994,
        "n_hit": 1425,
        "p_hit": 0.714644,
        "t_hit_p25": 1.0,
        "t_hit_median": 2.0,
        "t_hit_p75": 4.0,
        "mdd_p25": -0.7918,
        "mdd_median": -0.3046,
        "mdd_p75": -0.0572
      },
      "24": {
        "n_total": 1994,
        "n_hit": 1607,
        "p_hit": 0.805918,
        "t_hit_p25": 1.0,
        "t_hit_median": 2.0,
        "t_hit_p75": 6.0,
        "mdd_p25": -0.95715,
        "mdd_median": -0.3703,
        "mdd_p75": -0.09045
      },
      "36": {
        "n_total": 1994,
        "n_hit": 1691,
        "p_hit": 0.848044,
        "t_hit_p25": 1.0,
        "t_hit_median": 3.0,
        "t_hit_p75": 7.0,
        "mdd_p25": -1.0644,
        "mdd_median": -0.4096,
        "mdd_p75": -0.10239999999999999
      },
      "48": {
        "n_total": 1994,
        "n_hit": 1725,
        "p_hit": 0.865095,
        "t_hit_p25": 1.0,
        "t_hit_median": 3.0,
        "t_hit_p75": 8.0,
        "mdd_p25": -1.152,
        "mdd_median": -0.421,
        "mdd_p75": -0.1056
      },
      "60": {
        "n_total": 1994,
        "n_hit": 1742,
        "p_hit": 0.873621,
        "t_hit_p25": 1.0,
        "t_hit_median": 3.0,
        "t_hit_p75": 8.0,
        "mdd_p25": -1.184125,
        "mdd_median": -0.42745,
        "mdd_p75": -0.10685
      },
      "72": {
        "n_total": 1994,
        "n_hit": 1773,
        "p_hit": 0.889168,
        "t_hit_p25": 1.0,
        "t_hit_median": 3.0,
        "t_hit_p75": 9.0,
        "mdd_p25": -1.2638,
        "mdd_median": -0.4433,
        "mdd_p75": -0.1117
      },
      "84": {
        "n_total": 1994,
        "n_hit": 1803,
        "p_hit": 0.904213,
        "t_hit_p25": 1.0,
        "t_hit_median": 3.0,
        "t_hit_p75": 10.0,
        "mdd_p25": -1.34995,
        "mdd_median": -0.4664,
        "mdd_p75": -0.1174
      },
      "96": {
        "n_total": 1994,
        "n_hit": 1824,
        "p_hit": 0.914744,
        "t_hit_p25": 1.0,
        "t_hit_median": 3.0,
        "t_hit_p75": 10.0,
        "mdd_p25": -1.380775,
        "mdd_median": -0.47425,
        "mdd_p75": -0.118975
      }
    },
    "1.0": {
      "12": {
        "n_total": 1994,
        "n_hit": 1051,
        "p_hit": 0.527081,
        "t_hit_p25": 2.0,
        "t_hit_median": 4.0,
        "t_hit_p75": 7.0,
        "mdd_p25": -1.00165,
        "mdd_median": -0.3893,
        "mdd_p75": -0.08505
      },
      "24": {
        "n_total": 1994,
        "n_hit": 1287,
        "p_hit": 0.645436,
        "t_hit_p25": 2.0,
        "t_hit_median": 5.0,
        "t_hit_p75": 10.0,
        "mdd_p25": -1.2457500000000001,
        "mdd_median": -0.4842,
        "mdd_p75": -0.13065
      },
      "36": {
        "n_total": 1994,
        "n_hit": 1433,
        "p_hit": 0.718656,
        "t_hit_p25": 2.0,
        "t_hit_median": 6.0,
        "t_hit_p75": 13.0,
        "mdd_p25": -1.3966,
        "mdd_median": -0.5416,
        "mdd_p75": -0.1583
      },
      "48": {
        "n_total": 1994,
        "n_hit": 1507,
        "p_hit": 0.755767,
        "t_hit_p25": 2.0,
        "t_hit_median": 6.0,
        "t_hit_p75": 16.0,
        "mdd_p25": -1.4914,
        "mdd_median": -0.5708,
        "mdd_p75": -0.16975
      },
      "60": {
        "n_total": 1994,
        "n_hit": 1572,
        "p_hit": 0.788365,
        "t_hit_p25": 3.0,
        "t_hit_median": 7.0,
        "t_hit_p75": 18.0,
        "mdd_p25": -1.626375,
        "mdd_median": -0.60395,
        "mdd_p75": -0.17689999999999997
      },
      "72": {
        "n_total": 1994,
        "n_hit": 1626,
        "p_hit": 0.815446,
        "t_hit_p25": 3.0,
        "t_hit_median": 7.0,
        "t_hit_p75": 20.0,
        "mdd_p25": -1.7460499999999999,
        "mdd_median": -0.6529,
        "mdd_p75": -0.19115
      },
      "84": {
        "n_total": 1994,
        "n_hit": 1664,
        "p_hit": 0.834504,
        "t_hit_p25": 3.0,
        "t_hit_median": 7.0,
        "t_hit_p75": 22.0,
        "mdd_p25": -1.8312,
        "mdd_median": -0.6836500000000001,
        "mdd_p75": -0.20192500000000002
      },
      "96": {
        "n_total": 1994,
        "n_hit": 1688,
        "p_hit": 0.84654,
        "t_hit_p25": 3.0,
        "t_hit_median": 8.0,
        "t_hit_p75": 23.0,
        "mdd_p25": -1.90795,
        "mdd_median": -0.70645,
        "mdd_p75": -0.20745
      }
    },
    "2.0": {
      "12": {
        "n_total": 1994,
        "n_hit": 538,
        "p_hit": 0.269809,
        "t_hit_p25": 3.0,
        "t_hit_median": 5.0,
        "t_hit_p75": 8.0,
        "mdd_p25": -1.09685,
        "mdd_median": -0.43935,
        "mdd_p75": -0.11674999999999999
      },
      "24": {
        "n_total": 1994,
        "n_hit": 839,
        "p_hit": 0.420762,
        "t_hit_p25": 4.0,
        "t_hit_median": 9.0,
        "t_hit_p75": 16.0,
        "mdd_p25": -1.40815,
        "mdd_median": -0.5996,
        "mdd_p75": -0.1791
      },
      "36": {
        "n_total": 1994,
        "n_hit": 1019,
        "p_hit": 0.511033,
        "t_hit_p25": 5.0,
        "t_hit_median": 11.0,
        "t_hit_p75": 21.0,
        "mdd_p25": -1.5887,
        "mdd_median": -0.6831,
        "mdd_p75": -0.20655
      },
      "48": {
        "n_total": 1994,
        "n_hit": 1149,
        "p_hit": 0.576229,
        "t_hit_p25": 5.0,
        "t_hit_median": 14.0,
        "t_hit_p75": 26.0,
        "mdd_p25": -1.659,
        "mdd_median": -0.7382,
        "mdd_p75": -0.244
      },
      "60": {
        "n_total": 1994,
        "n_hit": 1239,
        "p_hit": 0.621364,
        "t_hit_p25": 6.0,
        "t_hit_median": 15.0,
        "t_hit_p75": 30.0,
        "mdd_p25": -1.716,
        "mdd_median": -0.8182,
        "mdd_p75": -0.26990000000000003
      },
      "72": {
        "n_total": 1994,
        "n_hit": 1323,
        "p_hit": 0.66349,
        "t_hit_p25": 6.0,
        "t_hit_median": 17.0,
        "t_hit_p75": 35.0,
        "mdd_p25": -1.9374500000000001,
        "mdd_median": -0.926,
        "mdd_p75": -0.29315
      },
      "84": {
        "n_total": 1994,
        "n_hit": 1373,
        "p_hit": 0.688566,
        "t_hit_p25": 7.0,
        "t_hit_median": 17.0,
        "t_hit_p75": 37.0,
        "mdd_p25": -2.1631,
        "mdd_median": -0.9755,
        "mdd_p75": -0.3062
      },
      "96": {
        "n_total": 1994,
        "n_hit": 1419,
        "p_hit": 0.711635,
        "t_hit_p25": 7.0,
        "t_hit_median": 18.0,
        "t_hit_p75": 40.5,
        "mdd_p25": -2.3450499999999996,
        "mdd_median": -1.0298,
        "mdd_p75": -0.32075
      }
    },
    "3.0": {
      "12": {
        "n_total": 1994,
        "n_hit": 303,
        "p_hit": 0.151956,
        "t_hit_p25": 3.0,
        "t_hit_median": 6.0,
        "t_hit_p75": 9.0,
        "mdd_p25": -0.99725,
        "mdd_median": -0.4404,
        "mdd_p75": -0.1362
      },
      "24": {
        "n_total": 1994,
        "n_hit": 502,
        "p_hit": 0.251755,
        "t_hit_p25": 5.0,
        "t_hit_median": 10.0,
        "t_hit_p75": 17.0,
        "mdd_p25": -1.4236750000000002,
        "mdd_median": -0.5953999999999999,
        "mdd_p75": -0.171925
      },
      "36": {
        "n_total": 1994,
        "n_hit": 680,
        "p_hit": 0.341023,
        "t_hit_p25": 6.0,
        "t_hit_median": 15.0,
        "t_hit_p75": 25.0,
        "mdd_p25": -1.662775,
        "mdd_median": -0.68325,
        "mdd_p75": -0.2072
      },
      "48": {
        "n_total": 1994,
        "n_hit": 817,
        "p_hit": 0.409729,
        "t_hit_p25": 8.0,
        "t_hit_median": 19.0,
        "t_hit_p75": 31.0,
        "mdd_p25": -1.8003,
        "mdd_median": -0.7988,
        "mdd_p75": -0.2654
      },
      "60": {
        "n_total": 1994,