{
  "schema": "baseline_probs_v1",
  "source_labels": "data/labels/labels_v1.csv",
  "n_rows_labels": 2136,
  "thresholds": [
    0.5,
    1.0,
    2.0,
    3.0,
    5.0
  ],
  "horizons": [
    12,
    24,
    36,
    48,
    60,
    72,
    84,
    96
  ],
  "results": {
    "0.5": {
      "12": {
        "n_total": 2136,
        "n_hit": 1545,
        "p_hit": 0.723315,
        "t_hit_p25": 1.0,
        "t_hit_median": 2.0,
        "t_hit_p75": 4.0,
        "mdd_p25": -0.8202,
        "mdd_median": -0.3183,
        "mdd_p75": -0.0633
      },
      "24": {
        "n_total": 2136,
        "n_hit": 1739,
        "p_hit": 0.814139,
        "t_hit_p25": 1.0,
        "t_hit_median": 3.0,
        "t_hit_p75": 6.0,
        "mdd_p25": -0.9541,
        "mdd_median": -0.3797,
        "mdd_p75": -0.09425
      },
      "36": {
        "n_total": 2136,
        "n_hit": 1829,
        "p_hit": 0.856273,
        "t_hit_p25": 1.0,
        "t_hit_median": 3.0,
        "t_hit_p75": 7.0,
        "mdd_p25": -1.0578,
        "mdd_median": -0.4153,
        "mdd_p75": -0.1048
      },
      "48": {
        "n_total": 2136,
        "n_hit": 1864,
        "p_hit": 0.872659,
        "t_hit_p25": 1.0,
        "t_hit_median": 3.0,
        "t_hit_p75": 8.0,
        "mdd_p25": -1.1459,
        "mdd_median": -0.42805,
        "mdd_p75": -0.10915
      },
      "60": {
        "n_total": 2136,
        "n_hit": 1881,
        "p_hit": 0.880618,
        "t_hit_p25": 1.0,
        "t_hit_median": 3.0,
        "t_hit_p75": 8.0,
        "mdd_p25": -1.1668,
        "mdd_median": -0.4383,
        "mdd_p75": -0.1117
      },
      "72": {
        "n_total": 2136,
        "n_hit": 1913,
        "p_hit": 0.895599,
        "t_hit_p25": 1.0,
        "t_hit_median": 3.0,
        "t_hit_p75": 9.0,
        "mdd_p25": -1.2472,
        "mdd_median": -0.4492,
        "mdd_p75": -0.1172
      },
      "84": {
        "n_total": 2136,
        "n_hit": 1943,
        "p_hit": 0.909644,
        "t_hit_p25": 1.0,
        "t_hit_median": 3.0,
        "t_hit_p75": 10.0,
        "mdd_p25": -1.3255,
        "mdd_median": -0.4697,
        "mdd_p75": -0.12065
      },
      "96": {
        "n_total": 2136,
        "n_hit": 1964,
        "p_hit": 0.919476,
        "t_hit_p25": 1.0,
        "t_hit_median": 3.0,
        "t_hit_p75": 10.0,
        "mdd_p25": -1.3590499999999999,
        "mdd_median": -0.4774,
        "mdd_p75": -0.12275
      }
    },
    "1.0": {
      "12": {
        "n_total": 2136,
        "n_hit": 1143,
        "p_hit": 0.535112,
        "t_hit_p25": 2.0,
        "t_hit_median": 4.0,
        "t_hit_p75": 7.0,
        "mdd_p25": -1.0107,
        "mdd_median": -0.4117,
        "mdd_p75": -0.09845
      },
      "24": {
        "n_total": 2136,
        "n_hit": 1400,
        "p_hit": 0.655431,
        "t_hit_p25": 2.0,
        "t_hit_median": 5.0,
        "t_hit_p75": 10.0,
        "mdd_p25": -1.21395,
        "mdd_median": -0.4964,
        "mdd_p75": -0.13915
      },
      "36": {
        "n_total": 2136,
        "n_hit": 1563,
        "p_hit": 0.731742,
        "t_hit_p25": 2.0,
        "t_hit_median": 6.0,
        "t_hit_p75": 14.0,
        "mdd_p25": -1.3905,
        "mdd_median": -0.5454,
        "mdd_p75": -0.16570000000000001
      },
      "48": {
        "n_total": 2136,
        "n_hit": 1639,
        "p_hit": 0.767322,
        "t_hit_p25": 3.0,
        "t_hit_median": 6.0,
        "t_hit_p75": 16.0,
        "mdd_p25": -1.4778,
        "mdd_median": -0.5782,
        "mdd_p75": -0.17485
      },
      "60": {
        "n_total": 2136,
        "n_hit": 1706,
        "p_hit": 0.798689,
        "t_hit_p25": 3.0,
        "t_hit_median": 7.0,
        "t_hit_p75": 18.0,
        "mdd_p25": -1.5888749999999998,
        "mdd_median": -0.61615,
        "mdd_p75": -0.1885
      },
      "72": {
        "n_total": 2136,
        "n_hit": 1761,
        "p_hit": 0.824438,
        "t_hit_p25": 3.0,
        "t_hit_median": 7.0,
        "t_hit_p75": 20.0,
        "mdd_p25": -1.7037,
        "mdd_median": -0.6633,
        "mdd_p75": -0.2041
      },
      "84": {
        "n_total": 2136,
        "n_hit": 1800,
        "p_hit": 0.842697,
        "t_hit_p25": 3.0,
        "t_hit_median": 7.0,
        "t_hit_p75": 21.0,
        "mdd_p25": -1.8044000000000002,
        "mdd_median": -0.69565,
        "mdd_p75": -0.215025
      },
      "96": {
        "n_total": 2136,
        "n_hit": 1825,
        "p_hit": 0.854401,
        "t_hit_p25": 3.0,
        "t_hit_median": 8.0,
        "t_hit_p75": 23.0,
        "mdd_p25": -1.8657,
        "mdd_median": -0.7144,
        "mdd_p75": -0.2238
      }
    },
    "2.0": {
      "12": {
        "n_total": 2136,
        "n_hit": 575,
        "p_hit": 0.269195,
        "t_hit_p25": 3.0,
        "t_hit_median": 5.0,
        "t_hit_p75": 8.0,
        "mdd_p25": -1.0511,
        "mdd_median": -0.4456,
        "mdd_p75": -0.1197
      },
      "24": {
        "n_total": 2136,
        "n_hit": 889,
        "p_hit": 0.416199,
        "t_hit_p25": 4.0,
        "t_hit_median": 9.0,
        "t_hit_p75": 16.0,
        "mdd_p25": -1.3997,
        "mdd_median": -0.6136,
        "mdd_p75": -0.1881
      },
      "36": {
        "n_total": 2136,
        "n_hit": 1098,
        "p_hit": 0.514045,
        "t_hit_p25": 5.0,
        "t_hit_median": 11.5,
        "t_hit_p75": 21.0,
        "mdd_p25": -1.6219000000000001,
        "mdd_median": -0.7416,
        "mdd_p75": -0.22652500000000003
      },
      "48": {
        "n_total": 2136,
        "n_hit": 1243,
        "p_hit": 0.581929,
        "t_hit_p25": 5.0,
        "t_hit_median": 14.0,
        "t_hit_p75": 27.0,
        "mdd_p25": -1.6777,
        "mdd_median": -0.822,
        "mdd_p75": -0.2655
      },
      "60": {
        "n_total": 2136,
        "n_hit": 1345,
        "p_hit": 0.629682,
        "t_hit_p25": 6.0,
        "t_hit_median": 16.0,
        "t_hit_p75": 31.0,
        "mdd_p25": -1.7344,
        "mdd_median": -0.8902,
        "mdd_p75": -0.2825
      },
      "72": {
        "n_total": 2136,
        "n_hit": 1437,
        "p_hit": 0.672753,
        "t_hit_p25": 6.0,
        "t_hit_median": 17.0,
        "t_hit_p75": 35.0,
        "mdd_p25": -1.9166,
        "mdd_median": -0.9755,
        "mdd_p75": -0.3125
      },
      "84": {
        "n_total": 2136,
        "n_hit": 1494,
        "p_hit": 0.699438,
        "t_hit_p25": 7.0,
        "t_hit_median": 18.0,
        "t_hit_p75": 38.0,
        "mdd_p25": -2.12995,
        "mdd_median": -1.03755,
        "mdd_p75": -0.33475
      },
      "96": {
        "n_total": 2136,
        "n_hit": 1550,
        "p_hit": 0.725655,
        "t_hit_p25": 7.0,
        "t_hit_median": 19.0,
        "t_hit_p75": 41.0,
        "mdd_p25": -2.229075,
        "mdd_median": -1.11525,
        "mdd_p75": -0.35205000000000003
      }
    },
    "3.0": {
      "12": {
        "n_total": 2136,
        "n_hit": 321,
        "p_hit": 0.150281,
        "t_hit_p25": 3.0,
        "t_hit_median": 6.0,
        "t_hit_p75": 9.0,
        "mdd_p25": -0.9906,
        "mdd_median": -0.4383,
        "mdd_p75": -0.1414
      },
      "24": {
        "n_total": 2136,
        "n_hit": 538,
        "p_hit": 0.251873,
        "t_hit_p25": 5.0,
        "t_hit_median": 10.0,
        "t_hit_p75": 17.0,
        "mdd_p25": -1.406,
        "mdd_median": -0.59975,
        "mdd_p75": -0.19032500000000002
      },
      "36": {
        "n_total": 2136,
        "n_hit": 739,
        "p_hit": 0.345974,
        "t_hit_p25": 7.0,
        "t_hit_median": 15.0,
        "t_hit_p75": 25.5,
        "mdd_p25": -1.69325,
        "mdd_median": -0.7369,
        "mdd_p75": -0.23854999999999998
      },
      "48": {
        "n_total": 2136,
        "n_hit": 898,
        "p_hit": 0.420412,
        "t_hit_p25": 8.0,
        "t_hit_median": 20.0,
        "t_hit_p75": 32.0,
        "mdd_p25": -1.8313249999999999,
        "mdd_median": -0.8881,
        "mdd_p75": -0.283475
      },
      "60": {
        "n_total": 2136,
        "n_hit": 1011,