{
  "schema": "baseline_probs_v1",
  "source_labels": "data/labels/labels_v1.csv",
  "n_rows_labels": 277,
  "thresholds": [
    0.5,
    1.0,
    2.0,
    3.0,
    5.0
  ],
  "horizons": [
    12,
    24,
    36,
    48,
    60,
    72,
    84,
    96
  ],
  "results": {
    "0.5": {
      "12": {
        "n_total": 277,
        "n_hit": 199,
        "p_hit": 0.718412,
        "t_hit_p25": 1.0,
        "t_hit_median": 3.0,
        "t_hit_p75": 5.5,
        "mdd_p25": -0.71555,
        "mdd_median": -0.2857,
        "mdd_p75": -0.08055
      },
      "24": {
        "n_total": 277,
        "n_hit": 239,
        "p_hit": 0.862816,
        "t_hit_p25": 2.0,
        "t_hit_median": 4.0,
        "t_hit_p75": 10.0,
        "mdd_p25": -0.8298,
        "mdd_median": -0.3775,
        "mdd_p75": -0.1072
      },
      "36": {
        "n_total": 277,
        "n_hit": 254,
        "p_hit": 0.916968,
        "t_hit_p25": 2.0,
        "t_hit_median": 4.0,
        "t_hit_p75": 11.0,
        "mdd_p25": -0.8263,
        "mdd_median": -0.39339999999999997,
        "mdd_p75": -0.11760000000000001
      },
      "48": {
        "n_total": 277,
        "n_hit": 254,
        "p_hit": 0.916968,
        "t_hit_p25": 2.0,
        "t_hit_median": 4.0,
        "t_hit_p75": 11.0,
        "mdd_p25": -0.8263,
        "mdd_median": -0.39339999999999997,
        "mdd_p75": -0.11760000000000001
      },
      "60": {
        "n_total": 277,
        "n_hit": 260,
        "p_hit": 0.938628,
        "t_hit_p25": 2.0,
        "t_hit_median": 5.0,
        "t_hit_p75": 12.0,
        "mdd_p25": -0.9036250000000001,
        "mdd_median": -0.41664999999999996,
        "mdd_p75": -0.12405
      },
      "72": {
        "n_total": 277,
        "n_hit": 272,
        "p_hit": 0.981949,
        "t_hit_p25": 2.0,
        "t_hit_median": 5.0,
        "t_hit_p75": 13.0,
        "mdd_p25": -1.030775,
        "mdd_median": -0.46099999999999997,
        "mdd_p75": -0.1293
      },
      "84": {
        "n_total": 277,
        "n_hit": 272,
        "p_hit": 0.981949,
        "t_hit_p25": 2.0,
        "t_hit_median": 5.0,
        "t_hit_p75": 13.0,
        "mdd_p25": -1.030775,
        "mdd_median": -0.46099999999999997,
        "mdd_p75": -0.1293
      },
      "96": {
        "n_total": 277,
        "n_hit": 272,
        "p_hit": 0.981949,
        "t_hit_p25": 2.0,
        "t_hit_median": 5.0,
        "t_hit_p75": 13.0,
        "mdd_p25": -1.030775,
        "mdd_median": -0.46099999999999997,
        "mdd_p75": -0.1293
      }
    },
    "1.0": {
      "12": {
        "n_total": 277,
        "n_hit": 142,
        "p_hit": 0.512635,
        "t_hit_p25": 3.0,
        "t_hit_median": 5.0,
        "t_hit_p75": 7.0,
        "mdd_p25": -0.9210749999999999,
        "mdd_median": -0.3775,
        "mdd_p75": -0.107575
      },
      "24": {
        "n_total": 277,
        "n_hit": 185,
        "p_hit": 0.66787,
        "t_hit_p25": 3.0,
        "t_hit_median": 6.0,
        "t_hit_p75": 12.0,
        "mdd_p25": -1.2022,
        "mdd_median": -0.4923,
        "mdd_p75": -0.1452
      },
      "36": {
        "n_total": 277,
        "n_hit": 214,
        "p_hit": 0.772563,
        "t_hit_p25": 4.0,
        "t_hit_median": 7.0,
        "t_hit_p75": 18.0,
        "mdd_p25": -1.3527999999999998,
        "mdd_median": -0.4969,
        "mdd_p75": -0.172025
      },
      "48": {
        "n_total": 277,
        "n_hit": 235,
        "p_hit": 0.848375,
        "t_hit_p25": 4.0,
        "t_hit_median": 8.0,
        "t_hit_p75": 21.0,
        "mdd_p25": -1.33745,
        "mdd_median": -0.5066,
        "mdd_p75": -0.20145
      },
      "60": {
        "n_total": 277,
        "n_hit": 244,
        "p_hit": 0.880866,
        "t_hit_p25": 4.0,
        "t_hit_median": 9.0,
        "t_hit_p75": 24.0,
        "mdd_p25": -1.365225,
        "mdd_median": -0.5297499999999999,
        "mdd_p75": -0.22920000000000001
      },
      "72": {
        "n_total": 277,
        "n_hit": 259,
        "p_hit": 0.935018,
        "t_hit_p25": 5.0,
        "t_hit_median": 10.0,
        "t_hit_p75": 28.0,
        "mdd_p25": -1.56345,
        "mdd_median": -0.5535,
        "mdd_p75": -0.24405
      },
      "84": {
        "n_total": 277,
        "n_hit": 260,
        "p_hit": 0.938628,
        "t_hit_p25": 5.0,
        "t_hit_median": 10.0,
        "t_hit_p75": 28.0,
        "mdd_p25": -1.573,
        "mdd_median": -0.5540499999999999,
        "mdd_p75": -0.244475
      },
      "96": {
        "n_total": 277,
        "n_hit": 260,
        "p_hit": 0.938628,
        "t_hit_p25": 5.0,
        "t_hit_median": 10.0,
        "t_hit_p75": 28.0,
        "mdd_p25": -1.573,
        "mdd_median": -0.5540499999999999,
        "mdd_p75": -0.244475
      }
    },
    "2.0": {
      "12": {
        "n_total": 277,
        "n_hit": 65,
        "p_hit": 0.234657,
        "t_hit_p25": 4.0,
        "t_hit_median": 7.0,
        "t_hit_p75": 9.0,
        "mdd_p25": -0.9901,
        "mdd_median": -0.4142,
        "mdd_p75": -0.1954
      },
      "24": {
        "n_total": 277,
        "n_hit": 115,
        "p_hit": 0.415162,
        "t_hit_p25": 6.0,
        "t_hit_median": 10.0,
        "t_hit_p75": 17.0,
        "mdd_p25": -1.371,
        "mdd_median": -0.6772,
        "mdd_p75": -0.33065
      },
      "36": {
        "n_total": 277,
        "n_hit": 148,
        "p_hit": 0.534296,
        "t_hit_p25": 8.0,
        "t_hit_median": 15.0,
        "t_hit_p75": 23.0,
        "mdd_p25": -1.339525,
        "mdd_median": -0.7412,
        "mdd_p75": -0.33152499999999996
      },
      "48": {
        "n_total": 277,
        "n_hit": 177,
        "p_hit": 0.638989,
        "t_hit_p25": 9.0,
        "t_hit_median": 18.0,
        "t_hit_p75": 31.0,
        "mdd_p25": -1.3359,
        "mdd_median": -0.8118,
        "mdd_p75": -0.3594
      },
      "60": {
        "n_total": 277,
        "n_hit": 200,
        "p_hit": 0.722022,
        "t_hit_p25": 9.75,
        "t_hit_median": 20.0,
        "t_hit_p75": 37.0,
        "mdd_p25": -1.3286250000000002,
        "mdd_median": -0.80715,
        "mdd_p75": -0.3594
      },
      "72": {
        "n_total": 277,
        "n_hit": 214,
        "p_hit": 0.772563,
        "t_hit_p25": 10.0,
        "t_hit_median": 21.0,
        "t_hit_p75": 41.0,
        "mdd_p25": -1.406,
        "mdd_median": -0.86985,
        "mdd_p75": -0.3775
      },
      "84": {
        "n_total": 277,
        "n_hit": 223,
        "p_hit": 0.805054,
        "t_hit_p25": 10.0,
        "t_hit_median": 23.0,
        "t_hit_p75": 43.0,
        "mdd_p25": -1.4954,
        "mdd_median": -0.9532,
        "mdd_p75": -0.38745
      },
      "96": {
        "n_total": 277,
        "n_hit": 228,
        "p_hit": 0.823105,
        "t_hit_p25": 10.0,
        "t_hit_median": 24.0,
        "t_hit_p75": 45.0,
        "mdd_p25": -1.55955,
        "mdd_median": -0.9656,
        "mdd_p75": -0.3941
      }
    },
    "3.0": {
      "12": {
        "n_total": 277,
        "n_hit": 41,
        "p_hit": 0.148014,
        "t_hit_p25": 5.0,
        "t_hit_median": 9.0,
        "t_hit_p75": 10.0,
        "mdd_p25": -1.2022,
        "mdd_median": -0.4383,
        "mdd_p75": -0.1954
      },
      "24": {
        "n_total": 277,
        "n_hit": 69,
        "p_hit": 0.249097,
        "t_hit_p25": 8.0,
        "t_hit_median": 10.0,
        "t_hit_p75": 18.0,
        "mdd_p25": -0.9901,
        "mdd_median": -0.5428,
        "mdd_p75": -0.2725
      },
      "36": {
        "n_total": 277,
        "n_hit": 97,
        "p_hit": 0.350181,
        "t_hit_p25": 9.0,
        "t_hit_median": 16.0,
        "t_hit_p75": 28.0,
        "mdd_p25": -1.1586,
        "mdd_median": -0.5546,
        "mdd_p75": -0.2725
      },
      "48": {
        "n_total": 277,
        "n_hit": 121,
        "p_hit": 0.436823,
        "t_hit_p25": 10.0,
        "t_hit_median": 20.0,
        "t_hit_p75": 33.0,
        "mdd_p25": -1.014,
        "mdd_median": -0.5593,
        "mdd_p75": -0.3324
      },