{
  "schema": "baseline_probs_v1",
  "source_labels": "data/labels/labels_v1.csv",
  "n_rows_labels": 2323,
  "thresholds": [
    0.5,
    1.0,
    2.0,
    3.0,
    5.0
  ],
  "horizons": [
    12,
    24,
    36,
    48,
    60,
    72,
    84,
    96
  ],
  "results": {
    "0.5": {
      "12": {
        "n_total": 2323,
        "n_hit": 1670,
        "p_hit": 0.718898,
        "t_hit_p25": 1.0,
        "t_hit_median": 2.0,
        "t_hit_p75": 4.0,
        "mdd_p25": -0.7981,
        "mdd_median": -0.30610000000000004,
        "mdd_p75": -0.055825
      },
      "24": {
        "n_total": 2323,
        "n_hit": 1883,
        "p_hit": 0.81059,
        "t_hit_p25": 1.0,
        "t_hit_median": 3.0,
        "t_hit_p75": 6.0,
        "mdd_p25": -0.94505,
        "mdd_median": -0.3703,
        "mdd_p75": -0.0848
      },
      "36": {
        "n_total": 2323,
        "n_hit": 1986,
        "p_hit": 0.854929,
        "t_hit_p25": 1.0,
        "t_hit_median": 3.0,
        "t_hit_p75": 8.0,
        "mdd_p25": -1.05425,
        "mdd_median": -0.41245,
        "mdd_p75": -0.10117500000000001
      },
      "48": {
        "n_total": 2323,
        "n_hit": 2025,
        "p_hit": 0.871718,
        "t_hit_p25": 1.0,
        "t_hit_median": 3.0,
        "t_hit_p75": 8.0,
        "mdd_p25": -1.1402,
        "mdd_median": -0.4269,
        "mdd_p75": -0.1046
      },
      "60": {
        "n_total": 2323,
        "n_hit": 2046,
        "p_hit": 0.880758,
        "t_hit_p25": 1.0,
        "t_hit_median": 3.0,
        "t_hit_p75": 9.0,
        "mdd_p25": -1.168225,
        "mdd_median": -0.43684999999999996,
        "mdd_p75": -0.106375
      },
      "72": {
        "n_total": 2323,
        "n_hit": 2080,
        "p_hit": 0.895394,
        "t_hit_p25": 1.0,
        "t_hit_median": 3.0,
        "t_hit_p75": 9.0,
        "mdd_p25": -1.249375,
        "mdd_median": -0.4488,
        "mdd_p75": -0.11147499999999999
      },
      "84": {
        "n_total": 2323,
        "n_hit": 2119,
        "p_hit": 0.912183,
        "t_hit_p25": 1.0,
        "t_hit_median": 3.0,
        "t_hit_p75": 10.0,
        "mdd_p25": -1.34055,
        "mdd_median": -0.4726,
        "mdd_p75": -0.11765
      },
      "96": {
        "n_total": 2323,
        "n_hit": 2143,
        "p_hit": 0.922514,
        "t_hit_p25": 1.0,
        "t_hit_median": 3.0,
        "t_hit_p75": 10.0,
        "mdd_p25": -1.3715,
        "mdd_median": -0.481,
        "mdd_p75": -0.12065
      }
    },
    "1.0": {
      "12": {
        "n_total": 2323,
        "n_hit": 1239,
        "p_hit": 0.533362,
        "t_hit_p25": 2.0,
        "t_hit_median": 4.0,
        "t_hit_p75": 7.0,
        "mdd_p25": -0.9963,
        "mdd_median": -0.4034,
        "mdd_p75": -0.0817
      },
      "24": {
        "n_total": 2323,
        "n_hit": 1522,
        "p_hit": 0.655187,
        "t_hit_p25": 2.0,
        "t_hit_median": 5.0,
        "t_hit_p75": 10.0,
        "mdd_p25": -1.16875,
        "mdd_median": -0.49415,
        "mdd_p75": -0.13520000000000001
      },
      "36": {
        "n_total": 2323,
        "n_hit": 1701,
        "p_hit": 0.732243,
        "t_hit_p25": 2.0,
        "t_hit_median": 6.0,
        "t_hit_p75": 14.0,
        "mdd_p25": -1.371,
        "mdd_median": -0.5431,
        "mdd_p75": -0.163
      },
      "48": {
        "n_total": 2323,
        "n_hit": 1787,
        "p_hit": 0.769264,
        "t_hit_p25": 3.0,
        "t_hit_median": 6.0,
        "t_hit_p75": 16.0,
        "mdd_p25": -1.4605000000000001,
        "mdd_median": -0.578,
        "mdd_p75": -0.17485
      },
      "60": {
        "n_total": 2323,
        "n_hit": 1858,
        "p_hit": 0.799828,
        "t_hit_p25": 3.0,
        "t_hit_median": 7.0,
        "t_hit_p75": 18.0,
        "mdd_p25": -1.58445,
        "mdd_median": -0.61265,
        "mdd_p75": -0.18780000000000002
      },
      "72": {
        "n_total": 2323,
        "n_hit": 1916,
        "p_hit": 0.824796,
        "t_hit_p25": 3.0,
        "t_hit_median": 7.0,
        "t_hit_p75": 20.0,
        "mdd_p25": -1.689425,
        "mdd_median": -0.6609,
        "mdd_p75": -0.20124999999999998
      },
      "84": {
        "n_total": 2323,
        "n_hit": 1968,
        "p_hit": 0.84718,
        "t_hit_p25": 3.0,
        "t_hit_median": 7.0,
        "t_hit_p75": 22.0,
        "mdd_p25": -1.8073,
        "mdd_median": -0.6968000000000001,
        "mdd_p75": -0.215025
      },
      "96": {
        "n_total": 2323,
        "n_hit": 2001,
        "p_hit": 0.861386,
        "t_hit_p25": 3.0,
        "t_hit_median": 8.0,
        "t_hit_p75": 23.0,
        "mdd_p25": -1.8852,
        "mdd_median": -0.7221,
        "mdd_p75": -0.2241
      }
    },
    "2.0": {
      "12": {
        "n_total": 2323,
        "n_hit": 625,
        "p_hit": 0.269049,
        "t_hit_p25": 3.0,
        "t_hit_median": 5.0,
        "t_hit_p75": 8.0,
        "mdd_p25": -0.9971,
        "mdd_median": -0.4163,
        "mdd_p75": -0.1046
      },
      "24": {
        "n_total": 2323,
        "n_hit": 985,
        "p_hit": 0.424021,
        "t_hit_p25": 4.0,
        "t_hit_median": 9.0,
        "t_hit_p75": 16.0,
        "mdd_p25": -1.3503,
        "mdd_median": -0.5963,
        "mdd_p75": -0.186
      },
      "36": {
        "n_total": 2323,
        "n_hit": 1212,
        "p_hit": 0.521739,
        "t_hit_p25": 5.0,
        "t_hit_median": 12.0,
        "t_hit_p75": 21.0,
        "mdd_p25": -1.5886,
        "mdd_median": -0.7215,
        "mdd_p75": -0.22410000000000002
      },
      "48": {
        "n_total": 2323,
        "n_hit": 1374,
        "p_hit": 0.591477,
        "t_hit_p25": 6.0,
        "t_hit_median": 14.0,
        "t_hit_p75": 26.0,
        "mdd_p25": -1.6826,
        "mdd_median": -0.82085,
        "mdd_p75": -0.26665
      },
      "60": {
        "n_total": 2323,
        "n_hit": 1481,
        "p_hit": 0.637538,
        "t_hit_p25": 6.0,
        "t_hit_median": 16.0,
        "t_hit_p75": 31.0,
        "mdd_p25": -1.7475,
        "mdd_median": -0.8891,
        "mdd_p75": -0.2833
      },
      "72": {
        "n_total": 2323,
        "n_hit": 1580,
        "p_hit": 0.680155,
        "t_hit_p25": 7.0,
        "t_hit_median": 17.0,
        "t_hit_p75": 35.0,
        "mdd_p25": -1.925,
        "mdd_median": -0.97295,
        "mdd_p75": -0.3124
      },
      "84": {
        "n_total": 2323,
        "n_hit": 1655,
        "p_hit": 0.712441,
        "t_hit_p25": 7.0,
        "t_hit_median": 18.0,
        "t_hit_p75": 38.0,
        "mdd_p25": -2.16985,
        "mdd_median": -1.0302,
        "mdd_p75": -0.33985
      },
      "96": {
        "n_total": 2323,
        "n_hit": 1723,
        "p_hit": 0.741713,
        "t_hit_p25": 7.0,
        "t_hit_median": 20.0,
        "t_hit_p75": 42.0,
        "mdd_p25": -2.29745,
        "mdd_median": -1.1232,
        "mdd_p75": -0.35450000000000004
      }
    },
    "3.0": {
      "12": {
        "n_total": 2323,
        "n_hit": 355,
        "p_hit": 0.15282,
        "t_hit_p25": 3.0,
        "t_hit_median": 6.0,
        "t_hit_p75": 9.0,
        "mdd_p25": -0.96515,
        "mdd_median": -0.3983,
        "mdd_p75": -0.1168
      },
      "24": {
        "n_total": 2323,
        "n_hit": 600,
        "p_hit": 0.258287,
        "t_hit_p25": 5.0,
        "t_hit_median": 10.0,
        "t_hit_p75": 17.0,
        "mdd_p25": -1.35255,
        "mdd_median": -0.5751,
        "mdd_p75": -0.171975
      },
      "36": {
        "n_total": 2323,
        "n_hit": 831,
        "p_hit": 0.357727,
        "t_hit_p25": 7.0,
        "t_hit_median": 15.0,
        "t_hit_p75": 26.0,
        "mdd_p25": -1.65425,
        "mdd_median": -0.7081,
        "mdd_p75": -0.2219
      },
      "48": {
        "n_total": 2323,
        "n_hit": 1009,
        "p_hit": 0.434352,
        "t_hit_p25": 8.0,
        "t_hit_median": 20.0,
        "t_hit_p75": 32.0,
        "mdd_p25": -1.8226,
        "mdd_median": -0.8861,
        "mdd_p75": -0.2805
      },
      "60": {
        "n_total": 2323,