{
  "schema": "baseline_probs_v1",
  "source_labels": "data/labels/labels_v1.csv",
  "n_rows_labels": 1795,
  "thresholds": [
    0.5,
    1.0,
    2.0,
    3.0,
    5.0
  ],
  "horizons": [
    12,
    24,
    36,
    48,
    60,
    72,
    84,
    96
  ],
  "results": {
    "0.5": {
      "12": {
        "n_total": 1795,
        "n_hit": 1302,
        "p_hit": 0.725348,
        "t_hit_p25": 1.0,
        "t_hit_median": 2.0,
        "t_hit_p75": 4.0,
        "mdd_p25": -0.80025,
        "mdd_median": -0.29874999999999996,
        "mdd_p75": -0.056924999999999996
      },
      "24": {
        "n_total": 1795,
        "n_hit": 1463,
        "p_hit": 0.815042,
        "t_hit_p25": 1.0,
        "t_hit_median": 2.0,
        "t_hit_p75": 6.0,
        "mdd_p25": -0.95485,
        "mdd_median": -0.3673,
        "mdd_p75": -0.08795
      },
      "36": {
        "n_total": 1795,
        "n_hit": 1533,
        "p_hit": 0.854039,
        "t_hit_p25": 1.0,
        "t_hit_median": 3.0,
        "t_hit_p75": 7.0,
        "mdd_p25": -1.0143,
        "mdd_median": -0.3978,
        "mdd_p75": -0.1006
      },
      "48": {
        "n_total": 1795,
        "n_hit": 1555,
        "p_hit": 0.866295,
        "t_hit_p25": 1.0,
        "t_hit_median": 3.0,
        "t_hit_p75": 8.0,
        "mdd_p25": -1.08985,
        "mdd_median": -0.4117,
        "mdd_p75": -0.10239999999999999
      },
      "60": {
        "n_total": 1795,
        "n_hit": 1570,
        "p_hit": 0.874652,
        "t_hit_p25": 1.0,
        "t_hit_median": 3.0,
        "t_hit_p75": 8.0,
        "mdd_p25": -1.1456,
        "mdd_median": -0.41859999999999997,
        "mdd_p75": -0.104375
      },
      "72": {
        "n_total": 1795,
        "n_hit": 1599,
        "p_hit": 0.890808,
        "t_hit_p25": 1.0,
        "t_hit_median": 3.0,
        "t_hit_p75": 9.0,
        "mdd_p25": -1.1971500000000002,
        "mdd_median": -0.4322,
        "mdd_p75": -0.1071
      },
      "84": {
        "n_total": 1795,
        "n_hit": 1626,
        "p_hit": 0.90585,
        "t_hit_p25": 1.0,
        "t_hit_median": 3.0,
        "t_hit_p75": 9.0,
        "mdd_p25": -1.2739,
        "mdd_median": -0.44789999999999996,
        "mdd_p75": -0.11122499999999999
      },
      "96": {
        "n_total": 1795,
        "n_hit": 1645,
        "p_hit": 0.916435,
        "t_hit_p25": 1.0,
        "t_hit_median": 3.0,
        "t_hit_p75": 10.0,
        "mdd_p25": -1.3396,
        "mdd_median": -0.4665,
        "mdd_p75": -0.1165
      }
    },
    "1.0": {
      "12": {
        "n_total": 1795,
        "n_hit": 973,
        "p_hit": 0.542061,
        "t_hit_p25": 2.0,
        "t_hit_median": 4.0,
        "t_hit_p75": 7.0,
        "mdd_p25": -0.9986,
        "mdd_median": -0.383,
        "mdd_p75": -0.0832
      },
      "24": {
        "n_total": 1795,
        "n_hit": 1181,
        "p_hit": 0.657939,
        "t_hit_p25": 2.0,
        "t_hit_median": 5.0,
        "t_hit_p75": 10.0,
        "mdd_p25": -1.1808,
        "mdd_median": -0.4749,
        "mdd_p75": -0.1274
      },
      "36": {
        "n_total": 1795,
        "n_hit": 1307,
        "p_hit": 0.728134,
        "t_hit_p25": 2.0,
        "t_hit_median": 5.0,
        "t_hit_p75": 13.0,
        "mdd_p25": -1.34995,
        "mdd_median": -0.5194,
        "mdd_p75": -0.15365
      },
      "48": {
        "n_total": 1795,
        "n_hit": 1367,
        "p_hit": 0.76156,
        "t_hit_p25": 2.0,
        "t_hit_median": 6.0,
        "t_hit_p75": 15.0,
        "mdd_p25": -1.3804,
        "mdd_median": -0.5397,
        "mdd_p75": -0.16165
      },
      "60": {
        "n_total": 1795,
        "n_hit": 1422,
        "p_hit": 0.792201,
        "t_hit_p25": 3.0,
        "t_hit_median": 6.0,
        "t_hit_p75": 17.0,
        "mdd_p25": -1.4803,
        "mdd_median": -0.5724,
        "mdd_p75": -0.170775
      },
      "72": {
        "n_total": 1795,
        "n_hit": 1471,
        "p_hit": 0.819499,
        "t_hit_p25": 3.0,
        "t_hit_median": 7.0,
        "t_hit_p75": 19.0,
        "mdd_p25": -1.5911499999999998,
        "mdd_median": -0.6018,
        "mdd_p75": -0.1768
      },
      "84": {
        "n_total": 1795,
        "n_hit": 1505,
        "p_hit": 0.83844,
        "t_hit_p25": 3.0,
        "t_hit_median": 7.0,
        "t_hit_p75": 20.0,
        "mdd_p25": -1.6817,
        "mdd_median": -0.6227,
        "mdd_p75": -0.185
      },
      "96": {
        "n_total": 1795,
        "n_hit": 1525,
        "p_hit": 0.849582,
        "t_hit_p25": 3.0,
        "t_hit_median": 7.0,
        "t_hit_p75": 21.0,
        "mdd_p25": -1.7411,
        "mdd_median": -0.6502,
        "mdd_p75": -0.191
      }
    },
    "2.0": {
      "12": {
        "n_total": 1795,
        "n_hit": 505,
        "p_hit": 0.281337,
        "t_hit_p25": 3.0,
        "t_hit_median": 5.0,
        "t_hit_p75": 8.0,
        "mdd_p25": -1.0609,
        "mdd_median": -0.4383,
        "mdd_p75": -0.118
      },
      "24": {
        "n_total": 1795,
        "n_hit": 774,
        "p_hit": 0.431198,
        "t_hit_p25": 4.0,
        "t_hit_median": 8.5,
        "t_hit_p75": 15.0,
        "mdd_p25": -1.341175,
        "mdd_median": -0.5900000000000001,
        "mdd_p75": -0.17275
      },
      "36": {
        "n_total": 1795,
        "n_hit": 936,
        "p_hit": 0.521448,
        "t_hit_p25": 5.0,
        "t_hit_median": 11.0,
        "t_hit_p75": 21.0,
        "mdd_p25": -1.5065499999999998,
        "mdd_median": -0.6367499999999999,
        "mdd_p75": -0.191675
      },
      "48": {
        "n_total": 1795,
        "n_hit": 1054,
        "p_hit": 0.587187,
        "t_hit_p25": 5.0,
        "t_hit_median": 13.0,
        "t_hit_p75": 25.75,
        "mdd_p25": -1.551375,
        "mdd_median": -0.68325,
        "mdd_p75": -0.22437500000000002
      },
      "60": {
        "n_total": 1795,
        "n_hit": 1144,
        "p_hit": 0.637326,
        "t_hit_p25": 6.0,
        "t_hit_median": 15.0,
        "t_hit_p75": 31.0,
        "mdd_p25": -1.6130750000000003,
        "mdd_median": -0.7564,
        "mdd_p75": -0.25955
      },
      "72": {
        "n_total": 1795,
        "n_hit": 1219,
        "p_hit": 0.679109,
        "t_hit_p25": 6.0,
        "t_hit_median": 16.0,
        "t_hit_p75": 35.0,
        "mdd_p25": -1.75275,
        "mdd_median": -0.8631,
        "mdd_p75": -0.27715
      },
      "84": {
        "n_total": 1795,
        "n_hit": 1262,
        "p_hit": 0.703064,
        "t_hit_p25": 6.0,
        "t_hit_median": 17.0,
        "t_hit_p75": 38.0,
        "mdd_p25": -1.8786749999999999,
        "mdd_median": -0.9305,
        "mdd_p75": -0.29375
      },
      "96": {
        "n_total": 1795,
        "n_hit": 1299,
        "p_hit": 0.723677,
        "t_hit_p25": 7.0,
        "t_hit_median": 18.0,
        "t_hit_p75": 40.5,
        "mdd_p25": -2.0124500000000003,
        "mdd_median": -0.9728,
        "mdd_p75": -0.3042
      }
    },
    "3.0": {
      "12": {
        "n_total": 1795,
        "n_hit": 291,
        "p_hit": 0.162117,
        "t_hit_p25": 3.0,
        "t_hit_median": 6.0,
        "t_hit_p75": 9.0,
        "mdd_p25": -0.98065,
        "mdd_median": -0.4322,
        "mdd_p75": -0.1362
      },
      "24": {
        "n_total": 1795,
        "n_hit": 467,
        "p_hit": 0.260167,
        "t_hit_p25": 5.0,
        "t_hit_median": 9.0,
        "t_hit_p75": 16.5,
        "mdd_p25": -1.2716500000000002,
        "mdd_median": -0.5429,
        "mdd_p75": -0.16435
      },
      "36": {
        "n_total": 1795,
        "n_hit": 633,
        "p_hit": 0.352646,
        "t_hit_p25": 6.0,
        "t_hit_median": 14.0,
        "t_hit_p75": 25.0,
        "mdd_p25": -1.4987,
        "mdd_median": -0.6162,
        "mdd_p75": -0.1925
      },
      "48": {
        "n_total": 1795,
        "n_hit": 757,
        "p_hit": 0.421727,
        "t_hit_p25": 7.0,
        "t_hit_median": 19.0,
        "t_hit_p75": 31.0,
        "mdd_p25": -1.5877,
        "mdd_median": -0.6998,
        "mdd_p75": -0.2465
      },