{
  "schema": "baseline_probs_v1",
  "source_labels": "data/labels/labels_v1.csv",
  "n_rows_labels": 1922,
  "thresholds": [
    0.5,
    1.0,
    2.0,
    3.0,
    5.0
  ],
  "horizons": [
    12,
    24,
    36,
    48,
    60,
    72,
    84,
    96
  ],
  "results": {
    "0.5": {
      "12": {
        "n_total": 1922,
        "n_hit": 1385,
        "p_hit": 0.720604,
        "t_hit_p25": 1.0,
        "t_hit_median": 2.0,
        "t_hit_p75": 4.0,
        "mdd_p25": -0.81,
        "mdd_median": -0.3049,
        "mdd_p75": -0.0572
      },
      "24": {
        "n_total": 1922,
        "n_hit": 1556,
        "p_hit": 0.809573,
        "t_hit_p25": 1.0,
        "t_hit_median": 2.0,
        "t_hit_p75": 6.0,
        "mdd_p25": -0.9581,
        "mdd_median": -0.37315,
        "mdd_p75": -0.08925
      },
      "36": {
        "n_total": 1922,
        "n_hit": 1632,
        "p_hit": 0.849116,
        "t_hit_p25": 1.0,
        "t_hit_median": 3.0,
        "t_hit_p75": 7.0,
        "mdd_p25": -1.05785,
        "mdd_median": -0.4096,
        "mdd_p75": -0.101525
      },
      "48": {
        "n_total": 1922,
        "n_hit": 1666,
        "p_hit": 0.866805,
        "t_hit_p25": 1.0,
        "t_hit_median": 3.0,
        "t_hit_p75": 8.0,
        "mdd_p25": -1.149175,
        "mdd_median": -0.42145,
        "mdd_p75": -0.10464999999999999
      },
      "60": {
        "n_total": 1922,
        "n_hit": 1683,
        "p_hit": 0.87565,
        "t_hit_p25": 1.0,
        "t_hit_median": 3.0,
        "t_hit_p75": 8.0,
        "mdd_p25": -1.1804999999999999,
        "mdd_median": -0.4281,
        "mdd_p75": -0.10600000000000001
      },
      "72": {
        "n_total": 1922,
        "n_hit": 1712,
        "p_hit": 0.890739,
        "t_hit_p25": 1.0,
        "t_hit_median": 3.0,
        "t_hit_p75": 9.0,
        "mdd_p25": -1.2523250000000001,
        "mdd_median": -0.44445,
        "mdd_p75": -0.10995
      },
      "84": {
        "n_total": 1922,
        "n_hit": 1740,
        "p_hit": 0.905307,
        "t_hit_p25": 1.0,
        "t_hit_median": 3.0,
        "t_hit_p75": 9.0,
        "mdd_p25": -1.33205,
        "mdd_median": -0.46585,
        "mdd_p75": -0.116575
      },
      "96": {
        "n_total": 1922,
        "n_hit": 1759,
        "p_hit": 0.915193,
        "t_hit_p25": 1.0,
        "t_hit_median": 3.0,
        "t_hit_p75": 10.0,
        "mdd_p25": -1.3606500000000001,
        "mdd_median": -0.4736,
        "mdd_p75": -0.1179
      }
    },
    "1.0": {
      "12": {
        "n_total": 1922,
        "n_hit": 1025,
        "p_hit": 0.533299,
        "t_hit_p25": 2.0,
        "t_hit_median": 4.0,
        "t_hit_p75": 7.0,
        "mdd_p25": -0.9994,
        "mdd_median": -0.3983,
        "mdd_p75": -0.0869
      },
      "24": {
        "n_total": 1922,
        "n_hit": 1249,
        "p_hit": 0.649844,
        "t_hit_p25": 2.0,
        "t_hit_median": 5.0,
        "t_hit_p75": 10.0,
        "mdd_p25": -1.2111,
        "mdd_median": -0.4818,
        "mdd_p75": -0.13
      },
      "36": {
        "n_total": 1922,
        "n_hit": 1386,
        "p_hit": 0.721124,
        "t_hit_p25": 2.0,
        "t_hit_median": 6.0,
        "t_hit_p75": 13.0,
        "mdd_p25": -1.375275,
        "mdd_median": -0.5372,
        "mdd_p75": -0.1558
      },
      "48": {
        "n_total": 1922,
        "n_hit": 1458,
        "p_hit": 0.758585,
        "t_hit_p25": 2.0,
        "t_hit_median": 6.0,
        "t_hit_p75": 16.0,
        "mdd_p25": -1.43645,
        "mdd_median": -0.5540499999999999,
        "mdd_p75": -0.16749999999999998
      },
      "60": {
        "n_total": 1922,
        "n_hit": 1523,
        "p_hit": 0.792404,
        "t_hit_p25": 3.0,
        "t_hit_median": 7.0,
        "t_hit_p75": 18.0,
        "mdd_p25": -1.57995,
        "mdd_median": -0.5996,
        "mdd_p75": -0.17485
      },
      "72": {
        "n_total": 1922,
        "n_hit": 1575,
        "p_hit": 0.819459,
        "t_hit_p25": 3.0,
        "t_hit_median": 7.0,
        "t_hit_p75": 20.0,
        "mdd_p25": -1.6904499999999998,
        "mdd_median": -0.635,
        "mdd_p75": -0.1855
      },
      "84": {
        "n_total": 1922,
        "n_hit": 1611,
        "p_hit": 0.838189,
        "t_hit_p25": 3.0,
        "t_hit_median": 7.0,
        "t_hit_p75": 21.0,
        "mdd_p25": -1.79485,
        "mdd_median": -0.6748,
        "mdd_p75": -0.19319999999999998
      },
      "96": {
        "n_total": 1922,
        "n_hit": 1631,
        "p_hit": 0.848595,
        "t_hit_p25": 3.0,
        "t_hit_median": 7.0,
        "t_hit_p75": 23.0,
        "mdd_p25": -1.831,
        "mdd_median": -0.6861,
        "mdd_p75": -0.20135
      }
    },
    "2.0": {
      "12": {
        "n_total": 1922,
        "n_hit": 522,
        "p_hit": 0.271592,
        "t_hit_p25": 3.0,
        "t_hit_median": 5.0,
        "t_hit_p75": 8.0,
        "mdd_p25": -1.07665,
        "mdd_median": -0.43935,
        "mdd_p75": -0.11674999999999999
      },
      "24": {
        "n_total": 1922,
        "n_hit": 808,
        "p_hit": 0.420395,
        "t_hit_p25": 4.0,
        "t_hit_median": 9.0,
        "t_hit_p75": 16.0,
        "mdd_p25": -1.383625,
        "mdd_median": -0.5972,
        "mdd_p75": -0.17454999999999998
      },
      "36": {
        "n_total": 1922,
        "n_hit": 979,
        "p_hit": 0.509365,
        "t_hit_p25": 5.0,
        "t_hit_median": 11.0,
        "t_hit_p75": 21.0,
        "mdd_p25": -1.5563500000000001,
        "mdd_median": -0.6742,
        "mdd_p75": -0.19895000000000002
      },
      "48": {
        "n_total": 1922,
        "n_hit": 1102,
        "p_hit": 0.573361,
        "t_hit_p25": 5.0,
        "t_hit_median": 14.0,
        "t_hit_p75": 26.0,
        "mdd_p25": -1.5888,
        "mdd_median": -0.7154,
        "mdd_p75": -0.23585
      },
      "60": {
        "n_total": 1922,
        "n_hit": 1192,
        "p_hit": 0.620187,
        "t_hit_p25": 6.0,
        "t_hit_median": 15.0,
        "t_hit_p75": 30.25,
        "mdd_p25": -1.6661249999999999,
        "mdd_median": -0.7949999999999999,
        "mdd_p75": -0.2654
      },
      "72": {
        "n_total": 1922,
        "n_hit": 1276,
        "p_hit": 0.663892,
        "t_hit_p25": 6.0,
        "t_hit_median": 16.5,
        "t_hit_p75": 35.0,
        "mdd_p25": -1.833425,
        "mdd_median": -0.91215,
        "mdd_p75": -0.283825
      },
      "84": {
        "n_total": 1922,
        "n_hit": 1325,
        "p_hit": 0.689386,
        "t_hit_p25": 7.0,
        "t_hit_median": 17.0,
        "t_hit_p75": 38.0,
        "mdd_p25": -2.0202,
        "mdd_median": -0.9712,
        "mdd_p75": -0.3038
      },
      "96": {
        "n_total": 1922,
        "n_hit": 1370,
        "p_hit": 0.712799,
        "t_hit_p25": 7.0,
        "t_hit_median": 18.0,
        "t_hit_p75": 41.0,
        "mdd_p25": -2.19465,
        "mdd_median": -1.00285,
        "mdd_p75": -0.318325
      }
    },
    "3.0": {
      "12": {
        "n_total": 1922,
        "n_hit": 296,
        "p_hit": 0.154006,
        "t_hit_p25": 3.0,
        "t_hit_median": 6.0,
        "t_hit_p75": 9.0,
        "mdd_p25": -0.990225,
        "mdd_median": -0.43525,
        "mdd_p75": -0.135025
      },
      "24": {
        "n_total": 1922,
        "n_hit": 486,
        "p_hit": 0.252862,
        "t_hit_p25": 5.0,
        "t_hit_median": 10.0,
        "t_hit_p75": 17.0,
        "mdd_p25": -1.337575,
        "mdd_median": -0.5540499999999999,
        "mdd_p75": -0.1688
      },
      "36": {
        "n_total": 1922,
        "n_hit": 660,
        "p_hit": 0.343392,
        "t_hit_p25": 6.0,
        "t_hit_median": 15.0,
        "t_hit_p75": 25.0,
        "mdd_p25": -1.5838,
        "mdd_median": -0.6444,
        "mdd_p75": -0.20370000000000002
      },
      "48": {
        "n_total": 1922,
        "n_hit": 784,
        "p_hit": 0.407908,
        "t_hit_p25": 7.0,
        "t_hit_median": 19.0,
        "t_hit_p75": 31.0,
        "mdd_p25": -1.660725,
        "mdd_median": -0.7226,