{
  "schema": "baseline_probs_v1",
  "source_labels": "data/labels/labels_v1.csv",
  "n_rows_labels": 1772,
  "thresholds": [
    0.5,
    1.0,
    2.0,
    3.0,
    5.0
  ],
  "horizons": [
    12,
    24,
    36,
    48,
    60,
    72,
    84,
    96
  ],
  "results": {
    "0.5": {
      "12": {
        "n_total": 1772,
        "n_hit": 1283,
        "p_hit": 0.724041,
        "t_hit_p25": 1.0,
        "t_hit_median": 2.0,
        "t_hit_p75": 4.0,
        "mdd_p25": -0.8143499999999999,
        "mdd_median": -0.2967,
        "mdd_p75": -0.0571
      },
      "24": {
        "n_total": 1772,
        "n_hit": 1444,
        "p_hit": 0.814898,
        "t_hit_p25": 1.0,
        "t_hit_median": 3.0,
        "t_hit_p75": 6.0,
        "mdd_p25": -0.96465,
        "mdd_median": -0.36735,
        "mdd_p75": -0.08925
      },
      "36": {
        "n_total": 1772,
        "n_hit": 1514,
        "p_hit": 0.854402,
        "t_hit_p25": 1.0,
        "t_hit_median": 3.0,
        "t_hit_p75": 7.0,
        "mdd_p25": -1.051825,
        "mdd_median": -0.4003,
        "mdd_p75": -0.10092500000000001
      },
      "48": {
        "n_total": 1772,
        "n_hit": 1536,
        "p_hit": 0.866817,
        "t_hit_p25": 1.0,
        "t_hit_median": 3.0,
        "t_hit_p75": 8.0,
        "mdd_p25": -1.105975,
        "mdd_median": -0.41245,
        "mdd_p75": -0.1033
      },
      "60": {
        "n_total": 1772,
        "n_hit": 1551,
        "p_hit": 0.875282,
        "t_hit_p25": 1.0,
        "t_hit_median": 3.0,
        "t_hit_p75": 8.0,
        "mdd_p25": -1.1495,
        "mdd_median": -0.4191,
        "mdd_p75": -0.1047
      },
      "72": {
        "n_total": 1772,
        "n_hit": 1580,
        "p_hit": 0.891648,
        "t_hit_p25": 1.0,
        "t_hit_median": 3.0,
        "t_hit_p75": 9.0,
        "mdd_p25": -1.22475,
        "mdd_median": -0.43384999999999996,
        "mdd_p75": -0.108425
      },
      "84": {
        "n_total": 1772,
        "n_hit": 1607,
        "p_hit": 0.906885,
        "t_hit_p25": 1.0,
        "t_hit_median": 3.0,
        "t_hit_p75": 9.0,
        "mdd_p25": -1.2894,
        "mdd_median": -0.4481,
        "mdd_p75": -0.11285
      },
      "96": {
        "n_total": 1772,
        "n_hit": 1626,
        "p_hit": 0.917607,
        "t_hit_p25": 1.0,
        "t_hit_median": 3.0,
        "t_hit_p75": 10.0,
        "mdd_p25": -1.350175,
        "mdd_median": -0.4668,
        "mdd_p75": -0.11674999999999999
      }
    },
    "1.0": {
      "12": {
        "n_total": 1772,
        "n_hit": 960,
        "p_hit": 0.541761,
        "t_hit_p25": 2.0,
        "t_hit_median": 4.0,
        "t_hit_p75": 7.0,
        "mdd_p25": -0.9994749999999999,
        "mdd_median": -0.38675000000000004,
        "mdd_p75": -0.08597500000000001
      },
      "24": {
        "n_total": 1772,
        "n_hit": 1168,
        "p_hit": 0.659142,
        "t_hit_p25": 2.0,
        "t_hit_median": 5.0,
        "t_hit_p75": 10.0,
        "mdd_p25": -1.189025,
        "mdd_median": -0.4759,
        "mdd_p75": -0.12785000000000002
      },
      "36": {
        "n_total": 1772,
        "n_hit": 1294,
        "p_hit": 0.730248,
        "t_hit_p25": 2.0,
        "t_hit_median": 6.0,
        "t_hit_p75": 13.0,
        "mdd_p25": -1.350825,
        "mdd_median": -0.52525,
        "mdd_p75": -0.153925
      },
      "48": {
        "n_total": 1772,
        "n_hit": 1354,
        "p_hit": 0.764108,
        "t_hit_p25": 2.0,
        "t_hit_median": 6.0,
        "t_hit_p75": 15.0,
        "mdd_p25": -1.385275,
        "mdd_median": -0.5422,
        "mdd_p75": -0.16192499999999999
      },
      "60": {
        "n_total": 1772,
        "n_hit": 1409,
        "p_hit": 0.795147,
        "t_hit_p25": 3.0,
        "t_hit_median": 6.0,
        "t_hit_p75": 17.0,
        "mdd_p25": -1.4866,
        "mdd_median": -0.5768,
        "mdd_p75": -0.171
      },
      "72": {
        "n_total": 1772,
        "n_hit": 1458,
        "p_hit": 0.822799,
        "t_hit_p25": 3.0,
        "t_hit_median": 7.0,
        "t_hit_p75": 19.0,
        "mdd_p25": -1.6130500000000003,
        "mdd_median": -0.60345,
        "mdd_p75": -0.17732499999999998
      },
      "84": {
        "n_total": 1772,
        "n_hit": 1492,
        "p_hit": 0.841986,
        "t_hit_p25": 3.0,
        "t_hit_median": 7.0,
        "t_hit_p75": 21.0,
        "mdd_p25": -1.689425,
        "mdd_median": -0.62975,
        "mdd_p75": -0.18575000000000003
      },
      "96": {
        "n_total": 1772,
        "n_hit": 1512,
        "p_hit": 0.853273,
        "t_hit_p25": 3.0,
        "t_hit_median": 7.0,
        "t_hit_p75": 22.0,
        "mdd_p25": -1.7542,
        "mdd_median": -0.6609,
        "mdd_p75": -0.19145
      }
    },
    "2.0": {
      "12": {
        "n_total": 1772,
        "n_hit": 498,
        "p_hit": 0.281038,
        "t_hit_p25": 3.0,
        "t_hit_median": 5.0,
        "t_hit_p75": 8.0,
        "mdd_p25": -1.07665,
        "mdd_median": -0.43525,
        "mdd_p75": -0.12284999999999999
      },
      "24": {
        "n_total": 1772,
        "n_hit": 767,
        "p_hit": 0.432844,
        "t_hit_p25": 4.0,
        "t_hit_median": 9.0,
        "t_hit_p75": 16.0,
        "mdd_p25": -1.3456,
        "mdd_median": -0.5938,
        "mdd_p75": -0.1742
      },
      "36": {
        "n_total": 1772,
        "n_hit": 929,
        "p_hit": 0.524266,
        "t_hit_p25": 5.0,
        "t_hit_median": 11.0,
        "t_hit_p75": 21.0,
        "mdd_p25": -1.5175,
        "mdd_median": -0.6414,
        "mdd_p75": -0.1922
      },
      "48": {
        "n_total": 1772,
        "n_hit": 1047,
        "p_hit": 0.590858,
        "t_hit_p25": 5.0,
        "t_hit_median": 13.0,
        "t_hit_p75": 26.0,
        "mdd_p25": -1.5538500000000002,
        "mdd_median": -0.6842,
        "mdd_p75": -0.22920000000000001
      },
      "60": {
        "n_total": 1772,
        "n_hit": 1137,
        "p_hit": 0.641648,
        "t_hit_p25": 6.0,
        "t_hit_median": 15.0,
        "t_hit_p75": 31.0,
        "mdd_p25": -1.6171,
        "mdd_median": -0.7615,
        "mdd_p75": -0.2613
      },
      "72": {
        "n_total": 1772,
        "n_hit": 1212,
        "p_hit": 0.683973,
        "t_hit_p25": 6.0,
        "t_hit_median": 16.0,
        "t_hit_p75": 35.0,
        "mdd_p25": -1.756325,
        "mdd_median": -0.8671,
        "mdd_p75": -0.277625
      },
      "84": {
        "n_total": 1772,
        "n_hit": 1255,
        "p_hit": 0.708239,
        "t_hit_p25": 6.0,
        "t_hit_median": 17.0,
        "t_hit_p75": 38.0,
        "mdd_p25": -1.8894,
        "mdd_median": -0.9406,
        "mdd_p75": -0.2954
      },
      "96": {
        "n_total": 1772,
        "n_hit": 1292,
        "p_hit": 0.72912,
        "t_hit_p25": 7.0,
        "t_hit_median": 18.0,
        "t_hit_p75": 41.0,
        "mdd_p25": -2.0307500000000003,
        "mdd_median": -0.9743999999999999,
        "mdd_p75": -0.304825
      }
    },
    "3.0": {
      "12": {
        "n_total": 1772,
        "n_hit": 287,
        "p_hit": 0.161964,
        "t_hit_p25": 3.0,
        "t_hit_median": 6.0,
        "t_hit_p75": 9.0,
        "mdd_p25": -0.98065,
        "mdd_median": -0.4269,
        "mdd_p75": -0.1362
      },
      "24": {
        "n_total": 1772,
        "n_hit": 463,
        "p_hit": 0.261287,
        "t_hit_p25": 5.0,
        "t_hit_median": 9.0,
        "t_hit_p75": 17.0,
        "mdd_p25": -1.2716500000000002,
        "mdd_median": -0.5428,
        "mdd_p75": -0.16435
      },
      "36": {
        "n_total": 1772,
        "n_hit": 629,
        "p_hit": 0.354966,
        "t_hit_p25": 6.0,
        "t_hit_median": 14.0,
        "t_hit_p75": 25.0,
        "mdd_p25": -1.4987,
        "mdd_median": -0.6161,
        "mdd_p75": -0.1925
      },
      "48": {
        "n_total": 1772,
        "n_hit": 753,
        "p_hit": 0.424944,
        "t_hit_p25": 7.0,
        "t_hit_median": 19.0,
        "t_hit_p75": 31.0,
        "mdd_p25": -1.5882,