{
  "schema": "baseline_probs_v1",
  "source_labels": "data/labels/labels_v1.csv",
  "n_rows_labels": 2132,
  "thresholds": [
    0.5,
    1.0,
    2.0,
    3.0,
    5.0
  ],
  "horizons": [
    12,
    24,
    36,
    48,
    60,
    72,
    84,
    96
  ],
  "results": {
    "0.5": {
      "12": {
        "n_total": 2132,
        "n_hit": 1542,
        "p_hit": 0.723265,
        "t_hit_p25": 1.0,
        "t_hit_median": 2.0,
        "t_hit_p75": 4.0,
        "mdd_p25": -0.82155,
        "mdd_median": -0.3178,
        "mdd_p75": -0.06262499999999999
      },
      "24": {
        "n_total": 2132,
        "n_hit": 1736,
        "p_hit": 0.814259,
        "t_hit_p25": 1.0,
        "t_hit_median": 3.0,
        "t_hit_p75": 6.0,
        "mdd_p25": -0.95485,
        "mdd_median": -0.3797,
        "mdd_p75": -0.09375
      },
      "36": {
        "n_total": 2132,
        "n_hit": 1825,
        "p_hit": 0.856004,
        "t_hit_p25": 1.0,
        "t_hit_median": 3.0,
        "t_hit_p75": 7.0,
        "mdd_p25": -1.0578,
        "mdd_median": -0.4142,
        "mdd_p75": -0.1046
      },
      "48": {
        "n_total": 2132,
        "n_hit": 1860,
        "p_hit": 0.87242,
        "t_hit_p25": 1.0,
        "t_hit_median": 3.0,
        "t_hit_p75": 8.0,
        "mdd_p25": -1.1459,
        "mdd_median": -0.42745,
        "mdd_p75": -0.10892500000000001
      },
      "60": {
        "n_total": 2132,
        "n_hit": 1877,
        "p_hit": 0.880394,
        "t_hit_p25": 1.0,
        "t_hit_median": 3.0,
        "t_hit_p75": 8.0,
        "mdd_p25": -1.1668,
        "mdd_median": -0.4377,
        "mdd_p75": -0.1108
      },
      "72": {
        "n_total": 2132,
        "n_hit": 1909,
        "p_hit": 0.895403,
        "t_hit_p25": 1.0,
        "t_hit_median": 3.0,
        "t_hit_p75": 9.0,
        "mdd_p25": -1.2472,
        "mdd_median": -0.4485,
        "mdd_p75": -0.1169
      },
      "84": {
        "n_total": 2132,
        "n_hit": 1939,
        "p_hit": 0.909475,
        "t_hit_p25": 1.0,
        "t_hit_median": 3.0,
        "t_hit_p75": 10.0,
        "mdd_p25": -1.3255,
        "mdd_median": -0.469,
        "mdd_p75": -0.11985
      },
      "96": {
        "n_total": 2132,
        "n_hit": 1960,
        "p_hit": 0.919325,
        "t_hit_p25": 1.0,
        "t_hit_median": 3.0,
        "t_hit_p75": 10.0,
        "mdd_p25": -1.3590499999999999,
        "mdd_median": -0.4759,
        "mdd_p75": -0.12185
      }
    },
    "1.0": {
      "12": {
        "n_total": 2132,
        "n_hit": 1143,
        "p_hit": 0.536116,
        "t_hit_p25": 2.0,
        "t_hit_median": 4.0,
        "t_hit_p75": 7.0,
        "mdd_p25": -1.0107,
        "mdd_median": -0.4117,
        "mdd_p75": -0.09845
      },
      "24": {
        "n_total": 2132,
        "n_hit": 1400,
        "p_hit": 0.65666,
        "t_hit_p25": 2.0,
        "t_hit_median": 5.0,
        "t_hit_p75": 10.0,
        "mdd_p25": -1.21395,
        "mdd_median": -0.4964,
        "mdd_p75": -0.13915
      },
      "36": {
        "n_total": 2132,
        "n_hit": 1559,
        "p_hit": 0.731238,
        "t_hit_p25": 2.0,
        "t_hit_median": 6.0,
        "t_hit_p75": 13.5,
        "mdd_p25": -1.3825,
        "mdd_median": -0.5431,
        "mdd_p75": -0.16435
      },
      "48": {
        "n_total": 2132,
        "n_hit": 1635,
        "p_hit": 0.766886,
        "t_hit_p25": 3.0,
        "t_hit_median": 6.0,
        "t_hit_p75": 16.0,
        "mdd_p25": -1.4705,
        "mdd_median": -0.5763,
        "mdd_p75": -0.17415
      },
      "60": {
        "n_total": 2132,
        "n_hit": 1702,
        "p_hit": 0.798311,
        "t_hit_p25": 3.0,
        "t_hit_median": 7.0,
        "t_hit_p75": 18.0,
        "mdd_p25": -1.58445,
        "mdd_median": -0.61265,
        "mdd_p75": -0.18780000000000002
      },
      "72": {
        "n_total": 2132,
        "n_hit": 1757,
        "p_hit": 0.824109,
        "t_hit_p25": 3.0,
        "t_hit_median": 7.0,
        "t_hit_p75": 20.0,
        "mdd_p25": -1.6931,
        "mdd_median": -0.6618,
        "mdd_p75": -0.2025
      },
      "84": {
        "n_total": 2132,
        "n_hit": 1796,
        "p_hit": 0.842402,
        "t_hit_p25": 3.0,
        "t_hit_median": 7.0,
        "t_hit_p75": 21.0,
        "mdd_p25": -1.78865,
        "mdd_median": -0.6904999999999999,
        "mdd_p75": -0.214525
      },
      "96": {
        "n_total": 2132,
        "n_hit": 1821,
        "p_hit": 0.854128,
        "t_hit_p25": 3.0,
        "t_hit_median": 8.0,
        "t_hit_p75": 22.0,
        "mdd_p25": -1.8356,
        "mdd_median": -0.7081,
        "mdd_p75": -0.22
      }
    },
    "2.0": {
      "12": {
        "n_total": 2132,
        "n_hit": 575,
        "p_hit": 0.2697,
        "t_hit_p25": 3.0,
        "t_hit_median": 5.0,
        "t_hit_p75": 8.0,
        "mdd_p25": -1.0511,
        "mdd_median": -0.4456,
        "mdd_p75": -0.1197
      },
      "24": {
        "n_total": 2132,
        "n_hit": 889,
        "p_hit": 0.416979,
        "t_hit_p25": 4.0,
        "t_hit_median": 9.0,
        "t_hit_p75": 16.0,
        "mdd_p25": -1.3997,
        "mdd_median": -0.6136,
        "mdd_p75": -0.1881
      },
      "36": {
        "n_total": 2132,
        "n_hit": 1094,
        "p_hit": 0.513133,
        "t_hit_p25": 5.0,
        "t_hit_median": 11.0,
        "t_hit_p75": 21.0,
        "mdd_p25": -1.6154750000000002,
        "mdd_median": -0.7342,
        "mdd_p75": -0.2239
      },
      "48": {
        "n_total": 2132,
        "n_hit": 1239,
        "p_hit": 0.581144,
        "t_hit_p25": 5.0,
        "t_hit_median": 14.0,
        "t_hit_p75": 26.5,
        "mdd_p25": -1.66385,
        "mdd_median": -0.8185,
        "mdd_p75": -0.2654
      },
      "60": {
        "n_total": 2132,
        "n_hit": 1341,
        "p_hit": 0.628987,
        "t_hit_p25": 6.0,
        "t_hit_median": 16.0,
        "t_hit_p75": 31.0,
        "mdd_p25": -1.7156,
        "mdd_median": -0.8884,
        "mdd_p75": -0.2805
      },
      "72": {
        "n_total": 2132,
        "n_hit": 1433,
        "p_hit": 0.672139,
        "t_hit_p25": 6.0,
        "t_hit_median": 17.0,
        "t_hit_p75": 35.0,
        "mdd_p25": -1.9059,
        "mdd_median": -0.9742,
        "mdd_p75": -0.3121
      },
      "84": {
        "n_total": 2132,
        "n_hit": 1490,
        "p_hit": 0.698874,
        "t_hit_p25": 7.0,
        "t_hit_median": 18.0,
        "t_hit_p75": 38.0,
        "mdd_p25": -2.09495,
        "mdd_median": -1.02475,
        "mdd_p75": -0.33277499999999993
      },
      "96": {
        "n_total": 2132,
        "n_hit": 1546,
        "p_hit": 0.725141,
        "t_hit_p25": 7.0,
        "t_hit_median": 19.0,
        "t_hit_p75": 41.75,
        "mdd_p25": -2.2133000000000003,
        "mdd_median": -1.10895,
        "mdd_p75": -0.350275
      }
    },
    "3.0": {
      "12": {
        "n_total": 2132,
        "n_hit": 321,
        "p_hit": 0.150563,
        "t_hit_p25": 3.0,
        "t_hit_median": 6.0,
        "t_hit_p75": 9.0,
        "mdd_p25": -0.9906,
        "mdd_median": -0.4383,
        "mdd_p75": -0.1414
      },
      "24": {
        "n_total": 2132,
        "n_hit": 538,
        "p_hit": 0.252345,
        "t_hit_p25": 5.0,
        "t_hit_median": 10.0,
        "t_hit_p75": 17.0,
        "mdd_p25": -1.406,
        "mdd_median": -0.59975,
        "mdd_p75": -0.19032500000000002
      },
      "36": {
        "n_total": 2132,
        "n_hit": 735,
        "p_hit": 0.344747,
        "t_hit_p25": 6.5,
        "t_hit_median": 15.0,
        "t_hit_p75": 25.0,
        "mdd_p25": -1.68065,
        "mdd_median": -0.7243,
        "mdd_p75": -0.2353
      },
      "48": {
        "n_total": 2132,
        "n_hit": 894,
        "p_hit": 0.419325,
        "t_hit_p25": 8.0,
        "t_hit_median": 20.0,
        "t_hit_p75": 32.0,
        "mdd_p25": -1.81975,
        "mdd_median": -0.8751,
        "mdd_p75": -0.28315
      },
      "60": {
        "n_total": 2132,
        "n_hit": 1007,