{
  "schema": "baseline_probs_v1",
  "source_labels": "data/labels/labels_v1.csv",
  "n_rows_labels": 2696,
  "thresholds": [
    0.5,
    1.0,
    2.0,
    3.0,
    5.0
  ],
  "horizons": [
    12,
    24,
    36,
    48,
    60,
    72,
    84,
    96
  ],
  "results": {
    "0.5": {
      "12": {
        "n_total": 2696,
        "n_hit": 1904,
        "p_hit": 0.706231,
        "t_hit_p25": 1.0,
        "t_hit_median": 2.0,
        "t_hit_p75": 4.0,
        "mdd_p25": -0.721025,
        "mdd_median": -0.29125,
        "mdd_p75": -0.05105
      },
      "24": {
        "n_total": 2696,
        "n_hit": 2165,
        "p_hit": 0.803042,
        "t_hit_p25": 1.0,
        "t_hit_median": 3.0,
        "t_hit_p75": 7.0,
        "mdd_p25": -0.8961,
        "mdd_median": -0.3594,
        "mdd_p75": -0.081
      },
      "36": {
        "n_total": 2696,
        "n_hit": 2294,
        "p_hit": 0.85089,
        "t_hit_p25": 1.0,
        "t_hit_median": 3.0,
        "t_hit_p75": 8.0,
        "mdd_p25": -0.9953250000000001,
        "mdd_median": -0.40565,
        "mdd_p75": -0.0978
      },
      "48": {
        "n_total": 2696,
        "n_hit": 2339,
        "p_hit": 0.867582,
        "t_hit_p25": 1.0,
        "t_hit_median": 3.0,
        "t_hit_p75": 9.0,
        "mdd_p25": -1.0678,
        "mdd_median": -0.4181,
        "mdd_p75": -0.10285
      },
      "60": {
        "n_total": 2696,
        "n_hit": 2362,
        "p_hit": 0.876113,
        "t_hit_p25": 1.0,
        "t_hit_median": 3.0,
        "t_hit_p75": 9.0,
        "mdd_p25": -1.1273499999999999,
        "mdd_median": -0.42605,
        "mdd_p75": -0.104375
      },
      "72": {
        "n_total": 2696,
        "n_hit": 2401,
        "p_hit": 0.890579,
        "t_hit_p25": 1.0,
        "t_hit_median": 3.0,
        "t_hit_p75": 10.0,
        "mdd_p25": -1.1808,
        "mdd_median": -0.4404,
        "mdd_p75": -0.1087
      },
      "84": {
        "n_total": 2696,
        "n_hit": 2444,
        "p_hit": 0.906528,
        "t_hit_p25": 1.0,
        "t_hit_median": 3.0,
        "t_hit_p75": 10.0,
        "mdd_p25": -1.26305,
        "mdd_median": -0.45594999999999997,
        "mdd_p75": -0.113025
      },
      "96": {
        "n_total": 2696,
        "n_hit": 2473,
        "p_hit": 0.917285,
        "t_hit_p25": 1.0,
        "t_hit_median": 3.0,
        "t_hit_p75": 11.0,
        "mdd_p25": -1.3245,
        "mdd_median": -0.4718,
        "mdd_p75": -0.1166
      }
    },
    "1.0": {
      "12": {
        "n_total": 2696,
        "n_hit": 1396,
        "p_hit": 0.517804,
        "t_hit_p25": 2.0,
        "t_hit_median": 4.0,
        "t_hit_p75": 7.0,
        "mdd_p25": -0.951625,
        "mdd_median": -0.36875,
        "mdd_p75": -0.08035
      },
      "24": {
        "n_total": 2696,
        "n_hit": 1738,
        "p_hit": 0.644659,
        "t_hit_p25": 2.0,
        "t_hit_median": 5.0,
        "t_hit_p75": 10.75,
        "mdd_p25": -1.0970250000000001,
        "mdd_median": -0.47004999999999997,
        "mdd_p75": -0.1289
      },
      "36": {
        "n_total": 2696,
        "n_hit": 1959,
        "p_hit": 0.726632,
        "t_hit_p25": 3.0,
        "t_hit_median": 6.0,
        "t_hit_p75": 15.0,
        "mdd_p25": -1.3197,
        "mdd_median": -0.5345,
        "mdd_p75": -0.1605
      },
      "48": {
        "n_total": 2696,
        "n_hit": 2061,
        "p_hit": 0.764466,
        "t_hit_p25": 3.0,
        "t_hit_median": 7.0,
        "t_hit_p75": 17.0,
        "mdd_p25": -1.3766,
        "mdd_median": -0.5524,
        "mdd_p75": -0.1724
      },
      "60": {
        "n_total": 2696,
        "n_hit": 2138,
        "p_hit": 0.793027,
        "t_hit_p25": 3.0,
        "t_hit_median": 7.0,
        "t_hit_p75": 19.0,
        "mdd_p25": -1.474725,
        "mdd_median": -0.5885,
        "mdd_p75": -0.185075
      },
      "72": {
        "n_total": 2696,
        "n_hit": 2203,
        "p_hit": 0.817136,
        "t_hit_p25": 3.0,
        "t_hit_median": 8.0,
        "t_hit_p75": 21.0,
        "mdd_p25": -1.57995,
        "mdd_median": -0.6162,
        "mdd_p75": -0.19535
      },
      "84": {
        "n_total": 2696,
        "n_hit": 2261,
        "p_hit": 0.83865,
        "t_hit_p25": 3.0,
        "t_hit_median": 8.0,
        "t_hit_p75": 23.0,
        "mdd_p25": -1.6833,
        "mdd_median": -0.6502,
        "mdd_p75": -0.2086
      },
      "96": {
        "n_total": 2696,
        "n_hit": 2298,
        "p_hit": 0.852374,
        "t_hit_p25": 3.0,
        "t_hit_median": 8.0,
        "t_hit_p75": 24.0,
        "mdd_p25": -1.75555,
        "mdd_median": -0.6768,
        "mdd_p75": -0.21875
      }
    },
    "2.0": {
      "12": {
        "n_total": 2696,
        "n_hit": 677,
        "p_hit": 0.251113,
        "t_hit_p25": 3.0,
        "t_hit_median": 5.0,
        "t_hit_p75": 9.0,
        "mdd_p25": -0.9763,
        "mdd_median": -0.4168,
        "mdd_p75": -0.1092
      },
      "24": {
        "n_total": 2696,
        "n_hit": 1094,
        "p_hit": 0.405786,
        "t_hit_p25": 4.0,
        "t_hit_median": 9.0,
        "t_hit_p75": 16.0,
        "mdd_p25": -1.27315,
        "mdd_median": -0.58065,
        "mdd_p75": -0.18205000000000002
      },
      "36": {
        "n_total": 2696,
        "n_hit": 1387,
        "p_hit": 0.514466,
        "t_hit_p25": 5.0,
        "t_hit_median": 13.0,
        "t_hit_p75": 23.0,
        "mdd_p25": -1.4668,
        "mdd_median": -0.6772,
        "mdd_p75": -0.2286
      },
      "48": {
        "n_total": 2696,
        "n_hit": 1576,
        "p_hit": 0.58457,
        "t_hit_p25": 6.0,
        "t_hit_median": 15.0,
        "t_hit_p75": 28.0,
        "mdd_p25": -1.559875,
        "mdd_median": -0.7314,
        "mdd_p75": -0.2698
      },
      "60": {
        "n_total": 2696,
        "n_hit": 1703,
        "p_hit": 0.631677,
        "t_hit_p25": 7.0,
        "t_hit_median": 17.0,
        "t_hit_p75": 32.0,
        "mdd_p25": -1.6174,
        "mdd_median": -0.8007,
        "mdd_p75": -0.29055
      },
      "72": {
        "n_total": 2696,
        "n_hit": 1814,
        "p_hit": 0.672849,
        "t_hit_p25": 7.0,
        "t_hit_median": 18.0,
        "t_hit_p75": 35.0,
        "mdd_p25": -1.771275,
        "mdd_median": -0.88695,
        "mdd_p75": -0.31305000000000005
      },
      "84": {
        "n_total": 2696,
        "n_hit": 1895,
        "p_hit": 0.702893,
        "t_hit_p25": 8.0,
        "t_hit_median": 20.0,
        "t_hit_p75": 39.0,
        "mdd_p25": -1.9300000000000002,
        "mdd_median": -0.9512,
        "mdd_p75": -0.3378
      },
      "96": {
        "n_total": 2696,
        "n_hit": 1970,
        "p_hit": 0.730712,
        "t_hit_p25": 8.0,
        "t_hit_median": 21.0,
        "t_hit_p75": 42.0,
        "mdd_p25": -2.12995,
        "mdd_median": -0.9918499999999999,
        "mdd_p75": -0.34909999999999997
      }
    },
    "3.0": {
      "12": {
        "n_total": 2696,
        "n_hit": 367,
        "p_hit": 0.136128,
        "t_hit_p25": 3.0,
        "t_hit_median": 6.0,
        "t_hit_p75": 9.0,
        "mdd_p25": -0.95035,
        "mdd_median": -0.3885,
        "mdd_p75": -0.1077
      },
      "24": {
        "n_total": 2696,
        "n_hit": 634,
        "p_hit": 0.235163,
        "t_hit_p25": 5.0,
        "t_hit_median": 10.0,
        "t_hit_p75": 17.0,
        "mdd_p25": -1.321,
        "mdd_median": -0.55165,
        "mdd_p75": -0.163375
      },
      "36": {
        "n_total": 2696,
        "n_hit": 897,
        "p_hit": 0.332715,
        "t_hit_p25": 7.0,
        "t_hit_median": 16.0,
        "t_hit_p75": 26.0,
        "mdd_p25": -1.5877,
        "mdd_median": -0.6748,
        "mdd_p75": -0.2086
      },
      "48": {
        "n_total": 2696,
        "n_hit": 1112,
        "p_hit": 0.412463,
        "t_hit_p25": 9.0,
        "t_hit_median": 21.0,
        "t_hit_p75": 33.0,
        "mdd_p25": -1.7022249999999999,
        "mdd_median": -0.7985,
        "mdd_p75": -0.2737
      },
      "60": {
        "n_total": 2696,