{
  "schema": "baseline_probs_v1",
  "source_labels": "data/labels/labels_v1.csv",
  "n_rows_labels": 2740,
  "thresholds": [
    0.5,
    1.0,
    2.0,
    3.0,
    5.0
  ],
  "horizons": [
    12,
    24,
    36,
    48,
    60,
    72,
    84,
    96
  ],
  "results": {
    "0.5": {
      "12": {
        "n_total": 2740,
        "n_hit": 1931,
        "p_hit": 0.704745,
        "t_hit_p25": 1.0,
        "t_hit_median": 2.0,
        "t_hit_p75": 4.0,
        "mdd_p25": -0.72215,
        "mdd_median": -0.293,
        "mdd_p75": -0.05075
      },
      "24": {
        "n_total": 2740,
        "n_hit": 2197,
        "p_hit": 0.801825,
        "t_hit_p25": 1.0,
        "t_hit_median": 3.0,
        "t_hit_p75": 7.0,
        "mdd_p25": -0.8988,
        "mdd_median": -0.3625,
        "mdd_p75": -0.081
      },
      "36": {
        "n_total": 2740,
        "n_hit": 2330,
        "p_hit": 0.850365,
        "t_hit_p25": 1.0,
        "t_hit_median": 3.0,
        "t_hit_p75": 8.0,
        "mdd_p25": -0.9984500000000001,
        "mdd_median": -0.40975,
        "mdd_p75": -0.0978
      },
      "48": {
        "n_total": 2740,
        "n_hit": 2379,
        "p_hit": 0.868248,
        "t_hit_p25": 1.0,
        "t_hit_median": 3.0,
        "t_hit_p75": 9.0,
        "mdd_p25": -1.0842999999999998,
        "mdd_median": -0.4227,
        "mdd_p75": -0.10305
      },
      "60": {
        "n_total": 2740,
        "n_hit": 2402,
        "p_hit": 0.876642,
        "t_hit_p25": 1.0,
        "t_hit_median": 3.0,
        "t_hit_p75": 9.0,
        "mdd_p25": -1.136075,
        "mdd_median": -0.42895,
        "mdd_p75": -0.10464999999999999
      },
      "72": {
        "n_total": 2740,
        "n_hit": 2441,
        "p_hit": 0.890876,
        "t_hit_p25": 1.0,
        "t_hit_median": 3.0,
        "t_hit_p75": 10.0,
        "mdd_p25": -1.1857,
        "mdd_median": -0.4433,
        "mdd_p75": -0.1087
      },
      "84": {
        "n_total": 2740,
        "n_hit": 2484,
        "p_hit": 0.906569,
        "t_hit_p25": 1.0,
        "t_hit_median": 3.0,
        "t_hit_p75": 11.0,
        "mdd_p25": -1.27225,
        "mdd_median": -0.46265,
        "mdd_p75": -0.1132
      },
      "96": {
        "n_total": 2740,
        "n_hit": 2513,
        "p_hit": 0.917153,
        "t_hit_p25": 1.0,
        "t_hit_median": 3.0,
        "t_hit_p75": 11.0,
        "mdd_p25": -1.3323,
        "mdd_median": -0.4738,
        "mdd_p75": -0.1169
      }
    },
    "1.0": {
      "12": {
        "n_total": 2740,
        "n_hit": 1411,
        "p_hit": 0.514964,
        "t_hit_p25": 2.0,
        "t_hit_median": 4.0,
        "t_hit_p75": 7.0,
        "mdd_p25": -0.9331499999999999,
        "mdd_median": -0.3691,
        "mdd_p75": -0.08085
      },
      "24": {
        "n_total": 2740,
        "n_hit": 1764,
        "p_hit": 0.643796,
        "t_hit_p25": 2.0,
        "t_hit_median": 5.0,
        "t_hit_p75": 11.0,
        "mdd_p25": -1.093875,
        "mdd_median": -0.4732,
        "mdd_p75": -0.130075
      },
      "36": {
        "n_total": 2740,
        "n_hit": 1987,
        "p_hit": 0.725182,
        "t_hit_p25": 3.0,
        "t_hit_median": 6.0,
        "t_hit_p75": 15.0,
        "mdd_p25": -1.3197,
        "mdd_median": -0.5364,
        "mdd_p75": -0.16165
      },
      "48": {
        "n_total": 2740,
        "n_hit": 2090,
        "p_hit": 0.762774,
        "t_hit_p25": 3.0,
        "t_hit_median": 7.0,
        "t_hit_p75": 17.0,
        "mdd_p25": -1.377425,
        "mdd_median": -0.5534,
        "mdd_p75": -0.173825
      },
      "60": {
        "n_total": 2740,
        "n_hit": 2168,
        "p_hit": 0.791241,
        "t_hit_p25": 3.0,
        "t_hit_median": 7.0,
        "t_hit_p75": 19.0,
        "mdd_p25": -1.47655,
        "mdd_median": -0.5943499999999999,
        "mdd_p75": -0.18727500000000002
      },
      "72": {
        "n_total": 2740,
        "n_hit": 2233,
        "p_hit": 0.814964,
        "t_hit_p25": 3.0,
        "t_hit_median": 8.0,
        "t_hit_p75": 21.0,
        "mdd_p25": -1.5825,
        "mdd_median": -0.6188,
        "mdd_p75": -0.1981
      },
      "84": {
        "n_total": 2740,
        "n_hit": 2291,
        "p_hit": 0.836131,
        "t_hit_p25": 3.0,
        "t_hit_median": 8.0,
        "t_hit_p75": 23.0,
        "mdd_p25": -1.6869,
        "mdd_median": -0.6536,
        "mdd_p75": -0.2114
      },
      "96": {
        "n_total": 2740,
        "n_hit": 2328,
        "p_hit": 0.849635,
        "t_hit_p25": 3.0,
        "t_hit_median": 8.0,
        "t_hit_p75": 24.0,
        "mdd_p25": -1.7569249999999998,
        "mdd_median": -0.6785,
        "mdd_p75": -0.2195
      }
    },
    "2.0": {
      "12": {
        "n_total": 2740,
        "n_hit": 679,
        "p_hit": 0.24781,
        "t_hit_p25": 3.0,
        "t_hit_median": 5.0,
        "t_hit_p75": 9.0,
        "mdd_p25": -0.9754499999999999,
        "mdd_median": -0.4168,
        "mdd_p75": -0.1077
      },
      "24": {
        "n_total": 2740,
        "n_hit": 1103,
        "p_hit": 0.402555,
        "t_hit_p25": 4.0,
        "t_hit_median": 9.0,
        "t_hit_p75": 16.0,
        "mdd_p25": -1.2864499999999999,
        "mdd_median": -0.5846,
        "mdd_p75": -0.1805
      },
      "36": {
        "n_total": 2740,
        "n_hit": 1398,
        "p_hit": 0.510219,
        "t_hit_p25": 5.0,
        "t_hit_median": 13.0,
        "t_hit_p75": 23.0,
        "mdd_p25": -1.4733,
        "mdd_median": -0.6782,
        "mdd_p75": -0.22745
      },
      "48": {
        "n_total": 2740,
        "n_hit": 1588,
        "p_hit": 0.579562,
        "t_hit_p25": 6.0,
        "t_hit_median": 15.0,
        "t_hit_p75": 28.0,
        "mdd_p25": -1.564575,
        "mdd_median": -0.7342,
        "mdd_p75": -0.2698
      },
      "60": {
        "n_total": 2740,
        "n_hit": 1715,
        "p_hit": 0.625912,
        "t_hit_p25": 7.0,
        "t_hit_median": 17.0,
        "t_hit_p75": 32.0,
        "mdd_p25": -1.6186500000000001,
        "mdd_median": -0.8015,
        "mdd_p75": -0.29055
      },
      "72": {
        "n_total": 2740,
        "n_hit": 1826,
        "p_hit": 0.666423,
        "t_hit_p25": 7.0,
        "t_hit_median": 18.0,
        "t_hit_p75": 35.0,
        "mdd_p25": -1.7794,
        "mdd_median": -0.88695,
        "mdd_p75": -0.31305000000000005
      },
      "84": {
        "n_total": 2740,
        "n_hit": 1907,
        "p_hit": 0.695985,
        "t_hit_p25": 8.0,
        "t_hit_median": 20.0,
        "t_hit_p75": 38.0,
        "mdd_p25": -1.9438499999999999,
        "mdd_median": -0.9492,
        "mdd_p75": -0.3378
      },
      "96": {
        "n_total": 2740,
        "n_hit": 1982,
        "p_hit": 0.723358,
        "t_hit_p25": 8.0,
        "t_hit_median": 21.0,
        "t_hit_p75": 42.0,
        "mdd_p25": -2.1382250000000003,
        "mdd_median": -0.991,
        "mdd_p75": -0.34909999999999997
      }
    },
    "3.0": {
      "12": {
        "n_total": 2740,
        "n_hit": 367,
        "p_hit": 0.133942,
        "t_hit_p25": 3.0,
        "t_hit_median": 6.0,
        "t_hit_p75": 9.0,
        "mdd_p25": -0.95035,
        "mdd_median": -0.3885,
        "mdd_p75": -0.1077
      },
      "24": {
        "n_total": 2740,
        "n_hit": 640,
        "p_hit": 0.233577,
        "t_hit_p25": 5.0,
        "t_hit_median": 10.0,
        "t_hit_p75": 17.0,
        "mdd_p25": -1.334125,
        "mdd_median": -0.5540499999999999,
        "mdd_p75": -0.165325
      },
      "36": {
        "n_total": 2740,
        "n_hit": 903,
        "p_hit": 0.329562,
        "t_hit_p25": 7.0,
        "t_hit_median": 16.0,
        "t_hit_p75": 26.0,
        "mdd_p25": -1.6068500000000001,
        "mdd_median": -0.6769,
        "mdd_p75": -0.20915
      },
      "48": {
        "n_total": 2740,
        "n_hit": 1118,
        "p_hit": 0.408029,
        "t_hit_p25": 9.0,
        "t_hit_median": 21.0,
        "t_hit_p75": 33.0,
        "mdd_p25": -1.712875,
        "mdd_median": -0.8016,