{
  "schema": "baseline_probs_v1",
  "source_labels": "data/labels/labels_v1.csv",
  "n_rows_labels": 1045,
  "thresholds": [
    0.5,
    1.0,
    2.0,
    3.0,
    5.0
  ],
  "horizons": [
    12,
    24,
    36,
    48,
    60,
    72,
    84,
    96
  ],
  "results": {
    "0.5": {
      "12": {
        "n_total": 1045,
        "n_hit": 710,
        "p_hit": 0.679426,
        "t_hit_p25": 1.0,
        "t_hit_median": 3.0,
        "t_hit_p75": 5.0,
        "mdd_p25": -0.67825,
        "mdd_median": -0.2626,
        "mdd_p75": -0.05045
      },
      "24": {
        "n_total": 1045,
        "n_hit": 828,
        "p_hit": 0.792344,
        "t_hit_p25": 1.0,
        "t_hit_median": 3.0,
        "t_hit_p75": 8.0,
        "mdd_p25": -0.8433750000000001,
        "mdd_median": -0.33665,
        "mdd_p75": -0.083175
      },
      "36": {
        "n_total": 1045,
        "n_hit": 870,
        "p_hit": 0.832536,
        "t_hit_p25": 1.0,
        "t_hit_median": 4.0,
        "t_hit_p75": 9.0,
        "mdd_p25": -0.92885,
        "mdd_median": -0.3688,
        "mdd_p75": -0.0924
      },
      "48": {
        "n_total": 1045,
        "n_hit": 880,
        "p_hit": 0.842105,
        "t_hit_p25": 1.0,
        "t_hit_median": 4.0,
        "t_hit_p75": 10.0,
        "mdd_p25": -0.941425,
        "mdd_median": -0.3754,
        "mdd_p75": -0.09515
      },
      "60": {
        "n_total": 1045,
        "n_hit": 894,
        "p_hit": 0.855502,
        "t_hit_p25": 1.0,
        "t_hit_median": 4.0,
        "t_hit_p75": 10.0,
        "mdd_p25": -0.9837499999999999,
        "mdd_median": -0.38625,
        "mdd_p75": -0.10067499999999999
      },
      "72": {
        "n_total": 1045,
        "n_hit": 916,
        "p_hit": 0.876555,
        "t_hit_p25": 1.75,
        "t_hit_median": 4.0,
        "t_hit_p75": 11.0,
        "mdd_p25": -1.05785,
        "mdd_median": -0.4097,
        "mdd_p75": -0.10395
      },
      "84": {
        "n_total": 1045,
        "n_hit": 932,
        "p_hit": 0.891866,
        "t_hit_p25": 2.0,
        "t_hit_median": 4.0,
        "t_hit_p75": 12.0,
        "mdd_p25": -1.149575,
        "mdd_median": -0.42005,
        "mdd_p75": -0.10567499999999999
      },
      "96": {
        "n_total": 1045,
        "n_hit": 938,
        "p_hit": 0.897608,
        "t_hit_p25": 2.0,
        "t_hit_median": 4.0,
        "t_hit_p75": 12.0,
        "mdd_p25": -1.169225,
        "mdd_median": -0.427,
        "mdd_p75": -0.10585
      }
    },
    "1.0": {
      "12": {
        "n_total": 1045,
        "n_hit": 500,
        "p_hit": 0.478469,
        "t_hit_p25": 2.0,
        "t_hit_median": 4.0,
        "t_hit_p75": 7.0,
        "mdd_p25": -0.816075,
        "mdd_median": -0.2954,
        "mdd_p75": -0.060125
      },
      "24": {
        "n_total": 1045,
        "n_hit": 650,
        "p_hit": 0.62201,
        "t_hit_p25": 3.0,
        "t_hit_median": 6.0,
        "t_hit_p75": 12.0,
        "mdd_p25": -0.98465,
        "mdd_median": -0.41475,
        "mdd_p75": -0.101175
      },
      "36": {
        "n_total": 1045,
        "n_hit": 731,
        "p_hit": 0.699522,
        "t_hit_p25": 3.0,
        "t_hit_median": 7.0,
        "t_hit_p75": 16.0,
        "mdd_p25": -1.0772,
        "mdd_median": -0.4433,
        "mdd_p75": -0.1265
      },
      "48": {
        "n_total": 1045,
        "n_hit": 766,
        "p_hit": 0.733014,
        "t_hit_p25": 3.0,
        "t_hit_median": 7.0,
        "t_hit_p75": 18.0,
        "mdd_p25": -1.1228,
        "mdd_median": -0.4514,
        "mdd_p75": -0.13885
      },
      "60": {
        "n_total": 1045,
        "n_hit": 802,
        "p_hit": 0.767464,
        "t_hit_p25": 4.0,
        "t_hit_median": 8.0,
        "t_hit_p75": 20.0,
        "mdd_p25": -1.242375,
        "mdd_median": -0.4769,
        "mdd_p75": -0.14757499999999998
      },
      "72": {
        "n_total": 1045,
        "n_hit": 833,
        "p_hit": 0.797129,
        "t_hit_p25": 4.0,
        "t_hit_median": 9.0,
        "t_hit_p75": 22.0,
        "mdd_p25": -1.3504,
        "mdd_median": -0.5065,
        "mdd_p75": -0.1591
      },
      "84": {
        "n_total": 1045,
        "n_hit": 854,
        "p_hit": 0.817225,
        "t_hit_p25": 4.0,
        "t_hit_median": 9.0,
        "t_hit_p75": 23.0,
        "mdd_p25": -1.397275,
        "mdd_median": -0.53125,
        "mdd_p75": -0.16269999999999998
      },
      "96": {
        "n_total": 1045,
        "n_hit": 865,
        "p_hit": 0.827751,
        "t_hit_p25": 4.0,
        "t_hit_median": 9.0,
        "t_hit_p75": 24.0,
        "mdd_p25": -1.4668,
        "mdd_median": -0.5428,
        "mdd_p75": -0.1671
      }
    },
    "2.0": {
      "12": {
        "n_total": 1045,
        "n_hit": 229,
        "p_hit": 0.219139,
        "t_hit_p25": 3.0,
        "t_hit_median": 6.0,
        "t_hit_p75": 9.0,
        "mdd_p25": -0.7988,
        "mdd_median": -0.3594,
        "mdd_p75": -0.0685
      },
      "24": {
        "n_total": 1045,
        "n_hit": 390,
        "p_hit": 0.373206,
        "t_hit_p25": 5.0,
        "t_hit_median": 10.0,
        "t_hit_p75": 17.0,
        "mdd_p25": -1.16775,
        "mdd_median": -0.5255000000000001,
        "mdd_p75": -0.16269999999999998
      },
      "36": {
        "n_total": 1045,
        "n_hit": 483,
        "p_hit": 0.462201,
        "t_hit_p25": 6.0,
        "t_hit_median": 13.0,
        "t_hit_p75": 21.0,
        "mdd_p25": -1.0962,
        "mdd_median": -0.4818,
        "mdd_p75": -0.1622
      },
      "48": {
        "n_total": 1045,
        "n_hit": 565,
        "p_hit": 0.54067,
        "t_hit_p25": 7.0,
        "t_hit_median": 16.0,
        "t_hit_p75": 30.0,
        "mdd_p25": -1.2062,
        "mdd_median": -0.5066,
        "mdd_p75": -0.1766
      },
      "60": {
        "n_total": 1045,
        "n_hit": 625,
        "p_hit": 0.598086,
        "t_hit_p25": 8.0,
        "t_hit_median": 18.0,
        "t_hit_p75": 35.0,
        "mdd_p25": -1.2718,
        "mdd_median": -0.5454,
        "mdd_p75": -0.2074
      },
      "72": {
        "n_total": 1045,
        "n_hit": 668,
        "p_hit": 0.639234,
        "t_hit_p25": 9.0,
        "t_hit_median": 20.0,
        "t_hit_p75": 40.0,
        "mdd_p25": -1.34385,
        "mdd_median": -0.5943499999999999,
        "mdd_p75": -0.237575
      },
      "84": {
        "n_total": 1045,
        "n_hit": 693,
        "p_hit": 0.663158,
        "t_hit_p25": 9.0,
        "t_hit_median": 20.0,
        "t_hit_p75": 42.0,
        "mdd_p25": -1.4081,
        "mdd_median": -0.6207,
        "mdd_p75": -0.247
      },
      "96": {
        "n_total": 1045,
        "n_hit": 715,
        "p_hit": 0.684211,
        "t_hit_p25": 9.0,
        "t_hit_median": 21.0,
        "t_hit_p75": 44.0,
        "mdd_p25": -1.48835,
        "mdd_median": -0.6549,
        "mdd_p75": -0.26249999999999996
      }
    },
    "3.0": {
      "12": {
        "n_total": 1045,
        "n_hit": 112,
        "p_hit": 0.107177,
        "t_hit_p25": 3.0,
        "t_hit_median": 6.0,
        "t_hit_p75": 10.0,
        "mdd_p25": -0.832875,
        "mdd_median": -0.33314999999999995,
        "mdd_p75": -0.11560000000000001
      },
      "24": {
        "n_total": 1045,
        "n_hit": 195,
        "p_hit": 0.186603,
        "t_hit_p25": 6.0,
        "t_hit_median": 11.0,
        "t_hit_p75": 18.0,
        "mdd_p25": -0.7985,
        "mdd_median": -0.3775,
        "mdd_p75": -0.11699999999999999
      },
      "36": {
        "n_total": 1045,
        "n_hit": 285,
        "p_hit": 0.272727,
        "t_hit_p25": 8.0,
        "t_hit_median": 17.0,
        "t_hit_p75": 28.0,
        "mdd_p25": -0.9492,
        "mdd_median": -0.4585,
        "mdd_p75": -0.1442
      },
      "48": {
        "n_total": 1045,
        "n_hit": 358,
        "p_hit": 0.342584,
        "t_hit_p25": 10.0,
        "t_hit_median": 23.0,
        "t_hit_p75": 34.0,
        "mdd_p25": -0.9921249999999999,
        "mdd_median": -0.49005,
        "mdd_p75": -0.193225
      },