{
  "schema": "baseline_probs_v1",
  "source_labels": "data/labels/labels_v1.csv",
  "n_rows_labels": 2207,
  "thresholds": [
    0.5,
    1.0,
    2.0,
    3.0,
    5.0
  ],
  "horizons": [
    12,
    24,
    36,
    48,
    60,
    72,
    84,
    96
  ],
  "results": {
    "0.5": {
      "12": {
        "n_total": 2207,
        "n_hit": 1596,
        "p_hit": 0.723154,
        "t_hit_p25": 1.0,
        "t_hit_median": 2.0,
        "t_hit_p75": 4.0,
        "mdd_p25": -0.813075,
        "mdd_median": -0.3104,
        "mdd_p75": -0.056975000000000005
      },
      "24": {
        "n_total": 2207,
        "n_hit": 1806,
        "p_hit": 0.818305,
        "t_hit_p25": 1.0,
        "t_hit_median": 3.0,
        "t_hit_p75": 6.0,
        "mdd_p25": -0.957325,
        "mdd_median": -0.37795,
        "mdd_p75": -0.091525
      },
      "36": {
        "n_total": 2207,
        "n_hit": 1899,
        "p_hit": 0.860444,
        "t_hit_p25": 1.0,
        "t_hit_median": 3.0,
        "t_hit_p75": 8.0,
        "mdd_p25": -1.0556999999999999,
        "mdd_median": -0.4133,
        "mdd_p75": -0.10300000000000001
      },
      "48": {
        "n_total": 2207,
        "n_hit": 1934,
        "p_hit": 0.876303,
        "t_hit_p25": 1.0,
        "t_hit_median": 3.0,
        "t_hit_p75": 8.0,
        "mdd_p25": -1.134675,
        "mdd_median": -0.4265,
        "mdd_p75": -0.10585
      },
      "60": {
        "n_total": 2207,
        "n_hit": 1952,
        "p_hit": 0.884459,
        "t_hit_p25": 1.0,
        "t_hit_median": 3.0,
        "t_hit_p75": 8.25,
        "mdd_p25": -1.1628999999999998,
        "mdd_median": -0.43595,
        "mdd_p75": -0.10892500000000001
      },
      "72": {
        "n_total": 2207,
        "n_hit": 1984,
        "p_hit": 0.898958,
        "t_hit_p25": 1.0,
        "t_hit_median": 3.0,
        "t_hit_p75": 9.0,
        "mdd_p25": -1.245525,
        "mdd_median": -0.44789999999999996,
        "mdd_p75": -0.114475
      },
      "84": {
        "n_total": 2207,
        "n_hit": 2014,
        "p_hit": 0.912551,
        "t_hit_p25": 1.0,
        "t_hit_median": 3.0,
        "t_hit_p75": 10.0,
        "mdd_p25": -1.3113,
        "mdd_median": -0.4678,
        "mdd_p75": -0.117725
      },
      "96": {
        "n_total": 2207,
        "n_hit": 2035,
        "p_hit": 0.922066,
        "t_hit_p25": 1.0,
        "t_hit_median": 3.0,
        "t_hit_p75": 10.0,
        "mdd_p25": -1.3518,
        "mdd_median": -0.4749,
        "mdd_p75": -0.12065
      }
    },
    "1.0": {
      "12": {
        "n_total": 2207,
        "n_hit": 1188,
        "p_hit": 0.538287,
        "t_hit_p25": 2.0,
        "t_hit_median": 4.0,
        "t_hit_p75": 7.0,
        "mdd_p25": -1.003225,
        "mdd_median": -0.40965,
        "mdd_p75": -0.090425
      },
      "24": {
        "n_total": 2207,
        "n_hit": 1459,
        "p_hit": 0.661078,
        "t_hit_p25": 2.0,
        "t_hit_median": 5.0,
        "t_hit_p75": 10.0,
        "mdd_p25": -1.1861000000000002,
        "mdd_median": -0.4986,
        "mdd_p75": -0.13635
      },
      "36": {
        "n_total": 2207,
        "n_hit": 1628,
        "p_hit": 0.737653,
        "t_hit_p25": 2.0,
        "t_hit_median": 6.0,
        "t_hit_p75": 14.0,
        "mdd_p25": -1.379025,
        "mdd_median": -0.5455,
        "mdd_p75": -0.16472499999999998
      },
      "48": {
        "n_total": 2207,
        "n_hit": 1706,
        "p_hit": 0.772995,
        "t_hit_p25": 3.0,
        "t_hit_median": 6.0,
        "t_hit_p75": 16.0,
        "mdd_p25": -1.4606999999999999,
        "mdd_median": -0.5775,
        "mdd_p75": -0.174825
      },
      "60": {
        "n_total": 2207,
        "n_hit": 1773,
        "p_hit": 0.803353,
        "t_hit_p25": 3.0,
        "t_hit_median": 7.0,
        "t_hit_p75": 18.0,
        "mdd_p25": -1.5784,
        "mdd_median": -0.6136,
        "mdd_p75": -0.1877
      },
      "72": {
        "n_total": 2207,
        "n_hit": 1828,
        "p_hit": 0.828274,
        "t_hit_p25": 3.0,
        "t_hit_median": 7.0,
        "t_hit_p75": 20.0,
        "mdd_p25": -1.687375,
        "mdd_median": -0.6609,
        "mdd_p75": -0.202275
      },
      "84": {
        "n_total": 2207,
        "n_hit": 1870,
        "p_hit": 0.847304,
        "t_hit_p25": 3.0,
        "t_hit_median": 7.0,
        "t_hit_p75": 21.0,
        "mdd_p25": -1.785625,
        "mdd_median": -0.6870499999999999,
        "mdd_p75": -0.213975
      },
      "96": {
        "n_total": 2207,
        "n_hit": 1896,
        "p_hit": 0.859085,
        "t_hit_p25": 3.0,
        "t_hit_median": 8.0,
        "t_hit_p75": 22.0,
        "mdd_p25": -1.8323,
        "mdd_median": -0.7073,
        "mdd_p75": -0.219925
      }
    },
    "2.0": {
      "12": {
        "n_total": 2207,
        "n_hit": 601,
        "p_hit": 0.272315,
        "t_hit_p25": 3.0,
        "t_hit_median": 5.0,
        "t_hit_p75": 8.0,
        "mdd_p25": -1.0266,
        "mdd_median": -0.436,
        "mdd_p75": -0.1092
      },
      "24": {
        "n_total": 2207,
        "n_hit": 935,
        "p_hit": 0.423652,
        "t_hit_p25": 4.0,
        "t_hit_median": 9.0,
        "t_hit_p75": 16.0,
        "mdd_p25": -1.3949500000000001,
        "mdd_median": -0.6136,
        "mdd_p75": -0.1839
      },
      "36": {
        "n_total": 2207,
        "n_hit": 1151,
        "p_hit": 0.521522,
        "t_hit_p25": 5.0,
        "t_hit_median": 12.0,
        "t_hit_p75": 21.0,
        "mdd_p25": -1.6149499999999999,
        "mdd_median": -0.745,
        "mdd_p75": -0.2233
      },
      "48": {
        "n_total": 2207,
        "n_hit": 1302,
        "p_hit": 0.589941,
        "t_hit_p25": 6.0,
        "t_hit_median": 14.0,
        "t_hit_p75": 26.0,
        "mdd_p25": -1.67865,
        "mdd_median": -0.83545,
        "mdd_p75": -0.2651
      },
      "60": {
        "n_total": 2207,
        "n_hit": 1405,
        "p_hit": 0.636611,
        "t_hit_p25": 6.0,
        "t_hit_median": 16.0,
        "t_hit_p75": 31.0,
        "mdd_p25": -1.723,
        "mdd_median": -0.9027,
        "mdd_p75": -0.2787
      },
      "72": {
        "n_total": 2207,
        "n_hit": 1500,
        "p_hit": 0.679656,
        "t_hit_p25": 7.0,
        "t_hit_median": 17.0,
        "t_hit_p75": 35.0,
        "mdd_p25": -1.9171500000000001,
        "mdd_median": -0.9743999999999999,
        "mdd_p75": -0.310575
      },
      "84": {
        "n_total": 2207,
        "n_hit": 1561,
        "p_hit": 0.707295,
        "t_hit_p25": 7.0,
        "t_hit_median": 18.0,
        "t_hit_p75": 38.0,
        "mdd_p25": -2.1335,
        "mdd_median": -1.0266,
        "mdd_p75": -0.3324
      },
      "96": {
        "n_total": 2207,
        "n_hit": 1621,
        "p_hit": 0.734481,
        "t_hit_p25": 7.0,
        "t_hit_median": 19.0,
        "t_hit_p75": 41.0,
        "mdd_p25": -2.232,
        "mdd_median": -1.109,
        "mdd_p75": -0.352
      }
    },
    "3.0": {
      "12": {
        "n_total": 2207,
        "n_hit": 338,
        "p_hit": 0.153149,
        "t_hit_p25": 3.0,
        "t_hit_median": 6.0,
        "t_hit_p75": 9.0,
        "mdd_p25": -0.983875,
        "mdd_median": -0.41425,
        "mdd_p75": -0.12204999999999999
      },
      "24": {
        "n_total": 2207,
        "n_hit": 568,
        "p_hit": 0.257363,
        "t_hit_p25": 5.0,
        "t_hit_median": 10.0,
        "t_hit_p75": 17.0,
        "mdd_p25": -1.4018,
        "mdd_median": -0.5944,
        "mdd_p75": -0.17575000000000002
      },
      "36": {
        "n_total": 2207,
        "n_hit": 785,
        "p_hit": 0.355686,
        "t_hit_p25": 7.0,
        "t_hit_median": 15.0,
        "t_hit_p75": 26.0,
        "mdd_p25": -1.6817,
        "mdd_median": -0.7209,
        "mdd_p75": -0.2238
      },
      "48": {
        "n_total": 2207,
        "n_hit": 949,
        "p_hit": 0.429995,
        "t_hit_p25": 8.0,
        "t_hit_median": 20.0,
        "t_hit_p75": 32.0,
        "mdd_p25": -1.8112,
        "mdd_median": -0.8755,