{
  "schema": "baseline_probs_v1",
  "source_labels": "data/labels/labels_v1.csv",
  "n_rows_labels": 3151,
  "thresholds": [
    0.5,
    1.0,
    2.0,
    3.0,
    5.0
  ],
  "horizons": [
    12,
    24,
    36,
    48,
    60,
    72,
    84,
    96
  ],
  "results": {
    "0.5": {
      "12": {
        "n_total": 3151,
        "n_hit": 2229,
        "p_hit": 0.707394,
        "t_hit_p25": 1.0,
        "t_hit_median": 2.0,
        "t_hit_p75": 4.0,
        "mdd_p25": -0.7285,
        "mdd_median": -0.2957,
        "mdd_p75": -0.0504
      },
      "24": {
        "n_total": 3151,
        "n_hit": 2533,
        "p_hit": 0.803872,
        "t_hit_p25": 1.0,
        "t_hit_median": 3.0,
        "t_hit_p75": 7.0,
        "mdd_p25": -0.9222,
        "mdd_median": -0.3634,
        "mdd_p75": -0.0805
      },
      "36": {
        "n_total": 3151,
        "n_hit": 2678,
        "p_hit": 0.849889,
        "t_hit_p25": 1.0,
        "t_hit_median": 3.0,
        "t_hit_p75": 8.0,
        "mdd_p25": -1.015575,
        "mdd_median": -0.40764999999999996,
        "mdd_p75": -0.094175
      },
      "48": {
        "n_total": 3151,
        "n_hit": 2741,
        "p_hit": 0.869883,
        "t_hit_p25": 1.0,
        "t_hit_median": 3.0,
        "t_hit_p75": 9.0,
        "mdd_p25": -1.1226,
        "mdd_median": -0.4227,
        "mdd_p75": -0.102
      },
      "60": {
        "n_total": 3151,
        "n_hit": 2772,
        "p_hit": 0.879721,
        "t_hit_p25": 1.0,
        "t_hit_median": 3.0,
        "t_hit_p75": 9.0,
        "mdd_p25": -1.1528,
        "mdd_median": -0.43194999999999995,
        "mdd_p75": -0.10417499999999999
      },
      "72": {
        "n_total": 3151,
        "n_hit": 2816,
        "p_hit": 0.893685,
        "t_hit_p25": 1.0,
        "t_hit_median": 3.0,
        "t_hit_p75": 10.0,
        "mdd_p25": -1.2238,
        "mdd_median": -0.44445,
        "mdd_p75": -0.106525
      },
      "84": {
        "n_total": 3151,
        "n_hit": 2859,
        "p_hit": 0.907331,
        "t_hit_p25": 1.0,
        "t_hit_median": 3.0,
        "t_hit_p75": 10.0,
        "mdd_p25": -1.2939500000000002,
        "mdd_median": -0.4615,
        "mdd_p75": -0.11115
      },
      "96": {
        "n_total": 3151,
        "n_hit": 2889,
        "p_hit": 0.916852,
        "t_hit_p25": 1.0,
        "t_hit_median": 3.0,
        "t_hit_p75": 11.0,
        "mdd_p25": -1.3417,
        "mdd_median": -0.4728,
        "mdd_p75": -0.115
      }
    },
    "1.0": {
      "12": {
        "n_total": 3151,
        "n_hit": 1628,
        "p_hit": 0.516661,
        "t_hit_p25": 2.0,
        "t_hit_median": 4.0,
        "t_hit_p75": 7.0,
        "mdd_p25": -0.93535,
        "mdd_median": -0.3637,
        "mdd_p75": -0.07797499999999999
      },
      "24": {
        "n_total": 3151,
        "n_hit": 2048,
        "p_hit": 0.649952,
        "t_hit_p25": 2.0,
        "t_hit_median": 5.0,
        "t_hit_p75": 11.0,
        "mdd_p25": -1.120775,
        "mdd_median": -0.47004999999999997,
        "mdd_p75": -0.12735000000000002
      },
      "36": {
        "n_total": 3151,
        "n_hit": 2292,
        "p_hit": 0.727388,
        "t_hit_p25": 3.0,
        "t_hit_median": 6.0,
        "t_hit_p75": 15.0,
        "mdd_p25": -1.3337750000000002,
        "mdd_median": -0.53735,
        "mdd_p75": -0.15630000000000002
      },
      "48": {
        "n_total": 3151,
        "n_hit": 2410,
        "p_hit": 0.764837,
        "t_hit_p25": 3.0,
        "t_hit_median": 7.0,
        "t_hit_p75": 17.0,
        "mdd_p25": -1.3981000000000001,
        "mdd_median": -0.55965,
        "mdd_p75": -0.171
      },
      "60": {
        "n_total": 3151,
        "n_hit": 2495,
        "p_hit": 0.791812,
        "t_hit_p25": 3.0,
        "t_hit_median": 7.0,
        "t_hit_p75": 18.0,
        "mdd_p25": -1.5023499999999999,
        "mdd_median": -0.5981,
        "mdd_p75": -0.1785
      },
      "72": {
        "n_total": 3151,
        "n_hit": 2568,
        "p_hit": 0.814979,
        "t_hit_p25": 3.0,
        "t_hit_median": 8.0,
        "t_hit_p75": 20.0,
        "mdd_p25": -1.5973000000000002,
        "mdd_median": -0.62325,
        "mdd_p75": -0.190525
      },
      "84": {
        "n_total": 3151,
        "n_hit": 2628,
        "p_hit": 0.834021,
        "t_hit_p25": 3.0,
        "t_hit_median": 8.0,
        "t_hit_p75": 22.0,
        "mdd_p25": -1.689425,
        "mdd_median": -0.66525,
        "mdd_p75": -0.200025
      },
      "96": {
        "n_total": 3151,
        "n_hit": 2667,
        "p_hit": 0.846398,
        "t_hit_p25": 3.0,
        "t_hit_median": 8.0,
        "t_hit_p75": 23.0,
        "mdd_p25": -1.7647499999999998,
        "mdd_median": -0.6831,
        "mdd_p75": -0.20655
      }
    },
    "2.0": {
      "12": {
        "n_total": 3151,
        "n_hit": 773,
        "p_hit": 0.245319,
        "t_hit_p25": 3.0,
        "t_hit_median": 5.0,
        "t_hit_p75": 9.0,
        "mdd_p25": -0.962,
        "mdd_median": -0.3985,
        "mdd_p75": -0.0777
      },
      "24": {
        "n_total": 3151,
        "n_hit": 1261,
        "p_hit": 0.40019,
        "t_hit_p25": 4.0,
        "t_hit_median": 9.0,
        "t_hit_p75": 16.0,
        "mdd_p25": -1.2647,
        "mdd_median": -0.5708,
        "mdd_p75": -0.1725
      },
      "36": {
        "n_total": 3151,
        "n_hit": 1596,
        "p_hit": 0.506506,
        "t_hit_p25": 5.0,
        "t_hit_median": 13.0,
        "t_hit_p75": 23.0,
        "mdd_p25": -1.4587249999999998,
        "mdd_median": -0.6797,
        "mdd_p75": -0.217425
      },
      "48": {
        "n_total": 3151,
        "n_hit": 1819,
        "p_hit": 0.577277,
        "t_hit_p25": 6.0,
        "t_hit_median": 16.0,
        "t_hit_p75": 28.0,
        "mdd_p25": -1.5865999999999998,
        "mdd_median": -0.7662,
        "mdd_p75": -0.26234999999999997
      },
      "60": {
        "n_total": 3151,
        "n_hit": 1966,
        "p_hit": 0.623929,
        "t_hit_p25": 7.0,
        "t_hit_median": 17.0,
        "t_hit_p75": 32.0,
        "mdd_p25": -1.666375,
        "mdd_median": -0.8221499999999999,
        "mdd_p75": -0.28435
      },
      "72": {
        "n_total": 3151,
        "n_hit": 2096,
        "p_hit": 0.665186,
        "t_hit_p25": 7.0,
        "t_hit_median": 18.0,
        "t_hit_p75": 36.0,
        "mdd_p25": -1.8270499999999998,
        "mdd_median": -0.92235,
        "mdd_p75": -0.3128
      },
      "84": {
        "n_total": 3151,
        "n_hit": 2184,
        "p_hit": 0.693113,
        "t_hit_p25": 8.0,
        "t_hit_median": 20.0,
        "t_hit_p75": 39.0,
        "mdd_p25": -1.983875,
        "mdd_median": -0.97235,
        "mdd_p75": -0.3379
      },
      "96": {
        "n_total": 3151,
        "n_hit": 2265,
        "p_hit": 0.718819,
        "t_hit_p25": 8.0,
        "t_hit_median": 21.0,
        "t_hit_p75": 42.0,
        "mdd_p25": -2.1256,
        "mdd_median": -1.0146,
        "mdd_p75": -0.3487
      }
    },
    "3.0": {
      "12": {
        "n_total": 3151,
        "n_hit": 409,
        "p_hit": 0.1298,
        "t_hit_p25": 3.0,
        "t_hit_median": 6.0,
        "t_hit_p75": 9.0,
        "mdd_p25": -0.9293,
        "mdd_median": -0.3684,
        "mdd_p75": -0.0818
      },
      "24": {
        "n_total": 3151,
        "n_hit": 730,
        "p_hit": 0.231672,
        "t_hit_p25": 5.0,
        "t_hit_median": 11.0,
        "t_hit_p75": 17.0,
        "mdd_p25": -1.3321,
        "mdd_median": -0.5561,
        "mdd_p75": -0.1567
      },
      "36": {
        "n_total": 3151,
        "n_hit": 1031,
        "p_hit": 0.327198,
        "t_hit_p25": 7.0,
        "t_hit_median": 16.0,
        "t_hit_p75": 26.0,
        "mdd_p25": -1.5885500000000001,
        "mdd_median": -0.6985,
        "mdd_p75": -0.20805
      },
      "48": {
        "n_total": 3151,
        "n_hit": 1275,
        "p_hit": 0.404633,
        "t_hit_p25": 9.0,
        "t_hit_median": 21.0,
        "t_hit_p75": 33.0,
        "mdd_p25": -1.7377500000000001,