{
  "schema": "baseline_probs_v1",
  "source_labels": "data/labels/labels_v1.csv",
  "n_rows_labels": 1754,
  "thresholds": [
    0.5,
    1.0,
    2.0,
    3.0,
    5.0
  ],
  "horizons": [
    12,
    24,
    36,
    48,
    60,
    72,
    84,
    96
  ],
  "results": {
    "0.5": {
      "12": {
        "n_total": 1754,
        "n_hit": 1265,
        "p_hit": 0.721209,
        "t_hit_p25": 1.0,
        "t_hit_median": 2.0,
        "t_hit_p75": 4.0,
        "mdd_p25": -0.8118,
        "mdd_median": -0.2975,
        "mdd_p75": -0.0565
      },
      "24": {
        "n_total": 1754,
        "n_hit": 1426,
        "p_hit": 0.812999,
        "t_hit_p25": 1.0,
        "t_hit_median": 3.0,
        "t_hit_p75": 6.0,
        "mdd_p25": -0.96875,
        "mdd_median": -0.3688,
        "mdd_p75": -0.087825
      },
      "36": {
        "n_total": 1754,
        "n_hit": 1496,
        "p_hit": 0.852908,
        "t_hit_p25": 1.0,
        "t_hit_median": 3.0,
        "t_hit_p75": 7.0,
        "mdd_p25": -1.0563,
        "mdd_median": -0.4044,
        "mdd_p75": -0.100825
      },
      "48": {
        "n_total": 1754,
        "n_hit": 1518,
        "p_hit": 0.86545,
        "t_hit_p25": 1.0,
        "t_hit_median": 3.0,
        "t_hit_p75": 8.0,
        "mdd_p25": -1.1079249999999998,
        "mdd_median": -0.41375,
        "mdd_p75": -0.10289999999999999
      },
      "60": {
        "n_total": 1754,
        "n_hit": 1533,
        "p_hit": 0.874002,
        "t_hit_p25": 1.0,
        "t_hit_median": 3.0,
        "t_hit_p75": 8.0,
        "mdd_p25": -1.1496,
        "mdd_median": -0.4211,
        "mdd_p75": -0.1046
      },
      "72": {
        "n_total": 1754,
        "n_hit": 1562,
        "p_hit": 0.890536,
        "t_hit_p25": 1.0,
        "t_hit_median": 3.0,
        "t_hit_p75": 9.0,
        "mdd_p25": -1.22485,
        "mdd_median": -0.438,
        "mdd_p75": -0.107875
      },
      "84": {
        "n_total": 1754,
        "n_hit": 1589,
        "p_hit": 0.905929,
        "t_hit_p25": 1.0,
        "t_hit_median": 3.0,
        "t_hit_p75": 9.0,
        "mdd_p25": -1.2942,
        "mdd_median": -0.4492,
        "mdd_p75": -0.1132
      },
      "96": {
        "n_total": 1754,
        "n_hit": 1608,
        "p_hit": 0.916762,
        "t_hit_p25": 1.0,
        "t_hit_median": 3.0,
        "t_hit_p75": 10.0,
        "mdd_p25": -1.35045,
        "mdd_median": -0.46875,
        "mdd_p75": -0.11705
      }
    },
    "1.0": {
      "12": {
        "n_total": 1754,
        "n_hit": 942,
        "p_hit": 0.537058,
        "t_hit_p25": 2.0,
        "t_hit_median": 4.0,
        "t_hit_p75": 7.0,
        "mdd_p25": -0.9996250000000001,
        "mdd_median": -0.39054999999999995,
        "mdd_p75": -0.08312499999999999
      },
      "24": {
        "n_total": 1754,
        "n_hit": 1150,
        "p_hit": 0.655644,
        "t_hit_p25": 2.0,
        "t_hit_median": 5.0,
        "t_hit_p75": 10.0,
        "mdd_p25": -1.191875,
        "mdd_median": -0.47755000000000003,
        "mdd_p75": -0.130025
      },
      "36": {
        "n_total": 1754,
        "n_hit": 1276,
        "p_hit": 0.72748,
        "t_hit_p25": 2.0,
        "t_hit_median": 6.0,
        "t_hit_p75": 13.0,
        "mdd_p25": -1.35135,
        "mdd_median": -0.5272,
        "mdd_p75": -0.155675
      },
      "48": {
        "n_total": 1754,
        "n_hit": 1336,
        "p_hit": 0.761688,
        "t_hit_p25": 2.0,
        "t_hit_median": 6.0,
        "t_hit_p75": 16.0,
        "mdd_p25": -1.3863,
        "mdd_median": -0.54285,
        "mdd_p75": -0.1633
      },
      "60": {
        "n_total": 1754,
        "n_hit": 1391,
        "p_hit": 0.793044,
        "t_hit_p25": 3.0,
        "t_hit_median": 6.0,
        "t_hit_p75": 18.0,
        "mdd_p25": -1.5008,
        "mdd_median": -0.5803,
        "mdd_p75": -0.17215
      },
      "72": {
        "n_total": 1754,
        "n_hit": 1440,
        "p_hit": 0.820981,
        "t_hit_p25": 3.0,
        "t_hit_median": 7.0,
        "t_hit_p75": 19.0,
        "mdd_p25": -1.626375,
        "mdd_median": -0.61265,
        "mdd_p75": -0.183225
      },
      "84": {
        "n_total": 1754,
        "n_hit": 1474,
        "p_hit": 0.840365,
        "t_hit_p25": 3.0,
        "t_hit_median": 7.0,
        "t_hit_p75": 21.0,
        "mdd_p25": -1.712875,
        "mdd_median": -0.63995,
        "mdd_p75": -0.19115
      },
      "96": {
        "n_total": 1754,
        "n_hit": 1494,
        "p_hit": 0.851767,
        "t_hit_p25": 3.0,
        "t_hit_median": 7.0,
        "t_hit_p75": 22.0,
        "mdd_p25": -1.77655,
        "mdd_median": -0.6655,
        "mdd_p75": -0.194275
      }
    },
    "2.0": {
      "12": {
        "n_total": 1754,
        "n_hit": 482,
        "p_hit": 0.2748,
        "t_hit_p25": 3.0,
        "t_hit_median": 5.0,
        "t_hit_p75": 8.0,
        "mdd_p25": -1.085775,
        "mdd_median": -0.44405,
        "mdd_p75": -0.133475
      },
      "24": {
        "n_total": 1754,
        "n_hit": 749,
        "p_hit": 0.427024,
        "t_hit_p25": 4.0,
        "t_hit_median": 9.0,
        "t_hit_p75": 16.0,
        "mdd_p25": -1.3495,
        "mdd_median": -0.5959,
        "mdd_p75": -0.1834
      },
      "36": {
        "n_total": 1754,
        "n_hit": 911,
        "p_hit": 0.519384,
        "t_hit_p25": 5.0,
        "t_hit_median": 11.0,
        "t_hit_p75": 21.0,
        "mdd_p25": -1.5356999999999998,
        "mdd_median": -0.6549,
        "mdd_p75": -0.20425
      },
      "48": {
        "n_total": 1754,
        "n_hit": 1029,
        "p_hit": 0.586659,
        "t_hit_p25": 5.0,
        "t_hit_median": 14.0,
        "t_hit_p75": 26.0,
        "mdd_p25": -1.5587,
        "mdd_median": -0.6998,
        "mdd_p75": -0.2363
      },
      "60": {
        "n_total": 1754,
        "n_hit": 1119,
        "p_hit": 0.63797,
        "t_hit_p25": 6.0,
        "t_hit_median": 16.0,
        "t_hit_p75": 31.0,
        "mdd_p25": -1.6277499999999998,
        "mdd_median": -0.7653,
        "mdd_p75": -0.2655
      },
      "72": {
        "n_total": 1754,
        "n_hit": 1194,
        "p_hit": 0.68073,
        "t_hit_p25": 6.0,
        "t_hit_median": 17.0,
        "t_hit_p75": 35.0,
        "mdd_p25": -1.7859250000000002,
        "mdd_median": -0.88965,
        "mdd_p75": -0.283475
      },
      "84": {
        "n_total": 1754,
        "n_hit": 1237,
        "p_hit": 0.705245,
        "t_hit_p25": 7.0,
        "t_hit_median": 18.0,
        "t_hit_p75": 38.0,
        "mdd_p25": -1.9117,
        "mdd_median": -0.9528,
        "mdd_p75": -0.3018
      },
      "96": {
        "n_total": 1754,
        "n_hit": 1274,
        "p_hit": 0.72634,
        "t_hit_p25": 7.0,
        "t_hit_median": 18.0,
        "t_hit_p75": 41.0,
        "mdd_p25": -2.095925,
        "mdd_median": -0.985,
        "mdd_p75": -0.3122
      }
    },
    "3.0": {
      "12": {
        "n_total": 1754,
        "n_hit": 272,
        "p_hit": 0.155074,
        "t_hit_p25": 3.0,
        "t_hit_median": 5.0,
        "t_hit_p75": 9.0,
        "mdd_p25": -0.990775,
        "mdd_median": -0.4426,
        "mdd_p75": -0.14435
      },
      "24": {
        "n_total": 1754,
        "n_hit": 445,
        "p_hit": 0.253706,
        "t_hit_p25": 5.0,
        "t_hit_median": 10.0,
        "t_hit_p75": 17.0,
        "mdd_p25": -1.2718,
        "mdd_median": -0.5474,
        "mdd_p75": -0.1701
      },
      "36": {
        "n_total": 1754,
        "n_hit": 611,
        "p_hit": 0.348347,
        "t_hit_p25": 6.0,
        "t_hit_median": 15.0,
        "t_hit_p75": 25.0,
        "mdd_p25": -1.5249000000000001,
        "mdd_median": -0.6217,
        "mdd_p75": -0.20425
      },
      "48": {
        "n_total": 1754,
        "n_hit": 735,
        "p_hit": 0.419042,
        "t_hit_p25": 8.0,
        "t_hit_median": 20.0,
        "t_hit_p75": 32.0,
        "mdd_p25": -1.6028,
        "mdd_median": -0.7064,
        "mdd_p75": -0.2493
      },
      "60": {
        "n_total": 1754,