{
  "schema": "baseline_probs_v1",
  "source_labels": "data/labels/labels_v1.csv",
  "n_rows_labels": 272,
  "thresholds": [
    0.5,
    1.0,
    2.0,
    3.0,
    5.0
  ],
  "horizons": [
    12,
    24,
    36,
    48,
    60,
    72,
    84,
    96
  ],
  "results": {
    "0.5": {
      "12": {
        "n_total": 272,
        "n_hit": 194,
        "p_hit": 0.713235,
        "t_hit_p25": 1.0,
        "t_hit_median": 3.0,
        "t_hit_p75": 5.0,
        "mdd_p25": -0.716125,
        "mdd_median": -0.2755,
        "mdd_p75": -0.07932499999999999
      },
      "24": {
        "n_total": 272,
        "n_hit": 234,
        "p_hit": 0.860294,
        "t_hit_p25": 1.25,
        "t_hit_median": 4.0,
        "t_hit_p75": 10.0,
        "mdd_p25": -0.8570249999999999,
        "mdd_median": -0.3721,
        "mdd_p75": -0.10502500000000001
      },
      "36": {
        "n_total": 272,
        "n_hit": 249,
        "p_hit": 0.915441,
        "t_hit_p25": 2.0,
        "t_hit_median": 4.0,
        "t_hit_p75": 11.0,
        "mdd_p25": -0.8307,
        "mdd_median": -0.3978,
        "mdd_p75": -0.1132
      },
      "48": {
        "n_total": 272,
        "n_hit": 249,
        "p_hit": 0.915441,
        "t_hit_p25": 2.0,
        "t_hit_median": 4.0,
        "t_hit_p75": 11.0,
        "mdd_p25": -0.8307,
        "mdd_median": -0.3978,
        "mdd_p75": -0.1132
      },
      "60": {
        "n_total": 272,
        "n_hit": 255,
        "p_hit": 0.9375,
        "t_hit_p25": 2.0,
        "t_hit_median": 4.0,
        "t_hit_p75": 12.0,
        "mdd_p25": -0.93275,
        "mdd_median": -0.4191,
        "mdd_p75": -0.1188
      },
      "72": {
        "n_total": 272,
        "n_hit": 267,
        "p_hit": 0.981618,
        "t_hit_p25": 2.0,
        "t_hit_median": 5.0,
        "t_hit_p75": 13.5,
        "mdd_p25": -1.0664,
        "mdd_median": -0.4638,
        "mdd_p75": -0.12695
      },
      "84": {
        "n_total": 272,
        "n_hit": 267,
        "p_hit": 0.981618,
        "t_hit_p25": 2.0,
        "t_hit_median": 5.0,
        "t_hit_p75": 13.5,
        "mdd_p25": -1.0664,
        "mdd_median": -0.4638,
        "mdd_p75": -0.12695
      },
      "96": {
        "n_total": 272,
        "n_hit": 267,
        "p_hit": 0.981618,
        "t_hit_p25": 2.0,
        "t_hit_median": 5.0,
        "t_hit_p75": 13.5,
        "mdd_p25": -1.0664,
        "mdd_median": -0.4638,
        "mdd_p75": -0.12695
      }
    },
    "1.0": {
      "12": {
        "n_total": 272,
        "n_hit": 137,
        "p_hit": 0.503676,
        "t_hit_p25": 3.0,
        "t_hit_median": 5.0,
        "t_hit_p75": 7.0,
        "mdd_p25": -0.9839,
        "mdd_median": -0.3775,
        "mdd_p75": -0.1043
      },
      "24": {
        "n_total": 272,
        "n_hit": 180,
        "p_hit": 0.661765,
        "t_hit_p25": 3.0,
        "t_hit_median": 6.0,
        "t_hit_p75": 12.0,
        "mdd_p25": -1.3108499999999998,
        "mdd_median": -0.49545,
        "mdd_p75": -0.1432
      },
      "36": {
        "n_total": 272,
        "n_hit": 209,
        "p_hit": 0.768382,
        "t_hit_p25": 4.0,
        "t_hit_median": 7.0,
        "t_hit_p75": 18.0,
        "mdd_p25": -1.3632,
        "mdd_median": -0.4986,
        "mdd_p75": -0.1719
      },
      "48": {
        "n_total": 272,
        "n_hit": 230,
        "p_hit": 0.845588,
        "t_hit_p25": 4.0,
        "t_hit_median": 9.0,
        "t_hit_p75": 21.0,
        "mdd_p25": -1.3527999999999998,
        "mdd_median": -0.50685,
        "mdd_p75": -0.198425
      },
      "60": {
        "n_total": 272,
        "n_hit": 239,
        "p_hit": 0.878676,
        "t_hit_p25": 4.0,
        "t_hit_median": 9.0,
        "t_hit_p75": 24.0,
        "mdd_p25": -1.3717000000000001,
        "mdd_median": -0.5342,
        "mdd_p75": -0.2274
      },
      "72": {
        "n_total": 272,
        "n_hit": 254,
        "p_hit": 0.933824,
        "t_hit_p25": 5.0,
        "t_hit_median": 11.0,
        "t_hit_p75": 28.0,
        "mdd_p25": -1.5828,
        "mdd_median": -0.5540499999999999,
        "mdd_p75": -0.243625
      },
      "84": {
        "n_total": 272,
        "n_hit": 255,
        "p_hit": 0.9375,
        "t_hit_p25": 5.0,
        "t_hit_median": 11.0,
        "t_hit_p75": 28.0,
        "mdd_p25": -1.5884,
        "mdd_median": -0.5546,
        "mdd_p75": -0.24405
      },
      "96": {
        "n_total": 272,
        "n_hit": 255,
        "p_hit": 0.9375,
        "t_hit_p25": 5.0,
        "t_hit_median": 11.0,
        "t_hit_p75": 28.0,
        "mdd_p25": -1.5884,
        "mdd_median": -0.5546,
        "mdd_p75": -0.24405
      }
    },
    "2.0": {
      "12": {
        "n_total": 272,
        "n_hit": 60,
        "p_hit": 0.220588,
        "t_hit_p25": 4.0,
        "t_hit_median": 6.5,
        "t_hit_p75": 9.0,
        "mdd_p25": -1.228225,
        "mdd_median": -0.42625,
        "mdd_p75": -0.19027499999999997
      },
      "24": {
        "n_total": 272,
        "n_hit": 110,
        "p_hit": 0.404412,
        "t_hit_p25": 6.0,
        "t_hit_median": 11.0,
        "t_hit_p75": 17.75,
        "mdd_p25": -1.397675,
        "mdd_median": -0.6935,
        "mdd_p75": -0.33172500000000005
      },
      "36": {
        "n_total": 272,
        "n_hit": 143,
        "p_hit": 0.525735,
        "t_hit_p25": 8.0,
        "t_hit_median": 15.0,
        "t_hit_p75": 23.0,
        "mdd_p25": -1.371,
        "mdd_median": -0.8025,
        "mdd_p75": -0.33455
      },
      "48": {
        "n_total": 272,
        "n_hit": 172,
        "p_hit": 0.632353,
        "t_hit_p25": 9.0,
        "t_hit_median": 18.0,
        "t_hit_p75": 31.25,
        "mdd_p25": -1.3536,
        "mdd_median": -0.8304499999999999,
        "mdd_p75": -0.36472499999999997
      },
      "60": {
        "n_total": 272,
        "n_hit": 195,
        "p_hit": 0.716912,
        "t_hit_p25": 10.0,
        "t_hit_median": 21.0,
        "t_hit_p75": 37.5,
        "mdd_p25": -1.34315,
        "mdd_median": -0.8197,
        "mdd_p75": -0.36295
      },
      "72": {
        "n_total": 272,
        "n_hit": 209,
        "p_hit": 0.768382,
        "t_hit_p25": 10.0,
        "t_hit_median": 22.0,
        "t_hit_p75": 41.0,
        "mdd_p25": -1.4571,
        "mdd_median": -0.9492,
        "mdd_p75": -0.3859
      },
      "84": {
        "n_total": 272,
        "n_hit": 218,
        "p_hit": 0.801471,
        "t_hit_p25": 11.0,
        "t_hit_median": 24.0,
        "t_hit_p75": 43.75,
        "mdd_p25": -1.533825,
        "mdd_median": -0.9656,
        "mdd_p75": -0.39942500000000003
      },
      "96": {
        "n_total": 272,
        "n_hit": 223,
        "p_hit": 0.819853,
        "t_hit_p25": 11.5,
        "t_hit_median": 25.0,
        "t_hit_p75": 45.0,
        "mdd_p25": -1.5779,
        "mdd_median": -0.9731,
        "mdd_p75": -0.41225
      }
    },
    "3.0": {
      "12": {
        "n_total": 272,
        "n_hit": 36,
        "p_hit": 0.132353,
        "t_hit_p25": 5.0,
        "t_hit_median": 8.0,
        "t_hit_p75": 10.0,
        "mdd_p25": -1.3276249999999998,
        "mdd_median": -0.44155,
        "mdd_p75": -0.189525
      },
      "24": {
        "n_total": 272,
        "n_hit": 64,
        "p_hit": 0.235294,
        "t_hit_p25": 7.0,
        "t_hit_median": 11.0,
        "t_hit_p75": 18.0,
        "mdd_p25": -1.228225,
        "mdd_median": -0.54325,
        "mdd_p75": -0.26612500000000006
      },
      "36": {
        "n_total": 272,
        "n_hit": 92,
        "p_hit": 0.338235,
        "t_hit_p25": 9.75,
        "t_hit_median": 17.5,
        "t_hit_p75": 29.0,
        "mdd_p25": -1.219425,
        "mdd_median": -0.5763499999999999,
        "mdd_p75": -0.27072500000000005
      },
      "48": {
        "n_total": 272,
        "n_hit": 116,
        "p_hit": 0.426471,
        "t_hit_p25": 10.0,
        "t_hit_median": 21.0,
        "t_hit_p75": 33.25,
        "mdd_p25": -1.0374249999999998,
        "mdd_median": -0.5787,
        "mdd_p75": -0.334725
      },