{
  "schema": "baseline_probs_v1",
  "source_labels": "data/labels/labels_v1.csv",
  "n_rows_labels": 1986,
  "thresholds": [
    0.5,
    1.0,
    2.0,
    3.0,
    5.0
  ],
  "horizons": [
    12,
    24,
    36,
    48,
    60,
    72,
    84,
    96
  ],
  "results": {
    "0.5": {
      "12": {
        "n_total": 1986,
        "n_hit": 1417,
        "p_hit": 0.713494,
        "t_hit_p25": 1.0,
        "t_hit_median": 2.0,
        "t_hit_p75": 4.0,
        "mdd_p25": -0.7918,
        "mdd_median": -0.3046,
        "mdd_p75": -0.0572
      },
      "24": {
        "n_total": 1986,
        "n_hit": 1599,
        "p_hit": 0.805136,
        "t_hit_p25": 1.0,
        "t_hit_median": 2.0,
        "t_hit_p75": 6.0,
        "mdd_p25": -0.95715,
        "mdd_median": -0.3703,
        "mdd_p75": -0.09045
      },
      "36": {
        "n_total": 1986,
        "n_hit": 1683,
        "p_hit": 0.847432,
        "t_hit_p25": 1.0,
        "t_hit_median": 3.0,
        "t_hit_p75": 7.0,
        "mdd_p25": -1.0644,
        "mdd_median": -0.4096,
        "mdd_p75": -0.10239999999999999
      },
      "48": {
        "n_total": 1986,
        "n_hit": 1717,
        "p_hit": 0.864552,
        "t_hit_p25": 1.0,
        "t_hit_median": 3.0,
        "t_hit_p75": 8.0,
        "mdd_p25": -1.152,
        "mdd_median": -0.4211,
        "mdd_p75": -0.1056
      },
      "60": {
        "n_total": 1986,
        "n_hit": 1734,
        "p_hit": 0.873112,
        "t_hit_p25": 1.0,
        "t_hit_median": 3.0,
        "t_hit_p75": 8.0,
        "mdd_p25": -1.184125,
        "mdd_median": -0.42805,
        "mdd_p75": -0.10685
      },
      "72": {
        "n_total": 1986,
        "n_hit": 1765,
        "p_hit": 0.888721,
        "t_hit_p25": 1.0,
        "t_hit_median": 3.0,
        "t_hit_p75": 9.0,
        "mdd_p25": -1.2638,
        "mdd_median": -0.4456,
        "mdd_p75": -0.1117
      },
      "84": {
        "n_total": 1986,
        "n_hit": 1795,
        "p_hit": 0.903827,
        "t_hit_p25": 1.0,
        "t_hit_median": 3.0,
        "t_hit_p75": 10.0,
        "mdd_p25": -1.34995,
        "mdd_median": -0.4665,
        "mdd_p75": -0.1174
      },
      "96": {
        "n_total": 1986,
        "n_hit": 1816,
        "p_hit": 0.914401,
        "t_hit_p25": 1.0,
        "t_hit_median": 3.0,
        "t_hit_p75": 10.0,
        "mdd_p25": -1.380775,
        "mdd_median": -0.4748,
        "mdd_p75": -0.118975
      }
    },
    "1.0": {
      "12": {
        "n_total": 1986,
        "n_hit": 1043,
        "p_hit": 0.525176,
        "t_hit_p25": 2.0,
        "t_hit_median": 4.0,
        "t_hit_p75": 7.0,
        "mdd_p25": -0.99895,
        "mdd_median": -0.385,
        "mdd_p75": -0.08315
      },
      "24": {
        "n_total": 1986,
        "n_hit": 1279,
        "p_hit": 0.644008,
        "t_hit_p25": 2.0,
        "t_hit_median": 5.0,
        "t_hit_p75": 10.0,
        "mdd_p25": -1.2248,
        "mdd_median": -0.4818,
        "mdd_p75": -0.13005
      },
      "36": {
        "n_total": 1986,
        "n_hit": 1425,
        "p_hit": 0.717523,
        "t_hit_p25": 2.0,
        "t_hit_median": 6.0,
        "t_hit_p75": 14.0,
        "mdd_p25": -1.3903,
        "mdd_median": -0.5397,
        "mdd_p75": -0.1577
      },
      "48": {
        "n_total": 1986,
        "n_hit": 1499,
        "p_hit": 0.754783,
        "t_hit_p25": 2.0,
        "t_hit_median": 6.0,
        "t_hit_p75": 16.0,
        "mdd_p25": -1.4751,
        "mdd_median": -0.5673,
        "mdd_p75": -0.16935
      },
      "60": {
        "n_total": 1986,
        "n_hit": 1564,
        "p_hit": 0.787513,
        "t_hit_p25": 3.0,
        "t_hit_median": 7.0,
        "t_hit_p75": 18.0,
        "mdd_p25": -1.6071499999999999,
        "mdd_median": -0.6025499999999999,
        "mdd_p75": -0.17645
      },
      "72": {
        "n_total": 1986,
        "n_hit": 1618,
        "p_hit": 0.814703,
        "t_hit_p25": 3.0,
        "t_hit_median": 7.0,
        "t_hit_p75": 20.0,
        "mdd_p25": -1.72545,
        "mdd_median": -0.6488,
        "mdd_p75": -0.190025
      },
      "84": {
        "n_total": 1986,
        "n_hit": 1656,
        "p_hit": 0.833837,
        "t_hit_p25": 3.0,
        "t_hit_median": 7.0,
        "t_hit_p75": 22.0,
        "mdd_p25": -1.822225,
        "mdd_median": -0.68155,
        "mdd_p75": -0.199675
      },
      "96": {
        "n_total": 1986,
        "n_hit": 1680,
        "p_hit": 0.845921,
        "t_hit_p25": 3.0,
        "t_hit_median": 8.0,
        "t_hit_p75": 23.0,
        "mdd_p25": -1.899475,
        "mdd_median": -0.70225,
        "mdd_p75": -0.206925
      }
    },
    "2.0": {
      "12": {
        "n_total": 1986,
        "n_hit": 530,
        "p_hit": 0.266868,
        "t_hit_p25": 3.0,
        "t_hit_median": 5.0,
        "t_hit_p75": 8.0,
        "mdd_p25": -1.07665,
        "mdd_median": -0.42955,
        "mdd_p75": -0.11645
      },
      "24": {
        "n_total": 1986,
        "n_hit": 831,
        "p_hit": 0.418429,
        "t_hit_p25": 4.0,
        "t_hit_median": 9.0,
        "t_hit_p75": 16.0,
        "mdd_p25": -1.3949500000000001,
        "mdd_median": -0.5981,
        "mdd_p75": -0.1763
      },
      "36": {
        "n_total": 1986,
        "n_hit": 1011,
        "p_hit": 0.509063,
        "t_hit_p25": 5.0,
        "t_hit_median": 11.0,
        "t_hit_p75": 21.0,
        "mdd_p25": -1.58045,
        "mdd_median": -0.6798,
        "mdd_p75": -0.20535
      },
      "48": {
        "n_total": 1986,
        "n_hit": 1141,
        "p_hit": 0.574522,
        "t_hit_p25": 5.0,
        "t_hit_median": 14.0,
        "t_hit_p75": 26.0,
        "mdd_p25": -1.6347,
        "mdd_median": -0.7315,
        "mdd_p75": -0.2433
      },
      "60": {
        "n_total": 1986,
        "n_hit": 1231,
        "p_hit": 0.619839,
        "t_hit_p25": 6.0,
        "t_hit_median": 16.0,
        "t_hit_p75": 30.5,
        "mdd_p25": -1.71035,
        "mdd_median": -0.81,
        "mdd_p75": -0.2698
      },
      "72": {
        "n_total": 1986,
        "n_hit": 1315,
        "p_hit": 0.662135,
        "t_hit_p25": 6.0,
        "t_hit_median": 17.0,
        "t_hit_p75": 35.0,
        "mdd_p25": -1.90775,
        "mdd_median": -0.9246,
        "mdd_p75": -0.2924
      },
      "84": {
        "n_total": 1986,
        "n_hit": 1365,
        "p_hit": 0.687311,
        "t_hit_p25": 7.0,
        "t_hit_median": 18.0,
        "t_hit_p75": 38.0,
        "mdd_p25": -2.146,
        "mdd_median": -0.9742,
        "mdd_p75": -0.3049
      },
      "96": {
        "n_total": 1986,
        "n_hit": 1411,
        "p_hit": 0.710473,
        "t_hit_p25": 7.0,
        "t_hit_median": 18.0,
        "t_hit_p75": 41.0,
        "mdd_p25": -2.2952,
        "mdd_median": -1.017,
        "mdd_p75": -0.3185
      }
    },
    "3.0": {
      "12": {
        "n_total": 1986,
        "n_hit": 296,
        "p_hit": 0.149043,
        "t_hit_p25": 3.0,
        "t_hit_median": 6.0,
        "t_hit_p75": 9.0,
        "mdd_p25": -0.990225,
        "mdd_median": -0.43525,
        "mdd_p75": -0.135025
      },
      "24": {
        "n_total": 1986,
        "n_hit": 494,
        "p_hit": 0.248741,
        "t_hit_p25": 5.0,
        "t_hit_median": 10.0,
        "t_hit_p75": 17.0,
        "mdd_p25": -1.3912749999999998,
        "mdd_median": -0.5822,
        "mdd_p75": -0.17054999999999998
      },
      "36": {
        "n_total": 1986,
        "n_hit": 672,
        "p_hit": 0.338369,
        "t_hit_p25": 6.0,
        "t_hit_median": 15.0,
        "t_hit_p75": 25.0,
        "mdd_p25": -1.6450749999999998,
        "mdd_median": -0.6769499999999999,
        "mdd_p75": -0.206625
      },
      "48": {
        "n_total": 1986,
        "n_hit": 809,
        "p_hit": 0.407351,
        "t_hit_p25": 8.0,
        "t_hit_median": 19.0,
        "t_hit_p75": 32.0,
        "mdd_p25": -1.7573,
        "mdd_median": -0.7959,
        "mdd_p75": -0.2654
      },
      "60": {
        "n_total": 1986,
        "n_hit": 911,