{
  "schema": "baseline_probs_v1",
  "source_labels": "data/labels/labels_v1.csv",
  "n_rows_labels": 1207,
  "thresholds": [
    0.5,
    1.0,
    2.0,
    3.0,
    5.0
  ],
  "horizons": [
    12,
    24,
    36,
    48,
    60,
    72,
    84,
    96
  ],
  "results": {
    "0.5": {
      "12": {
        "n_total": 1207,
        "n_hit": 850,
        "p_hit": 0.704225,
        "t_hit_p25": 1.0,
        "t_hit_median": 2.0,
        "t_hit_p75": 5.0,
        "mdd_p25": -0.8421250000000001,
        "mdd_median": -0.2912,
        "mdd_p75": -0.06125
      },
      "24": {
        "n_total": 1207,
        "n_hit": 973,
        "p_hit": 0.806131,
        "t_hit_p25": 1.0,
        "t_hit_median": 3.0,
        "t_hit_p75": 7.0,
        "mdd_p25": -0.9746,
        "mdd_median": -0.3733,
        "mdd_p75": -0.0922
      },
      "36": {
        "n_total": 1207,
        "n_hit": 1020,
        "p_hit": 0.84507,
        "t_hit_p25": 1.0,
        "t_hit_median": 3.0,
        "t_hit_p75": 9.0,
        "mdd_p25": -1.003225,
        "mdd_median": -0.40459999999999996,
        "mdd_p75": -0.10255
      },
      "48": {
        "n_total": 1207,
        "n_hit": 1030,
        "p_hit": 0.853355,
        "t_hit_p25": 1.0,
        "t_hit_median": 3.0,
        "t_hit_p75": 9.0,
        "mdd_p25": -1.0567,
        "mdd_median": -0.41100000000000003,
        "mdd_p75": -0.10415
      },
      "60": {
        "n_total": 1207,
        "n_hit": 1044,
        "p_hit": 0.864954,
        "t_hit_p25": 1.0,
        "t_hit_median": 3.0,
        "t_hit_p75": 9.0,
        "mdd_p25": -1.1020750000000001,
        "mdd_median": -0.42005,
        "mdd_p75": -0.10567499999999999
      },
      "72": {
        "n_total": 1207,
        "n_hit": 1066,
        "p_hit": 0.883181,
        "t_hit_p25": 1.0,
        "t_hit_median": 3.0,
        "t_hit_p75": 10.0,
        "mdd_p25": -1.178375,
        "mdd_median": -0.43895,
        "mdd_p75": -0.108775
      },
      "84": {
        "n_total": 1207,
        "n_hit": 1084,
        "p_hit": 0.898094,
        "t_hit_p25": 1.0,
        "t_hit_median": 4.0,
        "t_hit_p75": 10.0,
        "mdd_p25": -1.249375,
        "mdd_median": -0.44884999999999997,
        "mdd_p75": -0.113025
      },
      "96": {
        "n_total": 1207,
        "n_hit": 1090,
        "p_hit": 0.903065,
        "t_hit_p25": 1.0,
        "t_hit_median": 4.0,
        "t_hit_p75": 11.0,
        "mdd_p25": -1.2698,
        "mdd_median": -0.46099999999999997,
        "mdd_p75": -0.116425
      }
    },
    "1.0": {
      "12": {
        "n_total": 1207,
        "n_hit": 619,
        "p_hit": 0.512842,
        "t_hit_p25": 2.0,
        "t_hit_median": 4.0,
        "t_hit_p75": 7.0,
        "mdd_p25": -0.99305,
        "mdd_median": -0.3782,
        "mdd_p75": -0.08085
      },
      "24": {
        "n_total": 1207,
        "n_hit": 779,
        "p_hit": 0.645402,
        "t_hit_p25": 2.0,
        "t_hit_median": 5.0,
        "t_hit_p75": 11.0,
        "mdd_p25": -1.13765,
        "mdd_median": -0.4685,
        "mdd_p75": -0.11935
      },
      "36": {
        "n_total": 1207,
        "n_hit": 865,
        "p_hit": 0.716653,
        "t_hit_p25": 3.0,
        "t_hit_median": 6.0,
        "t_hit_p75": 15.0,
        "mdd_p25": -1.2181,
        "mdd_median": -0.4798,
        "mdd_p75": -0.1454
      },
      "48": {
        "n_total": 1207,
        "n_hit": 901,
        "p_hit": 0.746479,
        "t_hit_p25": 3.0,
        "t_hit_median": 7.0,
        "t_hit_p75": 17.0,
        "mdd_p25": -1.2462,
        "mdd_median": -0.4872,
        "mdd_p75": -0.1577
      },
      "60": {
        "n_total": 1207,
        "n_hit": 938,
        "p_hit": 0.777133,
        "t_hit_p25": 3.0,
        "t_hit_median": 7.0,
        "t_hit_p75": 18.0,
        "mdd_p25": -1.350775,
        "mdd_median": -0.52395,
        "mdd_p75": -0.163975
      },
      "72": {
        "n_total": 1207,
        "n_hit": 972,
        "p_hit": 0.805302,
        "t_hit_p25": 3.0,
        "t_hit_median": 8.0,
        "t_hit_p75": 20.0,
        "mdd_p25": -1.42425,
        "mdd_median": -0.54965,
        "mdd_p75": -0.170925
      },
      "84": {
        "n_total": 1207,
        "n_hit": 994,
        "p_hit": 0.823529,
        "t_hit_p25": 3.0,
        "t_hit_median": 8.0,
        "t_hit_p75": 21.0,
        "mdd_p25": -1.533225,
        "mdd_median": -0.57655,
        "mdd_p75": -0.17275
      },
      "96": {
        "n_total": 1207,
        "n_hit": 1005,
        "p_hit": 0.832643,
        "t_hit_p25": 3.0,
        "t_hit_median": 8.0,
        "t_hit_p75": 22.0,
        "mdd_p25": -1.5587,
        "mdd_median": -0.5846,
        "mdd_p75": -0.1754
      }
    },
    "2.0": {
      "12": {
        "n_total": 1207,
        "n_hit": 311,
        "p_hit": 0.257664,
        "t_hit_p25": 3.0,
        "t_hit_median": 5.0,
        "t_hit_p75": 8.0,
        "mdd_p25": -1.1099999999999999,
        "mdd_median": -0.4477,
        "mdd_p75": -0.14429999999999998
      },
      "24": {
        "n_total": 1207,
        "n_hit": 489,
        "p_hit": 0.405137,
        "t_hit_p25": 4.0,
        "t_hit_median": 9.0,
        "t_hit_p75": 16.0,
        "mdd_p25": -1.3232,
        "mdd_median": -0.5803,
        "mdd_p75": -0.1766
      },
      "36": {
        "n_total": 1207,
        "n_hit": 594,
        "p_hit": 0.492129,
        "t_hit_p25": 5.0,
        "t_hit_median": 11.0,
        "t_hit_p75": 21.0,
        "mdd_p25": -1.3241749999999999,
        "mdd_median": -0.5724,
        "mdd_p75": -0.17702500000000002
      },
      "48": {
        "n_total": 1207,
        "n_hit": 678,
        "p_hit": 0.561723,
        "t_hit_p25": 6.0,
        "t_hit_median": 14.0,
        "t_hit_p75": 27.0,
        "mdd_p25": -1.3402500000000002,
        "mdd_median": -0.57655,
        "mdd_p75": -0.205125
      },
      "60": {
        "n_total": 1207,
        "n_hit": 741,
        "p_hit": 0.613919,
        "t_hit_p25": 6.0,
        "t_hit_median": 16.0,
        "t_hit_p75": 32.0,
        "mdd_p25": -1.3966,
        "mdd_median": -0.5981,
        "mdd_p75": -0.2343
      },
      "72": {
        "n_total": 1207,
        "n_hit": 790,
        "p_hit": 0.654515,
        "t_hit_p25": 7.0,
        "t_hit_median": 17.0,
        "t_hit_p75": 36.0,
        "mdd_p25": -1.4752,
        "mdd_median": -0.6745,
        "mdd_p75": -0.258575
      },
      "84": {
        "n_total": 1207,
        "n_hit": 821,
        "p_hit": 0.680199,
        "t_hit_p25": 7.0,
        "t_hit_median": 18.0,
        "t_hit_p75": 40.0,
        "mdd_p25": -1.5555,
        "mdd_median": -0.7369,
        "mdd_p75": -0.2698
      },
      "96": {
        "n_total": 1207,
        "n_hit": 843,
        "p_hit": 0.698426,
        "t_hit_p25": 7.0,
        "t_hit_median": 19.0,
        "t_hit_p75": 42.0,
        "mdd_p25": -1.5921500000000002,
        "mdd_median": -0.7988,
        "mdd_p75": -0.27535
      }
    },
    "3.0": {
      "12": {
        "n_total": 1207,
        "n_hit": 162,
        "p_hit": 0.134217,
        "t_hit_p25": 3.0,
        "t_hit_median": 6.0,
        "t_hit_p75": 9.0,
        "mdd_p25": -1.098,
        "mdd_median": -0.44155,
        "mdd_p75": -0.1501
      },
      "24": {
        "n_total": 1207,
        "n_hit": 263,
        "p_hit": 0.217896,
        "t_hit_p25": 5.0,
        "t_hit_median": 10.0,
        "t_hit_p75": 17.0,
        "mdd_p25": -1.10615,
        "mdd_median": -0.4696,
        "mdd_p75": -0.1513
      },
      "36": {
        "n_total": 1207,
        "n_hit": 364,
        "p_hit": 0.301574,
        "t_hit_p25": 6.0,
        "t_hit_median": 16.0,
        "t_hit_p75": 26.0,
        "mdd_p25": -1.15185,
        "mdd_median": -0.54275,
        "mdd_p75": -0.174975
      },
      "48": {
        "n_total": 1207,
        "n_hit": 448,
        "p_hit": 0.371168,
        "t_hit_p25": 8.0,
        "t_hit_median": 20.0,
        "t_hit_p75": 33.0,
        "mdd_p25": -1.246775,
        "mdd_median": -0.5569500000000001,
        "mdd_p75": -0.207475
      },