{
  "schema": "baseline_probs_v1",
  "source_labels": "data/labels/labels_v1.csv",
  "n_rows_labels": 3077,
  "thresholds": [
    0.5,
    1.0,
    2.0,
    3.0,
    5.0
  ],
  "horizons": [
    12,
    24,
    36,
    48,
    60,
    72,
    84,
    96
  ],
  "results": {
    "0.5": {
      "12": {
        "n_total": 3077,
        "n_hit": 2180,
        "p_hit": 0.708482,
        "t_hit_p25": 1.0,
        "t_hit_median": 2.0,
        "t_hit_p75": 4.0,
        "mdd_p25": -0.7429250000000001,
        "mdd_median": -0.29615,
        "mdd_p75": -0.050325
      },
      "24": {
        "n_total": 3077,
        "n_hit": 2475,
        "p_hit": 0.804355,
        "t_hit_p25": 1.0,
        "t_hit_median": 3.0,
        "t_hit_p75": 7.0,
        "mdd_p25": -0.92445,
        "mdd_median": -0.3667,
        "mdd_p75": -0.07965
      },
      "36": {
        "n_total": 3077,
        "n_hit": 2619,
        "p_hit": 0.851154,
        "t_hit_p25": 1.0,
        "t_hit_median": 3.0,
        "t_hit_p75": 8.0,
        "mdd_p25": -1.0227499999999998,
        "mdd_median": -0.4103,
        "mdd_p75": -0.09484999999999999
      },
      "48": {
        "n_total": 3077,
        "n_hit": 2676,
        "p_hit": 0.869678,
        "t_hit_p25": 1.0,
        "t_hit_median": 3.0,
        "t_hit_p75": 9.0,
        "mdd_p25": -1.1133000000000002,
        "mdd_median": -0.4253,
        "mdd_p75": -0.101925
      },
      "60": {
        "n_total": 3077,
        "n_hit": 2705,
        "p_hit": 0.879103,
        "t_hit_p25": 1.0,
        "t_hit_median": 3.0,
        "t_hit_p75": 9.0,
        "mdd_p25": -1.152,
        "mdd_median": -0.4355,
        "mdd_p75": -0.1041
      },
      "72": {
        "n_total": 3077,
        "n_hit": 2744,
        "p_hit": 0.891778,
        "t_hit_p25": 1.0,
        "t_hit_median": 3.0,
        "t_hit_p75": 10.0,
        "mdd_p25": -1.205,
        "mdd_median": -0.44615,
        "mdd_p75": -0.10615000000000001
      },
      "84": {
        "n_total": 3077,
        "n_hit": 2787,
        "p_hit": 0.905752,
        "t_hit_p25": 1.0,
        "t_hit_median": 3.0,
        "t_hit_p75": 10.0,
        "mdd_p25": -1.2764,
        "mdd_median": -0.4638,
        "mdd_p75": -0.1104
      },
      "96": {
        "n_total": 3077,
        "n_hit": 2816,
        "p_hit": 0.915177,
        "t_hit_p25": 1.0,
        "t_hit_median": 3.0,
        "t_hit_p75": 11.0,
        "mdd_p25": -1.33385,
        "mdd_median": -0.4737,
        "mdd_p75": -0.1149
      }
    },
    "1.0": {
      "12": {
        "n_total": 3077,
        "n_hit": 1589,
        "p_hit": 0.516412,
        "t_hit_p25": 2.0,
        "t_hit_median": 4.0,
        "t_hit_p75": 7.0,
        "mdd_p25": -0.9512,
        "mdd_median": -0.3684,
        "mdd_p75": -0.078
      },
      "24": {
        "n_total": 3077,
        "n_hit": 1997,
        "p_hit": 0.649009,
        "t_hit_p25": 2.0,
        "t_hit_median": 5.0,
        "t_hit_p75": 11.0,
        "mdd_p25": -1.1277,
        "mdd_median": -0.4754,
        "mdd_p75": -0.128
      },
      "36": {
        "n_total": 3077,
        "n_hit": 2237,
        "p_hit": 0.727007,
        "t_hit_p25": 3.0,
        "t_hit_median": 6.0,
        "t_hit_p75": 15.0,
        "mdd_p25": -1.337,
        "mdd_median": -0.5416,
        "mdd_p75": -0.1589
      },
      "48": {
        "n_total": 3077,
        "n_hit": 2348,
        "p_hit": 0.763081,
        "t_hit_p25": 3.0,
        "t_hit_median": 7.0,
        "t_hit_p75": 17.0,
        "mdd_p25": -1.3975,
        "mdd_median": -0.56175,
        "mdd_p75": -0.17185
      },
      "60": {
        "n_total": 3077,
        "n_hit": 2431,
        "p_hit": 0.790055,
        "t_hit_p25": 3.0,
        "t_hit_median": 7.0,
        "t_hit_p75": 18.0,
        "mdd_p25": -1.5002499999999999,
        "mdd_median": -0.5999,
        "mdd_p75": -0.1809
      },
      "72": {
        "n_total": 3077,
        "n_hit": 2497,
        "p_hit": 0.811505,
        "t_hit_p25": 3.0,
        "t_hit_median": 8.0,
        "t_hit_p75": 20.0,
        "mdd_p25": -1.5882,
        "mdd_median": -0.6234,
        "mdd_p75": -0.1916
      },
      "84": {
        "n_total": 3077,
        "n_hit": 2557,
        "p_hit": 0.831004,
        "t_hit_p25": 3.0,
        "t_hit_median": 8.0,
        "t_hit_p75": 21.0,
        "mdd_p25": -1.6853,
        "mdd_median": -0.6662,
        "mdd_p75": -0.2017
      },
      "96": {
        "n_total": 3077,
        "n_hit": 2595,
        "p_hit": 0.843354,
        "t_hit_p25": 3.0,
        "t_hit_median": 8.0,
        "t_hit_p75": 23.0,
        "mdd_p25": -1.7551,
        "mdd_median": -0.6831,
        "mdd_p75": -0.20805
      }
    },
    "2.0": {
      "12": {
        "n_total": 3077,
        "n_hit": 760,
        "p_hit": 0.246994,
        "t_hit_p25": 3.0,
        "t_hit_median": 5.0,
        "t_hit_p75": 8.25,
        "mdd_p25": -0.9685750000000001,
        "mdd_median": -0.40145,
        "mdd_p75": -0.07755000000000001
      },
      "24": {
        "n_total": 3077,
        "n_hit": 1238,
        "p_hit": 0.40234,
        "t_hit_p25": 4.0,
        "t_hit_median": 9.0,
        "t_hit_p75": 16.0,
        "mdd_p25": -1.271375,
        "mdd_median": -0.5744,
        "mdd_p75": -0.17275
      },
      "36": {
        "n_total": 3077,
        "n_hit": 1562,
        "p_hit": 0.507637,
        "t_hit_p25": 5.0,
        "t_hit_median": 13.0,
        "t_hit_p75": 23.0,
        "mdd_p25": -1.465575,
        "mdd_median": -0.68135,
        "mdd_p75": -0.215025
      },
      "48": {
        "n_total": 3077,
        "n_hit": 1776,
        "p_hit": 0.577186,
        "t_hit_p25": 6.0,
        "t_hit_median": 15.0,
        "t_hit_p75": 27.0,
        "mdd_p25": -1.579175,
        "mdd_median": -0.7657499999999999,
        "mdd_p75": -0.26097499999999996
      },
      "60": {
        "n_total": 3077,
        "n_hit": 1916,
        "p_hit": 0.622684,
        "t_hit_p25": 7.0,
        "t_hit_median": 17.0,
        "t_hit_p75": 32.0,
        "mdd_p25": -1.644175,
        "mdd_median": -0.8190999999999999,
        "mdd_p75": -0.28325
      },
      "72": {
        "n_total": 3077,
        "n_hit": 2037,
        "p_hit": 0.662008,
        "t_hit_p25": 7.0,
        "t_hit_median": 18.0,
        "t_hit_p75": 35.0,
        "mdd_p25": -1.8003,
        "mdd_median": -0.9053,
        "mdd_p75": -0.3112
      },
      "84": {
        "n_total": 3077,
        "n_hit": 2120,
        "p_hit": 0.688983,
        "t_hit_p25": 8.0,
        "t_hit_median": 19.0,
        "t_hit_p75": 38.0,
        "mdd_p25": -1.9237250000000001,
        "mdd_median": -0.96095,
        "mdd_p75": -0.3292
      },
      "96": {
        "n_total": 3077,
        "n_hit": 2196,
        "p_hit": 0.713682,
        "t_hit_p25": 8.0,
        "t_hit_median": 20.0,
        "t_hit_p75": 41.0,
        "mdd_p25": -2.055025,
        "mdd_median": -0.99915,
        "mdd_p75": -0.344675
      }
    },
    "3.0": {
      "12": {
        "n_total": 3077,
        "n_hit": 405,
        "p_hit": 0.131622,
        "t_hit_p25": 3.0,
        "t_hit_median": 6.0,
        "t_hit_p75": 9.0,
        "mdd_p25": -0.9293,
        "mdd_median": -0.3594,
        "mdd_p75": -0.0816
      },
      "24": {
        "n_total": 3077,
        "n_hit": 718,
        "p_hit": 0.233344,
        "t_hit_p25": 5.0,
        "t_hit_median": 11.0,
        "t_hit_p75": 17.0,
        "mdd_p25": -1.337775,
        "mdd_median": -0.5540499999999999,
        "mdd_p75": -0.155925
      },
      "36": {
        "n_total": 3077,
        "n_hit": 1011,
        "p_hit": 0.328567,
        "t_hit_p25": 7.0,
        "t_hit_median": 16.0,
        "t_hit_p75": 26.0,
        "mdd_p25": -1.5965500000000001,
        "mdd_median": -0.6985,
        "mdd_p75": -0.20745
      },
      "48": {
        "n_total": 3077,
        "n_hit": 1242,
        "p_hit": 0.40364,
        "t_hit_p25": 9.0,
        "t_hit_median": 21.0,
        "t_hit_p75": 33.0,
        "mdd_p25": -1.715025,
        "mdd_median": -0.81955,