{
  "schema": "baseline_probs_v1",
  "source_labels": "data/labels/labels_v1.csv",
  "n_rows_labels": 2689,
  "thresholds": [
    0.5,
    1.0,
    2.0,
    3.0,
    5.0
  ],
  "horizons": [
    12,
    24,
    36,
    48,
    60,
    72,
    84,
    96
  ],
  "results": {
    "0.5": {
      "12": {
        "n_total": 2689,
        "n_hit": 1902,
        "p_hit": 0.707326,
        "t_hit_p25": 1.0,
        "t_hit_median": 2.0,
        "t_hit_p75": 4.0,
        "mdd_p25": -0.721275,
        "mdd_median": -0.2924,
        "mdd_p75": -0.05095
      },
      "24": {
        "n_total": 2689,
        "n_hit": 2163,
        "p_hit": 0.804388,
        "t_hit_p25": 1.0,
        "t_hit_median": 3.0,
        "t_hit_p75": 7.0,
        "mdd_p25": -0.8974500000000001,
        "mdd_median": -0.3594,
        "mdd_p75": -0.08095
      },
      "36": {
        "n_total": 2689,
        "n_hit": 2292,
        "p_hit": 0.852361,
        "t_hit_p25": 1.0,
        "t_hit_median": 3.0,
        "t_hit_p75": 8.0,
        "mdd_p25": -0.9961000000000001,
        "mdd_median": -0.4077,
        "mdd_p75": -0.09775
      },
      "48": {
        "n_total": 2689,
        "n_hit": 2337,
        "p_hit": 0.869096,
        "t_hit_p25": 1.0,
        "t_hit_median": 3.0,
        "t_hit_p75": 9.0,
        "mdd_p25": -1.0685,
        "mdd_median": -0.4191,
        "mdd_p75": -0.1028
      },
      "60": {
        "n_total": 2689,
        "n_hit": 2360,
        "p_hit": 0.87765,
        "t_hit_p25": 1.0,
        "t_hit_median": 3.0,
        "t_hit_p75": 9.0,
        "mdd_p25": -1.1280999999999999,
        "mdd_median": -0.4265,
        "mdd_p75": -0.104275
      },
      "72": {
        "n_total": 2689,
        "n_hit": 2399,
        "p_hit": 0.892153,
        "t_hit_p25": 1.0,
        "t_hit_median": 3.0,
        "t_hit_p75": 10.0,
        "mdd_p25": -1.1813500000000001,
        "mdd_median": -0.4404,
        "mdd_p75": -0.1087
      },
      "84": {
        "n_total": 2689,
        "n_hit": 2442,
        "p_hit": 0.908144,
        "t_hit_p25": 1.0,
        "t_hit_median": 3.0,
        "t_hit_p75": 10.0,
        "mdd_p25": -1.26355,
        "mdd_median": -0.4578,
        "mdd_p75": -0.1132
      },
      "96": {
        "n_total": 2689,
        "n_hit": 2471,
        "p_hit": 0.918929,
        "t_hit_p25": 1.0,
        "t_hit_median": 3.0,
        "t_hit_p75": 11.0,
        "mdd_p25": -1.3255,
        "mdd_median": -0.4726,
        "mdd_p75": -0.11674999999999999
      }
    },
    "1.0": {
      "12": {
        "n_total": 2689,
        "n_hit": 1396,
        "p_hit": 0.519152,
        "t_hit_p25": 2.0,
        "t_hit_median": 4.0,
        "t_hit_p75": 7.0,
        "mdd_p25": -0.951625,
        "mdd_median": -0.36875,
        "mdd_p75": -0.08035
      },
      "24": {
        "n_total": 2689,
        "n_hit": 1738,
        "p_hit": 0.646337,
        "t_hit_p25": 2.0,
        "t_hit_median": 5.0,
        "t_hit_p75": 10.75,
        "mdd_p25": -1.0970250000000001,
        "mdd_median": -0.47004999999999997,
        "mdd_p75": -0.1289
      },
      "36": {
        "n_total": 2689,
        "n_hit": 1959,
        "p_hit": 0.728524,
        "t_hit_p25": 3.0,
        "t_hit_median": 6.0,
        "t_hit_p75": 15.0,
        "mdd_p25": -1.3197,
        "mdd_median": -0.5345,
        "mdd_p75": -0.1605
      },
      "48": {
        "n_total": 2689,
        "n_hit": 2061,
        "p_hit": 0.766456,
        "t_hit_p25": 3.0,
        "t_hit_median": 7.0,
        "t_hit_p75": 17.0,
        "mdd_p25": -1.3766,
        "mdd_median": -0.5524,
        "mdd_p75": -0.1724
      },
      "60": {
        "n_total": 2689,
        "n_hit": 2138,
        "p_hit": 0.795091,
        "t_hit_p25": 3.0,
        "t_hit_median": 7.0,
        "t_hit_p75": 19.0,
        "mdd_p25": -1.474725,
        "mdd_median": -0.5885,
        "mdd_p75": -0.185075
      },
      "72": {
        "n_total": 2689,
        "n_hit": 2203,
        "p_hit": 0.819264,
        "t_hit_p25": 3.0,
        "t_hit_median": 8.0,
        "t_hit_p75": 21.0,
        "mdd_p25": -1.57995,
        "mdd_median": -0.6162,
        "mdd_p75": -0.19535
      },
      "84": {
        "n_total": 2689,
        "n_hit": 2261,
        "p_hit": 0.840833,
        "t_hit_p25": 3.0,
        "t_hit_median": 8.0,
        "t_hit_p75": 23.0,
        "mdd_p25": -1.6833,
        "mdd_median": -0.6502,
        "mdd_p75": -0.2086
      },
      "96": {
        "n_total": 2689,
        "n_hit": 2298,
        "p_hit": 0.854593,
        "t_hit_p25": 3.0,
        "t_hit_median": 8.0,
        "t_hit_p75": 24.0,
        "mdd_p25": -1.75555,
        "mdd_median": -0.6768,
        "mdd_p75": -0.21875
      }
    },
    "2.0": {
      "12": {
        "n_total": 2689,
        "n_hit": 677,
        "p_hit": 0.251766,
        "t_hit_p25": 3.0,
        "t_hit_median": 5.0,
        "t_hit_p75": 9.0,
        "mdd_p25": -0.9763,
        "mdd_median": -0.4168,
        "mdd_p75": -0.1092
      },
      "24": {
        "n_total": 2689,
        "n_hit": 1094,
        "p_hit": 0.406843,
        "t_hit_p25": 4.0,
        "t_hit_median": 9.0,
        "t_hit_p75": 16.0,
        "mdd_p25": -1.27315,
        "mdd_median": -0.58065,
        "mdd_p75": -0.18205000000000002
      },
      "36": {
        "n_total": 2689,
        "n_hit": 1387,
        "p_hit": 0.515805,
        "t_hit_p25": 5.0,
        "t_hit_median": 13.0,
        "t_hit_p75": 23.0,
        "mdd_p25": -1.4668,
        "mdd_median": -0.6772,
        "mdd_p75": -0.2286
      },
      "48": {
        "n_total": 2689,
        "n_hit": 1576,
        "p_hit": 0.586091,
        "t_hit_p25": 6.0,
        "t_hit_median": 15.0,
        "t_hit_p75": 28.0,
        "mdd_p25": -1.559875,
        "mdd_median": -0.7314,
        "mdd_p75": -0.2698
      },
      "60": {
        "n_total": 2689,
        "n_hit": 1703,
        "p_hit": 0.633321,
        "t_hit_p25": 7.0,
        "t_hit_median": 17.0,
        "t_hit_p75": 32.0,
        "mdd_p25": -1.6174,
        "mdd_median": -0.8007,
        "mdd_p75": -0.29055
      },
      "72": {
        "n_total": 2689,
        "n_hit": 1814,
        "p_hit": 0.6746,
        "t_hit_p25": 7.0,
        "t_hit_median": 18.0,
        "t_hit_p75": 35.0,
        "mdd_p25": -1.771275,
        "mdd_median": -0.88695,
        "mdd_p75": -0.31305000000000005
      },
      "84": {
        "n_total": 2689,
        "n_hit": 1895,
        "p_hit": 0.704723,
        "t_hit_p25": 8.0,
        "t_hit_median": 20.0,
        "t_hit_p75": 39.0,
        "mdd_p25": -1.9300000000000002,
        "mdd_median": -0.9512,
        "mdd_p75": -0.3378
      },
      "96": {
        "n_total": 2689,
        "n_hit": 1970,
        "p_hit": 0.732614,
        "t_hit_p25": 8.0,
        "t_hit_median": 21.0,
        "t_hit_p75": 42.0,
        "mdd_p25": -2.12995,
        "mdd_median": -0.9918499999999999,
        "mdd_p75": -0.34909999999999997
      }
    },
    "3.0": {
      "12": {
        "n_total": 2689,
        "n_hit": 367,
        "p_hit": 0.136482,
        "t_hit_p25": 3.0,
        "t_hit_median": 6.0,
        "t_hit_p75": 9.0,
        "mdd_p25": -0.95035,
        "mdd_median": -0.3885,
        "mdd_p75": -0.1077
      },
      "24": {
        "n_total": 2689,
        "n_hit": 634,
        "p_hit": 0.235775,
        "t_hit_p25": 5.0,
        "t_hit_median": 10.0,
        "t_hit_p75": 17.0,
        "mdd_p25": -1.321,
        "mdd_median": -0.55165,
        "mdd_p75": -0.163375
      },
      "36": {
        "n_total": 2689,
        "n_hit": 897,
        "p_hit": 0.333581,
        "t_hit_p25": 7.0,
        "t_hit_median": 16.0,
        "t_hit_p75": 26.0,
        "mdd_p25": -1.5877,
        "mdd_median": -0.6748,
        "mdd_p75": -0.2086
      },
      "48": {
        "n_total": 2689,
        "n_hit": 1112,
        "p_hit": 0.413537,
        "t_hit_p25": 9.0,
        "t_hit_median": 21.0,
        "t_hit_p75": 33.0,
        "mdd_p25": -1.7022249999999999,
        "mdd_median": -0.7985,
        "mdd_p75": -0.2737
      },