{
  "schema": "baseline_probs_v1",
  "source_labels": "data/labels/labels_v1.csv",
  "n_rows_labels": 1880,
  "thresholds": [
    0.5,
    1.0,
    2.0,
    3.0,
    5.0
  ],
  "horizons": [
    12,
    24,
    36,
    48,
    60,
    72,
    84,
    96
  ],
  "results": {
    "0.5": {
      "12": {
        "n_total": 1880,
        "n_hit": 1349,
        "p_hit": 0.717553,
        "t_hit_p25": 1.0,
        "t_hit_median": 2.0,
        "t_hit_p75": 4.0,
        "mdd_p25": -0.7982,
        "mdd_median": -0.2975,
        "mdd_p75": -0.0569
      },
      "24": {
        "n_total": 1880,
        "n_hit": 1518,
        "p_hit": 0.807447,
        "t_hit_p25": 1.0,
        "t_hit_median": 2.0,
        "t_hit_p75": 6.0,
        "mdd_p25": -0.9511749999999999,
        "mdd_median": -0.3688,
        "mdd_p75": -0.090025
      },
      "36": {
        "n_total": 1880,
        "n_hit": 1592,
        "p_hit": 0.846809,
        "t_hit_p25": 1.0,
        "t_hit_median": 3.0,
        "t_hit_p75": 7.0,
        "mdd_p25": -1.0222499999999999,
        "mdd_median": -0.40545,
        "mdd_p75": -0.101525
      },
      "48": {
        "n_total": 1880,
        "n_hit": 1625,
        "p_hit": 0.864362,
        "t_hit_p25": 1.0,
        "t_hit_median": 3.0,
        "t_hit_p75": 8.0,
        "mdd_p25": -1.1351,
        "mdd_median": -0.4181,
        "mdd_p75": -0.1046
      },
      "60": {
        "n_total": 1880,
        "n_hit": 1642,
        "p_hit": 0.873404,
        "t_hit_p25": 1.0,
        "t_hit_median": 3.0,
        "t_hit_p75": 8.0,
        "mdd_p25": -1.166575,
        "mdd_median": -0.42605,
        "mdd_p75": -0.10585
      },
      "72": {
        "n_total": 1880,
        "n_hit": 1671,
        "p_hit": 0.88883,
        "t_hit_p25": 1.0,
        "t_hit_median": 3.0,
        "t_hit_p75": 9.0,
        "mdd_p25": -1.2462499999999999,
        "mdd_median": -0.4404,
        "mdd_p75": -0.1099
      },
      "84": {
        "n_total": 1880,
        "n_hit": 1699,
        "p_hit": 0.903723,
        "t_hit_p25": 1.0,
        "t_hit_median": 3.0,
        "t_hit_p75": 10.0,
        "mdd_p25": -1.3255,
        "mdd_median": -0.4638,
        "mdd_p75": -0.11655
      },
      "96": {
        "n_total": 1880,
        "n_hit": 1718,
        "p_hit": 0.91383,
        "t_hit_p25": 1.0,
        "t_hit_median": 3.0,
        "t_hit_p75": 10.0,
        "mdd_p25": -1.357425,
        "mdd_median": -0.4732,
        "mdd_p75": -0.11785
      }
    },
    "1.0": {
      "12": {
        "n_total": 1880,
        "n_hit": 1001,
        "p_hit": 0.532447,
        "t_hit_p25": 2.0,
        "t_hit_median": 4.0,
        "t_hit_p75": 7.0,
        "mdd_p25": -0.9993,
        "mdd_median": -0.3918,
        "mdd_p75": -0.0916
      },
      "24": {
        "n_total": 1880,
        "n_hit": 1219,
        "p_hit": 0.648404,
        "t_hit_p25": 2.0,
        "t_hit_median": 5.0,
        "t_hit_p75": 10.0,
        "mdd_p25": -1.19045,
        "mdd_median": -0.4818,
        "mdd_p75": -0.13005
      },
      "36": {
        "n_total": 1880,
        "n_hit": 1352,
        "p_hit": 0.719149,
        "t_hit_p25": 2.0,
        "t_hit_median": 6.0,
        "t_hit_p75": 13.0,
        "mdd_p25": -1.3548,
        "mdd_median": -0.53575,
        "mdd_p75": -0.155675
      },
      "48": {
        "n_total": 1880,
        "n_hit": 1422,
        "p_hit": 0.756383,
        "t_hit_p25": 2.0,
        "t_hit_median": 6.0,
        "t_hit_p75": 16.0,
        "mdd_p25": -1.401275,
        "mdd_median": -0.55185,
        "mdd_p75": -0.1665
      },
      "60": {
        "n_total": 1880,
        "n_hit": 1487,
        "p_hit": 0.790957,
        "t_hit_p25": 3.0,
        "t_hit_median": 7.0,
        "t_hit_p75": 18.0,
        "mdd_p25": -1.55735,
        "mdd_median": -0.5977,
        "mdd_p75": -0.17415
      },
      "72": {
        "n_total": 1880,
        "n_hit": 1539,
        "p_hit": 0.818617,
        "t_hit_p25": 3.0,
        "t_hit_median": 7.0,
        "t_hit_p75": 20.0,
        "mdd_p25": -1.6673,
        "mdd_median": -0.629,
        "mdd_p75": -0.1847
      },
      "84": {
        "n_total": 1880,
        "n_hit": 1575,
        "p_hit": 0.837766,
        "t_hit_p25": 3.0,
        "t_hit_median": 7.0,
        "t_hit_p75": 21.0,
        "mdd_p25": -1.7763,
        "mdd_median": -0.6716,
        "mdd_p75": -0.19235000000000002
      },
      "96": {
        "n_total": 1880,
        "n_hit": 1595,
        "p_hit": 0.848404,
        "t_hit_p25": 3.0,
        "t_hit_median": 7.0,
        "t_hit_p75": 23.0,
        "mdd_p25": -1.8185,
        "mdd_median": -0.6845,
        "mdd_p75": -0.19915
      }
    },
    "2.0": {
      "12": {
        "n_total": 1880,
        "n_hit": 510,
        "p_hit": 0.271277,
        "t_hit_p25": 3.0,
        "t_hit_median": 5.0,
        "t_hit_p75": 8.0,
        "mdd_p25": -1.038425,
        "mdd_median": -0.43525,
        "mdd_p75": -0.1174
      },
      "24": {
        "n_total": 1880,
        "n_hit": 788,
        "p_hit": 0.419149,
        "t_hit_p25": 4.0,
        "t_hit_median": 9.0,
        "t_hit_p75": 16.0,
        "mdd_p25": -1.35255,
        "mdd_median": -0.5957,
        "mdd_p75": -0.17454999999999998
      },
      "36": {
        "n_total": 1880,
        "n_hit": 957,
        "p_hit": 0.509043,
        "t_hit_p25": 5.0,
        "t_hit_median": 11.0,
        "t_hit_p75": 21.0,
        "mdd_p25": -1.5517,
        "mdd_median": -0.6621,
        "mdd_p75": -0.1954
      },
      "48": {
        "n_total": 1880,
        "n_hit": 1077,
        "p_hit": 0.572872,
        "t_hit_p25": 5.0,
        "t_hit_median": 14.0,
        "t_hit_p75": 26.0,
        "mdd_p25": -1.5876,
        "mdd_median": -0.7064,
        "mdd_p75": -0.2345
      },
      "60": {
        "n_total": 1880,
        "n_hit": 1167,
        "p_hit": 0.620745,
        "t_hit_p25": 6.0,
        "t_hit_median": 15.0,
        "t_hit_p75": 31.0,
        "mdd_p25": -1.65425,
        "mdd_median": -0.7737,
        "mdd_p75": -0.2652
      },
      "72": {
        "n_total": 1880,
        "n_hit": 1251,
        "p_hit": 0.665426,
        "t_hit_p25": 6.0,
        "t_hit_median": 17.0,
        "t_hit_p75": 35.0,
        "mdd_p25": -1.83215,
        "mdd_median": -0.9027,
        "mdd_p75": -0.2832
      },
      "84": {
        "n_total": 1880,
        "n_hit": 1300,
        "p_hit": 0.691489,
        "t_hit_p25": 7.0,
        "t_hit_median": 18.0,
        "t_hit_p75": 38.0,
        "mdd_p25": -2.0499,
        "mdd_median": -0.9627,
        "mdd_p75": -0.30255000000000004
      },
      "96": {
        "n_total": 1880,
        "n_hit": 1345,
        "p_hit": 0.715426,
        "t_hit_p25": 7.0,
        "t_hit_median": 18.0,
        "t_hit_p75": 42.0,
        "mdd_p25": -2.2406,
        "mdd_median": -0.9997,
        "mdd_p75": -0.3173
      }
    },
    "3.0": {
      "12": {
        "n_total": 1880,
        "n_hit": 291,
        "p_hit": 0.154787,
        "t_hit_p25": 3.0,
        "t_hit_median": 6.0,
        "t_hit_p75": 9.0,
        "mdd_p25": -0.98065,
        "mdd_median": -0.4322,
        "mdd_p75": -0.1362
      },
      "24": {
        "n_total": 1880,
        "n_hit": 476,
        "p_hit": 0.253191,
        "t_hit_p25": 5.0,
        "t_hit_median": 9.5,
        "t_hit_p75": 17.0,
        "mdd_p25": -1.318625,
        "mdd_median": -0.5516,
        "mdd_p75": -0.1681
      },
      "36": {
        "n_total": 1880,
        "n_hit": 649,
        "p_hit": 0.345213,
        "t_hit_p25": 6.0,
        "t_hit_median": 15.0,
        "t_hit_p75": 25.0,
        "mdd_p25": -1.5636,
        "mdd_median": -0.6385,
        "mdd_p75": -0.2025
      },
      "48": {
        "n_total": 1880,
        "n_hit": 773,
        "p_hit": 0.41117,
        "t_hit_p25": 7.0,
        "t_hit_median": 19.0,
        "t_hit_p75": 31.0,
        "mdd_p25": -1.6495,
        "mdd_median": -0.7193,
        "mdd_p75": -0.2472
      },
      "60": {
        "n_total": 1880,
        "n_hit": 865,
        "p_hit": 0.460106,