{
  "schema": "baseline_probs_v1",
  "source_labels": "data/labels/labels_v1.csv",
  "n_rows_labels": 568,
  "thresholds": [
    0.5,
    1.0,
    2.0,
    3.0,
    5.0
  ],
  "horizons": [
    12,
    24,
    36,
    48,
    60,
    72,
    84,
    96
  ],
  "results": {
    "0.5": {
      "12": {
        "n_total": 568,
        "n_hit": 399,
        "p_hit": 0.702465,
        "t_hit_p25": 1.0,
        "t_hit_median": 3.0,
        "t_hit_p75": 6.0,
        "mdd_p25": -0.6217,
        "mdd_median": -0.2449,
        "mdd_p75": -0.0582
      },
      "24": {
        "n_total": 568,
        "n_hit": 488,
        "p_hit": 0.859155,
        "t_hit_p25": 2.0,
        "t_hit_median": 4.0,
        "t_hit_p75": 10.0,
        "mdd_p25": -0.81215,
        "mdd_median": -0.3577,
        "mdd_p75": -0.101725
      },
      "36": {
        "n_total": 568,
        "n_hit": 516,
        "p_hit": 0.908451,
        "t_hit_p25": 2.0,
        "t_hit_median": 5.0,
        "t_hit_p75": 12.0,
        "mdd_p25": -0.8145249999999999,
        "mdd_median": -0.3786,
        "mdd_p75": -0.109525
      },
      "48": {
        "n_total": 568,
        "n_hit": 520,
        "p_hit": 0.915493,
        "t_hit_p25": 2.0,
        "t_hit_median": 5.0,
        "t_hit_p75": 12.0,
        "mdd_p25": -0.82935,
        "mdd_median": -0.3842,
        "mdd_p75": -0.11182500000000001
      },
      "60": {
        "n_total": 568,
        "n_hit": 527,
        "p_hit": 0.927817,
        "t_hit_p25": 2.0,
        "t_hit_median": 5.0,
        "t_hit_p75": 12.0,
        "mdd_p25": -0.8519,
        "mdd_median": -0.3906,
        "mdd_p75": -0.1148
      },
      "72": {
        "n_total": 568,
        "n_hit": 539,
        "p_hit": 0.948944,
        "t_hit_p25": 2.0,
        "t_hit_median": 5.0,
        "t_hit_p75": 13.0,
        "mdd_p25": -0.933,
        "mdd_median": -0.4098,
        "mdd_p75": -0.11945
      },
      "84": {
        "n_total": 568,
        "n_hit": 539,
        "p_hit": 0.948944,
        "t_hit_p25": 2.0,
        "t_hit_median": 5.0,
        "t_hit_p75": 13.0,
        "mdd_p25": -0.933,
        "mdd_median": -0.4098,
        "mdd_p75": -0.11945
      },
      "96": {
        "n_total": 568,
        "n_hit": 542,
        "p_hit": 0.954225,
        "t_hit_p25": 2.0,
        "t_hit_median": 5.0,
        "t_hit_p75": 13.0,
        "mdd_p25": -0.9359999999999999,
        "mdd_median": -0.41100000000000003,
        "mdd_p75": -0.12215000000000001
      }
    },
    "1.0": {
      "12": {
        "n_total": 568,
        "n_hit": 276,
        "p_hit": 0.485915,
        "t_hit_p25": 2.0,
        "t_hit_median": 5.0,
        "t_hit_p75": 7.0,
        "mdd_p25": -0.6543,
        "mdd_median": -0.26770000000000005,
        "mdd_p75": -0.07345
      },
      "24": {
        "n_total": 568,
        "n_hit": 383,
        "p_hit": 0.674296,
        "t_hit_p25": 3.5,
        "t_hit_median": 7.0,
        "t_hit_p75": 14.0,
        "mdd_p25": -0.88255,
        "mdd_median": -0.4142,
        "mdd_p75": -0.1094
      },
      "36": {
        "n_total": 568,
        "n_hit": 445,
        "p_hit": 0.783451,
        "t_hit_p25": 4.0,
        "t_hit_median": 8.0,
        "t_hit_p75": 18.0,
        "mdd_p25": -0.9839,
        "mdd_median": -0.4448,
        "mdd_p75": -0.1424
      },
      "48": {
        "n_total": 568,
        "n_hit": 475,
        "p_hit": 0.836268,
        "t_hit_p25": 4.0,
        "t_hit_median": 9.0,
        "t_hit_p75": 21.0,
        "mdd_p25": -1.00635,
        "mdd_median": -0.4543,
        "mdd_p75": -0.15705
      },
      "60": {
        "n_total": 568,
        "n_hit": 490,
        "p_hit": 0.862676,
        "t_hit_p25": 4.0,
        "t_hit_median": 10.0,
        "t_hit_p75": 21.75,
        "mdd_p25": -1.1102750000000001,
        "mdd_median": -0.4707,
        "mdd_p75": -0.1656
      },
      "72": {
        "n_total": 568,
        "n_hit": 509,
        "p_hit": 0.896127,
        "t_hit_p25": 4.0,
        "t_hit_median": 11.0,
        "t_hit_p75": 24.0,
        "mdd_p25": -1.2022,
        "mdd_median": -0.4818,
        "mdd_p75": -0.171
      },
      "84": {
        "n_total": 568,
        "n_hit": 514,
        "p_hit": 0.90493,
        "t_hit_p25": 4.0,
        "t_hit_median": 11.0,
        "t_hit_p75": 25.0,
        "mdd_p25": -1.223125,
        "mdd_median": -0.4857,
        "mdd_p75": -0.1719
      },
      "96": {
        "n_total": 568,
        "n_hit": 520,
        "p_hit": 0.915493,
        "t_hit_p25": 4.0,
        "t_hit_median": 11.0,
        "t_hit_p75": 25.25,
        "mdd_p25": -1.2646,
        "mdd_median": -0.495,
        "mdd_p75": -0.172275
      }
    },
    "2.0": {
      "12": {
        "n_total": 568,
        "n_hit": 131,
        "p_hit": 0.230634,
        "t_hit_p25": 4.0,
        "t_hit_median": 7.0,
        "t_hit_p75": 9.0,
        "mdd_p25": -0.6295999999999999,
        "mdd_median": -0.3483,
        "mdd_p75": -0.1148
      },
      "24": {
        "n_total": 568,
        "n_hit": 232,
        "p_hit": 0.408451,
        "t_hit_p25": 6.0,
        "t_hit_median": 11.0,
        "t_hit_p75": 17.0,
        "mdd_p25": -0.8633749999999999,
        "mdd_median": -0.49845,
        "mdd_p75": -0.16565
      },
      "36": {
        "n_total": 568,
        "n_hit": 302,
        "p_hit": 0.53169,
        "t_hit_p25": 7.25,
        "t_hit_median": 15.0,
        "t_hit_p75": 23.0,
        "mdd_p25": -0.8909499999999999,
        "mdd_median": -0.4619,
        "mdd_p75": -0.17017500000000002
      },
      "48": {
        "n_total": 568,
        "n_hit": 362,
        "p_hit": 0.637324,
        "t_hit_p25": 9.0,
        "t_hit_median": 17.0,
        "t_hit_p75": 32.0,
        "mdd_p25": -0.9727,
        "mdd_median": -0.4786,
        "mdd_p75": -0.200775
      },
      "60": {
        "n_total": 568,
        "n_hit": 406,
        "p_hit": 0.714789,
        "t_hit_p25": 10.0,
        "t_hit_median": 20.0,
        "t_hit_p75": 37.0,
        "mdd_p25": -0.999975,
        "mdd_median": -0.49845,
        "mdd_p75": -0.22590000000000002
      },
      "72": {
        "n_total": 568,
        "n_hit": 434,
        "p_hit": 0.764085,
        "t_hit_p25": 10.0,
        "t_hit_median": 21.0,
        "t_hit_p75": 42.0,
        "mdd_p25": -1.1658,
        "mdd_median": -0.54965,
        "mdd_p75": -0.2501
      },
      "84": {
        "n_total": 568,
        "n_hit": 447,
        "p_hit": 0.786972,
        "t_hit_p25": 10.5,
        "t_hit_median": 23.0,
        "t_hit_p75": 44.0,
        "mdd_p25": -1.1989999999999998,
        "mdd_median": -0.5763,
        "mdd_p75": -0.2654
      },
      "96": {
        "n_total": 568,
        "n_hit": 459,
        "p_hit": 0.808099,
        "t_hit_p25": 11.0,
        "t_hit_median": 24.0,
        "t_hit_p75": 45.0,
        "mdd_p25": -1.2394500000000002,
        "mdd_median": -0.5862,
        "mdd_p75": -0.26990000000000003
      }
    },
    "3.0": {
      "12": {
        "n_total": 568,
        "n_hit": 62,
        "p_hit": 0.109155,
        "t_hit_p25": 5.0,
        "t_hit_median": 8.0,
        "t_hit_p75": 10.0,
        "mdd_p25": -0.8750249999999999,
        "mdd_median": -0.36175,
        "mdd_p75": -0.15825
      },
      "24": {
        "n_total": 568,
        "n_hit": 113,
        "p_hit": 0.198944,
        "t_hit_p25": 7.0,
        "t_hit_median": 11.0,
        "t_hit_p75": 19.0,
        "mdd_p25": -0.7065,
        "mdd_median": -0.3775,
        "mdd_p75": -0.1297
      },
      "36": {
        "n_total": 568,
        "n_hit": 182,
        "p_hit": 0.320423,
        "t_hit_p25": 10.0,
        "t_hit_median": 20.0,
        "t_hit_p75": 29.75,
        "mdd_p25": -0.7793249999999999,
        "mdd_median": -0.40754999999999997,
        "mdd_p75": -0.1341
      },
      "48": {
        "n_total": 568,
        "n_hit": 243,
        "p_hit": 0.427817,
        "t_hit_p25": 12.0,
        "t_hit_median": 27.0,
        "t_hit_p75": 36.5,
        "mdd_p25": -0.85595,
        "mdd_median": -0.4543,