target_pct,horizon_h,n_total,n_hit,p_hit,t_hit_p25,t_hit_median,t_hit_p75,mdd_p25,mdd_median,mdd_p75
0.5,12,80,74,0.925,1.0,2.0,3.75,-0.700525,-0.3439,-0.1412
0.5,24,80,80,1.0,1.0,2.0,4.25,-0.931275,-0.4147,-0.148925
0.5,36,80,80,1.0,1.0,2.0,4.25,-0.931275,-0.4147,-0.148925
0.5,48,80,80,1.0,1.0,2.0,4.25,-0.931275,-0.4147,-0.148925
0.5,60,80,80,1.0,1.0,2.0,4.25,-0.931275,-0.4147,-0.148925
0.5,72,80,80,1.0,1.0,2.0,4.25,-0.931275,-0.4147,-0.148925
0.5,84,80,80,1.0,1.0,2.0,4.25,-0.931275,-0.4147,-0.148925
0.5,96,80,80,1.0,1.0,2.0,4.25,-0.931275,-0.4147,-0.148925
1.0,12,80,66,0.825,2.0,4.0,7.0,-1.00515,-0.44155,-0.178925
1.0,24,80,78,0.975,3.0,5.0,9.0,-1.556,-0.5775,-0.2151
1.0,36,80,79,0.9875,3.0,5.0,9.0,-1.60525,-0.6004,-0.2227
1.0,48,80,79,0.9875,3.0,5.0,9.0,-1.60525,-0.6004,-0.2227
1.0,60,80,80,1.0,3.0,5.0,9.25,-1.596475,-0.61055,-0.2303
1.0,72,80,80,1.0,3.0,5.0,9.25,-1.596475,-0.61055,-0.2303
1.0,84,80,80,1.0,3.0,5.0,9.25,-1.596475,-0.61055,-0.2303
1.0,96,80,80,1.0,3.0,5.0,9.25,-1.596475,-0.61055,-0.2303
2.0,12,80,41,0.5125,4.0,6.0,9.0,-1.3916,-0.4383,-0.1954
2.0,24,80,61,0.7625,6.0,9.0,15.0,-1.7133,-0.6004,-0.2228
2.0,36,80,70,0.875,6.0,10.0,19.75,-1.840375,-1.2534,-0.253375
2.0,48,80,70,0.875,6.0,10.0,19.75,-1.840375,-1.2534,-0.253375
2.0,60,80,77,0.9625,6.0,10.0,23.0,-1.7344,-1.1067,-0.3279
2.0,72,80,78,0.975,6.0,10.5,23.0,-1.729125,-1.0714,-0.32815
2.0,84,80,80,1.0,6.0,11.5,23.25,-1.828525,-1.1292,-0.32865
2.0,96,80,80,1.0,6.0,11.5,23.25,-1.828525,-1.1292,-0.32865
3.0,12,80,31,0.3875,5.0,7.0,10.0,-1.39565,-0.5428,-0.20145
3.0,24,80,43,0.5375,6.0,10.0,14.5,-1.5088,-0.5546,-0.20145
3.0,36,80,51,0.6375,6.0,10.0,20.0,-1.512,-0.7144,-0.2451
3.0,48,80,52,0.65,6.0,10.0,20.25,-1.56445,-0.9365,-0.24605
3.0,60,80,56,0.7,6.75,10.5,23.25,-1.48965,-0.7783,-0.266125
3.0,72,80,65,0.8125,8.0,15.0,32.0,-1.4609,-0.7343,-0.3594
3.0,84,80,68,0.85,8.0,16.5,37.5,-1.54635,-0.89535,-0.372975
3.0,96,80,69,0.8625,8.0,17.0,48.0,-1.5567,-0.9684,-0.3775
5.0,12,80,14,0.175,8.0,10.0,10.0,-0.550825,-0.3032,-0.139175
5.0,24,80,23,0.2875,9.5,10.0,15.5,-0.69185,-0.3775,-0.1148
5.0,36,80,26,0.325,10.0,11.5,17.75,-1.369375,-0.4938,-0.139175
5.0,48,80,27,0.3375,10.0,12.0,18.5,-1.62685,-0.5428,-0.16195
5.0,60,80,27,0.3375,10.0,12.0,18.5,-1.62685,-0.5428,-0.16195
5.0,72,80,27,0.3375,10.0,12.0,18.5,-1.62685,-0.5428,-0.16195
5.0,84,80,30,0.375,10.0,13.5,21.75,-1.369375,-0.4938,-0.1808
5.0,96,80,30,0.375,10.0,13.5,21.75,-1.369375,-0.4938,-0.1808
