{
  "schema": "baseline_probs_v1",
  "source_labels": "data/labels/labels_v1.csv",
  "n_rows_labels": 3040,
  "thresholds": [
    0.5,
    1.0,
    2.0,
    3.0,
    5.0
  ],
  "horizons": [
    12,
    24,
    36,
    48,
    60,
    72,
    84,
    96
  ],
  "results": {
    "0.5": {
      "12": {
        "n_total": 3040,
        "n_hit": 2150,
        "p_hit": 0.707237,
        "t_hit_p25": 1.0,
        "t_hit_median": 2.0,
        "t_hit_p75": 4.0,
        "mdd_p25": -0.745525,
        "mdd_median": -0.29625,
        "mdd_p75": -0.050675
      },
      "24": {
        "n_total": 3040,
        "n_hit": 2440,
        "p_hit": 0.802632,
        "t_hit_p25": 1.0,
        "t_hit_median": 3.0,
        "t_hit_p75": 7.0,
        "mdd_p25": -0.9247000000000001,
        "mdd_median": -0.3668,
        "mdd_p75": -0.08045
      },
      "36": {
        "n_total": 3040,
        "n_hit": 2583,
        "p_hit": 0.849671,
        "t_hit_p25": 1.0,
        "t_hit_median": 3.0,
        "t_hit_p75": 8.0,
        "mdd_p25": -1.02645,
        "mdd_median": -0.4113,
        "mdd_p75": -0.0954
      },
      "48": {
        "n_total": 3040,
        "n_hit": 2640,
        "p_hit": 0.868421,
        "t_hit_p25": 1.0,
        "t_hit_median": 3.0,
        "t_hit_p75": 9.0,
        "mdd_p25": -1.130325,
        "mdd_median": -0.42735,
        "mdd_p75": -0.102075
      },
      "60": {
        "n_total": 3040,
        "n_hit": 2668,
        "p_hit": 0.877632,
        "t_hit_p25": 1.0,
        "t_hit_median": 3.0,
        "t_hit_p75": 9.0,
        "mdd_p25": -1.159275,
        "mdd_median": -0.4361,
        "mdd_p75": -0.10417499999999999
      },
      "72": {
        "n_total": 3040,
        "n_hit": 2707,
        "p_hit": 0.890461,
        "t_hit_p25": 1.0,
        "t_hit_median": 3.0,
        "t_hit_p75": 10.0,
        "mdd_p25": -1.2229999999999999,
        "mdd_median": -0.4481,
        "mdd_p75": -0.10645
      },
      "84": {
        "n_total": 3040,
        "n_hit": 2750,
        "p_hit": 0.904605,
        "t_hit_p25": 1.0,
        "t_hit_median": 3.0,
        "t_hit_p75": 10.0,
        "mdd_p25": -1.294075,
        "mdd_median": -0.4668,
        "mdd_p75": -0.11097499999999999
      },
      "96": {
        "n_total": 3040,
        "n_hit": 2779,
        "p_hit": 0.914145,
        "t_hit_p25": 1.0,
        "t_hit_median": 3.0,
        "t_hit_p75": 11.0,
        "mdd_p25": -1.3416,
        "mdd_median": -0.4754,
        "mdd_p75": -0.11560000000000001
      }
    },
    "1.0": {
      "12": {
        "n_total": 3040,
        "n_hit": 1561,
        "p_hit": 0.513487,
        "t_hit_p25": 2.0,
        "t_hit_median": 4.0,
        "t_hit_p75": 7.0,
        "mdd_p25": -0.9599,
        "mdd_median": -0.3755,
        "mdd_p75": -0.0788
      },
      "24": {
        "n_total": 3040,
        "n_hit": 1962,
        "p_hit": 0.645395,
        "t_hit_p25": 2.0,
        "t_hit_median": 5.0,
        "t_hit_p75": 11.0,
        "mdd_p25": -1.14395,
        "mdd_median": -0.47945000000000004,
        "mdd_p75": -0.12865
      },
      "36": {
        "n_total": 3040,
        "n_hit": 2202,
        "p_hit": 0.724342,
        "t_hit_p25": 3.0,
        "t_hit_median": 6.0,
        "t_hit_p75": 15.0,
        "mdd_p25": -1.3485,
        "mdd_median": -0.54275,
        "mdd_p75": -0.1593
      },
      "48": {
        "n_total": 3040,
        "n_hit": 2313,
        "p_hit": 0.760855,
        "t_hit_p25": 3.0,
        "t_hit_median": 7.0,
        "t_hit_p75": 17.0,
        "mdd_p25": -1.4112,
        "mdd_median": -0.5686,
        "mdd_p75": -0.172
      },
      "60": {
        "n_total": 3040,
        "n_hit": 2394,
        "p_hit": 0.7875,
        "t_hit_p25": 3.0,
        "t_hit_median": 7.0,
        "t_hit_p75": 18.0,
        "mdd_p25": -1.508125,
        "mdd_median": -0.60205,
        "mdd_p75": -0.182875
      },
      "72": {
        "n_total": 3040,
        "n_hit": 2460,
        "p_hit": 0.809211,
        "t_hit_p25": 3.0,
        "t_hit_median": 8.0,
        "t_hit_p75": 20.0,
        "mdd_p25": -1.5973000000000002,
        "mdd_median": -0.6295999999999999,
        "mdd_p75": -0.192425
      },
      "84": {
        "n_total": 3040,
        "n_hit": 2520,
        "p_hit": 0.828947,
        "t_hit_p25": 3.0,
        "t_hit_median": 8.0,
        "t_hit_p75": 22.0,
        "mdd_p25": -1.69265,
        "mdd_median": -0.6698999999999999,
        "mdd_p75": -0.2044
      },
      "96": {
        "n_total": 3040,
        "n_hit": 2558,
        "p_hit": 0.841447,
        "t_hit_p25": 3.0,
        "t_hit_median": 8.0,
        "t_hit_p75": 23.0,
        "mdd_p25": -1.7746750000000002,
        "mdd_median": -0.68995,
        "mdd_p75": -0.213975
      }
    },
    "2.0": {
      "12": {
        "n_total": 3040,
        "n_hit": 743,
        "p_hit": 0.244408,
        "t_hit_p25": 3.0,
        "t_hit_median": 5.0,
        "t_hit_p75": 8.5,
        "mdd_p25": -0.97255,
        "mdd_median": -0.4103,
        "mdd_p75": -0.08535000000000001
      },
      "24": {
        "n_total": 3040,
        "n_hit": 1211,
        "p_hit": 0.398355,
        "t_hit_p25": 4.0,
        "t_hit_median": 9.0,
        "t_hit_p75": 16.0,
        "mdd_p25": -1.2917,
        "mdd_median": -0.5846,
        "mdd_p75": -0.17495
      },
      "36": {
        "n_total": 3040,
        "n_hit": 1531,
        "p_hit": 0.503618,
        "t_hit_p25": 5.0,
        "t_hit_median": 13.0,
        "t_hit_p75": 23.0,
        "mdd_p25": -1.4771,
        "mdd_median": -0.6842,
        "mdd_p75": -0.2193
      },
      "48": {
        "n_total": 3040,
        "n_hit": 1743,
        "p_hit": 0.573355,
        "t_hit_p25": 6.0,
        "t_hit_median": 15.0,
        "t_hit_p75": 28.0,
        "mdd_p25": -1.58405,
        "mdd_median": -0.7706,
        "mdd_p75": -0.2654
      },
      "60": {
        "n_total": 3040,
        "n_hit": 1881,
        "p_hit": 0.61875,
        "t_hit_p25": 7.0,
        "t_hit_median": 17.0,
        "t_hit_p75": 32.0,
        "mdd_p25": -1.6459,
        "mdd_median": -0.8256,
        "mdd_p75": -0.2893
      },
      "72": {
        "n_total": 3040,
        "n_hit": 2002,
        "p_hit": 0.658553,
        "t_hit_p25": 7.0,
        "t_hit_median": 18.0,
        "t_hit_p75": 35.0,
        "mdd_p25": -1.8035999999999999,
        "mdd_median": -0.9164,
        "mdd_p75": -0.31355
      },
      "84": {
        "n_total": 3040,
        "n_hit": 2085,
        "p_hit": 0.685855,
        "t_hit_p25": 8.0,
        "t_hit_median": 19.0,
        "t_hit_p75": 38.0,
        "mdd_p25": -1.9385,
        "mdd_median": -0.9677,
        "mdd_p75": -0.3383
      },
      "96": {
        "n_total": 3040,
        "n_hit": 2161,
        "p_hit": 0.710855,
        "t_hit_p25": 8.0,
        "t_hit_median": 21.0,
        "t_hit_p75": 41.0,
        "mdd_p25": -2.0551,
        "mdd_median": -1.0045,
        "mdd_p75": -0.3487
      }
    },
    "3.0": {
      "12": {
        "n_total": 3040,
        "n_hit": 401,
        "p_hit": 0.131908,
        "t_hit_p25": 3.0,
        "t_hit_median": 6.0,
        "t_hit_p75": 9.0,
        "mdd_p25": -0.9293,
        "mdd_median": -0.3641,
        "mdd_p75": -0.0818
      },
      "24": {
        "n_total": 3040,
        "n_hit": 705,
        "p_hit": 0.231908,
        "t_hit_p25": 5.0,
        "t_hit_median": 11.0,
        "t_hit_p75": 17.0,
        "mdd_p25": -1.3455,
        "mdd_median": -0.5722,
        "mdd_p75": -0.1608
      },
      "36": {
        "n_total": 3040,
        "n_hit": 991,
        "p_hit": 0.325987,
        "t_hit_p25": 7.0,
        "t_hit_median": 16.0,
        "t_hit_p75": 26.0,
        "mdd_p25": -1.6068500000000001,
        "mdd_median": -0.702,
        "mdd_p75": -0.20805
      },
      "48": {
        "n_total": 3040,
        "n_hit": 1219,
        "p_hit": 0.400987,
        "t_hit_p25": 9.0,
        "t_hit_median": 21.0,
        "t_hit_p75": 33.0,
        "mdd_p25": -1.71245,
        "mdd_median": -0.8267,
        "mdd_p75": -0.27535
      },