{
  "schema": "baseline_probs_v1",
  "source_labels": "data/labels/labels_v1.csv",
  "n_rows_labels": 1163,
  "thresholds": [
    0.5,
    1.0,
    2.0,
    3.0,
    5.0
  ],
  "horizons": [
    12,
    24,
    36,
    48,
    60,
    72,
    84,
    96
  ],
  "results": {
    "0.5": {
      "12": {
        "n_total": 1163,
        "n_hit": 813,
        "p_hit": 0.699054,
        "t_hit_p25": 1.0,
        "t_hit_median": 2.0,
        "t_hit_p75": 5.0,
        "mdd_p25": -0.8423,
        "mdd_median": -0.2906,
        "mdd_p75": -0.0585
      },
      "24": {
        "n_total": 1163,
        "n_hit": 933,
        "p_hit": 0.802236,
        "t_hit_p25": 1.0,
        "t_hit_median": 3.0,
        "t_hit_p75": 7.0,
        "mdd_p25": -0.9746,
        "mdd_median": -0.373,
        "mdd_p75": -0.0916
      },
      "36": {
        "n_total": 1163,
        "n_hit": 976,
        "p_hit": 0.839209,
        "t_hit_p25": 1.0,
        "t_hit_median": 3.0,
        "t_hit_p75": 9.0,
        "mdd_p25": -0.998775,
        "mdd_median": -0.39515,
        "mdd_p75": -0.102075
      },
      "48": {
        "n_total": 1163,
        "n_hit": 986,
        "p_hit": 0.847807,
        "t_hit_p25": 1.0,
        "t_hit_median": 3.0,
        "t_hit_p75": 9.0,
        "mdd_p25": -1.0128249999999999,
        "mdd_median": -0.4096,
        "mdd_p75": -0.10364999999999999
      },
      "60": {
        "n_total": 1163,
        "n_hit": 1000,
        "p_hit": 0.859845,
        "t_hit_p25": 1.0,
        "t_hit_median": 3.0,
        "t_hit_p75": 9.0,
        "mdd_p25": -1.08,
        "mdd_median": -0.4167,
        "mdd_p75": -0.1054
      },
      "72": {
        "n_total": 1163,
        "n_hit": 1022,
        "p_hit": 0.878762,
        "t_hit_p25": 1.0,
        "t_hit_median": 4.0,
        "t_hit_p75": 10.0,
        "mdd_p25": -1.169225,
        "mdd_median": -0.4369,
        "mdd_p75": -0.107875
      },
      "84": {
        "n_total": 1163,
        "n_hit": 1040,
        "p_hit": 0.894239,
        "t_hit_p25": 1.0,
        "t_hit_median": 4.0,
        "t_hit_p75": 11.0,
        "mdd_p25": -1.2461,
        "mdd_median": -0.44789999999999996,
        "mdd_p75": -0.11207500000000001
      },
      "96": {
        "n_total": 1163,
        "n_hit": 1046,
        "p_hit": 0.899398,
        "t_hit_p25": 1.0,
        "t_hit_median": 4.0,
        "t_hit_p75": 11.0,
        "mdd_p25": -1.26355,
        "mdd_median": -0.4533,
        "mdd_p75": -0.114
      }
    },
    "1.0": {
      "12": {
        "n_total": 1163,
        "n_hit": 587,
        "p_hit": 0.504729,
        "t_hit_p25": 2.0,
        "t_hit_median": 4.0,
        "t_hit_p75": 7.0,
        "mdd_p25": -0.99895,
        "mdd_median": -0.3684,
        "mdd_p75": -0.07880000000000001
      },
      "24": {
        "n_total": 1163,
        "n_hit": 744,
        "p_hit": 0.639725,
        "t_hit_p25": 2.0,
        "t_hit_median": 5.0,
        "t_hit_p75": 11.0,
        "mdd_p25": -1.1494499999999999,
        "mdd_median": -0.46640000000000004,
        "mdd_p75": -0.11647500000000001
      },
      "36": {
        "n_total": 1163,
        "n_hit": 826,
        "p_hit": 0.710232,
        "t_hit_p25": 3.0,
        "t_hit_median": 7.0,
        "t_hit_p75": 15.0,
        "mdd_p25": -1.215125,
        "mdd_median": -0.47514999999999996,
        "mdd_p75": -0.14315
      },
      "48": {
        "n_total": 1163,
        "n_hit": 862,
        "p_hit": 0.741187,
        "t_hit_p25": 3.0,
        "t_hit_median": 7.0,
        "t_hit_p75": 17.0,
        "mdd_p25": -1.2477,
        "mdd_median": -0.47945000000000004,
        "mdd_p75": -0.15410000000000001
      },
      "60": {
        "n_total": 1163,
        "n_hit": 898,
        "p_hit": 0.772141,
        "t_hit_p25": 3.0,
        "t_hit_median": 7.0,
        "t_hit_p75": 18.0,
        "mdd_p25": -1.350775,
        "mdd_median": -0.5095000000000001,
        "mdd_p75": -0.16152499999999997
      },
      "72": {
        "n_total": 1163,
        "n_hit": 929,
        "p_hit": 0.798796,
        "t_hit_p25": 3.0,
        "t_hit_median": 8.0,
        "t_hit_p75": 20.0,
        "mdd_p25": -1.4219,
        "mdd_median": -0.5434,
        "mdd_p75": -0.1691
      },
      "84": {
        "n_total": 1163,
        "n_hit": 950,
        "p_hit": 0.816853,
        "t_hit_p25": 3.0,
        "t_hit_median": 8.0,
        "t_hit_p75": 21.0,
        "mdd_p25": -1.523625,
        "mdd_median": -0.56445,
        "mdd_p75": -0.17175
      },
      "96": {
        "n_total": 1163,
        "n_hit": 961,
        "p_hit": 0.826311,
        "t_hit_p25": 3.0,
        "t_hit_median": 8.0,
        "t_hit_p75": 22.0,
        "mdd_p25": -1.5555,
        "mdd_median": -0.5768,
        "mdd_p75": -0.1724
      }
    },
    "2.0": {
      "12": {
        "n_total": 1163,
        "n_hit": 295,
        "p_hit": 0.253654,
        "t_hit_p25": 3.0,
        "t_hit_median": 5.0,
        "t_hit_p75": 8.0,
        "mdd_p25": -1.1595,
        "mdd_median": -0.4477,
        "mdd_p75": -0.13005
      },
      "24": {
        "n_total": 1163,
        "n_hit": 466,
        "p_hit": 0.400688,
        "t_hit_p25": 4.0,
        "t_hit_median": 9.0,
        "t_hit_p75": 16.0,
        "mdd_p25": -1.34815,
        "mdd_median": -0.57805,
        "mdd_p75": -0.17309999999999998
      },
      "36": {
        "n_total": 1163,
        "n_hit": 563,
        "p_hit": 0.484093,
        "t_hit_p25": 5.0,
        "t_hit_median": 11.0,
        "t_hit_p75": 20.5,
        "mdd_p25": -1.30865,
        "mdd_median": -0.5508,
        "mdd_p75": -0.17215
      },
      "48": {
        "n_total": 1163,
        "n_hit": 645,
        "p_hit": 0.5546,
        "t_hit_p25": 6.0,
        "t_hit_median": 14.0,
        "t_hit_p75": 27.0,
        "mdd_p25": -1.3232,
        "mdd_median": -0.5535,
        "mdd_p75": -0.1954
      },
      "60": {
        "n_total": 1163,
        "n_hit": 706,
        "p_hit": 0.607051,
        "t_hit_p25": 6.0,
        "t_hit_median": 16.0,
        "t_hit_p75": 32.0,
        "mdd_p25": -1.3719000000000001,
        "mdd_median": -0.58585,
        "mdd_p75": -0.2239
      },
      "72": {
        "n_total": 1163,
        "n_hit": 749,
        "p_hit": 0.644024,
        "t_hit_p25": 7.0,
        "t_hit_median": 17.0,
        "t_hit_p75": 36.0,
        "mdd_p25": -1.424,
        "mdd_median": -0.635,
        "mdd_p75": -0.247
      },
      "84": {
        "n_total": 1163,
        "n_hit": 777,
        "p_hit": 0.6681,
        "t_hit_p25": 7.0,
        "t_hit_median": 18.0,
        "t_hit_p75": 40.0,
        "mdd_p25": -1.5029,
        "mdd_median": -0.6998,
        "mdd_p75": -0.2637
      },
      "96": {
        "n_total": 1163,
        "n_hit": 799,
        "p_hit": 0.687016,
        "t_hit_p25": 7.0,
        "t_hit_median": 19.0,
        "t_hit_p75": 42.0,
        "mdd_p25": -1.5563500000000001,
        "mdd_median": -0.7505,
        "mdd_p75": -0.26990000000000003
      }
    },
    "3.0": {
      "12": {
        "n_total": 1163,
        "n_hit": 150,
        "p_hit": 0.128977,
        "t_hit_p25": 3.0,
        "t_hit_median": 5.5,
        "t_hit_p75": 9.0,
        "mdd_p25": -1.145975,
        "mdd_median": -0.42374999999999996,
        "mdd_p75": -0.135575
      },
      "24": {
        "n_total": 1163,
        "n_hit": 243,
        "p_hit": 0.208942,
        "t_hit_p25": 4.5,
        "t_hit_median": 10.0,
        "t_hit_p75": 17.0,
        "mdd_p25": -1.1307,
        "mdd_median": -0.4653,
        "mdd_p75": -0.13385000000000002
      },
      "36": {
        "n_total": 1163,
        "n_hit": 336,
        "p_hit": 0.288908,
        "t_hit_p25": 6.0,
        "t_hit_median": 15.0,
        "t_hit_p75": 26.0,
        "mdd_p25": -1.085325,
        "mdd_median": -0.50685,
        "mdd_p75": -0.16149999999999998
      },
      "48": {
        "n_total": 1163,
        "n_hit": 415,
        "p_hit": 0.356836,
        "t_hit_p25": 8.0,
        "t_hit_median": 21.0,
        "t_hit_p75": 33.0,
        "mdd_p25": -1.1640000000000001,