{
  "schema": "baseline_probs_v1",
  "source_labels": "data/labels/labels_v1.csv",
  "n_rows_labels": 228,
  "thresholds": [
    0.5,
    1.0,
    2.0,
    3.0,
    5.0
  ],
  "horizons": [
    12,
    24,
    36,
    48,
    60,
    72,
    84,
    96
  ],
  "results": {
    "0.5": {
      "12": {
        "n_total": 228,
        "n_hit": 169,
        "p_hit": 0.741228,
        "t_hit_p25": 1.0,
        "t_hit_median": 2.0,
        "t_hit_p75": 5.0,
        "mdd_p25": -0.8307,
        "mdd_median": -0.3252,
        "mdd_p75": -0.0808
      },
      "24": {
        "n_total": 228,
        "n_hit": 194,
        "p_hit": 0.850877,
        "t_hit_p25": 1.0,
        "t_hit_median": 3.0,
        "t_hit_p75": 7.0,
        "mdd_p25": -1.047825,
        "mdd_median": -0.4514,
        "mdd_p75": -0.107575
      },
      "36": {
        "n_total": 228,
        "n_hit": 205,
        "p_hit": 0.899123,
        "t_hit_p25": 1.0,
        "t_hit_median": 3.0,
        "t_hit_p75": 9.0,
        "mdd_p25": -1.0056,
        "mdd_median": -0.4923,
        "mdd_p75": -0.1212
      },
      "48": {
        "n_total": 228,
        "n_hit": 205,
        "p_hit": 0.899123,
        "t_hit_p25": 1.0,
        "t_hit_median": 3.0,
        "t_hit_p75": 9.0,
        "mdd_p25": -1.0056,
        "mdd_median": -0.4923,
        "mdd_p75": -0.1212
      },
      "60": {
        "n_total": 228,
        "n_hit": 211,
        "p_hit": 0.925439,
        "t_hit_p25": 1.0,
        "t_hit_median": 3.0,
        "t_hit_p75": 10.0,
        "mdd_p25": -1.1019999999999999,
        "mdd_median": -0.5036,
        "mdd_p75": -0.12585000000000002
      },
      "72": {
        "n_total": 228,
        "n_hit": 223,
        "p_hit": 0.97807,
        "t_hit_p25": 1.0,
        "t_hit_median": 4.0,
        "t_hit_p75": 12.0,
        "mdd_p25": -1.3584,
        "mdd_median": -0.5343,
        "mdd_p75": -0.1422
      },
      "84": {
        "n_total": 228,
        "n_hit": 223,
        "p_hit": 0.97807,
        "t_hit_p25": 1.0,
        "t_hit_median": 4.0,
        "t_hit_p75": 12.0,
        "mdd_p25": -1.3584,
        "mdd_median": -0.5343,
        "mdd_p75": -0.1422
      },
      "96": {
        "n_total": 228,
        "n_hit": 223,
        "p_hit": 0.97807,
        "t_hit_p25": 1.0,
        "t_hit_median": 4.0,
        "t_hit_p75": 12.0,
        "mdd_p25": -1.3584,
        "mdd_median": -0.5343,
        "mdd_p75": -0.1422
      }
    },
    "1.0": {
      "12": {
        "n_total": 228,
        "n_hit": 132,
        "p_hit": 0.578947,
        "t_hit_p25": 3.0,
        "t_hit_median": 5.0,
        "t_hit_p75": 7.0,
        "mdd_p25": -0.9877499999999999,
        "mdd_median": -0.3498,
        "mdd_p75": -0.098875
      },
      "24": {
        "n_total": 228,
        "n_hit": 161,
        "p_hit": 0.70614,
        "t_hit_p25": 3.0,
        "t_hit_median": 6.0,
        "t_hit_p75": 10.0,
        "mdd_p25": -1.3713,
        "mdd_median": -0.4923,
        "mdd_p75": -0.1442
      },
      "36": {
        "n_total": 228,
        "n_hit": 176,
        "p_hit": 0.77193,
        "t_hit_p25": 3.0,
        "t_hit_median": 6.0,
        "t_hit_p75": 12.25,
        "mdd_p25": -1.561125,
        "mdd_median": -0.538,
        "mdd_p75": -0.1666
      },
      "48": {
        "n_total": 228,
        "n_hit": 187,
        "p_hit": 0.820175,
        "t_hit_p25": 3.5,
        "t_hit_median": 7.0,
        "t_hit_p75": 16.0,
        "mdd_p25": -1.5327,
        "mdd_median": -0.6004,
        "mdd_p75": -0.17365
      },
      "60": {
        "n_total": 228,
        "n_hit": 195,
        "p_hit": 0.855263,
        "t_hit_p25": 4.0,
        "t_hit_median": 7.0,
        "t_hit_p75": 18.5,
        "mdd_p25": -1.5779,
        "mdd_median": -0.6772,
        "mdd_p75": -0.19319999999999998
      },
      "72": {
        "n_total": 228,
        "n_hit": 210,
        "p_hit": 0.921053,
        "t_hit_p25": 4.0,
        "t_hit_median": 7.0,
        "t_hit_p75": 21.75,
        "mdd_p25": -1.7109,
        "mdd_median": -0.8659,
        "mdd_p75": -0.239225
      },
      "84": {
        "n_total": 228,
        "n_hit": 211,
        "p_hit": 0.925439,
        "t_hit_p25": 4.0,
        "t_hit_median": 7.0,
        "t_hit_p75": 22.5,
        "mdd_p25": -1.7165,
        "mdd_median": -0.8949,
        "mdd_p75": -0.24054999999999999
      },
      "96": {
        "n_total": 228,
        "n_hit": 211,
        "p_hit": 0.925439,
        "t_hit_p25": 4.0,
        "t_hit_median": 7.0,
        "t_hit_p75": 22.5,
        "mdd_p25": -1.7165,
        "mdd_median": -0.8949,
        "mdd_p75": -0.24054999999999999
      }
    },
    "2.0": {
      "12": {
        "n_total": 228,
        "n_hit": 58,
        "p_hit": 0.254386,
        "t_hit_p25": 4.0,
        "t_hit_median": 6.0,
        "t_hit_p75": 9.0,
        "mdd_p25": -1.280275,
        "mdd_median": -0.41225,
        "mdd_p75": -0.180025
      },
      "24": {
        "n_total": 228,
        "n_hit": 97,
        "p_hit": 0.425439,
        "t_hit_p25": 6.0,
        "t_hit_median": 10.0,
        "t_hit_p75": 17.0,
        "mdd_p25": -1.4668,
        "mdd_median": -0.8025,
        "mdd_p75": -0.2933
      },
      "36": {
        "n_total": 228,
        "n_hit": 120,
        "p_hit": 0.526316,
        "t_hit_p25": 6.75,
        "t_hit_median": 13.0,
        "t_hit_p75": 21.0,
        "mdd_p25": -1.466925,
        "mdd_median": -0.95535,
        "mdd_p75": -0.372975
      },
      "48": {
        "n_total": 228,
        "n_hit": 137,
        "p_hit": 0.600877,
        "t_hit_p25": 8.0,
        "t_hit_median": 16.0,
        "t_hit_p75": 28.0,
        "mdd_p25": -1.4601,
        "mdd_median": -1.0037,
        "mdd_p75": -0.4383
      },
      "60": {
        "n_total": 228,
        "n_hit": 151,
        "p_hit": 0.662281,
        "t_hit_p25": 8.0,
        "t_hit_median": 18.0,
        "t_hit_p75": 33.0,
        "mdd_p25": -1.4605000000000001,
        "mdd_median": -1.0361,
        "mdd_p75": -0.5026
      },
      "72": {
        "n_total": 228,
        "n_hit": 165,
        "p_hit": 0.723684,
        "t_hit_p25": 9.0,
        "t_hit_median": 20.0,
        "t_hit_p75": 39.0,
        "mdd_p25": -1.5891,
        "mdd_median": -1.1517,
        "mdd_p75": -0.5535
      },
      "84": {
        "n_total": 228,
        "n_hit": 174,
        "p_hit": 0.763158,
        "t_hit_p25": 9.0,
        "t_hit_median": 21.0,
        "t_hit_p75": 42.0,
        "mdd_p25": -1.729125,
        "mdd_median": -1.2042,
        "mdd_p75": -0.605475
      },
      "96": {
        "n_total": 228,
        "n_hit": 179,
        "p_hit": 0.785088,
        "t_hit_p25": 9.0,
        "t_hit_median": 21.0,
        "t_hit_p75": 44.5,
        "mdd_p25": -1.72385,
        "mdd_median": -1.2184,
        "mdd_p75": -0.6247
      }
    },
    "3.0": {
      "12": {
        "n_total": 228,
        "n_hit": 35,
        "p_hit": 0.153509,
        "t_hit_p25": 5.0,
        "t_hit_median": 8.0,
        "t_hit_p75": 10.0,
        "mdd_p25": -1.3489499999999999,
        "mdd_median": -0.4383,
        "mdd_p75": -0.18364999999999998
      },
      "24": {
        "n_total": 228,
        "n_hit": 52,
        "p_hit": 0.22807,
        "t_hit_p25": 6.0,
        "t_hit_median": 10.0,
        "t_hit_p75": 16.25,
        "mdd_p25": -1.4018,
        "mdd_median": -0.5026,
        "mdd_p75": -0.204475
      },
      "36": {
        "n_total": 228,
        "n_hit": 69,
        "p_hit": 0.302632,
        "t_hit_p25": 8.0,
        "t_hit_median": 12.0,
        "t_hit_p75": 24.0,
        "mdd_p25": -1.3997,
        "mdd_median": -0.8025,
        "mdd_p75": -0.2933
      },
      "48": {
        "n_total": 228,
        "n_hit": 81,
        "p_hit": 0.355263,
        "t_hit_p25": 9.0,
        "t_hit_median": 18.0,
        "t_hit_p75": 32.0,
        "mdd_p25": -1.3359,
        "mdd_median": -0.9492,
        "mdd_p75": -0.3594
      },
      "60": {
        "n_total": 228,
        "n_hit": 94,
        "p_hit": 0.412281,
        "t_hit_p25": 10.0,