{
  "schema": "baseline_probs_v1",
  "source_labels": "data/labels/labels_v1.csv",
  "n_rows_labels": 2255,
  "thresholds": [
    0.5,
    1.0,
    2.0,
    3.0,
    5.0
  ],
  "horizons": [
    12,
    24,
    36,
    48,
    60,
    72,
    84,
    96
  ],
  "results": {
    "0.5": {
      "12": {
        "n_total": 2255,
        "n_hit": 1629,
        "p_hit": 0.722395,
        "t_hit_p25": 1.0,
        "t_hit_median": 2.0,
        "t_hit_p75": 4.0,
        "mdd_p25": -0.8001,
        "mdd_median": -0.3096,
        "mdd_p75": -0.0564
      },
      "24": {
        "n_total": 2255,
        "n_hit": 1841,
        "p_hit": 0.816408,
        "t_hit_p25": 1.0,
        "t_hit_median": 3.0,
        "t_hit_p75": 6.0,
        "mdd_p25": -0.9472,
        "mdd_median": -0.3775,
        "mdd_p75": -0.0882
      },
      "36": {
        "n_total": 2255,
        "n_hit": 1940,
        "p_hit": 0.86031,
        "t_hit_p25": 1.0,
        "t_hit_median": 3.0,
        "t_hit_p75": 8.0,
        "mdd_p25": -1.0552249999999999,
        "mdd_median": -0.41375,
        "mdd_p75": -0.10255
      },
      "48": {
        "n_total": 2255,
        "n_hit": 1977,
        "p_hit": 0.876718,
        "t_hit_p25": 1.0,
        "t_hit_median": 3.0,
        "t_hit_p75": 8.0,
        "mdd_p25": -1.1351,
        "mdd_median": -0.4278,
        "mdd_p75": -0.1057
      },
      "60": {
        "n_total": 2255,
        "n_hit": 1998,
        "p_hit": 0.886031,
        "t_hit_p25": 1.0,
        "t_hit_median": 3.0,
        "t_hit_p75": 9.0,
        "mdd_p25": -1.168225,
        "mdd_median": -0.438,
        "mdd_p75": -0.108775
      },
      "72": {
        "n_total": 2255,
        "n_hit": 2031,
        "p_hit": 0.900665,
        "t_hit_p25": 1.0,
        "t_hit_median": 3.0,
        "t_hit_p75": 9.0,
        "mdd_p25": -1.2478500000000001,
        "mdd_median": -0.4492,
        "mdd_p75": -0.11405
      },
      "84": {
        "n_total": 2255,
        "n_hit": 2062,
        "p_hit": 0.914412,
        "t_hit_p25": 1.0,
        "t_hit_median": 3.0,
        "t_hit_p75": 10.0,
        "mdd_p25": -1.326,
        "mdd_median": -0.47004999999999997,
        "mdd_p75": -0.117725
      },
      "96": {
        "n_total": 2255,
        "n_hit": 2083,
        "p_hit": 0.923725,
        "t_hit_p25": 1.0,
        "t_hit_median": 3.0,
        "t_hit_p75": 10.0,
        "mdd_p25": -1.35615,
        "mdd_median": -0.4784,
        "mdd_p75": -0.12065
      }
    },
    "1.0": {
      "12": {
        "n_total": 2255,
        "n_hit": 1212,
        "p_hit": 0.537472,
        "t_hit_p25": 2.0,
        "t_hit_median": 4.0,
        "t_hit_p75": 7.0,
        "mdd_p25": -0.99815,
        "mdd_median": -0.40565,
        "mdd_p75": -0.08277499999999999
      },
      "24": {
        "n_total": 2255,
        "n_hit": 1490,
        "p_hit": 0.660754,
        "t_hit_p25": 2.0,
        "t_hit_median": 5.0,
        "t_hit_p75": 10.0,
        "mdd_p25": -1.177825,
        "mdd_median": -0.4964,
        "mdd_p75": -0.13520000000000001
      },
      "36": {
        "n_total": 2255,
        "n_hit": 1665,
        "p_hit": 0.738359,
        "t_hit_p25": 2.0,
        "t_hit_median": 6.0,
        "t_hit_p75": 14.0,
        "mdd_p25": -1.3717,
        "mdd_median": -0.5456,
        "mdd_p75": -0.1636
      },
      "48": {
        "n_total": 2255,
        "n_hit": 1746,
        "p_hit": 0.774279,
        "t_hit_p25": 3.0,
        "t_hit_median": 6.0,
        "t_hit_p75": 16.0,
        "mdd_p25": -1.4548999999999999,
        "mdd_median": -0.579,
        "mdd_p75": -0.174825
      },
      "60": {
        "n_total": 2255,
        "n_hit": 1817,
        "p_hit": 0.805765,
        "t_hit_p25": 3.0,
        "t_hit_median": 7.0,
        "t_hit_p75": 18.0,
        "mdd_p25": -1.5815,
        "mdd_median": -0.6161,
        "mdd_p75": -0.1881
      },
      "72": {
        "n_total": 2255,
        "n_hit": 1873,
        "p_hit": 0.830599,
        "t_hit_p25": 3.0,
        "t_hit_median": 7.0,
        "t_hit_p75": 20.0,
        "mdd_p25": -1.6879,
        "mdd_median": -0.6628,
        "mdd_p75": -0.2025
      },
      "84": {
        "n_total": 2255,
        "n_hit": 1918,
        "p_hit": 0.850554,
        "t_hit_p25": 3.0,
        "t_hit_median": 7.0,
        "t_hit_p75": 21.0,
        "mdd_p25": -1.7867000000000002,
        "mdd_median": -0.69565,
        "mdd_p75": -0.21487499999999998
      },
      "96": {
        "n_total": 2255,
        "n_hit": 1944,
        "p_hit": 0.862084,
        "t_hit_p25": 3.0,
        "t_hit_median": 8.0,
        "t_hit_p75": 23.0,
        "mdd_p25": -1.837725,
        "mdd_median": -0.7154,
        "mdd_p75": -0.219925
      }
    },
    "2.0": {
      "12": {
        "n_total": 2255,
        "n_hit": 614,
        "p_hit": 0.272284,
        "t_hit_p25": 3.0,
        "t_hit_median": 5.0,
        "t_hit_p75": 8.0,
        "mdd_p25": -1.0023250000000001,
        "mdd_median": -0.42435,
        "mdd_p75": -0.10422500000000001
      },
      "24": {
        "n_total": 2255,
        "n_hit": 960,
        "p_hit": 0.425721,
        "t_hit_p25": 4.0,
        "t_hit_median": 9.0,
        "t_hit_p75": 16.0,
        "mdd_p25": -1.3726749999999999,
        "mdd_median": -0.6032,
        "mdd_p75": -0.18415
      },
      "36": {
        "n_total": 2255,
        "n_hit": 1182,
        "p_hit": 0.524169,
        "t_hit_p25": 5.0,
        "t_hit_median": 12.0,
        "t_hit_p75": 21.0,
        "mdd_p25": -1.589575,
        "mdd_median": -0.7342,
        "mdd_p75": -0.2207
      },
      "48": {
        "n_total": 2255,
        "n_hit": 1337,
        "p_hit": 0.592905,
        "t_hit_p25": 5.0,
        "t_hit_median": 14.0,
        "t_hit_p75": 26.0,
        "mdd_p25": -1.6665,
        "mdd_median": -0.8256,
        "mdd_p75": -0.265
      },
      "60": {
        "n_total": 2255,
        "n_hit": 1444,
        "p_hit": 0.640355,
        "t_hit_p25": 6.0,
        "t_hit_median": 16.0,
        "t_hit_p75": 31.0,
        "mdd_p25": -1.736075,
        "mdd_median": -0.8994,
        "mdd_p75": -0.28005
      },
      "72": {
        "n_total": 2255,
        "n_hit": 1540,
        "p_hit": 0.682927,
        "t_hit_p25": 6.0,
        "t_hit_median": 17.0,
        "t_hit_p75": 35.0,
        "mdd_p25": -1.9114,
        "mdd_median": -0.9732000000000001,
        "mdd_p75": -0.310575
      },
      "84": {
        "n_total": 2255,
        "n_hit": 1607,
        "p_hit": 0.712639,
        "t_hit_p25": 7.0,
        "t_hit_median": 18.0,
        "t_hit_p75": 38.0,
        "mdd_p25": -2.1423,
        "mdd_median": -1.0197,
        "mdd_p75": -0.33314999999999995
      },
      "96": {
        "n_total": 2255,
        "n_hit": 1669,
        "p_hit": 0.740133,
        "t_hit_p25": 7.0,
        "t_hit_median": 19.0,
        "t_hit_p75": 42.0,
        "mdd_p25": -2.2422,
        "mdd_median": -1.109,
        "mdd_p75": -0.352
      }
    },
    "3.0": {
      "12": {
        "n_total": 2255,
        "n_hit": 348,
        "p_hit": 0.154324,
        "t_hit_p25": 3.0,
        "t_hit_median": 6.0,
        "t_hit_p75": 9.0,
        "mdd_p25": -0.97285,
        "mdd_median": -0.40054999999999996,
        "mdd_p75": -0.11560000000000001
      },
      "24": {
        "n_total": 2255,
        "n_hit": 585,
        "p_hit": 0.259424,
        "t_hit_p25": 5.0,
        "t_hit_median": 10.0,
        "t_hit_p75": 17.0,
        "mdd_p25": -1.3828,
        "mdd_median": -0.5846,
        "mdd_p75": -0.172
      },
      "36": {
        "n_total": 2255,
        "n_hit": 811,
        "p_hit": 0.359645,
        "t_hit_p25": 7.0,
        "t_hit_median": 15.0,
        "t_hit_p75": 26.0,
        "mdd_p25": -1.64655,
        "mdd_median": -0.7144,
        "mdd_p75": -0.21945
      },
      "48": {
        "n_total": 2255,
        "n_hit": 981,
        "p_hit": 0.435033,
        "t_hit_p25": 8.0,
        "t_hit_median": 20.0,
        "t_hit_p75": 32.0,
        "mdd_p25": -1.7955,
        "mdd_median": -0.8709,
        "mdd_p75": -0.2777
      },