{
  "schema": "baseline_probs_v1",
  "source_labels": "data/labels/labels_v1.csv",
  "n_rows_labels": 2731,
  "thresholds": [
    0.5,
    1.0,
    2.0,
    3.0,
    5.0
  ],
  "horizons": [
    12,
    24,
    36,
    48,
    60,
    72,
    84,
    96
  ],
  "results": {
    "0.5": {
      "12": {
        "n_total": 2731,
        "n_hit": 1930,
        "p_hit": 0.706701,
        "t_hit_p25": 1.0,
        "t_hit_median": 2.0,
        "t_hit_p75": 4.0,
        "mdd_p25": -0.7219249999999999,
        "mdd_median": -0.293,
        "mdd_p75": -0.050675
      },
      "24": {
        "n_total": 2731,
        "n_hit": 2192,
        "p_hit": 0.802636,
        "t_hit_p25": 1.0,
        "t_hit_median": 3.0,
        "t_hit_p75": 7.0,
        "mdd_p25": -0.8899750000000001,
        "mdd_median": -0.3594,
        "mdd_p75": -0.080875
      },
      "36": {
        "n_total": 2731,
        "n_hit": 2321,
        "p_hit": 0.849872,
        "t_hit_p25": 1.0,
        "t_hit_median": 3.0,
        "t_hit_p75": 8.0,
        "mdd_p25": -0.9907,
        "mdd_median": -0.4058,
        "mdd_p75": -0.0973
      },
      "48": {
        "n_total": 2731,
        "n_hit": 2370,
        "p_hit": 0.867814,
        "t_hit_p25": 1.0,
        "t_hit_median": 3.0,
        "t_hit_p75": 9.0,
        "mdd_p25": -1.0647499999999999,
        "mdd_median": -0.4204,
        "mdd_p75": -0.102725
      },
      "60": {
        "n_total": 2731,
        "n_hit": 2393,
        "p_hit": 0.876236,
        "t_hit_p25": 1.0,
        "t_hit_median": 3.0,
        "t_hit_p75": 9.0,
        "mdd_p25": -1.1226,
        "mdd_median": -0.4261,
        "mdd_p75": -0.1042
      },
      "72": {
        "n_total": 2731,
        "n_hit": 2432,
        "p_hit": 0.890516,
        "t_hit_p25": 1.0,
        "t_hit_median": 3.0,
        "t_hit_p75": 10.0,
        "mdd_p25": -1.174,
        "mdd_median": -0.44035,
        "mdd_p75": -0.10735
      },
      "84": {
        "n_total": 2731,
        "n_hit": 2475,
        "p_hit": 0.906261,
        "t_hit_p25": 1.0,
        "t_hit_median": 3.0,
        "t_hit_p75": 10.0,
        "mdd_p25": -1.2564000000000002,
        "mdd_median": -0.4545,
        "mdd_p75": -0.1121
      },
      "96": {
        "n_total": 2731,
        "n_hit": 2504,
        "p_hit": 0.91688,
        "t_hit_p25": 1.0,
        "t_hit_median": 3.0,
        "t_hit_p75": 11.0,
        "mdd_p25": -1.314125,
        "mdd_median": -0.47109999999999996,
        "mdd_p75": -0.116575
      }
    },
    "1.0": {
      "12": {
        "n_total": 2731,
        "n_hit": 1411,
        "p_hit": 0.516661,
        "t_hit_p25": 2.0,
        "t_hit_median": 4.0,
        "t_hit_p75": 7.0,
        "mdd_p25": -0.9331499999999999,
        "mdd_median": -0.3691,
        "mdd_p75": -0.08085
      },
      "24": {
        "n_total": 2731,
        "n_hit": 1759,
        "p_hit": 0.644086,
        "t_hit_p25": 2.0,
        "t_hit_median": 5.0,
        "t_hit_p75": 11.0,
        "mdd_p25": -1.0864500000000001,
        "mdd_median": -0.4697,
        "mdd_p75": -0.1296
      },
      "36": {
        "n_total": 2731,
        "n_hit": 1980,
        "p_hit": 0.725009,
        "t_hit_p25": 3.0,
        "t_hit_median": 6.0,
        "t_hit_p75": 15.0,
        "mdd_p25": -1.3043500000000001,
        "mdd_median": -0.53435,
        "mdd_p75": -0.16065000000000002
      },
      "48": {
        "n_total": 2731,
        "n_hit": 2083,
        "p_hit": 0.762724,
        "t_hit_p25": 3.0,
        "t_hit_median": 7.0,
        "t_hit_p75": 17.0,
        "mdd_p25": -1.36895,
        "mdd_median": -0.5524,
        "mdd_p75": -0.17245
      },
      "60": {
        "n_total": 2731,
        "n_hit": 2161,
        "p_hit": 0.791285,
        "t_hit_p25": 3.0,
        "t_hit_median": 7.0,
        "t_hit_p75": 19.0,
        "mdd_p25": -1.4668,
        "mdd_median": -0.5896,
        "mdd_p75": -0.1853
      },
      "72": {
        "n_total": 2731,
        "n_hit": 2226,
        "p_hit": 0.815086,
        "t_hit_p25": 3.0,
        "t_hit_median": 8.0,
        "t_hit_p75": 21.0,
        "mdd_p25": -1.571675,
        "mdd_median": -0.61625,
        "mdd_p75": -0.19579999999999997
      },
      "84": {
        "n_total": 2731,
        "n_hit": 2284,
        "p_hit": 0.836324,
        "t_hit_p25": 3.0,
        "t_hit_median": 8.0,
        "t_hit_p75": 23.0,
        "mdd_p25": -1.67675,
        "mdd_median": -0.6469499999999999,
        "mdd_p75": -0.208325
      },
      "96": {
        "n_total": 2731,
        "n_hit": 2321,
        "p_hit": 0.849872,
        "t_hit_p25": 3.0,
        "t_hit_median": 8.0,
        "t_hit_p75": 24.0,
        "mdd_p25": -1.7475,
        "mdd_median": -0.6749,
        "mdd_p75": -0.2187
      }
    },
    "2.0": {
      "12": {
        "n_total": 2731,
        "n_hit": 679,
        "p_hit": 0.248627,
        "t_hit_p25": 3.0,
        "t_hit_median": 5.0,
        "t_hit_p75": 9.0,
        "mdd_p25": -0.9754499999999999,
        "mdd_median": -0.4168,
        "mdd_p75": -0.1077
      },
      "24": {
        "n_total": 2731,
        "n_hit": 1098,
        "p_hit": 0.402051,
        "t_hit_p25": 4.0,
        "t_hit_median": 9.0,
        "t_hit_p75": 16.0,
        "mdd_p25": -1.271725,
        "mdd_median": -0.58005,
        "mdd_p75": -0.178875
      },
      "36": {
        "n_total": 2731,
        "n_hit": 1393,
        "p_hit": 0.51007,
        "t_hit_p25": 5.0,
        "t_hit_median": 13.0,
        "t_hit_p75": 23.0,
        "mdd_p25": -1.4609,
        "mdd_median": -0.6767,
        "mdd_p75": -0.2242
      },
      "48": {
        "n_total": 2731,
        "n_hit": 1583,
        "p_hit": 0.579641,
        "t_hit_p25": 6.0,
        "t_hit_median": 15.0,
        "t_hit_p75": 28.0,
        "mdd_p25": -1.5563500000000001,
        "mdd_median": -0.7309,
        "mdd_p75": -0.2677
      },
      "60": {
        "n_total": 2731,
        "n_hit": 1710,
        "p_hit": 0.626144,
        "t_hit_p25": 7.0,
        "t_hit_median": 17.0,
        "t_hit_p75": 32.0,
        "mdd_p25": -1.6154750000000002,
        "mdd_median": -0.7985,
        "mdd_p75": -0.28727500000000006
      },
      "72": {
        "n_total": 2731,
        "n_hit": 1821,
        "p_hit": 0.666789,
        "t_hit_p25": 7.0,
        "t_hit_median": 18.0,
        "t_hit_p75": 35.0,
        "mdd_p25": -1.7576,
        "mdd_median": -0.8837,
        "mdd_p75": -0.3125
      },
      "84": {
        "n_total": 2731,
        "n_hit": 1902,
        "p_hit": 0.696448,
        "t_hit_p25": 8.0,
        "t_hit_median": 20.0,
        "t_hit_p75": 38.75,
        "mdd_p25": -1.9161000000000001,
        "mdd_median": -0.9452,
        "mdd_p75": -0.33475
      },
      "96": {
        "n_total": 2731,
        "n_hit": 1977,
        "p_hit": 0.723911,
        "t_hit_p25": 8.0,
        "t_hit_median": 21.0,
        "t_hit_p75": 42.0,
        "mdd_p25": -2.1014,
        "mdd_median": -0.9901,
        "mdd_p75": -0.3487
      }
    },
    "3.0": {
      "12": {
        "n_total": 2731,
        "n_hit": 367,
        "p_hit": 0.134383,
        "t_hit_p25": 3.0,
        "t_hit_median": 6.0,
        "t_hit_p75": 9.0,
        "mdd_p25": -0.95035,
        "mdd_median": -0.3885,
        "mdd_p75": -0.1077
      },
      "24": {
        "n_total": 2731,
        "n_hit": 635,
        "p_hit": 0.232516,
        "t_hit_p25": 5.0,
        "t_hit_median": 10.0,
        "t_hit_p75": 17.0,
        "mdd_p25": -1.3197,
        "mdd_median": -0.5509,
        "mdd_p75": -0.1616
      },
      "36": {
        "n_total": 2731,
        "n_hit": 898,
        "p_hit": 0.328817,
        "t_hit_p25": 7.0,
        "t_hit_median": 16.0,
        "t_hit_p75": 26.0,
        "mdd_p25": -1.5871749999999998,
        "mdd_median": -0.6745,
        "mdd_p75": -0.207775
      },
      "48": {
        "n_total": 2731,
        "n_hit": 1113,
        "p_hit": 0.407543,
        "t_hit_p25": 9.0,
        "t_hit_median": 21.0,
        "t_hit_p75": 33.0,
        "mdd_p25": -1.7019,
        "mdd_median": -0.7982,