{
  "schema": "baseline_probs_v1",
  "source_labels": "data/labels/labels_v1.csv",
  "n_rows_labels": 223,
  "thresholds": [
    0.5,
    1.0,
    2.0,
    3.0,
    5.0
  ],
  "horizons": [
    12,
    24,
    36,
    48,
    60,
    72,
    84,
    96
  ],
  "results": {
    "0.5": {
      "12": {
        "n_total": 223,
        "n_hit": 168,
        "p_hit": 0.753363,
        "t_hit_p25": 1.0,
        "t_hit_median": 2.0,
        "t_hit_p75": 5.0,
        "mdd_p25": -0.839475,
        "mdd_median": -0.3268,
        "mdd_p75": -0.08259999999999999
      },
      "24": {
        "n_total": 223,
        "n_hit": 192,
        "p_hit": 0.860987,
        "t_hit_p25": 1.0,
        "t_hit_median": 3.0,
        "t_hit_p75": 7.0,
        "mdd_p25": -1.0641500000000002,
        "mdd_median": -0.4514,
        "mdd_p75": -0.11132500000000001
      },
      "36": {
        "n_total": 223,
        "n_hit": 203,
        "p_hit": 0.910314,
        "t_hit_p25": 1.0,
        "t_hit_median": 3.0,
        "t_hit_p75": 9.0,
        "mdd_p25": -1.013,
        "mdd_median": -0.4923,
        "mdd_p75": -0.1231
      },
      "48": {
        "n_total": 223,
        "n_hit": 203,
        "p_hit": 0.910314,
        "t_hit_p25": 1.0,
        "t_hit_median": 3.0,
        "t_hit_p75": 9.0,
        "mdd_p25": -1.013,
        "mdd_median": -0.4923,
        "mdd_p75": -0.1231
      },
      "60": {
        "n_total": 223,
        "n_hit": 208,
        "p_hit": 0.932735,
        "t_hit_p25": 1.0,
        "t_hit_median": 3.0,
        "t_hit_p75": 10.0,
        "mdd_p25": -1.0899999999999999,
        "mdd_median": -0.5051000000000001,
        "mdd_p75": -0.126275
      },
      "72": {
        "n_total": 223,
        "n_hit": 218,
        "p_hit": 0.977578,
        "t_hit_p25": 1.0,
        "t_hit_median": 4.0,
        "t_hit_p75": 11.75,
        "mdd_p25": -1.343925,
        "mdd_median": -0.53425,
        "mdd_p75": -0.1412
      },
      "84": {
        "n_total": 223,
        "n_hit": 218,
        "p_hit": 0.977578,
        "t_hit_p25": 1.0,
        "t_hit_median": 4.0,
        "t_hit_p75": 11.75,
        "mdd_p25": -1.343925,
        "mdd_median": -0.53425,
        "mdd_p75": -0.1412
      },
      "96": {
        "n_total": 223,
        "n_hit": 218,
        "p_hit": 0.977578,
        "t_hit_p25": 1.0,
        "t_hit_median": 4.0,
        "t_hit_p75": 11.75,
        "mdd_p25": -1.343925,
        "mdd_median": -0.53425,
        "mdd_p75": -0.1412
      }
    },
    "1.0": {
      "12": {
        "n_total": 223,
        "n_hit": 132,
        "p_hit": 0.591928,
        "t_hit_p25": 3.0,
        "t_hit_median": 5.0,
        "t_hit_p75": 7.0,
        "mdd_p25": -0.9877499999999999,
        "mdd_median": -0.3498,
        "mdd_p75": -0.098875
      },
      "24": {
        "n_total": 223,
        "n_hit": 161,
        "p_hit": 0.721973,
        "t_hit_p25": 3.0,
        "t_hit_median": 6.0,
        "t_hit_p75": 10.0,
        "mdd_p25": -1.3713,
        "mdd_median": -0.4923,
        "mdd_p75": -0.1442
      },
      "36": {
        "n_total": 223,
        "n_hit": 175,
        "p_hit": 0.784753,
        "t_hit_p25": 3.0,
        "t_hit_median": 6.0,
        "t_hit_p75": 12.0,
        "mdd_p25": -1.56345,
        "mdd_median": -0.5418,
        "mdd_p75": -0.1661
      },
      "48": {
        "n_total": 223,
        "n_hit": 186,
        "p_hit": 0.834081,
        "t_hit_p25": 3.25,
        "t_hit_median": 6.5,
        "t_hit_p75": 15.75,
        "mdd_p25": -1.54575,
        "mdd_median": -0.61055,
        "mdd_p75": -0.17302499999999998
      },
      "60": {
        "n_total": 223,
        "n_hit": 193,
        "p_hit": 0.865471,
        "t_hit_p25": 4.0,
        "t_hit_median": 7.0,
        "t_hit_p75": 18.0,
        "mdd_p25": -1.5681,
        "mdd_median": -0.6772,
        "mdd_p75": -0.191
      },
      "72": {
        "n_total": 223,
        "n_hit": 205,
        "p_hit": 0.919283,
        "t_hit_p25": 4.0,
        "t_hit_median": 7.0,
        "t_hit_p75": 21.0,
        "mdd_p25": -1.6681,
        "mdd_median": -0.8307,
        "mdd_p75": -0.2336
      },
      "84": {
        "n_total": 223,
        "n_hit": 206,
        "p_hit": 0.923767,
        "t_hit_p25": 4.0,
        "t_hit_median": 7.0,
        "t_hit_p75": 21.0,
        "mdd_p25": -1.6864,
        "mdd_median": -0.8338,
        "mdd_p75": -0.234675
      },
      "96": {
        "n_total": 223,
        "n_hit": 206,
        "p_hit": 0.923767,
        "t_hit_p25": 4.0,
        "t_hit_median": 7.0,
        "t_hit_p75": 21.0,
        "mdd_p25": -1.6864,
        "mdd_median": -0.8338,
        "mdd_p75": -0.234675
      }
    },
    "2.0": {
      "12": {
        "n_total": 223,
        "n_hit": 58,
        "p_hit": 0.26009,
        "t_hit_p25": 4.0,
        "t_hit_median": 6.0,
        "t_hit_p75": 9.0,
        "mdd_p25": -1.280275,
        "mdd_median": -0.41225,
        "mdd_p75": -0.180025
      },
      "24": {
        "n_total": 223,
        "n_hit": 97,
        "p_hit": 0.434978,
        "t_hit_p25": 6.0,
        "t_hit_median": 10.0,
        "t_hit_p75": 17.0,
        "mdd_p25": -1.4668,
        "mdd_median": -0.8025,
        "mdd_p75": -0.2933
      },
      "36": {
        "n_total": 223,
        "n_hit": 120,
        "p_hit": 0.538117,
        "t_hit_p25": 6.75,
        "t_hit_median": 13.0,
        "t_hit_p75": 21.0,
        "mdd_p25": -1.466925,
        "mdd_median": -0.95535,
        "mdd_p75": -0.372975
      },
      "48": {
        "n_total": 223,
        "n_hit": 137,
        "p_hit": 0.61435,
        "t_hit_p25": 8.0,
        "t_hit_median": 16.0,
        "t_hit_p75": 28.0,
        "mdd_p25": -1.4601,
        "mdd_median": -1.0037,
        "mdd_p75": -0.4383
      },
      "60": {
        "n_total": 223,
        "n_hit": 150,
        "p_hit": 0.672646,
        "t_hit_p25": 8.0,
        "t_hit_median": 17.5,
        "t_hit_p75": 32.75,
        "mdd_p25": -1.4606999999999999,
        "mdd_median": -1.03775,
        "mdd_p75": -0.5135000000000001
      },
      "72": {
        "n_total": 223,
        "n_hit": 160,
        "p_hit": 0.717489,
        "t_hit_p25": 8.75,
        "t_hit_median": 19.0,
        "t_hit_p75": 36.25,
        "mdd_p25": -1.5558,
        "mdd_median": -1.11595,
        "mdd_p75": -0.5508249999999999
      },
      "84": {
        "n_total": 223,
        "n_hit": 169,
        "p_hit": 0.757848,
        "t_hit_p25": 9.0,
        "t_hit_median": 20.0,
        "t_hit_p75": 40.0,
        "mdd_p25": -1.666,
        "mdd_median": -1.1896,
        "mdd_p75": -0.6004
      },
      "96": {
        "n_total": 223,
        "n_hit": 174,
        "p_hit": 0.780269,
        "t_hit_p25": 9.0,
        "t_hit_median": 21.0,
        "t_hit_p75": 42.0,
        "mdd_p25": -1.6675749999999998,
        "mdd_median": -1.2121499999999998,
        "mdd_p75": -0.6227
      }
    },
    "3.0": {
      "12": {
        "n_total": 223,
        "n_hit": 35,
        "p_hit": 0.156951,
        "t_hit_p25": 5.0,
        "t_hit_median": 8.0,
        "t_hit_p75": 10.0,
        "mdd_p25": -1.3489499999999999,
        "mdd_median": -0.4383,
        "mdd_p75": -0.18364999999999998
      },
      "24": {
        "n_total": 223,
        "n_hit": 52,
        "p_hit": 0.233184,
        "t_hit_p25": 6.0,
        "t_hit_median": 10.0,
        "t_hit_p75": 16.25,
        "mdd_p25": -1.4018,
        "mdd_median": -0.5026,
        "mdd_p75": -0.204475
      },
      "36": {
        "n_total": 223,
        "n_hit": 69,
        "p_hit": 0.309417,
        "t_hit_p25": 8.0,
        "t_hit_median": 12.0,
        "t_hit_p75": 24.0,
        "mdd_p25": -1.3997,
        "mdd_median": -0.8025,
        "mdd_p75": -0.2933
      },
      "48": {
        "n_total": 223,
        "n_hit": 81,
        "p_hit": 0.363229,
        "t_hit_p25": 9.0,
        "t_hit_median": 18.0,
        "t_hit_p75": 32.0,
        "mdd_p25": -1.3359,
        "mdd_median": -0.9492,
        "mdd_p75": -0.3594
      },
      "60": {
        "n_total": 223,