{
  "schema": "baseline_probs_v1",
  "source_labels": "data/labels/labels_v1.csv",
  "n_rows_labels": 280,
  "thresholds": [
    0.5,
    1.0,
    2.0,
    3.0,
    5.0
  ],
  "horizons": [
    12,
    24,
    36,
    48,
    60,
    72,
    84,
    96
  ],
  "results": {
    "0.5": {
      "12": {
        "n_total": 280,
        "n_hit": 202,
        "p_hit": 0.721429,
        "t_hit_p25": 1.0,
        "t_hit_median": 3.0,
        "t_hit_p75": 5.0,
        "mdd_p25": -0.7124250000000001,
        "mdd_median": -0.2755,
        "mdd_p75": -0.07932499999999999
      },
      "24": {
        "n_total": 280,
        "n_hit": 242,
        "p_hit": 0.864286,
        "t_hit_p25": 2.0,
        "t_hit_median": 4.0,
        "t_hit_p75": 9.75,
        "mdd_p25": -0.8263,
        "mdd_median": -0.36660000000000004,
        "mdd_p75": -0.10502500000000001
      },
      "36": {
        "n_total": 280,
        "n_hit": 257,
        "p_hit": 0.917857,
        "t_hit_p25": 2.0,
        "t_hit_median": 4.0,
        "t_hit_p75": 11.0,
        "mdd_p25": -0.8185,
        "mdd_median": -0.3859,
        "mdd_p75": -0.1132
      },
      "48": {
        "n_total": 280,
        "n_hit": 257,
        "p_hit": 0.917857,
        "t_hit_p25": 2.0,
        "t_hit_median": 4.0,
        "t_hit_p75": 11.0,
        "mdd_p25": -0.8185,
        "mdd_median": -0.3859,
        "mdd_p75": -0.1132
      },
      "60": {
        "n_total": 280,
        "n_hit": 263,
        "p_hit": 0.939286,
        "t_hit_p25": 2.0,
        "t_hit_median": 4.0,
        "t_hit_p75": 12.0,
        "mdd_p25": -0.89005,
        "mdd_median": -0.4103,
        "mdd_p75": -0.1188
      },
      "72": {
        "n_total": 280,
        "n_hit": 275,
        "p_hit": 0.982143,
        "t_hit_p25": 2.0,
        "t_hit_median": 5.0,
        "t_hit_p75": 13.0,
        "mdd_p25": -1.013,
        "mdd_median": -0.4485,
        "mdd_p75": -0.12695
      },
      "84": {
        "n_total": 280,
        "n_hit": 275,
        "p_hit": 0.982143,
        "t_hit_p25": 2.0,
        "t_hit_median": 5.0,
        "t_hit_p75": 13.0,
        "mdd_p25": -1.013,
        "mdd_median": -0.4485,
        "mdd_p75": -0.12695
      },
      "96": {
        "n_total": 280,
        "n_hit": 275,
        "p_hit": 0.982143,
        "t_hit_p25": 2.0,
        "t_hit_median": 5.0,
        "t_hit_p75": 13.0,
        "mdd_p25": -1.013,
        "mdd_median": -0.4485,
        "mdd_p75": -0.12695
      }
    },
    "1.0": {
      "12": {
        "n_total": 280,
        "n_hit": 145,
        "p_hit": 0.517857,
        "t_hit_p25": 3.0,
        "t_hit_median": 5.0,
        "t_hit_p75": 7.0,
        "mdd_p25": -0.8949,
        "mdd_median": -0.3594,
        "mdd_p75": -0.1043
      },
      "24": {
        "n_total": 280,
        "n_hit": 188,
        "p_hit": 0.671429,
        "t_hit_p25": 3.0,
        "t_hit_median": 6.0,
        "t_hit_p75": 12.0,
        "mdd_p25": -1.1986750000000002,
        "mdd_median": -0.4857,
        "mdd_p75": -0.1432
      },
      "36": {
        "n_total": 280,
        "n_hit": 217,
        "p_hit": 0.775,
        "t_hit_p25": 4.0,
        "t_hit_median": 7.0,
        "t_hit_p75": 18.0,
        "mdd_p25": -1.3504,
        "mdd_median": -0.4923,
        "mdd_p75": -0.1707
      },
      "48": {
        "n_total": 280,
        "n_hit": 238,
        "p_hit": 0.85,
        "t_hit_p25": 4.0,
        "t_hit_median": 8.0,
        "t_hit_p75": 21.0,
        "mdd_p25": -1.31995,
        "mdd_median": -0.5011,
        "mdd_p75": -0.1921
      },
      "60": {
        "n_total": 280,
        "n_hit": 247,
        "p_hit": 0.882143,
        "t_hit_p25": 4.0,
        "t_hit_median": 9.0,
        "t_hit_p75": 23.5,
        "mdd_p25": -1.3584,
        "mdd_median": -0.5252,
        "mdd_p75": -0.21565
      },
      "72": {
        "n_total": 280,
        "n_hit": 262,
        "p_hit": 0.935714,
        "t_hit_p25": 5.0,
        "t_hit_median": 10.0,
        "t_hit_p75": 28.0,
        "mdd_p25": -1.54575,
        "mdd_median": -0.54925,
        "mdd_p75": -0.238625
      },
      "84": {
        "n_total": 280,
        "n_hit": 263,
        "p_hit": 0.939286,
        "t_hit_p25": 5.0,
        "t_hit_median": 10.0,
        "t_hit_p75": 28.0,
        "mdd_p25": -1.56345,
        "mdd_median": -0.5508,
        "mdd_p75": -0.23935
      },
      "96": {
        "n_total": 280,
        "n_hit": 263,
        "p_hit": 0.939286,
        "t_hit_p25": 5.0,
        "t_hit_median": 10.0,
        "t_hit_p75": 28.0,
        "mdd_p25": -1.56345,
        "mdd_median": -0.5508,
        "mdd_p75": -0.23935
      }
    },
    "2.0": {
      "12": {
        "n_total": 280,
        "n_hit": 68,
        "p_hit": 0.242857,
        "t_hit_p25": 4.0,
        "t_hit_median": 7.0,
        "t_hit_p75": 9.0,
        "mdd_p25": -0.856375,
        "mdd_median": -0.40305,
        "mdd_p75": -0.17427499999999999
      },
      "24": {
        "n_total": 280,
        "n_hit": 118,
        "p_hit": 0.421429,
        "t_hit_p25": 6.0,
        "t_hit_median": 10.0,
        "t_hit_p75": 17.0,
        "mdd_p25": -1.34435,
        "mdd_median": -0.6577,
        "mdd_p75": -0.32070000000000004
      },
      "36": {
        "n_total": 280,
        "n_hit": 151,
        "p_hit": 0.539286,
        "t_hit_p25": 7.5,
        "t_hit_median": 15.0,
        "t_hit_p75": 22.5,
        "mdd_p25": -1.33105,
        "mdd_median": -0.7144,
        "mdd_p75": -0.32310000000000005
      },
      "48": {
        "n_total": 280,
        "n_hit": 180,
        "p_hit": 0.642857,
        "t_hit_p25": 8.0,
        "t_hit_median": 17.5,
        "t_hit_p75": 31.0,
        "mdd_p25": -1.3286250000000002,
        "mdd_median": -0.782,
        "mdd_p75": -0.3532
      },
      "60": {
        "n_total": 280,
        "n_hit": 203,
        "p_hit": 0.725,
        "t_hit_p25": 9.0,
        "t_hit_median": 20.0,
        "t_hit_p75": 37.0,
        "mdd_p25": -1.32535,
        "mdd_median": -0.7615,
        "mdd_p75": -0.3504
      },
      "72": {
        "n_total": 280,
        "n_hit": 217,
        "p_hit": 0.775,
        "t_hit_p25": 10.0,
        "t_hit_median": 21.0,
        "t_hit_p75": 41.0,
        "mdd_p25": -1.3997,
        "mdd_median": -0.8562,
        "mdd_p75": -0.3665
      },
      "84": {
        "n_total": 280,
        "n_hit": 226,
        "p_hit": 0.807143,
        "t_hit_p25": 10.0,
        "t_hit_median": 22.5,
        "t_hit_p75": 43.0,
        "mdd_p25": -1.479975,
        "mdd_median": -0.9510000000000001,
        "mdd_p75": -0.3775
      },
      "96": {
        "n_total": 280,
        "n_hit": 231,
        "p_hit": 0.825,
        "t_hit_p25": 10.0,
        "t_hit_median": 23.0,
        "t_hit_p75": 44.5,
        "mdd_p25": -1.5561,
        "mdd_median": -0.9575,
        "mdd_p75": -0.38170000000000004
      }
    },
    "3.0": {
      "12": {
        "n_total": 280,
        "n_hit": 44,
        "p_hit": 0.157143,
        "t_hit_p25": 5.0,
        "t_hit_median": 8.0,
        "t_hit_p75": 10.0,
        "mdd_p25": -1.0431249999999999,
        "mdd_median": -0.36845,
        "mdd_p75": -0.16735
      },
      "24": {
        "n_total": 280,
        "n_hit": 72,
        "p_hit": 0.257143,
        "t_hit_p25": 7.0,
        "t_hit_median": 10.0,
        "t_hit_p75": 17.25,
        "mdd_p25": -0.856375,
        "mdd_median": -0.50685,
        "mdd_p75": -0.2426
      },
      "36": {
        "n_total": 280,
        "n_hit": 100,
        "p_hit": 0.357143,
        "t_hit_p25": 9.0,
        "t_hit_median": 15.5,
        "t_hit_p75": 26.5,
        "mdd_p25": -1.0524,
        "mdd_median": -0.5521499999999999,
        "mdd_p75": -0.24605
      },
      "48": {
        "n_total": 280,
        "n_hit": 124,
        "p_hit": 0.442857,
        "t_hit_p25": 10.0,
        "t_hit_median": 20.0,
        "t_hit_p75": 33.0,
        "mdd_p25": -1.006275,
        "mdd_median": -0.5540499999999999,
        "mdd_p75": -0.293225
      },
      "60": {
        "n_total": 280,
        "n_hit": 146,