{
  "schema": "baseline_probs_v1",
  "source_labels": "data/labels/labels_v1.csv",
  "n_rows_labels": 2477,
  "thresholds": [
    0.5,
    1.0,
    2.0,
    3.0,
    5.0
  ],
  "horizons": [
    12,
    24,
    36,
    48,
    60,
    72,
    84,
    96
  ],
  "results": {
    "0.5": {
      "12": {
        "n_total": 2477,
        "n_hit": 1777,
        "p_hit": 0.7174,
        "t_hit_p25": 1.0,
        "t_hit_median": 2.0,
        "t_hit_p75": 4.0,
        "mdd_p25": -0.7453,
        "mdd_median": -0.3,
        "mdd_p75": -0.0527
      },
      "24": {
        "n_total": 2477,
        "n_hit": 2005,
        "p_hit": 0.809447,
        "t_hit_p25": 1.0,
        "t_hit_median": 3.0,
        "t_hit_p75": 6.0,
        "mdd_p25": -0.924,
        "mdd_median": -0.3669,
        "mdd_p75": -0.0832
      },
      "36": {
        "n_total": 2477,
        "n_hit": 2117,
        "p_hit": 0.854663,
        "t_hit_p25": 1.0,
        "t_hit_median": 3.0,
        "t_hit_p75": 8.0,
        "mdd_p25": -0.9986,
        "mdd_median": -0.4097,
        "mdd_p75": -0.1006
      },
      "48": {
        "n_total": 2477,
        "n_hit": 2162,
        "p_hit": 0.87283,
        "t_hit_p25": 1.0,
        "t_hit_median": 3.0,
        "t_hit_p75": 8.0,
        "mdd_p25": -1.0851000000000002,
        "mdd_median": -0.42145,
        "mdd_p75": -0.104375
      },
      "60": {
        "n_total": 2477,
        "n_hit": 2185,
        "p_hit": 0.882115,
        "t_hit_p25": 1.0,
        "t_hit_median": 3.0,
        "t_hit_p75": 9.0,
        "mdd_p25": -1.1474,
        "mdd_median": -0.4298,
        "mdd_p75": -0.1063
      },
      "72": {
        "n_total": 2477,
        "n_hit": 2224,
        "p_hit": 0.89786,
        "t_hit_p25": 1.0,
        "t_hit_median": 3.0,
        "t_hit_p75": 10.0,
        "mdd_p25": -1.22275,
        "mdd_median": -0.44684999999999997,
        "mdd_p75": -0.11059999999999999
      },
      "84": {
        "n_total": 2477,
        "n_hit": 2265,
        "p_hit": 0.914413,
        "t_hit_p25": 1.0,
        "t_hit_median": 3.0,
        "t_hit_p75": 10.0,
        "mdd_p25": -1.3075,
        "mdd_median": -0.469,
        "mdd_p75": -0.1169
      },
      "96": {
        "n_total": 2477,
        "n_hit": 2289,
        "p_hit": 0.924102,
        "t_hit_p25": 1.0,
        "t_hit_median": 3.0,
        "t_hit_p75": 11.0,
        "mdd_p25": -1.3495,
        "mdd_median": -0.4764,
        "mdd_p75": -0.118
      }
    },
    "1.0": {
      "12": {
        "n_total": 2477,
        "n_hit": 1314,
        "p_hit": 0.53048,
        "t_hit_p25": 2.0,
        "t_hit_median": 4.0,
        "t_hit_p75": 7.0,
        "mdd_p25": -0.9829749999999999,
        "mdd_median": -0.384,
        "mdd_p75": -0.082125
      },
      "24": {
        "n_total": 2477,
        "n_hit": 1615,
        "p_hit": 0.651998,
        "t_hit_p25": 2.0,
        "t_hit_median": 5.0,
        "t_hit_p75": 10.0,
        "mdd_p25": -1.1465,
        "mdd_median": -0.4815,
        "mdd_p75": -0.13490000000000002
      },
      "36": {
        "n_total": 2477,
        "n_hit": 1813,
        "p_hit": 0.731934,
        "t_hit_p25": 2.0,
        "t_hit_median": 6.0,
        "t_hit_p75": 14.0,
        "mdd_p25": -1.3504,
        "mdd_median": -0.5416,
        "mdd_p75": -0.1651
      },
      "48": {
        "n_total": 2477,
        "n_hit": 1913,
        "p_hit": 0.772305,
        "t_hit_p25": 3.0,
        "t_hit_median": 7.0,
        "t_hit_p75": 17.0,
        "mdd_p25": -1.4114,
        "mdd_median": -0.5723,
        "mdd_p75": -0.1766
      },
      "60": {
        "n_total": 2477,
        "n_hit": 1989,
        "p_hit": 0.802987,
        "t_hit_p25": 3.0,
        "t_hit_median": 7.0,
        "t_hit_p75": 18.0,
        "mdd_p25": -1.5504,
        "mdd_median": -0.6074,
        "mdd_p75": -0.191
      },
      "72": {
        "n_total": 2477,
        "n_hit": 2054,
        "p_hit": 0.829229,
        "t_hit_p25": 3.0,
        "t_hit_median": 7.0,
        "t_hit_p75": 20.75,
        "mdd_p25": -1.653675,
        "mdd_median": -0.63995,
        "mdd_p75": -0.20452499999999998
      },
      "84": {
        "n_total": 2477,
        "n_hit": 2109,
        "p_hit": 0.851433,
        "t_hit_p25": 3.0,
        "t_hit_median": 8.0,
        "t_hit_p75": 23.0,
        "mdd_p25": -1.7542,
        "mdd_median": -0.6805,
        "mdd_p75": -0.2187
      },
      "96": {
        "n_total": 2477,
        "n_hit": 2143,
        "p_hit": 0.865159,
        "t_hit_p25": 3.0,
        "t_hit_median": 8.0,
        "t_hit_p75": 24.0,
        "mdd_p25": -1.8289,
        "mdd_median": -0.702,
        "mdd_p75": -0.2249
      }
    },
    "2.0": {
      "12": {
        "n_total": 2477,
        "n_hit": 654,
        "p_hit": 0.264029,
        "t_hit_p25": 3.0,
        "t_hit_median": 5.0,
        "t_hit_p75": 8.0,
        "mdd_p25": -0.990475,
        "mdd_median": -0.41475,
        "mdd_p75": -0.105
      },
      "24": {
        "n_total": 2477,
        "n_hit": 1039,
        "p_hit": 0.419459,
        "t_hit_p25": 4.0,
        "t_hit_median": 9.0,
        "t_hit_p75": 16.0,
        "mdd_p25": -1.32535,
        "mdd_median": -0.5855,
        "mdd_p75": -0.18705
      },
      "36": {
        "n_total": 2477,
        "n_hit": 1297,
        "p_hit": 0.523617,
        "t_hit_p25": 5.0,
        "t_hit_median": 12.0,
        "t_hit_p75": 22.0,
        "mdd_p25": -1.5517,
        "mdd_median": -0.7039,
        "mdd_p75": -0.2345
      },
      "48": {
        "n_total": 2477,
        "n_hit": 1471,
        "p_hit": 0.593864,
        "t_hit_p25": 6.0,
        "t_hit_median": 15.0,
        "t_hit_p75": 27.0,
        "mdd_p25": -1.62515,
        "mdd_median": -0.7988,
        "mdd_p75": -0.27149999999999996
      },
      "60": {
        "n_total": 2477,
        "n_hit": 1589,
        "p_hit": 0.641502,
        "t_hit_p25": 6.0,
        "t_hit_median": 16.0,
        "t_hit_p75": 31.0,
        "mdd_p25": -1.6866,
        "mdd_median": -0.8549,
        "mdd_p75": -0.293
      },
      "72": {
        "n_total": 2477,
        "n_hit": 1699,
        "p_hit": 0.68591,
        "t_hit_p25": 7.0,
        "t_hit_median": 18.0,
        "t_hit_p75": 35.0,
        "mdd_p25": -1.86395,
        "mdd_median": -0.9492,
        "mdd_p75": -0.3178
      },
      "84": {
        "n_total": 2477,
        "n_hit": 1779,
        "p_hit": 0.718208,
        "t_hit_p25": 7.0,
        "t_hit_median": 19.0,
        "t_hit_p75": 39.0,
        "mdd_p25": -2.05595,
        "mdd_median": -0.9971,
        "mdd_p75": -0.34195
      },
      "96": {
        "n_total": 2477,
        "n_hit": 1850,
        "p_hit": 0.746871,
        "t_hit_p25": 8.0,
        "t_hit_median": 20.0,
        "t_hit_p75": 42.0,
        "mdd_p25": -2.2082,
        "mdd_median": -1.0674000000000001,
        "mdd_p75": -0.35685
      }
    },
    "3.0": {
      "12": {
        "n_total": 2477,
        "n_hit": 365,
        "p_hit": 0.147356,
        "t_hit_p25": 3.0,
        "t_hit_median": 6.0,
        "t_hit_p75": 9.0,
        "mdd_p25": -0.9599,
        "mdd_median": -0.3885,
        "mdd_p75": -0.1092
      },
      "24": {
        "n_total": 2477,
        "n_hit": 626,
        "p_hit": 0.252725,
        "t_hit_p25": 5.0,
        "t_hit_median": 10.0,
        "t_hit_p75": 17.0,
        "mdd_p25": -1.3294249999999999,
        "mdd_median": -0.5588,
        "mdd_p75": -0.17054999999999998
      },
      "36": {
        "n_total": 2477,
        "n_hit": 880,
        "p_hit": 0.355268,
        "t_hit_p25": 7.0,
        "t_hit_median": 16.0,
        "t_hit_p75": 26.0,
        "mdd_p25": -1.61015,
        "mdd_median": -0.6838,
        "mdd_p75": -0.219725
      },
      "48": {
        "n_total": 2477,
        "n_hit": 1075,
        "p_hit": 0.433993,
        "t_hit_p25": 9.0,
        "t_hit_median": 21.0,
        "t_hit_p75": 32.0,
        "mdd_p25": -1.7422,
        "mdd_median": -0.8384,
        "mdd_p75": -0.28180000000000005
      },
      "60": {
        "n_total": 2477,
        "n_hit": 1217,