{
  "schema": "baseline_probs_v1",
  "source_labels": "data/labels/labels_v1.csv",
  "n_rows_labels": 1342,
  "thresholds": [
    0.5,
    1.0,
    2.0,
    3.0,
    5.0
  ],
  "horizons": [
    12,
    24,
    36,
    48,
    60,
    72,
    84,
    96
  ],
  "results": {
    "0.5": {
      "12": {
        "n_total": 1342,
        "n_hit": 952,
        "p_hit": 0.709389,
        "t_hit_p25": 1.0,
        "t_hit_median": 2.0,
        "t_hit_p75": 5.0,
        "mdd_p25": -0.83715,
        "mdd_median": -0.28700000000000003,
        "mdd_p75": -0.056425
      },
      "24": {
        "n_total": 1342,
        "n_hit": 1092,
        "p_hit": 0.813711,
        "t_hit_p25": 1.0,
        "t_hit_median": 3.0,
        "t_hit_p75": 7.0,
        "mdd_p25": -0.9824499999999999,
        "mdd_median": -0.37115,
        "mdd_p75": -0.0875
      },
      "36": {
        "n_total": 1342,
        "n_hit": 1140,
        "p_hit": 0.849478,
        "t_hit_p25": 1.0,
        "t_hit_median": 3.0,
        "t_hit_p75": 8.0,
        "mdd_p25": -1.009875,
        "mdd_median": -0.39395,
        "mdd_p75": -0.096325
      },
      "48": {
        "n_total": 1342,
        "n_hit": 1150,
        "p_hit": 0.85693,
        "t_hit_p25": 1.0,
        "t_hit_median": 3.0,
        "t_hit_p75": 9.0,
        "mdd_p25": -1.0616,
        "mdd_median": -0.40559999999999996,
        "mdd_p75": -0.10067499999999999
      },
      "60": {
        "n_total": 1342,
        "n_hit": 1164,
        "p_hit": 0.867362,
        "t_hit_p25": 1.0,
        "t_hit_median": 3.0,
        "t_hit_p75": 9.0,
        "mdd_p25": -1.105975,
        "mdd_median": -0.41375,
        "mdd_p75": -0.101925
      },
      "72": {
        "n_total": 1342,
        "n_hit": 1188,
        "p_hit": 0.885246,
        "t_hit_p25": 1.0,
        "t_hit_median": 3.0,
        "t_hit_p75": 10.0,
        "mdd_p25": -1.170275,
        "mdd_median": -0.4289,
        "mdd_p75": -0.10452499999999999
      },
      "84": {
        "n_total": 1342,
        "n_hit": 1207,
        "p_hit": 0.899404,
        "t_hit_p25": 1.0,
        "t_hit_median": 3.0,
        "t_hit_p75": 10.0,
        "mdd_p25": -1.24735,
        "mdd_median": -0.4414,
        "mdd_p75": -0.10600000000000001
      },
      "96": {
        "n_total": 1342,
        "n_hit": 1213,
        "p_hit": 0.903875,
        "t_hit_p25": 1.0,
        "t_hit_median": 3.0,
        "t_hit_p75": 10.0,
        "mdd_p25": -1.2638,
        "mdd_median": -0.4467,
        "mdd_p75": -0.1066
      }
    },
    "1.0": {
      "12": {
        "n_total": 1342,
        "n_hit": 702,
        "p_hit": 0.5231,
        "t_hit_p25": 2.0,
        "t_hit_median": 4.0,
        "t_hit_p75": 7.0,
        "mdd_p25": -0.999125,
        "mdd_median": -0.37895,
        "mdd_p75": -0.08145
      },
      "24": {
        "n_total": 1342,
        "n_hit": 874,
        "p_hit": 0.651267,
        "t_hit_p25": 2.0,
        "t_hit_median": 5.0,
        "t_hit_p75": 10.75,
        "mdd_p25": -1.146425,
        "mdd_median": -0.46875,
        "mdd_p75": -0.122
      },
      "36": {
        "n_total": 1342,
        "n_hit": 966,
        "p_hit": 0.719821,
        "t_hit_p25": 2.0,
        "t_hit_median": 6.0,
        "t_hit_p75": 14.0,
        "mdd_p25": -1.242025,
        "mdd_median": -0.48405,
        "mdd_p75": -0.145875
      },
      "48": {
        "n_total": 1342,
        "n_hit": 1002,
        "p_hit": 0.746647,
        "t_hit_p25": 3.0,
        "t_hit_median": 7.0,
        "t_hit_p75": 16.0,
        "mdd_p25": -1.25855,
        "mdd_median": -0.48975,
        "mdd_p75": -0.15635
      },
      "60": {
        "n_total": 1342,
        "n_hit": 1042,
        "p_hit": 0.776453,
        "t_hit_p25": 3.0,
        "t_hit_median": 7.0,
        "t_hit_p75": 17.0,
        "mdd_p25": -1.3482249999999998,
        "mdd_median": -0.5267999999999999,
        "mdd_p75": -0.1621
      },
      "72": {
        "n_total": 1342,
        "n_hit": 1081,
        "p_hit": 0.805514,
        "t_hit_p25": 3.0,
        "t_hit_median": 7.0,
        "t_hit_p75": 19.0,
        "mdd_p25": -1.4114,
        "mdd_median": -0.5546,
        "mdd_p75": -0.1707
      },
      "84": {
        "n_total": 1342,
        "n_hit": 1103,
        "p_hit": 0.821908,
        "t_hit_p25": 3.0,
        "t_hit_median": 8.0,
        "t_hit_p75": 20.0,
        "mdd_p25": -1.5008,
        "mdd_median": -0.5832,
        "mdd_p75": -0.17245
      },
      "96": {
        "n_total": 1342,
        "n_hit": 1114,
        "p_hit": 0.830104,
        "t_hit_p25": 3.0,
        "t_hit_median": 8.0,
        "t_hit_p75": 21.0,
        "mdd_p25": -1.549975,
        "mdd_median": -0.5913999999999999,
        "mdd_p75": -0.175025
      }
    },
    "2.0": {
      "12": {
        "n_total": 1342,
        "n_hit": 340,
        "p_hit": 0.253353,
        "t_hit_p25": 3.0,
        "t_hit_median": 5.0,
        "t_hit_p75": 9.0,
        "mdd_p25": -1.0827,
        "mdd_median": -0.40785,
        "mdd_p75": -0.12455000000000001
      },
      "24": {
        "n_total": 1342,
        "n_hit": 544,
        "p_hit": 0.405365,
        "t_hit_p25": 4.0,
        "t_hit_median": 9.0,
        "t_hit_p75": 16.0,
        "mdd_p25": -1.2530000000000001,
        "mdd_median": -0.57155,
        "mdd_p75": -0.172475
      },
      "36": {
        "n_total": 1342,
        "n_hit": 660,
        "p_hit": 0.491803,
        "t_hit_p25": 5.0,
        "t_hit_median": 12.0,
        "t_hit_p75": 21.0,
        "mdd_p25": -1.307475,
        "mdd_median": -0.5744,
        "mdd_p75": -0.17572500000000002
      },
      "48": {
        "n_total": 1342,
        "n_hit": 754,
        "p_hit": 0.561848,
        "t_hit_p25": 6.0,
        "t_hit_median": 15.0,
        "t_hit_p75": 27.0,
        "mdd_p25": -1.340525,
        "mdd_median": -0.58585,
        "mdd_p75": -0.20617500000000002
      },
      "60": {
        "n_total": 1342,
        "n_hit": 818,
        "p_hit": 0.609538,
        "t_hit_p25": 6.25,
        "t_hit_median": 16.0,
        "t_hit_p75": 32.0,
        "mdd_p25": -1.3904249999999998,
        "mdd_median": -0.60675,
        "mdd_p75": -0.2348
      },
      "72": {
        "n_total": 1342,
        "n_hit": 870,
        "p_hit": 0.648286,
        "t_hit_p25": 7.0,
        "t_hit_median": 17.0,
        "t_hit_p75": 36.0,
        "mdd_p25": -1.473,
        "mdd_median": -0.70335,
        "mdd_p75": -0.258575
      },
      "84": {
        "n_total": 1342,
        "n_hit": 901,
        "p_hit": 0.671386,
        "t_hit_p25": 7.0,
        "t_hit_median": 18.0,
        "t_hit_p75": 39.0,
        "mdd_p25": -1.5517,
        "mdd_median": -0.7615,
        "mdd_p75": -0.2698
      },
      "96": {
        "n_total": 1342,
        "n_hit": 923,
        "p_hit": 0.687779,
        "t_hit_p25": 7.0,
        "t_hit_median": 19.0,
        "t_hit_p75": 41.0,
        "mdd_p25": -1.5901,
        "mdd_median": -0.809,
        "mdd_p75": -0.27535
      }
    },
    "3.0": {
      "12": {
        "n_total": 1342,
        "n_hit": 168,
        "p_hit": 0.125186,
        "t_hit_p25": 3.0,
        "t_hit_median": 5.5,
        "t_hit_p75": 9.0,
        "mdd_p25": -0.9993749999999999,
        "mdd_median": -0.42374999999999996,
        "mdd_p75": -0.144475
      },
      "24": {
        "n_total": 1342,
        "n_hit": 283,
        "p_hit": 0.210879,
        "t_hit_p25": 5.0,
        "t_hit_median": 10.0,
        "t_hit_p75": 17.5,
        "mdd_p25": -1.10615,
        "mdd_median": -0.4653,
        "mdd_p75": -0.1467
      },
      "36": {
        "n_total": 1342,
        "n_hit": 387,
        "p_hit": 0.288376,
        "t_hit_p25": 6.0,
        "t_hit_median": 16.0,
        "t_hit_p75": 25.0,
        "mdd_p25": -1.1640000000000001,
        "mdd_median": -0.5351,
        "mdd_p75": -0.16935
      },
      "48": {
        "n_total": 1342,
        "n_hit": 481,
        "p_hit": 0.35842,
        "t_hit_p25": 8.0,
        "t_hit_median": 21.0,
        "t_hit_p75": 33.0,
        "mdd_p25": -1.2711,