{
  "schema": "baseline_probs_v1",
  "source_labels": "data/labels/labels_v1.csv",
  "n_rows_labels": 3091,
  "thresholds": [
    0.5,
    1.0,
    2.0,
    3.0,
    5.0
  ],
  "horizons": [
    12,
    24,
    36,
    48,
    60,
    72,
    84,
    96
  ],
  "results": {
    "0.5": {
      "12": {
        "n_total": 3091,
        "n_hit": 2189,
        "p_hit": 0.708185,
        "t_hit_p25": 1.0,
        "t_hit_median": 2.0,
        "t_hit_p75": 4.0,
        "mdd_p25": -0.7427,
        "mdd_median": -0.2961,
        "mdd_p75": -0.0504
      },
      "24": {
        "n_total": 3091,
        "n_hit": 2485,
        "p_hit": 0.803947,
        "t_hit_p25": 1.0,
        "t_hit_median": 3.0,
        "t_hit_p75": 7.0,
        "mdd_p25": -0.9246,
        "mdd_median": -0.3665,
        "mdd_p75": -0.0803
      },
      "36": {
        "n_total": 3091,
        "n_hit": 2629,
        "p_hit": 0.850534,
        "t_hit_p25": 1.0,
        "t_hit_median": 3.0,
        "t_hit_p75": 8.0,
        "mdd_p25": -1.0246,
        "mdd_median": -0.4097,
        "mdd_p75": -0.0941
      },
      "48": {
        "n_total": 3091,
        "n_hit": 2686,
        "p_hit": 0.868974,
        "t_hit_p25": 1.0,
        "t_hit_median": 3.0,
        "t_hit_p75": 9.0,
        "mdd_p25": -1.1195,
        "mdd_median": -0.42385,
        "mdd_p75": -0.10117500000000001
      },
      "60": {
        "n_total": 3091,
        "n_hit": 2716,
        "p_hit": 0.87868,
        "t_hit_p25": 1.0,
        "t_hit_median": 3.0,
        "t_hit_p75": 9.0,
        "mdd_p25": -1.1528,
        "mdd_median": -0.43274999999999997,
        "mdd_p75": -0.103425
      },
      "72": {
        "n_total": 3091,
        "n_hit": 2756,
        "p_hit": 0.891621,
        "t_hit_p25": 1.0,
        "t_hit_median": 3.0,
        "t_hit_p75": 10.0,
        "mdd_p25": -1.207475,
        "mdd_median": -0.44445,
        "mdd_p75": -0.1057
      },
      "84": {
        "n_total": 3091,
        "n_hit": 2799,
        "p_hit": 0.905532,
        "t_hit_p25": 1.0,
        "t_hit_median": 3.0,
        "t_hit_p75": 10.0,
        "mdd_p25": -1.2835,
        "mdd_median": -0.4615,
        "mdd_p75": -0.1099
      },
      "96": {
        "n_total": 3091,
        "n_hit": 2829,
        "p_hit": 0.915238,
        "t_hit_p25": 1.0,
        "t_hit_median": 3.0,
        "t_hit_p75": 11.0,
        "mdd_p25": -1.3396,
        "mdd_median": -0.4736,
        "mdd_p75": -0.1149
      }
    },
    "1.0": {
      "12": {
        "n_total": 3091,
        "n_hit": 1598,
        "p_hit": 0.516985,
        "t_hit_p25": 2.0,
        "t_hit_median": 4.0,
        "t_hit_p75": 7.0,
        "mdd_p25": -0.952475,
        "mdd_median": -0.36795,
        "mdd_p75": -0.078025
      },
      "24": {
        "n_total": 3091,
        "n_hit": 2006,
        "p_hit": 0.648981,
        "t_hit_p25": 2.0,
        "t_hit_median": 5.0,
        "t_hit_p75": 11.0,
        "mdd_p25": -1.1289,
        "mdd_median": -0.4748,
        "mdd_p75": -0.127475
      },
      "36": {
        "n_total": 3091,
        "n_hit": 2246,
        "p_hit": 0.726626,
        "t_hit_p25": 3.0,
        "t_hit_median": 6.0,
        "t_hit_p75": 15.0,
        "mdd_p25": -1.3389499999999999,
        "mdd_median": -0.53955,
        "mdd_p75": -0.15842499999999998
      },
      "48": {
        "n_total": 3091,
        "n_hit": 2357,
        "p_hit": 0.762536,
        "t_hit_p25": 3.0,
        "t_hit_median": 7.0,
        "t_hit_p75": 17.0,
        "mdd_p25": -1.3975,
        "mdd_median": -0.5615,
        "mdd_p75": -0.171
      },
      "60": {
        "n_total": 3091,
        "n_hit": 2441,
        "p_hit": 0.789712,
        "t_hit_p25": 3.0,
        "t_hit_median": 7.0,
        "t_hit_p75": 18.0,
        "mdd_p25": -1.5029,
        "mdd_median": -0.5996,
        "mdd_p75": -0.1805
      },
      "72": {
        "n_total": 3091,
        "n_hit": 2508,
        "p_hit": 0.811388,
        "t_hit_p25": 3.0,
        "t_hit_median": 7.0,
        "t_hit_p75": 20.0,
        "mdd_p25": -1.5892,
        "mdd_median": -0.62325,
        "mdd_p75": -0.19094999999999998
      },
      "84": {
        "n_total": 3091,
        "n_hit": 2568,
        "p_hit": 0.830799,
        "t_hit_p25": 3.0,
        "t_hit_median": 8.0,
        "t_hit_p75": 21.0,
        "mdd_p25": -1.68675,
        "mdd_median": -0.66525,
        "mdd_p75": -0.20124999999999998
      },
      "96": {
        "n_total": 3091,
        "n_hit": 2607,
        "p_hit": 0.843416,
        "t_hit_p25": 3.0,
        "t_hit_median": 8.0,
        "t_hit_p75": 23.0,
        "mdd_p25": -1.75715,
        "mdd_median": -0.6831,
        "mdd_p75": -0.2074
      }
    },
    "2.0": {
      "12": {
        "n_total": 3091,
        "n_hit": 766,
        "p_hit": 0.247816,
        "t_hit_p25": 3.0,
        "t_hit_median": 5.0,
        "t_hit_p75": 8.0,
        "mdd_p25": -0.9664250000000001,
        "mdd_median": -0.3993,
        "mdd_p75": -0.078575
      },
      "24": {
        "n_total": 3091,
        "n_hit": 1245,
        "p_hit": 0.402782,
        "t_hit_p25": 4.0,
        "t_hit_median": 9.0,
        "t_hit_p75": 16.0,
        "mdd_p25": -1.2715,
        "mdd_median": -0.5723,
        "mdd_p75": -0.1735
      },
      "36": {
        "n_total": 3091,
        "n_hit": 1569,
        "p_hit": 0.507603,
        "t_hit_p25": 5.0,
        "t_hit_median": 13.0,
        "t_hit_p75": 23.0,
        "mdd_p25": -1.4668,
        "mdd_median": -0.6799,
        "mdd_p75": -0.2157
      },
      "48": {
        "n_total": 3091,
        "n_hit": 1783,
        "p_hit": 0.576836,
        "t_hit_p25": 6.0,
        "t_hit_median": 15.0,
        "t_hit_p75": 27.0,
        "mdd_p25": -1.57995,
        "mdd_median": -0.7628,
        "mdd_p75": -0.261
      },
      "60": {
        "n_total": 3091,
        "n_hit": 1923,
        "p_hit": 0.622129,
        "t_hit_p25": 7.0,
        "t_hit_median": 17.0,
        "t_hit_p75": 31.0,
        "mdd_p25": -1.64475,
        "mdd_median": -0.8182,
        "mdd_p75": -0.2831
      },
      "72": {
        "n_total": 3091,
        "n_hit": 2044,
        "p_hit": 0.661275,
        "t_hit_p25": 7.0,
        "t_hit_median": 18.0,
        "t_hit_p75": 35.0,
        "mdd_p25": -1.8014000000000001,
        "mdd_median": -0.90425,
        "mdd_p75": -0.31005
      },
      "84": {
        "n_total": 3091,
        "n_hit": 2127,
        "p_hit": 0.688127,
        "t_hit_p25": 7.5,
        "t_hit_median": 19.0,
        "t_hit_p75": 38.0,
        "mdd_p25": -1.92865,
        "mdd_median": -0.9577,
        "mdd_p75": -0.3284
      },
      "96": {
        "n_total": 3091,
        "n_hit": 2205,
        "p_hit": 0.713361,
        "t_hit_p25": 8.0,
        "t_hit_median": 20.0,
        "t_hit_p75": 41.0,
        "mdd_p25": -2.0551,
        "mdd_median": -0.9986,
        "mdd_p75": -0.3443
      }
    },
    "3.0": {
      "12": {
        "n_total": 3091,
        "n_hit": 407,
        "p_hit": 0.131673,
        "t_hit_p25": 3.0,
        "t_hit_median": 6.0,
        "t_hit_p75": 9.0,
        "mdd_p25": -0.9350499999999999,
        "mdd_median": -0.3641,
        "mdd_p75": -0.0817
      },
      "24": {
        "n_total": 3091,
        "n_hit": 720,
        "p_hit": 0.232934,
        "t_hit_p25": 5.0,
        "t_hit_median": 11.0,
        "t_hit_p75": 17.0,
        "mdd_p25": -1.34035,
        "mdd_median": -0.5540499999999999,
        "mdd_p75": -0.155975
      },
      "36": {
        "n_total": 3091,
        "n_hit": 1013,
        "p_hit": 0.327726,
        "t_hit_p25": 7.0,
        "t_hit_median": 16.0,
        "t_hit_p75": 26.0,
        "mdd_p25": -1.6042,
        "mdd_median": -0.6985,
        "mdd_p75": -0.2075
      },
      "48": {
        "n_total": 3091,
        "n_hit": 1244,
        "p_hit": 0.402459,
        "t_hit_p25": 9.0,
        "t_hit_median": 21.0,
        "t_hit_p75": 33.0,
        "mdd_p25": -1.7156,
        "mdd_median": -0.81955,
        "mdd_p75": -0.2737
      },
      "60": {
        "n_total": 3091,