{
  "schema": "baseline_probs_v1",
  "source_labels": "data/labels/labels_v1.csv",
  "n_rows_labels": 3144,
  "thresholds": [
    0.5,
    1.0,
    2.0,
    3.0,
    5.0
  ],
  "horizons": [
    12,
    24,
    36,
    48,
    60,
    72,
    84,
    96
  ],
  "results": {
    "0.5": {
      "12": {
        "n_total": 3144,
        "n_hit": 2224,
        "p_hit": 0.707379,
        "t_hit_p25": 1.0,
        "t_hit_median": 2.0,
        "t_hit_p75": 4.0,
        "mdd_p25": -0.7282749999999999,
        "mdd_median": -0.29555,
        "mdd_p75": -0.05055
      },
      "24": {
        "n_total": 3144,
        "n_hit": 2527,
        "p_hit": 0.803753,
        "t_hit_p25": 1.0,
        "t_hit_median": 3.0,
        "t_hit_p75": 7.0,
        "mdd_p25": -0.92005,
        "mdd_median": -0.3633,
        "mdd_p75": -0.08065
      },
      "36": {
        "n_total": 3144,
        "n_hit": 2671,
        "p_hit": 0.849555,
        "t_hit_p25": 1.0,
        "t_hit_median": 3.0,
        "t_hit_p75": 8.0,
        "mdd_p25": -1.01445,
        "mdd_median": -0.4058,
        "mdd_p75": -0.09425
      },
      "48": {
        "n_total": 3144,
        "n_hit": 2734,
        "p_hit": 0.869593,
        "t_hit_p25": 1.0,
        "t_hit_median": 3.0,
        "t_hit_p75": 9.0,
        "mdd_p25": -1.1099,
        "mdd_median": -0.4218,
        "mdd_p75": -0.102025
      },
      "60": {
        "n_total": 3144,
        "n_hit": 2765,
        "p_hit": 0.879453,
        "t_hit_p25": 1.0,
        "t_hit_median": 3.0,
        "t_hit_p75": 9.0,
        "mdd_p25": -1.152,
        "mdd_median": -0.4303,
        "mdd_p75": -0.1042
      },
      "72": {
        "n_total": 3144,
        "n_hit": 2809,
        "p_hit": 0.893448,
        "t_hit_p25": 1.0,
        "t_hit_median": 3.0,
        "t_hit_p75": 10.0,
        "mdd_p25": -1.2225,
        "mdd_median": -0.4427,
        "mdd_p75": -0.1066
      },
      "84": {
        "n_total": 3144,
        "n_hit": 2852,
        "p_hit": 0.907125,
        "t_hit_p25": 1.0,
        "t_hit_median": 3.0,
        "t_hit_p75": 10.0,
        "mdd_p25": -1.293825,
        "mdd_median": -0.45965,
        "mdd_p75": -0.11132500000000001
      },
      "96": {
        "n_total": 3144,
        "n_hit": 2882,
        "p_hit": 0.916667,
        "t_hit_p25": 1.0,
        "t_hit_median": 3.0,
        "t_hit_p75": 11.0,
        "mdd_p25": -1.34165,
        "mdd_median": -0.4727,
        "mdd_p75": -0.11530000000000001
      }
    },
    "1.0": {
      "12": {
        "n_total": 3144,
        "n_hit": 1623,
        "p_hit": 0.516221,
        "t_hit_p25": 2.0,
        "t_hit_median": 4.0,
        "t_hit_p75": 7.0,
        "mdd_p25": -0.9336,
        "mdd_median": -0.3628,
        "mdd_p75": -0.07794999999999999
      },
      "24": {
        "n_total": 3144,
        "n_hit": 2042,
        "p_hit": 0.649491,
        "t_hit_p25": 2.0,
        "t_hit_median": 5.0,
        "t_hit_p75": 11.0,
        "mdd_p25": -1.1102750000000001,
        "mdd_median": -0.46965,
        "mdd_p75": -0.12725000000000003
      },
      "36": {
        "n_total": 3144,
        "n_hit": 2285,
        "p_hit": 0.726781,
        "t_hit_p25": 3.0,
        "t_hit_median": 6.0,
        "t_hit_p75": 15.0,
        "mdd_p25": -1.3323,
        "mdd_median": -0.5372,
        "mdd_p75": -0.156
      },
      "48": {
        "n_total": 3144,
        "n_hit": 2403,
        "p_hit": 0.764313,
        "t_hit_p25": 3.0,
        "t_hit_median": 7.0,
        "t_hit_p75": 17.0,
        "mdd_p25": -1.3975,
        "mdd_median": -0.5576,
        "mdd_p75": -0.17085
      },
      "60": {
        "n_total": 3144,
        "n_hit": 2488,
        "p_hit": 0.791349,
        "t_hit_p25": 3.0,
        "t_hit_median": 7.0,
        "t_hit_p75": 18.0,
        "mdd_p25": -1.502075,
        "mdd_median": -0.5977,
        "mdd_p75": -0.17822499999999997
      },
      "72": {
        "n_total": 3144,
        "n_hit": 2561,
        "p_hit": 0.814567,
        "t_hit_p25": 3.0,
        "t_hit_median": 8.0,
        "t_hit_p75": 20.0,
        "mdd_p25": -1.595,
        "mdd_median": -0.6227,
        "mdd_p75": -0.1897
      },
      "84": {
        "n_total": 3144,
        "n_hit": 2621,
        "p_hit": 0.833651,
        "t_hit_p25": 3.0,
        "t_hit_median": 8.0,
        "t_hit_p75": 22.0,
        "mdd_p25": -1.6884,
        "mdd_median": -0.6633,
        "mdd_p75": -0.1995
      },
      "96": {
        "n_total": 3144,
        "n_hit": 2660,
        "p_hit": 0.846056,
        "t_hit_p25": 3.0,
        "t_hit_median": 8.0,
        "t_hit_p75": 23.0,
        "mdd_p25": -1.768075,
        "mdd_median": -0.6824,
        "mdd_p75": -0.20575000000000002
      }
    },
    "2.0": {
      "12": {
        "n_total": 3144,
        "n_hit": 772,
        "p_hit": 0.245547,
        "t_hit_p25": 3.0,
        "t_hit_median": 5.0,
        "t_hit_p75": 9.0,
        "mdd_p25": -0.9621500000000001,
        "mdd_median": -0.3993,
        "mdd_p75": -0.080325
      },
      "24": {
        "n_total": 3144,
        "n_hit": 1256,
        "p_hit": 0.399491,
        "t_hit_p25": 4.0,
        "t_hit_median": 9.0,
        "t_hit_p75": 16.0,
        "mdd_p25": -1.254425,
        "mdd_median": -0.56955,
        "mdd_p75": -0.172475
      },
      "36": {
        "n_total": 3144,
        "n_hit": 1589,
        "p_hit": 0.505407,
        "t_hit_p25": 5.0,
        "t_hit_median": 13.0,
        "t_hit_p75": 23.0,
        "mdd_p25": -1.458,
        "mdd_median": -0.6795,
        "mdd_p75": -0.2157
      },
      "48": {
        "n_total": 3144,
        "n_hit": 1812,
        "p_hit": 0.576336,
        "t_hit_p25": 6.0,
        "t_hit_median": 15.5,
        "t_hit_p75": 28.0,
        "mdd_p25": -1.5861,
        "mdd_median": -0.76405,
        "mdd_p75": -0.26115
      },
      "60": {
        "n_total": 3144,
        "n_hit": 1959,
        "p_hit": 0.623092,
        "t_hit_p25": 7.0,
        "t_hit_median": 17.0,
        "t_hit_p75": 32.0,
        "mdd_p25": -1.66625,
        "mdd_median": -0.822,
        "mdd_p75": -0.28364999999999996
      },
      "72": {
        "n_total": 3144,
        "n_hit": 2089,
        "p_hit": 0.66444,
        "t_hit_p25": 7.0,
        "t_hit_median": 18.0,
        "t_hit_p75": 36.0,
        "mdd_p25": -1.8272,
        "mdd_median": -0.9222,
        "mdd_p75": -0.3125
      },
      "84": {
        "n_total": 3144,
        "n_hit": 2177,
        "p_hit": 0.69243,
        "t_hit_p25": 8.0,
        "t_hit_median": 20.0,
        "t_hit_p75": 39.0,
        "mdd_p25": -1.9844,
        "mdd_median": -0.9723,
        "mdd_p75": -0.3373
      },
      "96": {
        "n_total": 3144,
        "n_hit": 2258,
        "p_hit": 0.718193,
        "t_hit_p25": 8.0,
        "t_hit_median": 21.0,
        "t_hit_p75": 42.0,
        "mdd_p25": -2.132975,
        "mdd_median": -1.01445,
        "mdd_p75": -0.348475
      }
    },
    "3.0": {
      "12": {
        "n_total": 3144,
        "n_hit": 409,
        "p_hit": 0.130089,
        "t_hit_p25": 3.0,
        "t_hit_median": 6.0,
        "t_hit_p75": 9.0,
        "mdd_p25": -0.9293,
        "mdd_median": -0.3684,
        "mdd_p75": -0.0818
      },
      "24": {
        "n_total": 3144,
        "n_hit": 725,
        "p_hit": 0.230598,
        "t_hit_p25": 5.0,
        "t_hit_median": 11.0,
        "t_hit_p75": 17.0,
        "mdd_p25": -1.3323,
        "mdd_median": -0.5546,
        "mdd_p75": -0.156
      },
      "36": {
        "n_total": 3144,
        "n_hit": 1024,
        "p_hit": 0.3257,
        "t_hit_p25": 7.0,
        "t_hit_median": 16.0,
        "t_hit_p75": 26.0,
        "mdd_p25": -1.5883749999999999,
        "mdd_median": -0.6857,
        "mdd_p75": -0.207475
      },
      "48": {
        "n_total": 3144,
        "n_hit": 1268,
        "p_hit": 0.403308,
        "t_hit_p25": 9.0,
        "t_hit_median": 21.0,
        "t_hit_p75": 33.0,
        "mdd_p25": -1.736075,
        "mdd_median": -0.82945,
        "mdd_p75": -0.275775
      },
      "60": {
        "n_total": 3144,