{
  "schema": "baseline_probs_v1",
  "source_labels": "data/labels/labels_v1.csv",
  "n_rows_labels": 1183,
  "thresholds": [
    0.5,
    1.0,
    2.0,
    3.0,
    5.0
  ],
  "horizons": [
    12,
    24,
    36,
    48,
    60,
    72,
    84,
    96
  ],
  "results": {
    "0.5": {
      "12": {
        "n_total": 1183,
        "n_hit": 833,
        "p_hit": 0.704142,
        "t_hit_p25": 1.0,
        "t_hit_median": 2.0,
        "t_hit_p75": 5.0,
        "mdd_p25": -0.8423,
        "mdd_median": -0.2906,
        "mdd_p75": -0.0599
      },
      "24": {
        "n_total": 1183,
        "n_hit": 953,
        "p_hit": 0.805579,
        "t_hit_p25": 1.0,
        "t_hit_median": 3.0,
        "t_hit_p75": 7.0,
        "mdd_p25": -0.9735,
        "mdd_median": -0.373,
        "mdd_p75": -0.0922
      },
      "36": {
        "n_total": 1183,
        "n_hit": 996,
        "p_hit": 0.841927,
        "t_hit_p25": 1.0,
        "t_hit_median": 3.0,
        "t_hit_p75": 8.0,
        "mdd_p25": -0.99815,
        "mdd_median": -0.39515,
        "mdd_p75": -0.10255
      },
      "48": {
        "n_total": 1183,
        "n_hit": 1006,
        "p_hit": 0.85038,
        "t_hit_p25": 1.0,
        "t_hit_median": 3.0,
        "t_hit_p75": 9.0,
        "mdd_p25": -1.0077,
        "mdd_median": -0.4096,
        "mdd_p75": -0.10415
      },
      "60": {
        "n_total": 1183,
        "n_hit": 1020,
        "p_hit": 0.862215,
        "t_hit_p25": 1.0,
        "t_hit_median": 3.0,
        "t_hit_p75": 9.0,
        "mdd_p25": -1.076125,
        "mdd_median": -0.4167,
        "mdd_p75": -0.10567499999999999
      },
      "72": {
        "n_total": 1183,
        "n_hit": 1042,
        "p_hit": 0.880811,
        "t_hit_p25": 1.0,
        "t_hit_median": 3.0,
        "t_hit_p75": 10.0,
        "mdd_p25": -1.168225,
        "mdd_median": -0.4369,
        "mdd_p75": -0.108775
      },
      "84": {
        "n_total": 1183,
        "n_hit": 1060,
        "p_hit": 0.896027,
        "t_hit_p25": 1.0,
        "t_hit_median": 4.0,
        "t_hit_p75": 10.0,
        "mdd_p25": -1.2429000000000001,
        "mdd_median": -0.44789999999999996,
        "mdd_p75": -0.113025
      },
      "96": {
        "n_total": 1183,
        "n_hit": 1066,
        "p_hit": 0.901099,
        "t_hit_p25": 1.0,
        "t_hit_median": 4.0,
        "t_hit_p75": 11.0,
        "mdd_p25": -1.2605,
        "mdd_median": -0.4533,
        "mdd_p75": -0.116425
      }
    },
    "1.0": {
      "12": {
        "n_total": 1183,
        "n_hit": 602,
        "p_hit": 0.508876,
        "t_hit_p25": 2.0,
        "t_hit_median": 4.0,
        "t_hit_p75": 7.0,
        "mdd_p25": -0.9972,
        "mdd_median": -0.37295,
        "mdd_p75": -0.07944999999999999
      },
      "24": {
        "n_total": 1183,
        "n_hit": 759,
        "p_hit": 0.641589,
        "t_hit_p25": 2.0,
        "t_hit_median": 5.0,
        "t_hit_p75": 11.0,
        "mdd_p25": -1.1307,
        "mdd_median": -0.4665,
        "mdd_p75": -0.11705
      },
      "36": {
        "n_total": 1183,
        "n_hit": 841,
        "p_hit": 0.710904,
        "t_hit_p25": 3.0,
        "t_hit_median": 6.0,
        "t_hit_p75": 14.0,
        "mdd_p25": -1.1975,
        "mdd_median": -0.4754,
        "mdd_p75": -0.1442
      },
      "48": {
        "n_total": 1183,
        "n_hit": 877,
        "p_hit": 0.741336,
        "t_hit_p25": 3.0,
        "t_hit_median": 7.0,
        "t_hit_p75": 16.0,
        "mdd_p25": -1.2247,
        "mdd_median": -0.4798,
        "mdd_p75": -0.1553
      },
      "60": {
        "n_total": 1183,
        "n_hit": 914,
        "p_hit": 0.772612,
        "t_hit_p25": 3.0,
        "t_hit_median": 7.0,
        "t_hit_p75": 18.0,
        "mdd_p25": -1.34165,
        "mdd_median": -0.51385,
        "mdd_p75": -0.16192499999999999
      },
      "72": {
        "n_total": 1183,
        "n_hit": 948,
        "p_hit": 0.801352,
        "t_hit_p25": 3.0,
        "t_hit_median": 8.0,
        "t_hit_p75": 20.0,
        "mdd_p25": -1.422425,
        "mdd_median": -0.54455,
        "mdd_p75": -0.169825
      },
      "84": {
        "n_total": 1183,
        "n_hit": 970,
        "p_hit": 0.819949,
        "t_hit_p25": 3.0,
        "t_hit_median": 8.0,
        "t_hit_p75": 21.0,
        "mdd_p25": -1.5296,
        "mdd_median": -0.57155,
        "mdd_p75": -0.1719
      },
      "96": {
        "n_total": 1183,
        "n_hit": 981,
        "p_hit": 0.829248,
        "t_hit_p25": 3.0,
        "t_hit_median": 8.0,
        "t_hit_p75": 22.0,
        "mdd_p25": -1.556,
        "mdd_median": -0.5798,
        "mdd_p75": -0.1725
      }
    },
    "2.0": {
      "12": {
        "n_total": 1183,
        "n_hit": 302,
        "p_hit": 0.255283,
        "t_hit_p25": 3.0,
        "t_hit_median": 5.0,
        "t_hit_p75": 8.0,
        "mdd_p25": -1.1329,
        "mdd_median": -0.44625,
        "mdd_p75": -0.14425
      },
      "24": {
        "n_total": 1183,
        "n_hit": 475,
        "p_hit": 0.401522,
        "t_hit_p25": 4.0,
        "t_hit_median": 9.0,
        "t_hit_p75": 16.0,
        "mdd_p25": -1.32535,
        "mdd_median": -0.5763,
        "mdd_p75": -0.17545
      },
      "36": {
        "n_total": 1183,
        "n_hit": 572,
        "p_hit": 0.483516,
        "t_hit_p25": 5.0,
        "t_hit_median": 11.0,
        "t_hit_p75": 20.0,
        "mdd_p25": -1.2850249999999999,
        "mdd_median": -0.54965,
        "mdd_p75": -0.17325
      },
      "48": {
        "n_total": 1183,
        "n_hit": 654,
        "p_hit": 0.552832,
        "t_hit_p25": 6.0,
        "t_hit_median": 14.0,
        "t_hit_p75": 27.0,
        "mdd_p25": -1.305875,
        "mdd_median": -0.55295,
        "mdd_p75": -0.1966
      },
      "60": {
        "n_total": 1183,
        "n_hit": 717,
        "p_hit": 0.606086,
        "t_hit_p25": 6.0,
        "t_hit_median": 16.0,
        "t_hit_p75": 32.0,
        "mdd_p25": -1.3713,
        "mdd_median": -0.5862,
        "mdd_p75": -0.2242
      },
      "72": {
        "n_total": 1183,
        "n_hit": 766,
        "p_hit": 0.647506,
        "t_hit_p25": 7.0,
        "t_hit_median": 17.0,
        "t_hit_p75": 37.0,
        "mdd_p25": -1.4529999999999998,
        "mdd_median": -0.6518999999999999,
        "mdd_p75": -0.24745
      },
      "84": {
        "n_total": 1183,
        "n_hit": 797,
        "p_hit": 0.673711,
        "t_hit_p25": 7.0,
        "t_hit_median": 18.0,
        "t_hit_p75": 41.0,
        "mdd_p25": -1.5374,
        "mdd_median": -0.7164,
        "mdd_p75": -0.2654
      },
      "96": {
        "n_total": 1183,
        "n_hit": 819,
        "p_hit": 0.692308,
        "t_hit_p25": 7.0,
        "t_hit_median": 19.0,
        "t_hit_p75": 43.0,
        "mdd_p25": -1.5850499999999998,
        "mdd_median": -0.7677,
        "mdd_p75": -0.27280000000000004
      }
    },
    "3.0": {
      "12": {
        "n_total": 1183,
        "n_hit": 157,
        "p_hit": 0.132713,
        "t_hit_p25": 3.0,
        "t_hit_median": 5.0,
        "t_hit_p75": 9.0,
        "mdd_p25": -1.1263,
        "mdd_median": -0.4153,
        "mdd_p75": -0.1444
      },
      "24": {
        "n_total": 1183,
        "n_hit": 250,
        "p_hit": 0.211327,
        "t_hit_p25": 4.0,
        "t_hit_median": 9.5,
        "t_hit_p75": 17.0,
        "mdd_p25": -1.085775,
        "mdd_median": -0.4619,
        "mdd_p75": -0.14425
      },
      "36": {
        "n_total": 1183,
        "n_hit": 343,
        "p_hit": 0.289941,
        "t_hit_p25": 6.0,
        "t_hit_median": 15.0,
        "t_hit_p75": 25.5,
        "mdd_p25": -1.06385,
        "mdd_median": -0.5066,
        "mdd_p75": -0.1689
      },
      "48": {
        "n_total": 1183,
        "n_hit": 424,
        "p_hit": 0.358411,
        "t_hit_p25": 7.0,
        "t_hit_median": 20.0,
        "t_hit_p75": 33.0,
        "mdd_p25": -1.1613000000000002,
        "mdd_median": -0.54315,
        "mdd_p75": -0.204775
      },
      "60": {
        "n_total": 1183,