{
  "schema": "baseline_probs_v1",
  "source_labels": "data/labels/labels_v1.csv",
  "n_rows_labels": 2468,
  "thresholds": [
    0.5,
    1.0,
    2.0,
    3.0,
    5.0
  ],
  "horizons": [
    12,
    24,
    36,
    48,
    60,
    72,
    84,
    96
  ],
  "results": {
    "0.5": {
      "12": {
        "n_total": 2468,
        "n_hit": 1768,
        "p_hit": 0.71637,
        "t_hit_p25": 1.0,
        "t_hit_median": 2.0,
        "t_hit_p75": 4.0,
        "mdd_p25": -0.7499750000000001,
        "mdd_median": -0.30175,
        "mdd_p75": -0.054075
      },
      "24": {
        "n_total": 2468,
        "n_hit": 1996,
        "p_hit": 0.808752,
        "t_hit_p25": 1.0,
        "t_hit_median": 3.0,
        "t_hit_p75": 6.0,
        "mdd_p25": -0.924375,
        "mdd_median": -0.36819999999999997,
        "mdd_p75": -0.083425
      },
      "36": {
        "n_total": 2468,
        "n_hit": 2108,
        "p_hit": 0.854133,
        "t_hit_p25": 1.0,
        "t_hit_median": 3.0,
        "t_hit_p75": 8.0,
        "mdd_p25": -0.999675,
        "mdd_median": -0.41085,
        "mdd_p75": -0.10097500000000001
      },
      "48": {
        "n_total": 2468,
        "n_hit": 2153,
        "p_hit": 0.872366,
        "t_hit_p25": 1.0,
        "t_hit_median": 3.0,
        "t_hit_p75": 8.0,
        "mdd_p25": -1.0937,
        "mdd_median": -0.4243,
        "mdd_p75": -0.1048
      },
      "60": {
        "n_total": 2468,
        "n_hit": 2176,
        "p_hit": 0.881686,
        "t_hit_p25": 1.0,
        "t_hit_median": 3.0,
        "t_hit_p75": 9.0,
        "mdd_p25": -1.147975,
        "mdd_median": -0.43384999999999996,
        "mdd_p75": -0.10735
      },
      "72": {
        "n_total": 2468,
        "n_hit": 2215,
        "p_hit": 0.897488,
        "t_hit_p25": 1.0,
        "t_hit_median": 3.0,
        "t_hit_p75": 10.0,
        "mdd_p25": -1.2248,
        "mdd_median": -0.4485,
        "mdd_p75": -0.1121
      },
      "84": {
        "n_total": 2468,
        "n_hit": 2256,
        "p_hit": 0.9141,
        "t_hit_p25": 1.0,
        "t_hit_median": 3.0,
        "t_hit_p75": 10.0,
        "mdd_p25": -1.3111,
        "mdd_median": -0.47109999999999996,
        "mdd_p75": -0.1175
      },
      "96": {
        "n_total": 2468,
        "n_hit": 2280,
        "p_hit": 0.923825,
        "t_hit_p25": 1.0,
        "t_hit_median": 3.0,
        "t_hit_p75": 11.0,
        "mdd_p25": -1.350675,
        "mdd_median": -0.4796,
        "mdd_p75": -0.120125
      }
    },
    "1.0": {
      "12": {
        "n_total": 2468,
        "n_hit": 1309,
        "p_hit": 0.530389,
        "t_hit_p25": 2.0,
        "t_hit_median": 4.0,
        "t_hit_p75": 7.0,
        "mdd_p25": -0.9839,
        "mdd_median": -0.3893,
        "mdd_p75": -0.0818
      },
      "24": {
        "n_total": 2468,
        "n_hit": 1606,
        "p_hit": 0.650729,
        "t_hit_p25": 2.0,
        "t_hit_median": 5.0,
        "t_hit_p75": 10.0,
        "mdd_p25": -1.148325,
        "mdd_median": -0.48405,
        "mdd_p75": -0.13485
      },
      "36": {
        "n_total": 2468,
        "n_hit": 1804,
        "p_hit": 0.730956,
        "t_hit_p25": 2.0,
        "t_hit_median": 6.0,
        "t_hit_p75": 14.0,
        "mdd_p25": -1.35135,
        "mdd_median": -0.54265,
        "mdd_p75": -0.16472499999999998
      },
      "48": {
        "n_total": 2468,
        "n_hit": 1904,
        "p_hit": 0.771475,
        "t_hit_p25": 3.0,
        "t_hit_median": 7.0,
        "t_hit_p75": 17.0,
        "mdd_p25": -1.4173,
        "mdd_median": -0.5773999999999999,
        "mdd_p75": -0.17645
      },
      "60": {
        "n_total": 2468,
        "n_hit": 1980,
        "p_hit": 0.802269,
        "t_hit_p25": 3.0,
        "t_hit_median": 7.0,
        "t_hit_p75": 18.0,
        "mdd_p25": -1.556675,
        "mdd_median": -0.6099000000000001,
        "mdd_p75": -0.19094999999999998
      },
      "72": {
        "n_total": 2468,
        "n_hit": 2045,
        "p_hit": 0.828606,
        "t_hit_p25": 3.0,
        "t_hit_median": 7.0,
        "t_hit_p75": 21.0,
        "mdd_p25": -1.6604,
        "mdd_median": -0.6474,
        "mdd_p75": -0.2044
      },
      "84": {
        "n_total": 2468,
        "n_hit": 2100,
        "p_hit": 0.850891,
        "t_hit_p25": 3.0,
        "t_hit_median": 8.0,
        "t_hit_p75": 23.0,
        "mdd_p25": -1.7583,
        "mdd_median": -0.68435,
        "mdd_p75": -0.218525
      },
      "96": {
        "n_total": 2468,
        "n_hit": 2134,
        "p_hit": 0.864668,
        "t_hit_p25": 3.0,
        "t_hit_median": 8.0,
        "t_hit_p75": 24.0,
        "mdd_p25": -1.8312,
        "mdd_median": -0.7051499999999999,
        "mdd_p75": -0.2249
      }
    },
    "2.0": {
      "12": {
        "n_total": 2468,
        "n_hit": 654,
        "p_hit": 0.264992,
        "t_hit_p25": 3.0,
        "t_hit_median": 5.0,
        "t_hit_p75": 8.0,
        "mdd_p25": -0.990475,
        "mdd_median": -0.41475,
        "mdd_p75": -0.105
      },
      "24": {
        "n_total": 2468,
        "n_hit": 1035,
        "p_hit": 0.419368,
        "t_hit_p25": 4.0,
        "t_hit_median": 9.0,
        "t_hit_p75": 16.0,
        "mdd_p25": -1.32835,
        "mdd_median": -0.5938,
        "mdd_p75": -0.18705
      },
      "36": {
        "n_total": 2468,
        "n_hit": 1288,
        "p_hit": 0.52188,
        "t_hit_p25": 5.0,
        "t_hit_median": 12.0,
        "t_hit_p75": 22.0,
        "mdd_p25": -1.5572,
        "mdd_median": -0.7070000000000001,
        "mdd_p75": -0.23410000000000003
      },
      "48": {
        "n_total": 2468,
        "n_hit": 1462,
        "p_hit": 0.592382,
        "t_hit_p25": 6.0,
        "t_hit_median": 15.0,
        "t_hit_p75": 27.0,
        "mdd_p25": -1.6281500000000002,
        "mdd_median": -0.8027500000000001,
        "mdd_p75": -0.27009999999999995
      },
      "60": {
        "n_total": 2468,
        "n_hit": 1580,
        "p_hit": 0.640194,
        "t_hit_p25": 6.0,
        "t_hit_median": 16.0,
        "t_hit_p75": 31.0,
        "mdd_p25": -1.6880249999999999,
        "mdd_median": -0.8563000000000001,
        "mdd_p75": -0.2927
      },
      "72": {
        "n_total": 2468,
        "n_hit": 1690,
        "p_hit": 0.684765,
        "t_hit_p25": 7.0,
        "t_hit_median": 18.0,
        "t_hit_p75": 35.0,
        "mdd_p25": -1.868475,
        "mdd_median": -0.9530000000000001,
        "mdd_p75": -0.31755
      },
      "84": {
        "n_total": 2468,
        "n_hit": 1770,
        "p_hit": 0.71718,
        "t_hit_p25": 7.0,
        "t_hit_median": 19.0,
        "t_hit_p75": 39.0,
        "mdd_p25": -2.0574,
        "mdd_median": -0.99915,
        "mdd_p75": -0.3427
      },
      "96": {
        "n_total": 2468,
        "n_hit": 1841,
        "p_hit": 0.745948,
        "t_hit_p25": 8.0,
        "t_hit_median": 20.0,
        "t_hit_p75": 43.0,
        "mdd_p25": -2.2145,
        "mdd_median": -1.0774,
        "mdd_p75": -0.3594
      }
    },
    "3.0": {
      "12": {
        "n_total": 2468,
        "n_hit": 365,
        "p_hit": 0.147893,
        "t_hit_p25": 3.0,
        "t_hit_median": 6.0,
        "t_hit_p75": 9.0,
        "mdd_p25": -0.9599,
        "mdd_median": -0.3885,
        "mdd_p75": -0.1092
      },
      "24": {
        "n_total": 2468,
        "n_hit": 625,
        "p_hit": 0.253241,
        "t_hit_p25": 5.0,
        "t_hit_median": 10.0,
        "t_hit_p75": 17.0,
        "mdd_p25": -1.3315,
        "mdd_median": -0.56,
        "mdd_p75": -0.1719
      },
      "36": {
        "n_total": 2468,
        "n_hit": 874,
        "p_hit": 0.354133,
        "t_hit_p25": 7.0,
        "t_hit_median": 16.0,
        "t_hit_p75": 26.0,
        "mdd_p25": -1.6134499999999998,
        "mdd_median": -0.6857,
        "mdd_p75": -0.219175
      },
      "48": {
        "n_total": 2468,
        "n_hit": 1068,
        "p_hit": 0.432739,
        "t_hit_p25": 9.0,
        "t_hit_median": 20.0,
        "t_hit_p75": 32.0,
        "mdd_p25": -1.749025,