{
  "schema": "baseline_probs_v1",
  "source_labels": "data/labels/labels_v1.csv",
  "n_rows_labels": 2257,
  "thresholds": [
    0.5,
    1.0,
    2.0,
    3.0,
    5.0
  ],
  "horizons": [
    12,
    24,
    36,
    48,
    60,
    72,
    84,
    96
  ],
  "results": {
    "0.5": {
      "12": {
        "n_total": 2257,
        "n_hit": 1630,
        "p_hit": 0.722198,
        "t_hit_p25": 1.0,
        "t_hit_median": 2.0,
        "t_hit_p75": 4.0,
        "mdd_p25": -0.799775,
        "mdd_median": -0.3104,
        "mdd_p75": -0.056424999999999996
      },
      "24": {
        "n_total": 2257,
        "n_hit": 1842,
        "p_hit": 0.816128,
        "t_hit_p25": 1.0,
        "t_hit_median": 3.0,
        "t_hit_p75": 6.0,
        "mdd_p25": -0.9469000000000001,
        "mdd_median": -0.3775,
        "mdd_p75": -0.08855
      },
      "36": {
        "n_total": 2257,
        "n_hit": 1942,
        "p_hit": 0.860434,
        "t_hit_p25": 1.0,
        "t_hit_median": 3.0,
        "t_hit_p75": 8.0,
        "mdd_p25": -1.055275,
        "mdd_median": -0.41475,
        "mdd_p75": -0.102725
      },
      "48": {
        "n_total": 2257,
        "n_hit": 1979,
        "p_hit": 0.876828,
        "t_hit_p25": 1.0,
        "t_hit_median": 3.0,
        "t_hit_p75": 8.0,
        "mdd_p25": -1.13765,
        "mdd_median": -0.428,
        "mdd_p75": -0.1057
      },
      "60": {
        "n_total": 2257,
        "n_hit": 2000,
        "p_hit": 0.886132,
        "t_hit_p25": 1.0,
        "t_hit_median": 3.0,
        "t_hit_p75": 9.0,
        "mdd_p25": -1.1688749999999999,
        "mdd_median": -0.4384,
        "mdd_p75": -0.10892500000000001
      },
      "72": {
        "n_total": 2257,
        "n_hit": 2033,
        "p_hit": 0.900753,
        "t_hit_p25": 1.0,
        "t_hit_median": 3.0,
        "t_hit_p75": 9.0,
        "mdd_p25": -1.2485,
        "mdd_median": -0.4492,
        "mdd_p75": -0.1149
      },
      "84": {
        "n_total": 2257,
        "n_hit": 2064,
        "p_hit": 0.914488,
        "t_hit_p25": 1.0,
        "t_hit_median": 3.0,
        "t_hit_p75": 10.0,
        "mdd_p25": -1.3275,
        "mdd_median": -0.47109999999999996,
        "mdd_p75": -0.11777499999999999
      },
      "96": {
        "n_total": 2257,
        "n_hit": 2085,
        "p_hit": 0.923793,
        "t_hit_p25": 1.0,
        "t_hit_median": 3.0,
        "t_hit_p75": 10.0,
        "mdd_p25": -1.3587,
        "mdd_median": -0.4788,
        "mdd_p75": -0.1209
      }
    },
    "1.0": {
      "12": {
        "n_total": 2257,
        "n_hit": 1213,
        "p_hit": 0.537439,
        "t_hit_p25": 2.0,
        "t_hit_median": 4.0,
        "t_hit_p75": 7.0,
        "mdd_p25": -0.998,
        "mdd_median": -0.4058,
        "mdd_p75": -0.0831
      },
      "24": {
        "n_total": 2257,
        "n_hit": 1491,
        "p_hit": 0.660611,
        "t_hit_p25": 2.0,
        "t_hit_median": 5.0,
        "t_hit_p75": 10.0,
        "mdd_p25": -1.17725,
        "mdd_median": -0.4983,
        "mdd_p75": -0.13540000000000002
      },
      "36": {
        "n_total": 2257,
        "n_hit": 1667,
        "p_hit": 0.738591,
        "t_hit_p25": 2.0,
        "t_hit_median": 6.0,
        "t_hit_p75": 14.0,
        "mdd_p25": -1.37415,
        "mdd_median": -0.5477,
        "mdd_p75": -0.16435
      },
      "48": {
        "n_total": 2257,
        "n_hit": 1748,
        "p_hit": 0.774479,
        "t_hit_p25": 3.0,
        "t_hit_median": 6.0,
        "t_hit_p75": 16.0,
        "mdd_p25": -1.4582249999999999,
        "mdd_median": -0.58005,
        "mdd_p75": -0.174875
      },
      "60": {
        "n_total": 2257,
        "n_hit": 1819,
        "p_hit": 0.805937,
        "t_hit_p25": 3.0,
        "t_hit_median": 7.0,
        "t_hit_p75": 18.0,
        "mdd_p25": -1.5819999999999999,
        "mdd_median": -0.6161,
        "mdd_p75": -0.1889
      },
      "72": {
        "n_total": 2257,
        "n_hit": 1875,
        "p_hit": 0.830749,
        "t_hit_p25": 3.0,
        "t_hit_median": 7.0,
        "t_hit_p75": 20.0,
        "mdd_p25": -1.6875499999999999,
        "mdd_median": -0.6628,
        "mdd_p75": -0.2033
      },
      "84": {
        "n_total": 2257,
        "n_hit": 1920,
        "p_hit": 0.850687,
        "t_hit_p25": 3.0,
        "t_hit_median": 7.0,
        "t_hit_p75": 21.0,
        "mdd_p25": -1.7864999999999998,
        "mdd_median": -0.69565,
        "mdd_p75": -0.215025
      },
      "96": {
        "n_total": 2257,
        "n_hit": 1946,
        "p_hit": 0.862206,
        "t_hit_p25": 3.0,
        "t_hit_median": 8.0,
        "t_hit_p75": 23.0,
        "mdd_p25": -1.8345,
        "mdd_median": -0.7154,
        "mdd_p75": -0.22095
      }
    },
    "2.0": {
      "12": {
        "n_total": 2257,
        "n_hit": 614,
        "p_hit": 0.272043,
        "t_hit_p25": 3.0,
        "t_hit_median": 5.0,
        "t_hit_p75": 8.0,
        "mdd_p25": -1.0023250000000001,
        "mdd_median": -0.42435,
        "mdd_p75": -0.10422500000000001
      },
      "24": {
        "n_total": 2257,
        "n_hit": 960,
        "p_hit": 0.425343,
        "t_hit_p25": 4.0,
        "t_hit_median": 9.0,
        "t_hit_p75": 16.0,
        "mdd_p25": -1.3726749999999999,
        "mdd_median": -0.6032,
        "mdd_p75": -0.18415
      },
      "36": {
        "n_total": 2257,
        "n_hit": 1182,
        "p_hit": 0.523704,
        "t_hit_p25": 5.0,
        "t_hit_median": 12.0,
        "t_hit_p75": 21.0,
        "mdd_p25": -1.589575,
        "mdd_median": -0.7342,
        "mdd_p75": -0.2207
      },
      "48": {
        "n_total": 2257,
        "n_hit": 1337,
        "p_hit": 0.592379,
        "t_hit_p25": 5.0,
        "t_hit_median": 14.0,
        "t_hit_p75": 26.0,
        "mdd_p25": -1.6665,
        "mdd_median": -0.8256,
        "mdd_p75": -0.265
      },
      "60": {
        "n_total": 2257,
        "n_hit": 1444,
        "p_hit": 0.639787,
        "t_hit_p25": 6.0,
        "t_hit_median": 16.0,
        "t_hit_p75": 31.0,
        "mdd_p25": -1.736075,
        "mdd_median": -0.8994,
        "mdd_p75": -0.28005
      },
      "72": {
        "n_total": 2257,
        "n_hit": 1542,
        "p_hit": 0.683208,
        "t_hit_p25": 6.25,
        "t_hit_median": 17.0,
        "t_hit_p75": 35.0,
        "mdd_p25": -1.912,
        "mdd_median": -0.97375,
        "mdd_p75": -0.3114
      },
      "84": {
        "n_total": 2257,
        "n_hit": 1609,
        "p_hit": 0.712893,
        "t_hit_p25": 7.0,
        "t_hit_median": 18.0,
        "t_hit_p75": 38.0,
        "mdd_p25": -2.1448,
        "mdd_median": -1.0266,
        "mdd_p75": -0.3339
      },
      "96": {
        "n_total": 2257,
        "n_hit": 1671,
        "p_hit": 0.740363,
        "t_hit_p25": 7.0,
        "t_hit_median": 19.0,
        "t_hit_p75": 42.0,
        "mdd_p25": -2.2449,
        "mdd_median": -1.1103,
        "mdd_p75": -0.35209999999999997
      }
    },
    "3.0": {
      "12": {
        "n_total": 2257,
        "n_hit": 348,
        "p_hit": 0.154187,
        "t_hit_p25": 3.0,
        "t_hit_median": 6.0,
        "t_hit_p75": 9.0,
        "mdd_p25": -0.97285,
        "mdd_median": -0.40054999999999996,
        "mdd_p75": -0.11560000000000001
      },
      "24": {
        "n_total": 2257,
        "n_hit": 585,
        "p_hit": 0.259194,
        "t_hit_p25": 5.0,
        "t_hit_median": 10.0,
        "t_hit_p75": 17.0,
        "mdd_p25": -1.3828,
        "mdd_median": -0.5846,
        "mdd_p75": -0.172
      },
      "36": {
        "n_total": 2257,
        "n_hit": 811,
        "p_hit": 0.359327,
        "t_hit_p25": 7.0,
        "t_hit_median": 15.0,
        "t_hit_p75": 26.0,
        "mdd_p25": -1.64655,
        "mdd_median": -0.7144,
        "mdd_p75": -0.21945
      },
      "48": {
        "n_total": 2257,
        "n_hit": 981,
        "p_hit": 0.434648,
        "t_hit_p25": 8.0,
        "t_hit_median": 20.0,
        "t_hit_p75": 32.0,
        "mdd_p25": -1.7955,
        "mdd_median": -0.8709,