target_pct,horizon_h,n_total,n_hit,p_hit,t_hit_p25,t_hit_median,t_hit_p75,mdd_p25,mdd_median,mdd_p75
0.5,12,65,59,0.907692,1.0,2.0,4.0,-0.7901,-0.3284,-0.1422
0.5,24,65,65,1.0,1.0,2.0,5.0,-1.126,-0.4191,-0.1505
0.5,36,65,65,1.0,1.0,2.0,5.0,-1.126,-0.4191,-0.1505
0.5,48,65,65,1.0,1.0,2.0,5.0,-1.126,-0.4191,-0.1505
0.5,60,65,65,1.0,1.0,2.0,5.0,-1.126,-0.4191,-0.1505
0.5,72,65,65,1.0,1.0,2.0,5.0,-1.126,-0.4191,-0.1505
0.5,84,65,65,1.0,1.0,2.0,5.0,-1.126,-0.4191,-0.1505
0.5,96,65,65,1.0,1.0,2.0,5.0,-1.126,-0.4191,-0.1505
1.0,12,65,52,0.8,3.0,5.0,7.25,-1.318125,-0.4933,-0.174275
1.0,24,65,64,0.984615,3.0,6.0,10.25,-1.7149,-0.69185,-0.204475
1.0,36,65,65,1.0,3.0,6.0,11.0,-1.7197,-0.7065,-0.2075
1.0,48,65,65,1.0,3.0,6.0,11.0,-1.7197,-0.7065,-0.2075
1.0,60,65,65,1.0,3.0,6.0,11.0,-1.7197,-0.7065,-0.2075
1.0,72,65,65,1.0,3.0,6.0,11.0,-1.7197,-0.7065,-0.2075
1.0,84,65,65,1.0,3.0,6.0,11.0,-1.7197,-0.7065,-0.2075
1.0,96,65,65,1.0,3.0,6.0,11.0,-1.7197,-0.7065,-0.2075
2.0,12,65,34,0.523077,4.25,6.5,9.0,-1.4456,-0.54815,-0.180025
2.0,24,65,54,0.830769,6.0,10.0,16.75,-1.840375,-0.9583,-0.216425
2.0,36,65,63,0.969231,6.0,10.0,20.5,-1.91965,-1.3916,-0.25975
2.0,48,65,63,0.969231,6.0,10.0,20.5,-1.91965,-1.3916,-0.25975
2.0,60,65,63,0.969231,6.0,10.0,20.5,-1.91965,-1.3916,-0.25975
2.0,72,65,63,0.969231,6.0,10.0,20.5,-1.91965,-1.3916,-0.25975
2.0,84,65,65,1.0,6.0,11.0,21.0,-2.0202,-1.3997,-0.2725
2.0,96,65,65,1.0,6.0,11.0,21.0,-2.0202,-1.3997,-0.2725
3.0,12,65,29,0.446154,5.0,7.0,10.0,-1.3997,-0.5535,-0.2075
3.0,24,65,41,0.630769,6.0,9.0,15.0,-1.5567,-0.6004,-0.2075
3.0,36,65,49,0.753846,6.0,10.0,20.0,-1.5567,-1.1586,-0.247
3.0,48,65,50,0.769231,6.0,10.0,20.75,-1.57995,-1.1804,-0.253375
3.0,60,65,50,0.769231,6.0,10.0,20.75,-1.57995,-1.1804,-0.253375
3.0,72,65,50,0.769231,6.0,10.0,20.75,-1.57995,-1.1804,-0.253375
3.0,84,65,53,0.815385,6.0,10.0,23.0,-1.6228,-1.2711,-0.2725
3.0,96,65,54,0.830769,6.25,10.5,23.75,-1.6552,-1.28785,-0.294225
5.0,12,65,14,0.215385,8.0,10.0,10.0,-0.550825,-0.3032,-0.139175
5.0,24,65,23,0.353846,9.5,10.0,15.5,-0.69185,-0.3775,-0.1148
5.0,36,65,26,0.4,10.0,11.5,17.75,-1.369375,-0.4938,-0.139175
5.0,48,65,27,0.415385,10.0,12.0,18.5,-1.62685,-0.5428,-0.16195
5.0,60,65,27,0.415385,10.0,12.0,18.5,-1.62685,-0.5428,-0.16195
5.0,72,65,27,0.415385,10.0,12.0,18.5,-1.62685,-0.5428,-0.16195
5.0,84,65,28,0.430769,10.0,12.5,19.5,-1.607275,-0.54815,-0.184725
5.0,96,65,28,0.430769,10.0,12.5,19.5,-1.607275,-0.54815,-0.184725
