{
  "schema": "baseline_probs_v1",
  "source_labels": "data/labels/labels_v1.csv",
  "n_rows_labels": 1750,
  "thresholds": [
    0.5,
    1.0,
    2.0,
    3.0,
    5.0
  ],
  "horizons": [
    12,
    24,
    36,
    48,
    60,
    72,
    84,
    96
  ],
  "results": {
    "0.5": {
      "12": {
        "n_total": 1750,
        "n_hit": 1262,
        "p_hit": 0.721143,
        "t_hit_p25": 1.0,
        "t_hit_median": 2.0,
        "t_hit_p75": 4.0,
        "mdd_p25": -0.8156249999999999,
        "mdd_median": -0.3009,
        "mdd_p75": -0.056924999999999996
      },
      "24": {
        "n_total": 1750,
        "n_hit": 1422,
        "p_hit": 0.812571,
        "t_hit_p25": 1.0,
        "t_hit_median": 3.0,
        "t_hit_p75": 6.0,
        "mdd_p25": -0.96875,
        "mdd_median": -0.36924999999999997,
        "mdd_p75": -0.08855
      },
      "36": {
        "n_total": 1750,
        "n_hit": 1492,
        "p_hit": 0.852571,
        "t_hit_p25": 1.0,
        "t_hit_median": 3.0,
        "t_hit_p75": 7.0,
        "mdd_p25": -1.0563,
        "mdd_median": -0.40545,
        "mdd_p75": -0.10097500000000001
      },
      "48": {
        "n_total": 1750,
        "n_hit": 1514,
        "p_hit": 0.865143,
        "t_hit_p25": 1.0,
        "t_hit_median": 3.0,
        "t_hit_p75": 8.0,
        "mdd_p25": -1.1079249999999998,
        "mdd_median": -0.41475,
        "mdd_p75": -0.10364999999999999
      },
      "60": {
        "n_total": 1750,
        "n_hit": 1529,
        "p_hit": 0.873714,
        "t_hit_p25": 1.0,
        "t_hit_median": 3.0,
        "t_hit_p75": 8.0,
        "mdd_p25": -1.1496,
        "mdd_median": -0.4218,
        "mdd_p75": -0.1048
      },
      "72": {
        "n_total": 1750,
        "n_hit": 1558,
        "p_hit": 0.890286,
        "t_hit_p25": 1.0,
        "t_hit_median": 3.0,
        "t_hit_p75": 9.0,
        "mdd_p25": -1.22485,
        "mdd_median": -0.4384,
        "mdd_p75": -0.108775
      },
      "84": {
        "n_total": 1750,
        "n_hit": 1585,
        "p_hit": 0.905714,
        "t_hit_p25": 1.0,
        "t_hit_median": 3.0,
        "t_hit_p75": 9.0,
        "mdd_p25": -1.2942,
        "mdd_median": -0.4545,
        "mdd_p75": -0.1149
      },
      "96": {
        "n_total": 1750,
        "n_hit": 1604,
        "p_hit": 0.916571,
        "t_hit_p25": 1.0,
        "t_hit_median": 3.0,
        "t_hit_p75": 10.0,
        "mdd_p25": -1.350525,
        "mdd_median": -0.46935,
        "mdd_p75": -0.1175
      }
    },
    "1.0": {
      "12": {
        "n_total": 1750,
        "n_hit": 940,
        "p_hit": 0.537143,
        "t_hit_p25": 2.0,
        "t_hit_median": 4.0,
        "t_hit_p75": 7.0,
        "mdd_p25": -0.9994749999999999,
        "mdd_median": -0.39054999999999995,
        "mdd_p75": -0.083175
      },
      "24": {
        "n_total": 1750,
        "n_hit": 1146,
        "p_hit": 0.654857,
        "t_hit_p25": 2.0,
        "t_hit_median": 5.0,
        "t_hit_p75": 10.0,
        "mdd_p25": -1.191875,
        "mdd_median": -0.47655000000000003,
        "mdd_p75": -0.130025
      },
      "36": {
        "n_total": 1750,
        "n_hit": 1272,
        "p_hit": 0.726857,
        "t_hit_p25": 2.0,
        "t_hit_median": 6.0,
        "t_hit_p75": 13.0,
        "mdd_p25": -1.3527749999999998,
        "mdd_median": -0.5257000000000001,
        "mdd_p75": -0.155675
      },
      "48": {
        "n_total": 1750,
        "n_hit": 1332,
        "p_hit": 0.761143,
        "t_hit_p25": 2.0,
        "t_hit_median": 6.0,
        "t_hit_p75": 16.0,
        "mdd_p25": -1.38785,
        "mdd_median": -0.54275,
        "mdd_p75": -0.1633
      },
      "60": {
        "n_total": 1750,
        "n_hit": 1387,
        "p_hit": 0.792571,
        "t_hit_p25": 3.0,
        "t_hit_median": 6.0,
        "t_hit_p75": 18.0,
        "mdd_p25": -1.50475,
        "mdd_median": -0.5798,
        "mdd_p75": -0.17215
      },
      "72": {
        "n_total": 1750,
        "n_hit": 1436,
        "p_hit": 0.820571,
        "t_hit_p25": 3.0,
        "t_hit_median": 7.0,
        "t_hit_p75": 19.0,
        "mdd_p25": -1.627625,
        "mdd_median": -0.61055,
        "mdd_p75": -0.183225
      },
      "84": {
        "n_total": 1750,
        "n_hit": 1470,
        "p_hit": 0.84,
        "t_hit_p25": 3.0,
        "t_hit_median": 7.0,
        "t_hit_p75": 21.0,
        "mdd_p25": -1.71705,
        "mdd_median": -0.6367499999999999,
        "mdd_p75": -0.19115
      },
      "96": {
        "n_total": 1750,
        "n_hit": 1490,
        "p_hit": 0.851429,
        "t_hit_p25": 3.0,
        "t_hit_median": 7.0,
        "t_hit_p75": 22.0,
        "mdd_p25": -1.781675,
        "mdd_median": -0.6630499999999999,
        "mdd_p75": -0.194275
      }
    },
    "2.0": {
      "12": {
        "n_total": 1750,
        "n_hit": 482,
        "p_hit": 0.275429,
        "t_hit_p25": 3.0,
        "t_hit_median": 5.0,
        "t_hit_p75": 8.0,
        "mdd_p25": -1.085775,
        "mdd_median": -0.44405,
        "mdd_p75": -0.133475
      },
      "24": {
        "n_total": 1750,
        "n_hit": 745,
        "p_hit": 0.425714,
        "t_hit_p25": 4.0,
        "t_hit_median": 9.0,
        "t_hit_p75": 16.0,
        "mdd_p25": -1.3495,
        "mdd_median": -0.5955,
        "mdd_p75": -0.1816
      },
      "36": {
        "n_total": 1750,
        "n_hit": 907,
        "p_hit": 0.518286,
        "t_hit_p25": 5.0,
        "t_hit_median": 11.0,
        "t_hit_p75": 21.0,
        "mdd_p25": -1.5372,
        "mdd_median": -0.6536,
        "mdd_p75": -0.2033
      },
      "48": {
        "n_total": 1750,
        "n_hit": 1025,
        "p_hit": 0.585714,
        "t_hit_p25": 5.0,
        "t_hit_median": 14.0,
        "t_hit_p75": 26.0,
        "mdd_p25": -1.5634,
        "mdd_median": -0.6869,
        "mdd_p75": -0.2357
      },
      "60": {
        "n_total": 1750,
        "n_hit": 1115,
        "p_hit": 0.637143,
        "t_hit_p25": 6.0,
        "t_hit_median": 16.0,
        "t_hit_p75": 31.0,
        "mdd_p25": -1.6280999999999999,
        "mdd_median": -0.7628,
        "mdd_p75": -0.2654
      },
      "72": {
        "n_total": 1750,
        "n_hit": 1190,
        "p_hit": 0.68,
        "t_hit_p25": 6.0,
        "t_hit_median": 17.0,
        "t_hit_p75": 35.0,
        "mdd_p25": -1.787775,
        "mdd_median": -0.8823,
        "mdd_p75": -0.28315
      },
      "84": {
        "n_total": 1750,
        "n_hit": 1233,
        "p_hit": 0.704571,
        "t_hit_p25": 7.0,
        "t_hit_median": 18.0,
        "t_hit_p75": 38.0,
        "mdd_p25": -1.9188,
        "mdd_median": -0.9492,
        "mdd_p75": -0.3
      },
      "96": {
        "n_total": 1750,
        "n_hit": 1270,
        "p_hit": 0.725714,
        "t_hit_p25": 7.0,
        "t_hit_median": 18.5,
        "t_hit_p75": 41.0,
        "mdd_p25": -2.11955,
        "mdd_median": -0.9825999999999999,
        "mdd_p75": -0.311425
      }
    },
    "3.0": {
      "12": {
        "n_total": 1750,
        "n_hit": 272,
        "p_hit": 0.155429,
        "t_hit_p25": 3.0,
        "t_hit_median": 5.0,
        "t_hit_p75": 9.0,
        "mdd_p25": -0.990775,
        "mdd_median": -0.4426,
        "mdd_p75": -0.14435
      },
      "24": {
        "n_total": 1750,
        "n_hit": 441,
        "p_hit": 0.252,
        "t_hit_p25": 5.0,
        "t_hit_median": 9.0,
        "t_hit_p75": 17.0,
        "mdd_p25": -1.2718,
        "mdd_median": -0.5437,
        "mdd_p75": -0.1691
      },
      "36": {
        "n_total": 1750,
        "n_hit": 607,
        "p_hit": 0.346857,
        "t_hit_p25": 6.0,
        "t_hit_median": 15.0,
        "t_hit_p75": 25.5,
        "mdd_p25": -1.5361,
        "mdd_median": -0.6178,
        "mdd_p75": -0.2033
      },
      "48": {
        "n_total": 1750,
        "n_hit": 731,
        "p_hit": 0.417714,
        "t_hit_p25": 7.5,
        "t_hit_median": 20.0,
        "t_hit_p75": 32.0,
        "mdd_p25": -1.6118999999999999,
        "mdd_median": -0.702,