{
  "schema": "baseline_probs_v1",
  "source_labels": "data/labels/labels_v1.csv",
  "n_rows_labels": 343,
  "thresholds": [
    0.5,
    1.0,
    2.0,
    3.0,
    5.0
  ],
  "horizons": [
    12,
    24,
    36,
    48,
    60,
    72,
    84,
    96
  ],
  "results": {
    "0.5": {
      "12": {
        "n_total": 343,
        "n_hit": 245,
        "p_hit": 0.714286,
        "t_hit_p25": 1.0,
        "t_hit_median": 3.0,
        "t_hit_p75": 6.0,
        "mdd_p25": -0.6474,
        "mdd_median": -0.293,
        "mdd_p75": -0.0746
      },
      "24": {
        "n_total": 343,
        "n_hit": 296,
        "p_hit": 0.862974,
        "t_hit_p25": 2.0,
        "t_hit_median": 4.0,
        "t_hit_p75": 10.0,
        "mdd_p25": -0.75075,
        "mdd_median": -0.3786,
        "mdd_p75": -0.105475
      },
      "36": {
        "n_total": 343,
        "n_hit": 313,
        "p_hit": 0.912536,
        "t_hit_p25": 2.0,
        "t_hit_median": 5.0,
        "t_hit_p75": 11.0,
        "mdd_p25": -0.7882,
        "mdd_median": -0.4103,
        "mdd_p75": -0.1164
      },
      "48": {
        "n_total": 343,
        "n_hit": 314,
        "p_hit": 0.915452,
        "t_hit_p25": 2.0,
        "t_hit_median": 5.0,
        "t_hit_p75": 11.0,
        "mdd_p25": -0.8059000000000001,
        "mdd_median": -0.41225,
        "mdd_p75": -0.11760000000000001
      },
      "60": {
        "n_total": 343,
        "n_hit": 320,
        "p_hit": 0.932945,
        "t_hit_p25": 2.0,
        "t_hit_median": 5.0,
        "t_hit_p75": 12.0,
        "mdd_p25": -0.831525,
        "mdd_median": -0.4235,
        "mdd_p75": -0.12405
      },
      "72": {
        "n_total": 343,
        "n_hit": 332,
        "p_hit": 0.96793,
        "t_hit_p25": 2.0,
        "t_hit_median": 5.0,
        "t_hit_p75": 13.0,
        "mdd_p25": -0.979025,
        "mdd_median": -0.45335000000000003,
        "mdd_p75": -0.1293
      },
      "84": {
        "n_total": 343,
        "n_hit": 332,
        "p_hit": 0.96793,
        "t_hit_p25": 2.0,
        "t_hit_median": 5.0,
        "t_hit_p75": 13.0,
        "mdd_p25": -0.979025,
        "mdd_median": -0.45335000000000003,
        "mdd_p75": -0.1293
      },
      "96": {
        "n_total": 343,
        "n_hit": 334,
        "p_hit": 0.973761,
        "t_hit_p25": 2.0,
        "t_hit_median": 5.0,
        "t_hit_p75": 13.0,
        "mdd_p25": -0.98855,
        "mdd_median": -0.46099999999999997,
        "mdd_p75": -0.1303
      }
    },
    "1.0": {
      "12": {
        "n_total": 343,
        "n_hit": 171,
        "p_hit": 0.498542,
        "t_hit_p25": 3.0,
        "t_hit_median": 5.0,
        "t_hit_p75": 7.0,
        "mdd_p25": -0.71045,
        "mdd_median": -0.3279,
        "mdd_p75": -0.07880000000000001
      },
      "24": {
        "n_total": 343,
        "n_hit": 233,
        "p_hit": 0.6793,
        "t_hit_p25": 4.0,
        "t_hit_median": 7.0,
        "t_hit_p75": 13.0,
        "mdd_p25": -0.9993,
        "mdd_median": -0.4696,
        "mdd_p75": -0.1312
      },
      "36": {
        "n_total": 343,
        "n_hit": 271,
        "p_hit": 0.790087,
        "t_hit_p25": 4.0,
        "t_hit_median": 8.0,
        "t_hit_p75": 18.0,
        "mdd_p25": -1.18415,
        "mdd_median": -0.4788,
        "mdd_p75": -0.1661
      },
      "48": {
        "n_total": 343,
        "n_hit": 293,
        "p_hit": 0.854227,
        "t_hit_p25": 4.0,
        "t_hit_median": 9.0,
        "t_hit_p75": 21.0,
        "mdd_p25": -1.2181,
        "mdd_median": -0.4839,
        "mdd_p75": -0.1749
      },
      "60": {
        "n_total": 343,
        "n_hit": 304,
        "p_hit": 0.886297,
        "t_hit_p25": 4.0,
        "t_hit_median": 10.0,
        "t_hit_p75": 23.0,
        "mdd_p25": -1.2646,
        "mdd_median": -0.49675,
        "mdd_p75": -0.19429999999999997
      },
      "72": {
        "n_total": 343,
        "n_hit": 319,
        "p_hit": 0.930029,
        "t_hit_p25": 5.0,
        "t_hit_median": 11.0,
        "t_hit_p75": 26.5,
        "mdd_p25": -1.3717000000000001,
        "mdd_median": -0.5342,
        "mdd_p75": -0.2323
      },
      "84": {
        "n_total": 343,
        "n_hit": 320,
        "p_hit": 0.932945,
        "t_hit_p25": 5.0,
        "t_hit_median": 11.0,
        "t_hit_p75": 27.0,
        "mdd_p25": -1.3758000000000001,
        "mdd_median": -0.5342,
        "mdd_p75": -0.23295
      },
      "96": {
        "n_total": 343,
        "n_hit": 320,
        "p_hit": 0.932945,
        "t_hit_p25": 5.0,
        "t_hit_median": 11.0,
        "t_hit_p75": 27.0,
        "mdd_p25": -1.3758000000000001,
        "mdd_median": -0.5342,
        "mdd_p75": -0.23295
      }
    },
    "2.0": {
      "12": {
        "n_total": 343,
        "n_hit": 76,
        "p_hit": 0.221574,
        "t_hit_p25": 4.0,
        "t_hit_median": 7.0,
        "t_hit_p75": 9.0,
        "mdd_p25": -0.716025,
        "mdd_median": -0.41225,
        "mdd_p75": -0.172275
      },
      "24": {
        "n_total": 343,
        "n_hit": 137,
        "p_hit": 0.399417,
        "t_hit_p25": 6.0,
        "t_hit_median": 11.0,
        "t_hit_p75": 17.0,
        "mdd_p25": -1.2184,
        "mdd_median": -0.5938,
        "mdd_p75": -0.3279
      },
      "36": {
        "n_total": 343,
        "n_hit": 176,
        "p_hit": 0.51312,
        "t_hit_p25": 8.0,
        "t_hit_median": 15.0,
        "t_hit_p75": 22.25,
        "mdd_p25": -1.218175,
        "mdd_median": -0.6049,
        "mdd_p75": -0.30117499999999997
      },
      "48": {
        "n_total": 343,
        "n_hit": 218,
        "p_hit": 0.635569,
        "t_hit_p25": 9.0,
        "t_hit_median": 18.0,
        "t_hit_p75": 33.0,
        "mdd_p25": -1.2429999999999999,
        "mdd_median": -0.61555,
        "mdd_p75": -0.33362499999999995
      },
      "60": {
        "n_total": 343,
        "n_hit": 247,
        "p_hit": 0.720117,
        "t_hit_p25": 10.0,
        "t_hit_median": 21.0,
        "t_hit_p75": 40.0,
        "mdd_p25": -1.22915,
        "mdd_median": -0.6207,
        "mdd_p75": -0.33065
      },
      "72": {
        "n_total": 343,
        "n_hit": 270,
        "p_hit": 0.787172,
        "t_hit_p25": 11.0,
        "t_hit_median": 23.5,
        "t_hit_p75": 44.0,
        "mdd_p25": -1.31995,
        "mdd_median": -0.71765,
        "mdd_p75": -0.35685
      },
      "84": {
        "n_total": 343,
        "n_hit": 280,
        "p_hit": 0.816327,
        "t_hit_p25": 11.0,
        "t_hit_median": 26.0,
        "t_hit_p75": 45.25,
        "mdd_p25": -1.3758000000000001,
        "mdd_median": -0.76525,
        "mdd_p75": -0.36472499999999997
      },
      "96": {
        "n_total": 343,
        "n_hit": 287,
        "p_hit": 0.836735,
        "t_hit_p25": 12.0,
        "t_hit_median": 28.0,
        "t_hit_p75": 47.0,
        "mdd_p25": -1.4039,
        "mdd_median": -0.8185,
        "mdd_p75": -0.37515
      }
    },
    "3.0": {
      "12": {
        "n_total": 343,
        "n_hit": 45,
        "p_hit": 0.131195,
        "t_hit_p25": 5.0,
        "t_hit_median": 8.0,
        "t_hit_p75": 10.0,
        "mdd_p25": -0.9901,
        "mdd_median": -0.3594,
        "mdd_p75": -0.1537
      },
      "24": {
        "n_total": 343,
        "n_hit": 73,
        "p_hit": 0.212828,
        "t_hit_p25": 7.0,
        "t_hit_median": 10.0,
        "t_hit_p75": 17.0,
        "mdd_p25": -0.8118,
        "mdd_median": -0.5066,
        "mdd_p75": -0.2408
      },
      "36": {
        "n_total": 343,
        "n_hit": 103,
        "p_hit": 0.300292,
        "t_hit_p25": 9.0,
        "t_hit_median": 16.0,
        "t_hit_p75": 28.5,
        "mdd_p25": -1.0103499999999999,
        "mdd_median": -0.5508,
        "mdd_p75": -0.242
      },
      "48": {
        "n_total": 343,
        "n_hit": 141,
        "p_hit": 0.411079,
        "t_hit_p25": 10.0,
        "t_hit_median": 23.0,
        "t_hit_p75": 38.0,
        "mdd_p25": -0.9755,
        "mdd_median": -0.5437,
        "mdd_p75": -0.3038
      },