{
  "schema": "baseline_probs_v1",
  "source_labels": "data/labels/labels_v1.csv",
  "n_rows_labels": 1204,
  "thresholds": [
    0.5,
    1.0,
    2.0,
    3.0,
    5.0
  ],
  "horizons": [
    12,
    24,
    36,
    48,
    60,
    72,
    84,
    96
  ],
  "results": {
    "0.5": {
      "12": {
        "n_total": 1204,
        "n_hit": 847,
        "p_hit": 0.703488,
        "t_hit_p25": 1.0,
        "t_hit_median": 2.0,
        "t_hit_p75": 5.0,
        "mdd_p25": -0.84445,
        "mdd_median": -0.2906,
        "mdd_p75": -0.06005
      },
      "24": {
        "n_total": 1204,
        "n_hit": 970,
        "p_hit": 0.805648,
        "t_hit_p25": 1.0,
        "t_hit_median": 3.0,
        "t_hit_p75": 7.0,
        "mdd_p25": -0.9767,
        "mdd_median": -0.37315,
        "mdd_p75": -0.09175
      },
      "36": {
        "n_total": 1204,
        "n_hit": 1017,
        "p_hit": 0.844684,
        "t_hit_p25": 1.0,
        "t_hit_median": 3.0,
        "t_hit_p75": 9.0,
        "mdd_p25": -1.0054,
        "mdd_median": -0.4034,
        "mdd_p75": -0.1021
      },
      "48": {
        "n_total": 1204,
        "n_hit": 1027,
        "p_hit": 0.85299,
        "t_hit_p25": 1.0,
        "t_hit_median": 3.0,
        "t_hit_p75": 9.0,
        "mdd_p25": -1.0588,
        "mdd_median": -0.4103,
        "mdd_p75": -0.1038
      },
      "60": {
        "n_total": 1204,
        "n_hit": 1041,
        "p_hit": 0.864618,
        "t_hit_p25": 1.0,
        "t_hit_median": 3.0,
        "t_hit_p75": 9.0,
        "mdd_p25": -1.1089,
        "mdd_median": -0.4191,
        "mdd_p75": -0.1056
      },
      "72": {
        "n_total": 1204,
        "n_hit": 1063,
        "p_hit": 0.88289,
        "t_hit_p25": 1.0,
        "t_hit_median": 3.0,
        "t_hit_p75": 10.0,
        "mdd_p25": -1.18105,
        "mdd_median": -0.4389,
        "mdd_p75": -0.10815
      },
      "84": {
        "n_total": 1204,
        "n_hit": 1081,
        "p_hit": 0.897841,
        "t_hit_p25": 1.0,
        "t_hit_median": 4.0,
        "t_hit_p75": 10.0,
        "mdd_p25": -1.252,
        "mdd_median": -0.4485,
        "mdd_p75": -0.1125
      },
      "96": {
        "n_total": 1204,
        "n_hit": 1087,
        "p_hit": 0.902824,
        "t_hit_p25": 1.0,
        "t_hit_median": 4.0,
        "t_hit_p75": 11.0,
        "mdd_p25": -1.2718,
        "mdd_median": -0.4582,
        "mdd_p75": -0.1148
      }
    },
    "1.0": {
      "12": {
        "n_total": 1204,
        "n_hit": 616,
        "p_hit": 0.511628,
        "t_hit_p25": 2.0,
        "t_hit_median": 4.0,
        "t_hit_p75": 7.0,
        "mdd_p25": -0.9956,
        "mdd_median": -0.3775,
        "mdd_p75": -0.08035
      },
      "24": {
        "n_total": 1204,
        "n_hit": 776,
        "p_hit": 0.644518,
        "t_hit_p25": 2.0,
        "t_hit_median": 5.0,
        "t_hit_p75": 11.0,
        "mdd_p25": -1.1422750000000002,
        "mdd_median": -0.4668,
        "mdd_p75": -0.11767499999999999
      },
      "36": {
        "n_total": 1204,
        "n_hit": 862,
        "p_hit": 0.715947,
        "t_hit_p25": 3.0,
        "t_hit_median": 6.0,
        "t_hit_p75": 15.0,
        "mdd_p25": -1.22305,
        "mdd_median": -0.47895,
        "mdd_p75": -0.14525
      },
      "48": {
        "n_total": 1204,
        "n_hit": 898,
        "p_hit": 0.745847,
        "t_hit_p25": 3.0,
        "t_hit_median": 7.0,
        "t_hit_p75": 17.0,
        "mdd_p25": -1.247925,
        "mdd_median": -0.48405,
        "mdd_p75": -0.156275
      },
      "60": {
        "n_total": 1204,
        "n_hit": 935,
        "p_hit": 0.776578,
        "t_hit_p25": 3.0,
        "t_hit_median": 7.0,
        "t_hit_p75": 18.0,
        "mdd_p25": -1.35195,
        "mdd_median": -0.5194,
        "mdd_p75": -0.16299999999999998
      },
      "72": {
        "n_total": 1204,
        "n_hit": 969,
        "p_hit": 0.804817,
        "t_hit_p25": 3.0,
        "t_hit_median": 8.0,
        "t_hit_p75": 20.0,
        "mdd_p25": -1.425,
        "mdd_median": -0.5477,
        "mdd_p75": -0.1707
      },
      "84": {
        "n_total": 1204,
        "n_hit": 991,
        "p_hit": 0.82309,
        "t_hit_p25": 3.0,
        "t_hit_median": 8.0,
        "t_hit_p75": 21.0,
        "mdd_p25": -1.5356999999999998,
        "mdd_median": -0.5725,
        "mdd_p75": -0.17245
      },
      "96": {
        "n_total": 1204,
        "n_hit": 1002,
        "p_hit": 0.832226,
        "t_hit_p25": 3.0,
        "t_hit_median": 8.0,
        "t_hit_p75": 22.0,
        "mdd_p25": -1.558775,
        "mdd_median": -0.58175,
        "mdd_p75": -0.175025
      }
    },
    "2.0": {
      "12": {
        "n_total": 1204,
        "n_hit": 308,
        "p_hit": 0.255814,
        "t_hit_p25": 3.0,
        "t_hit_median": 5.0,
        "t_hit_p75": 8.0,
        "mdd_p25": -1.1285,
        "mdd_median": -0.44405,
        "mdd_p75": -0.141325
      },
      "24": {
        "n_total": 1204,
        "n_hit": 486,
        "p_hit": 0.403654,
        "t_hit_p25": 4.0,
        "t_hit_median": 9.0,
        "t_hit_p75": 16.0,
        "mdd_p25": -1.3241749999999999,
        "mdd_median": -0.57805,
        "mdd_p75": -0.17615
      },
      "36": {
        "n_total": 1204,
        "n_hit": 591,
        "p_hit": 0.490864,
        "t_hit_p25": 5.0,
        "t_hit_median": 12.0,
        "t_hit_p75": 21.0,
        "mdd_p25": -1.32535,
        "mdd_median": -0.5708,
        "mdd_p75": -0.1763
      },
      "48": {
        "n_total": 1204,
        "n_hit": 675,
        "p_hit": 0.560631,
        "t_hit_p25": 6.0,
        "t_hit_median": 14.0,
        "t_hit_p75": 27.0,
        "mdd_p25": -1.346,
        "mdd_median": -0.5725,
        "mdd_p75": -0.20465
      },
      "60": {
        "n_total": 1204,
        "n_hit": 738,
        "p_hit": 0.612957,
        "t_hit_p25": 6.0,
        "t_hit_median": 16.0,
        "t_hit_p75": 32.0,
        "mdd_p25": -1.397275,
        "mdd_median": -0.5961000000000001,
        "mdd_p75": -0.231825
      },
      "72": {
        "n_total": 1204,
        "n_hit": 787,
        "p_hit": 0.653654,
        "t_hit_p25": 7.0,
        "t_hit_median": 17.0,
        "t_hit_p75": 36.0,
        "mdd_p25": -1.4778,
        "mdd_median": -0.6742,
        "mdd_p75": -0.25715
      },
      "84": {
        "n_total": 1204,
        "n_hit": 818,
        "p_hit": 0.679402,
        "t_hit_p25": 7.0,
        "t_hit_median": 18.0,
        "t_hit_p75": 40.75,
        "mdd_p25": -1.5558750000000001,
        "mdd_median": -0.7437,
        "mdd_p75": -0.2698
      },
      "96": {
        "n_total": 1204,
        "n_hit": 840,
        "p_hit": 0.697674,
        "t_hit_p25": 7.0,
        "t_hit_median": 19.0,
        "t_hit_p75": 42.25,
        "mdd_p25": -1.5961750000000001,
        "mdd_median": -0.80065,
        "mdd_p75": -0.27415
      }
    },
    "3.0": {
      "12": {
        "n_total": 1204,
        "n_hit": 159,
        "p_hit": 0.13206,
        "t_hit_p25": 3.0,
        "t_hit_median": 5.0,
        "t_hit_p75": 9.0,
        "mdd_p25": -1.1307,
        "mdd_median": -0.4322,
        "mdd_p75": -0.14665
      },
      "24": {
        "n_total": 1204,
        "n_hit": 260,
        "p_hit": 0.215947,
        "t_hit_p25": 4.75,
        "t_hit_median": 10.0,
        "t_hit_p75": 17.0,
        "mdd_p25": -1.1285,
        "mdd_median": -0.46540000000000004,
        "mdd_p75": -0.147775
      },
      "36": {
        "n_total": 1204,
        "n_hit": 361,
        "p_hit": 0.299834,
        "t_hit_p25": 6.0,
        "t_hit_median": 16.0,
        "t_hit_p75": 26.0,
        "mdd_p25": -1.1586,
        "mdd_median": -0.5351,
        "mdd_p75": -0.1719
      },
      "48": {
        "n_total": 1204,
        "n_hit": 445,
        "p_hit": 0.369601,
        "t_hit_p25": 8.0,
        "t_hit_median": 21.0,
        "t_hit_p75": 33.0,
        "mdd_p25": -1.2485,
        "mdd_median": -0.5535,
        "mdd_p75": -0.2074
      },
      "60": {
        "n_total": 1204,
        "n_hit": 512,