{
  "schema": "baseline_probs_v1",
  "source_labels": "data/labels/labels_v1.csv",
  "n_rows_labels": 281,
  "thresholds": [
    0.5,
    1.0,
    2.0,
    3.0,
    5.0
  ],
  "horizons": [
    12,
    24,
    36,
    48,
    60,
    72,
    84,
    96
  ],
  "results": {
    "0.5": {
      "12": {
        "n_total": 281,
        "n_hit": 203,
        "p_hit": 0.72242,
        "t_hit_p25": 1.0,
        "t_hit_median": 3.0,
        "t_hit_p75": 5.0,
        "mdd_p25": -0.71045,
        "mdd_median": -0.2725,
        "mdd_p75": -0.077
      },
      "24": {
        "n_total": 281,
        "n_hit": 243,
        "p_hit": 0.864769,
        "t_hit_p25": 2.0,
        "t_hit_median": 4.0,
        "t_hit_p75": 9.5,
        "mdd_p25": -0.8237,
        "mdd_median": -0.3665,
        "mdd_p75": -0.10455
      },
      "36": {
        "n_total": 281,
        "n_hit": 258,
        "p_hit": 0.918149,
        "t_hit_p25": 2.0,
        "t_hit_median": 4.0,
        "t_hit_p75": 11.0,
        "mdd_p25": -0.817175,
        "mdd_median": -0.38280000000000003,
        "mdd_p75": -0.11065
      },
      "48": {
        "n_total": 281,
        "n_hit": 258,
        "p_hit": 0.918149,
        "t_hit_p25": 2.0,
        "t_hit_median": 4.0,
        "t_hit_p75": 11.0,
        "mdd_p25": -0.817175,
        "mdd_median": -0.38280000000000003,
        "mdd_p75": -0.11065
      },
      "60": {
        "n_total": 281,
        "n_hit": 264,
        "p_hit": 0.939502,
        "t_hit_p25": 2.0,
        "t_hit_median": 4.0,
        "t_hit_p75": 12.0,
        "mdd_p25": -0.8876249999999999,
        "mdd_median": -0.40405,
        "mdd_p75": -0.11560000000000001
      },
      "72": {
        "n_total": 281,
        "n_hit": 276,
        "p_hit": 0.982206,
        "t_hit_p25": 2.0,
        "t_hit_median": 5.0,
        "t_hit_p75": 13.0,
        "mdd_p25": -1.0093,
        "mdd_median": -0.44375,
        "mdd_p75": -0.126275
      },
      "84": {
        "n_total": 281,
        "n_hit": 276,
        "p_hit": 0.982206,
        "t_hit_p25": 2.0,
        "t_hit_median": 5.0,
        "t_hit_p75": 13.0,
        "mdd_p25": -1.0093,
        "mdd_median": -0.44375,
        "mdd_p75": -0.126275
      },
      "96": {
        "n_total": 281,
        "n_hit": 276,
        "p_hit": 0.982206,
        "t_hit_p25": 2.0,
        "t_hit_median": 5.0,
        "t_hit_p75": 13.0,
        "mdd_p25": -1.0093,
        "mdd_median": -0.44375,
        "mdd_p75": -0.126275
      }
    },
    "1.0": {
      "12": {
        "n_total": 281,
        "n_hit": 146,
        "p_hit": 0.519573,
        "t_hit_p25": 3.0,
        "t_hit_median": 5.0,
        "t_hit_p75": 7.0,
        "mdd_p25": -0.8804000000000001,
        "mdd_median": -0.3498,
        "mdd_p75": -0.10415
      },
      "24": {
        "n_total": 281,
        "n_hit": 189,
        "p_hit": 0.672598,
        "t_hit_p25": 3.0,
        "t_hit_median": 6.0,
        "t_hit_p75": 12.0,
        "mdd_p25": -1.1975,
        "mdd_median": -0.4842,
        "mdd_p75": -0.1402
      },
      "36": {
        "n_total": 281,
        "n_hit": 218,
        "p_hit": 0.775801,
        "t_hit_p25": 4.0,
        "t_hit_median": 7.0,
        "t_hit_p75": 17.75,
        "mdd_p25": -1.343925,
        "mdd_median": -0.48975,
        "mdd_p75": -0.16799999999999998
      },
      "48": {
        "n_total": 281,
        "n_hit": 239,
        "p_hit": 0.850534,
        "t_hit_p25": 4.0,
        "t_hit_median": 8.0,
        "t_hit_p75": 21.0,
        "mdd_p25": -1.3154,
        "mdd_median": -0.4986,
        "mdd_p75": -0.18295
      },
      "60": {
        "n_total": 281,
        "n_hit": 248,
        "p_hit": 0.882562,
        "t_hit_p25": 4.0,
        "t_hit_median": 9.0,
        "t_hit_p75": 23.25,
        "mdd_p25": -1.3559999999999999,
        "mdd_median": -0.51615,
        "mdd_p75": -0.204475
      },
      "72": {
        "n_total": 281,
        "n_hit": 263,
        "p_hit": 0.935943,
        "t_hit_p25": 4.5,
        "t_hit_median": 10.0,
        "t_hit_p75": 28.0,
        "mdd_p25": -1.5327,
        "mdd_median": -0.5477,
        "mdd_p75": -0.23575000000000002
      },
      "84": {
        "n_total": 281,
        "n_hit": 264,
        "p_hit": 0.939502,
        "t_hit_p25": 4.75,
        "t_hit_median": 10.0,
        "t_hit_p75": 28.0,
        "mdd_p25": -1.561125,
        "mdd_median": -0.54925,
        "mdd_p75": -0.236825
      },
      "96": {
        "n_total": 281,
        "n_hit": 264,
        "p_hit": 0.939502,
        "t_hit_p25": 4.75,
        "t_hit_median": 10.0,
        "t_hit_p75": 28.0,
        "mdd_p25": -1.561125,
        "mdd_median": -0.54925,
        "mdd_p75": -0.236825
      }
    },
    "2.0": {
      "12": {
        "n_total": 281,
        "n_hit": 69,
        "p_hit": 0.245552,
        "t_hit_p25": 4.0,
        "t_hit_median": 7.0,
        "t_hit_p75": 9.0,
        "mdd_p25": -0.8118,
        "mdd_median": -0.3958,
        "mdd_p75": -0.1724
      },
      "24": {
        "n_total": 281,
        "n_hit": 119,
        "p_hit": 0.423488,
        "t_hit_p25": 6.0,
        "t_hit_median": 10.0,
        "t_hit_p75": 17.0,
        "mdd_p25": -1.3383,
        "mdd_median": -0.6474,
        "mdd_p75": -0.3058
      },
      "36": {
        "n_total": 281,
        "n_hit": 152,
        "p_hit": 0.540925,
        "t_hit_p25": 7.0,
        "t_hit_median": 14.5,
        "t_hit_p75": 22.25,
        "mdd_p25": -1.3286250000000002,
        "mdd_median": -0.7112499999999999,
        "mdd_p75": -0.31205000000000005
      },
      "48": {
        "n_total": 281,
        "n_hit": 181,
        "p_hit": 0.644128,
        "t_hit_p25": 8.0,
        "t_hit_median": 17.0,
        "t_hit_p75": 31.0,
        "mdd_p25": -1.3262,
        "mdd_median": -0.7615,
        "mdd_p75": -0.3448
      },
      "60": {
        "n_total": 281,
        "n_hit": 204,
        "p_hit": 0.725979,
        "t_hit_p25": 9.0,
        "t_hit_median": 20.0,
        "t_hit_p75": 37.0,
        "mdd_p25": -1.324925,
        "mdd_median": -0.7479,
        "mdd_p75": -0.34365
      },
      "72": {
        "n_total": 281,
        "n_hit": 218,
        "p_hit": 0.775801,
        "t_hit_p25": 10.0,
        "t_hit_median": 21.0,
        "t_hit_p75": 40.75,
        "mdd_p25": -1.3997,
        "mdd_median": -0.8487,
        "mdd_p75": -0.361175
      },
      "84": {
        "n_total": 281,
        "n_hit": 227,
        "p_hit": 0.807829,
        "t_hit_p25": 10.0,
        "t_hit_median": 22.0,
        "t_hit_p75": 43.0,
        "mdd_p25": -1.4757500000000001,
        "mdd_median": -0.9492,
        "mdd_p75": -0.37515
      },
      "96": {
        "n_total": 281,
        "n_hit": 232,
        "p_hit": 0.825623,
        "t_hit_p25": 10.0,
        "t_hit_median": 23.0,
        "t_hit_p75": 44.25,
        "mdd_p25": -1.5558,
        "mdd_median": -0.95535,
        "mdd_p75": -0.3775
      }
    },
    "3.0": {
      "12": {
        "n_total": 281,
        "n_hit": 45,
        "p_hit": 0.160142,
        "t_hit_p25": 5.0,
        "t_hit_median": 8.0,
        "t_hit_p75": 10.0,
        "mdd_p25": -0.9901,
        "mdd_median": -0.3594,
        "mdd_p75": -0.1537
      },
      "24": {
        "n_total": 281,
        "n_hit": 73,
        "p_hit": 0.259786,
        "t_hit_p25": 7.0,
        "t_hit_median": 10.0,
        "t_hit_p75": 17.0,
        "mdd_p25": -0.8118,
        "mdd_median": -0.5066,
        "mdd_p75": -0.2408
      },
      "36": {
        "n_total": 281,
        "n_hit": 101,
        "p_hit": 0.359431,
        "t_hit_p25": 9.0,
        "t_hit_median": 15.0,
        "t_hit_p75": 26.0,
        "mdd_p25": -1.017,
        "mdd_median": -0.5508,
        "mdd_p75": -0.2432
      },
      "48": {
        "n_total": 281,
        "n_hit": 125,
        "p_hit": 0.44484,
        "t_hit_p25": 10.0,
        "t_hit_median": 20.0,
        "t_hit_p75": 33.0,
        "mdd_p25": -1.0037,
        "mdd_median": -0.5535,
        "mdd_p75": -0.293
      },
      "60": {
        "n_total": 281,
        "n_hit": 147,