{
  "schema": "baseline_probs_v1",
  "source_labels": "data/labels/labels_v1.csv",
  "n_rows_labels": 2644,
  "thresholds": [
    0.5,
    1.0,
    2.0,
    3.0,
    5.0
  ],
  "horizons": [
    12,
    24,
    36,
    48,
    60,
    72,
    84,
    96
  ],
  "results": {
    "0.5": {
      "12": {
        "n_total": 2644,
        "n_hit": 1875,
        "p_hit": 0.709153,
        "t_hit_p25": 1.0,
        "t_hit_median": 2.0,
        "t_hit_p75": 4.0,
        "mdd_p25": -0.7245999999999999,
        "mdd_median": -0.2918,
        "mdd_p75": -0.051000000000000004
      },
      "24": {
        "n_total": 2644,
        "n_hit": 2133,
        "p_hit": 0.806732,
        "t_hit_p25": 1.0,
        "t_hit_median": 3.0,
        "t_hit_p75": 7.0,
        "mdd_p25": -0.9145,
        "mdd_median": -0.3584,
        "mdd_p75": -0.0809
      },
      "36": {
        "n_total": 2644,
        "n_hit": 2261,
        "p_hit": 0.855144,
        "t_hit_p25": 1.0,
        "t_hit_median": 3.0,
        "t_hit_p75": 8.0,
        "mdd_p25": -1.0025,
        "mdd_median": -0.4055,
        "mdd_p75": -0.0976
      },
      "48": {
        "n_total": 2644,
        "n_hit": 2306,
        "p_hit": 0.872163,
        "t_hit_p25": 1.0,
        "t_hit_median": 3.0,
        "t_hit_p75": 9.0,
        "mdd_p25": -1.08595,
        "mdd_median": -0.41765,
        "mdd_p75": -0.102725
      },
      "60": {
        "n_total": 2644,
        "n_hit": 2329,
        "p_hit": 0.880862,
        "t_hit_p25": 1.0,
        "t_hit_median": 3.0,
        "t_hit_p75": 9.0,
        "mdd_p25": -1.1452,
        "mdd_median": -0.426,
        "mdd_p75": -0.1042
      },
      "72": {
        "n_total": 2644,
        "n_hit": 2368,
        "p_hit": 0.895613,
        "t_hit_p25": 1.0,
        "t_hit_median": 3.0,
        "t_hit_p75": 10.0,
        "mdd_p25": -1.193,
        "mdd_median": -0.44035,
        "mdd_p75": -0.108425
      },
      "84": {
        "n_total": 2644,
        "n_hit": 2411,
        "p_hit": 0.911876,
        "t_hit_p25": 1.0,
        "t_hit_median": 3.0,
        "t_hit_p75": 10.0,
        "mdd_p25": -1.2764,
        "mdd_median": -0.4574,
        "mdd_p75": -0.11285
      },
      "96": {
        "n_total": 2644,
        "n_hit": 2440,
        "p_hit": 0.922844,
        "t_hit_p25": 1.0,
        "t_hit_median": 3.0,
        "t_hit_p75": 11.0,
        "mdd_p25": -1.334975,
        "mdd_median": -0.4722,
        "mdd_p75": -0.1166
      }
    },
    "1.0": {
      "12": {
        "n_total": 2644,
        "n_hit": 1387,
        "p_hit": 0.524584,
        "t_hit_p25": 2.0,
        "t_hit_median": 4.0,
        "t_hit_p75": 7.0,
        "mdd_p25": -0.95355,
        "mdd_median": -0.3684,
        "mdd_p75": -0.08085
      },
      "24": {
        "n_total": 2644,
        "n_hit": 1721,
        "p_hit": 0.650908,
        "t_hit_p25": 2.0,
        "t_hit_median": 5.0,
        "t_hit_p75": 10.0,
        "mdd_p25": -1.1079,
        "mdd_median": -0.4696,
        "mdd_p75": -0.1288
      },
      "36": {
        "n_total": 2644,
        "n_hit": 1941,
        "p_hit": 0.734115,
        "t_hit_p25": 3.0,
        "t_hit_median": 6.0,
        "t_hit_p75": 15.0,
        "mdd_p25": -1.3265,
        "mdd_median": -0.5342,
        "mdd_p75": -0.1602
      },
      "48": {
        "n_total": 2644,
        "n_hit": 2043,
        "p_hit": 0.772693,
        "t_hit_p25": 3.0,
        "t_hit_median": 7.0,
        "t_hit_p75": 17.0,
        "mdd_p25": -1.38125,
        "mdd_median": -0.5513,
        "mdd_p75": -0.1722
      },
      "60": {
        "n_total": 2644,
        "n_hit": 2120,
        "p_hit": 0.801815,
        "t_hit_p25": 3.0,
        "t_hit_median": 7.0,
        "t_hit_p75": 19.0,
        "mdd_p25": -1.4836749999999999,
        "mdd_median": -0.5903499999999999,
        "mdd_p75": -0.18485
      },
      "72": {
        "n_total": 2644,
        "n_hit": 2185,
        "p_hit": 0.826399,
        "t_hit_p25": 3.0,
        "t_hit_median": 8.0,
        "t_hit_p75": 21.0,
        "mdd_p25": -1.5882,
        "mdd_median": -0.6172,
        "mdd_p75": -0.1953
      },
      "84": {
        "n_total": 2644,
        "n_hit": 2243,
        "p_hit": 0.848336,
        "t_hit_p25": 3.0,
        "t_hit_median": 8.0,
        "t_hit_p75": 23.0,
        "mdd_p25": -1.6904499999999998,
        "mdd_median": -0.6536,
        "mdd_p75": -0.20805
      },
      "96": {
        "n_total": 2644,
        "n_hit": 2280,
        "p_hit": 0.86233,
        "t_hit_p25": 3.0,
        "t_hit_median": 8.0,
        "t_hit_p75": 24.0,
        "mdd_p25": -1.772875,
        "mdd_median": -0.6785,
        "mdd_p75": -0.218525
      }
    },
    "2.0": {
      "12": {
        "n_total": 2644,
        "n_hit": 673,
        "p_hit": 0.254539,
        "t_hit_p25": 3.0,
        "t_hit_median": 5.0,
        "t_hit_p75": 9.0,
        "mdd_p25": -0.9787,
        "mdd_median": -0.4167,
        "mdd_p75": -0.1092
      },
      "24": {
        "n_total": 2644,
        "n_hit": 1085,
        "p_hit": 0.410363,
        "t_hit_p25": 4.0,
        "t_hit_median": 9.0,
        "t_hit_p75": 16.0,
        "mdd_p25": -1.2832,
        "mdd_median": -0.578,
        "mdd_p75": -0.1794
      },
      "36": {
        "n_total": 2644,
        "n_hit": 1377,
        "p_hit": 0.520802,
        "t_hit_p25": 5.0,
        "t_hit_median": 13.0,
        "t_hit_p75": 23.0,
        "mdd_p25": -1.4753,
        "mdd_median": -0.6767,
        "mdd_p75": -0.2242
      },
      "48": {
        "n_total": 2644,
        "n_hit": 1566,
        "p_hit": 0.592284,
        "t_hit_p25": 6.0,
        "t_hit_median": 15.0,
        "t_hit_p75": 28.0,
        "mdd_p25": -1.566525,
        "mdd_median": -0.7302500000000001,
        "mdd_p75": -0.26665
      },
      "60": {
        "n_total": 2644,
        "n_hit": 1693,
        "p_hit": 0.640318,
        "t_hit_p25": 7.0,
        "t_hit_median": 17.0,
        "t_hit_p75": 32.0,
        "mdd_p25": -1.6192,
        "mdd_median": -0.803,
        "mdd_p75": -0.2866
      },
      "72": {
        "n_total": 2644,
        "n_hit": 1804,
        "p_hit": 0.6823,
        "t_hit_p25": 7.0,
        "t_hit_median": 18.0,
        "t_hit_p75": 35.25,
        "mdd_p25": -1.781275,
        "mdd_median": -0.8887499999999999,
        "mdd_p75": -0.3124
      },
      "84": {
        "n_total": 2644,
        "n_hit": 1885,
        "p_hit": 0.712935,
        "t_hit_p25": 8.0,
        "t_hit_median": 20.0,
        "t_hit_p75": 39.0,
        "mdd_p25": -1.9441,
        "mdd_median": -0.9542,
        "mdd_p75": -0.3339
      },
      "96": {
        "n_total": 2644,
        "n_hit": 1960,
        "p_hit": 0.741301,
        "t_hit_p25": 8.0,
        "t_hit_median": 21.0,
        "t_hit_p75": 42.0,
        "mdd_p25": -2.1401250000000003,
        "mdd_median": -0.9963,
        "mdd_p75": -0.348625
      }
    },
    "3.0": {
      "12": {
        "n_total": 2644,
        "n_hit": 366,
        "p_hit": 0.138427,
        "t_hit_p25": 3.0,
        "t_hit_median": 6.0,
        "t_hit_p75": 9.0,
        "mdd_p25": -0.9551249999999999,
        "mdd_median": -0.39339999999999997,
        "mdd_p75": -0.11019999999999999
      },
      "24": {
        "n_total": 2644,
        "n_hit": 633,
        "p_hit": 0.23941,
        "t_hit_p25": 5.0,
        "t_hit_median": 10.0,
        "t_hit_p75": 17.0,
        "mdd_p25": -1.3223,
        "mdd_median": -0.5524,
        "mdd_p75": -0.1663
      },
      "36": {
        "n_total": 2644,
        "n_hit": 896,
        "p_hit": 0.33888,
        "t_hit_p25": 7.0,
        "t_hit_median": 16.0,
        "t_hit_p75": 26.0,
        "mdd_p25": -1.587825,
        "mdd_median": -0.67575,
        "mdd_p75": -0.209425
      },
      "48": {
        "n_total": 2644,
        "n_hit": 1111,
        "p_hit": 0.420197,
        "t_hit_p25": 9.0,
        "t_hit_median": 21.0,
        "t_hit_p75": 33.0,
        "mdd_p25": -1.70255,
        "mdd_median": -0.7988,
        "mdd_p75": -0.2743
      },
      "60": {
        "n_total": 2644,