{
  "schema": "baseline_probs_v1",
  "source_labels": "data/labels/labels_v1.csv",
  "n_rows_labels": 1728,
  "thresholds": [
    0.5,
    1.0,
    2.0,
    3.0,
    5.0
  ],
  "horizons": [
    12,
    24,
    36,
    48,
    60,
    72,
    84,
    96
  ],
  "results": {
    "0.5": {
      "12": {
        "n_total": 1728,
        "n_hit": 1245,
        "p_hit": 0.720486,
        "t_hit_p25": 1.0,
        "t_hit_median": 2.0,
        "t_hit_p75": 4.0,
        "mdd_p25": -0.8307,
        "mdd_median": -0.3073,
        "mdd_p75": -0.0572
      },
      "24": {
        "n_total": 1728,
        "n_hit": 1401,
        "p_hit": 0.810764,
        "t_hit_p25": 1.0,
        "t_hit_median": 2.0,
        "t_hit_p75": 6.0,
        "mdd_p25": -0.9735,
        "mdd_median": -0.373,
        "mdd_p75": -0.0913
      },
      "36": {
        "n_total": 1728,
        "n_hit": 1470,
        "p_hit": 0.850694,
        "t_hit_p25": 1.0,
        "t_hit_median": 3.0,
        "t_hit_p75": 7.0,
        "mdd_p25": -1.06165,
        "mdd_median": -0.4096,
        "mdd_p75": -0.10177499999999999
      },
      "48": {
        "n_total": 1728,
        "n_hit": 1492,
        "p_hit": 0.863426,
        "t_hit_p25": 1.0,
        "t_hit_median": 3.0,
        "t_hit_p75": 8.0,
        "mdd_p25": -1.12705,
        "mdd_median": -0.41765,
        "mdd_p75": -0.10425000000000001
      },
      "60": {
        "n_total": 1728,
        "n_hit": 1507,
        "p_hit": 0.872106,
        "t_hit_p25": 1.0,
        "t_hit_median": 3.0,
        "t_hit_p75": 8.0,
        "mdd_p25": -1.1542,
        "mdd_median": -0.4258,
        "mdd_p75": -0.10565
      },
      "72": {
        "n_total": 1728,
        "n_hit": 1536,
        "p_hit": 0.888889,
        "t_hit_p25": 1.0,
        "t_hit_median": 3.0,
        "t_hit_p75": 9.0,
        "mdd_p25": -1.2429000000000001,
        "mdd_median": -0.4397,
        "mdd_p75": -0.10959999999999999
      },
      "84": {
        "n_total": 1728,
        "n_hit": 1563,
        "p_hit": 0.904514,
        "t_hit_p25": 1.0,
        "t_hit_median": 3.0,
        "t_hit_p75": 9.0,
        "mdd_p25": -1.3171,
        "mdd_median": -0.4615,
        "mdd_p75": -0.11645
      },
      "96": {
        "n_total": 1728,
        "n_hit": 1582,
        "p_hit": 0.915509,
        "t_hit_p25": 1.0,
        "t_hit_median": 3.0,
        "t_hit_p75": 10.0,
        "mdd_p25": -1.3534499999999998,
        "mdd_median": -0.4727,
        "mdd_p75": -0.117725
      }
    },
    "1.0": {
      "12": {
        "n_total": 1728,
        "n_hit": 926,
        "p_hit": 0.53588,
        "t_hit_p25": 2.0,
        "t_hit_median": 4.0,
        "t_hit_p75": 7.0,
        "mdd_p25": -1.0046750000000002,
        "mdd_median": -0.40565,
        "mdd_p75": -0.0923
      },
      "24": {
        "n_total": 1728,
        "n_hit": 1127,
        "p_hit": 0.652199,
        "t_hit_p25": 2.0,
        "t_hit_median": 5.0,
        "t_hit_p75": 10.0,
        "mdd_p25": -1.2015500000000001,
        "mdd_median": -0.4798,
        "mdd_p75": -0.13195
      },
      "36": {
        "n_total": 1728,
        "n_hit": 1251,
        "p_hit": 0.723958,
        "t_hit_p25": 2.0,
        "t_hit_median": 6.0,
        "t_hit_p75": 13.0,
        "mdd_p25": -1.3559999999999999,
        "mdd_median": -0.5342,
        "mdd_p75": -0.1568
      },
      "48": {
        "n_total": 1728,
        "n_hit": 1310,
        "p_hit": 0.758102,
        "t_hit_p25": 2.0,
        "t_hit_median": 6.0,
        "t_hit_p75": 16.0,
        "mdd_p25": -1.3913749999999998,
        "mdd_median": -0.54325,
        "mdd_p75": -0.16749999999999998
      },
      "60": {
        "n_total": 1728,
        "n_hit": 1365,
        "p_hit": 0.789931,
        "t_hit_p25": 3.0,
        "t_hit_median": 6.0,
        "t_hit_p75": 18.0,
        "mdd_p25": -1.5323,
        "mdd_median": -0.5846,
        "mdd_p75": -0.1735
      },
      "72": {
        "n_total": 1728,
        "n_hit": 1414,
        "p_hit": 0.818287,
        "t_hit_p25": 3.0,
        "t_hit_median": 7.0,
        "t_hit_p75": 19.0,
        "mdd_p25": -1.652075,
        "mdd_median": -0.61625,
        "mdd_p75": -0.18455
      },
      "84": {
        "n_total": 1728,
        "n_hit": 1448,
        "p_hit": 0.837963,
        "t_hit_p25": 3.0,
        "t_hit_median": 7.0,
        "t_hit_p75": 21.0,
        "mdd_p25": -1.7266749999999997,
        "mdd_median": -0.6518999999999999,
        "mdd_p75": -0.19355
      },
      "96": {
        "n_total": 1728,
        "n_hit": 1468,
        "p_hit": 0.849537,
        "t_hit_p25": 3.0,
        "t_hit_median": 7.0,
        "t_hit_p75": 22.0,
        "mdd_p25": -1.7976999999999999,
        "mdd_median": -0.6732,
        "mdd_p75": -0.20192500000000002
      }
    },
    "2.0": {
      "12": {
        "n_total": 1728,
        "n_hit": 482,
        "p_hit": 0.278935,
        "t_hit_p25": 3.0,
        "t_hit_median": 5.0,
        "t_hit_p75": 8.0,
        "mdd_p25": -1.085775,
        "mdd_median": -0.44405,
        "mdd_p75": -0.133475
      },
      "24": {
        "n_total": 1728,
        "n_hit": 730,
        "p_hit": 0.422454,
        "t_hit_p25": 4.0,
        "t_hit_median": 8.0,
        "t_hit_p75": 15.0,
        "mdd_p25": -1.3678499999999998,
        "mdd_median": -0.60135,
        "mdd_p75": -0.186925
      },
      "36": {
        "n_total": 1728,
        "n_hit": 890,
        "p_hit": 0.515046,
        "t_hit_p25": 5.0,
        "t_hit_median": 11.0,
        "t_hit_p75": 21.0,
        "mdd_p25": -1.5493000000000001,
        "mdd_median": -0.67575,
        "mdd_p75": -0.207325
      },
      "48": {
        "n_total": 1728,
        "n_hit": 1003,
        "p_hit": 0.58044,
        "t_hit_p25": 5.0,
        "t_hit_median": 13.0,
        "t_hit_p75": 26.0,
        "mdd_p25": -1.5819999999999999,
        "mdd_median": -0.7064,
        "mdd_p75": -0.24359999999999998
      },
      "60": {
        "n_total": 1728,
        "n_hit": 1093,
        "p_hit": 0.632523,
        "t_hit_p25": 6.0,
        "t_hit_median": 15.0,
        "t_hit_p75": 31.0,
        "mdd_p25": -1.659,
        "mdd_median": -0.783,
        "mdd_p75": -0.2707
      },
      "72": {
        "n_total": 1728,
        "n_hit": 1168,
        "p_hit": 0.675926,
        "t_hit_p25": 6.0,
        "t_hit_median": 17.0,
        "t_hit_p75": 35.0,
        "mdd_p25": -1.8061500000000001,
        "mdd_median": -0.91215,
        "mdd_p75": -0.29555
      },
      "84": {
        "n_total": 1728,
        "n_hit": 1211,
        "p_hit": 0.70081,
        "t_hit_p25": 6.0,
        "t_hit_median": 18.0,
        "t_hit_p75": 38.0,
        "mdd_p25": -1.9803000000000002,
        "mdd_median": -0.9626,
        "mdd_p75": -0.30675
      },
      "96": {
        "n_total": 1728,
        "n_hit": 1248,
        "p_hit": 0.722222,
        "t_hit_p25": 7.0,
        "t_hit_median": 18.0,
        "t_hit_p75": 41.0,
        "mdd_p25": -2.1500000000000004,
        "mdd_median": -0.9936,
        "mdd_p75": -0.31855
      }
    },
    "3.0": {
      "12": {
        "n_total": 1728,
        "n_hit": 272,
        "p_hit": 0.157407,
        "t_hit_p25": 3.0,
        "t_hit_median": 5.0,
        "t_hit_p75": 9.0,
        "mdd_p25": -0.990775,
        "mdd_median": -0.4426,
        "mdd_p75": -0.14435
      },
      "24": {
        "n_total": 1728,
        "n_hit": 439,
        "p_hit": 0.254051,
        "t_hit_p25": 5.0,
        "t_hit_median": 9.0,
        "t_hit_p75": 17.0,
        "mdd_p25": -1.2774999999999999,
        "mdd_median": -0.5437,
        "mdd_p75": -0.1696
      },
      "36": {
        "n_total": 1728,
        "n_hit": 592,
        "p_hit": 0.342593,
        "t_hit_p25": 6.0,
        "t_hit_median": 14.0,
        "t_hit_p75": 25.0,
        "mdd_p25": -1.552775,
        "mdd_median": -0.6537,
        "mdd_p75": -0.207375
      },
      "48": {
        "n_total": 1728,
        "n_hit": 709,
        "p_hit": 0.410301,
        "t_hit_p25": 7.0,
        "t_hit_median": 19.0,
        "t_hit_p75": 31.0,