{
  "schema": "baseline_probs_v1",
  "source_labels": "data/labels/labels_v1.csv",
  "n_rows_labels": 2658,
  "thresholds": [
    0.5,
    1.0,
    2.0,
    3.0,
    5.0
  ],
  "horizons": [
    12,
    24,
    36,
    48,
    60,
    72,
    84,
    96
  ],
  "results": {
    "0.5": {
      "12": {
        "n_total": 2658,
        "n_hit": 1887,
        "p_hit": 0.709932,
        "t_hit_p25": 1.0,
        "t_hit_median": 2.0,
        "t_hit_p75": 4.0,
        "mdd_p25": -0.72175,
        "mdd_median": -0.2907,
        "mdd_p75": -0.05075
      },
      "24": {
        "n_total": 2658,
        "n_hit": 2146,
        "p_hit": 0.807374,
        "t_hit_p25": 1.0,
        "t_hit_median": 3.0,
        "t_hit_p75": 7.0,
        "mdd_p25": -0.9067999999999999,
        "mdd_median": -0.35819999999999996,
        "mdd_p75": -0.08082500000000001
      },
      "36": {
        "n_total": 2658,
        "n_hit": 2275,
        "p_hit": 0.855907,
        "t_hit_p25": 1.0,
        "t_hit_median": 3.0,
        "t_hit_p75": 8.0,
        "mdd_p25": -1.0000499999999999,
        "mdd_median": -0.4055,
        "mdd_p75": -0.09745000000000001
      },
      "48": {
        "n_total": 2658,
        "n_hit": 2320,
        "p_hit": 0.872837,
        "t_hit_p25": 1.0,
        "t_hit_median": 3.0,
        "t_hit_p75": 9.0,
        "mdd_p25": -1.0836999999999999,
        "mdd_median": -0.41765,
        "mdd_p75": -0.10255
      },
      "60": {
        "n_total": 2658,
        "n_hit": 2343,
        "p_hit": 0.88149,
        "t_hit_p25": 1.0,
        "t_hit_median": 3.0,
        "t_hit_p75": 9.0,
        "mdd_p25": -1.1383,
        "mdd_median": -0.426,
        "mdd_p75": -0.10414999999999999
      },
      "72": {
        "n_total": 2658,
        "n_hit": 2382,
        "p_hit": 0.896163,
        "t_hit_p25": 1.0,
        "t_hit_median": 3.0,
        "t_hit_p75": 10.0,
        "mdd_p25": -1.187125,
        "mdd_median": -0.44035,
        "mdd_p75": -0.107875
      },
      "84": {
        "n_total": 2658,
        "n_hit": 2425,
        "p_hit": 0.91234,
        "t_hit_p25": 1.0,
        "t_hit_median": 3.0,
        "t_hit_p75": 10.0,
        "mdd_p25": -1.2736,
        "mdd_median": -0.4545,
        "mdd_p75": -0.1125
      },
      "96": {
        "n_total": 2658,
        "n_hit": 2454,
        "p_hit": 0.923251,
        "t_hit_p25": 1.0,
        "t_hit_median": 3.0,
        "t_hit_p75": 11.0,
        "mdd_p25": -1.33335,
        "mdd_median": -0.47109999999999996,
        "mdd_p75": -0.1166
      }
    },
    "1.0": {
      "12": {
        "n_total": 2658,
        "n_hit": 1392,
        "p_hit": 0.523702,
        "t_hit_p25": 2.0,
        "t_hit_median": 4.0,
        "t_hit_p75": 7.0,
        "mdd_p25": -0.951625,
        "mdd_median": -0.3684,
        "mdd_p75": -0.08035
      },
      "24": {
        "n_total": 2658,
        "n_hit": 1731,
        "p_hit": 0.651242,
        "t_hit_p25": 2.0,
        "t_hit_median": 5.0,
        "t_hit_p75": 10.0,
        "mdd_p25": -1.09955,
        "mdd_median": -0.4704,
        "mdd_p75": -0.129
      },
      "36": {
        "n_total": 2658,
        "n_hit": 1952,
        "p_hit": 0.734387,
        "t_hit_p25": 3.0,
        "t_hit_median": 6.0,
        "t_hit_p75": 15.0,
        "mdd_p25": -1.323525,
        "mdd_median": -0.53455,
        "mdd_p75": -0.16065000000000002
      },
      "48": {
        "n_total": 2658,
        "n_hit": 2054,
        "p_hit": 0.772761,
        "t_hit_p25": 3.0,
        "t_hit_median": 7.0,
        "t_hit_p75": 17.0,
        "mdd_p25": -1.378375,
        "mdd_median": -0.5525,
        "mdd_p75": -0.172425
      },
      "60": {
        "n_total": 2658,
        "n_hit": 2131,
        "p_hit": 0.801731,
        "t_hit_p25": 3.0,
        "t_hit_median": 7.0,
        "t_hit_p75": 19.0,
        "mdd_p25": -1.4778,
        "mdd_median": -0.5911,
        "mdd_p75": -0.18514999999999998
      },
      "72": {
        "n_total": 2658,
        "n_hit": 2196,
        "p_hit": 0.826185,
        "t_hit_p25": 3.0,
        "t_hit_median": 8.0,
        "t_hit_p75": 21.0,
        "mdd_p25": -1.58315,
        "mdd_median": -0.6167499999999999,
        "mdd_p75": -0.195375
      },
      "84": {
        "n_total": 2658,
        "n_hit": 2254,
        "p_hit": 0.848006,
        "t_hit_p25": 3.0,
        "t_hit_median": 8.0,
        "t_hit_p75": 23.0,
        "mdd_p25": -1.6870500000000002,
        "mdd_median": -0.6529,
        "mdd_p75": -0.208875
      },
      "96": {
        "n_total": 2658,
        "n_hit": 2291,
        "p_hit": 0.861926,
        "t_hit_p25": 3.0,
        "t_hit_median": 8.0,
        "t_hit_p75": 24.0,
        "mdd_p25": -1.75715,
        "mdd_median": -0.6772,
        "mdd_p75": -0.2188
      }
    },
    "2.0": {
      "12": {
        "n_total": 2658,
        "n_hit": 674,
        "p_hit": 0.253574,
        "t_hit_p25": 3.0,
        "t_hit_median": 5.0,
        "t_hit_p75": 9.0,
        "mdd_p25": -0.9781,
        "mdd_median": -0.4165,
        "mdd_p75": -0.10695
      },
      "24": {
        "n_total": 2658,
        "n_hit": 1091,
        "p_hit": 0.410459,
        "t_hit_p25": 4.0,
        "t_hit_median": 9.0,
        "t_hit_p75": 16.0,
        "mdd_p25": -1.2759,
        "mdd_median": -0.5803,
        "mdd_p75": -0.1805
      },
      "36": {
        "n_total": 2658,
        "n_hit": 1384,
        "p_hit": 0.520692,
        "t_hit_p25": 5.0,
        "t_hit_median": 13.0,
        "t_hit_p75": 23.0,
        "mdd_p25": -1.466925,
        "mdd_median": -0.6770499999999999,
        "mdd_p75": -0.225775
      },
      "48": {
        "n_total": 2658,
        "n_hit": 1573,
        "p_hit": 0.591798,
        "t_hit_p25": 6.0,
        "t_hit_median": 15.0,
        "t_hit_p75": 28.0,
        "mdd_p25": -1.5634,
        "mdd_median": -0.7313,
        "mdd_p75": -0.2698
      },
      "60": {
        "n_total": 2658,
        "n_hit": 1700,
        "p_hit": 0.639579,
        "t_hit_p25": 7.0,
        "t_hit_median": 17.0,
        "t_hit_p75": 32.0,
        "mdd_p25": -1.6178,
        "mdd_median": -0.8016,
        "mdd_p75": -0.288625
      },
      "72": {
        "n_total": 2658,
        "n_hit": 1811,
        "p_hit": 0.681339,
        "t_hit_p25": 7.0,
        "t_hit_median": 18.0,
        "t_hit_p75": 35.0,
        "mdd_p25": -1.77535,
        "mdd_median": -0.8878,
        "mdd_p75": -0.3127
      },
      "84": {
        "n_total": 2658,
        "n_hit": 1892,
        "p_hit": 0.711813,
        "t_hit_p25": 8.0,
        "t_hit_median": 20.0,
        "t_hit_p75": 39.0,
        "mdd_p25": -1.9418,
        "mdd_median": -0.952,
        "mdd_p75": -0.33645
      },
      "96": {
        "n_total": 2658,
        "n_hit": 1967,
        "p_hit": 0.74003,
        "t_hit_p25": 8.0,
        "t_hit_median": 21.0,
        "t_hit_p75": 42.0,
        "mdd_p25": -2.1324500000000004,
        "mdd_median": -0.9944,
        "mdd_p75": -0.3488
      }
    },
    "3.0": {
      "12": {
        "n_total": 2658,
        "n_hit": 367,
        "p_hit": 0.138074,
        "t_hit_p25": 3.0,
        "t_hit_median": 6.0,
        "t_hit_p75": 9.0,
        "mdd_p25": -0.95035,
        "mdd_median": -0.3885,
        "mdd_p75": -0.1077
      },
      "24": {
        "n_total": 2658,
        "n_hit": 634,
        "p_hit": 0.238525,
        "t_hit_p25": 5.0,
        "t_hit_median": 10.0,
        "t_hit_p75": 17.0,
        "mdd_p25": -1.321,
        "mdd_median": -0.55165,
        "mdd_p75": -0.163375
      },
      "36": {
        "n_total": 2658,
        "n_hit": 897,
        "p_hit": 0.337472,
        "t_hit_p25": 7.0,
        "t_hit_median": 16.0,
        "t_hit_p75": 26.0,
        "mdd_p25": -1.5877,
        "mdd_median": -0.6748,
        "mdd_p75": -0.2086
      },
      "48": {
        "n_total": 2658,
        "n_hit": 1112,
        "p_hit": 0.41836,
        "t_hit_p25": 9.0,
        "t_hit_median": 21.0,
        "t_hit_p75": 33.0,
        "mdd_p25": -1.7022249999999999,
        "mdd_median": -0.7985,