{
  "schema": "baseline_probs_v1",
  "source_labels": "data/labels/labels_v1.csv",
  "n_rows_labels": 426,
  "thresholds": [
    0.5,
    1.0,
    2.0,
    3.0,
    5.0
  ],
  "horizons": [
    12,
    24,
    36,
    48,
    60,
    72,
    84,
    96
  ],
  "results": {
    "0.5": {
      "12": {
        "n_total": 426,
        "n_hit": 305,
        "p_hit": 0.715962,
        "t_hit_p25": 1.0,
        "t_hit_median": 3.0,
        "t_hit_p75": 6.0,
        "mdd_p25": -0.5776,
        "mdd_median": -0.2408,
        "mdd_p75": -0.0545
      },
      "24": {
        "n_total": 426,
        "n_hit": 375,
        "p_hit": 0.880282,
        "t_hit_p25": 2.0,
        "t_hit_median": 4.0,
        "t_hit_p75": 10.0,
        "mdd_p25": -0.71045,
        "mdd_median": -0.3284,
        "mdd_p75": -0.09340000000000001
      },
      "36": {
        "n_total": 426,
        "n_hit": 396,
        "p_hit": 0.929577,
        "t_hit_p25": 2.0,
        "t_hit_median": 5.0,
        "t_hit_p75": 12.0,
        "mdd_p25": -0.783025,
        "mdd_median": -0.36295,
        "mdd_p75": -0.105475
      },
      "48": {
        "n_total": 426,
        "n_hit": 397,
        "p_hit": 0.931925,
        "t_hit_p25": 2.0,
        "t_hit_median": 5.0,
        "t_hit_p75": 12.0,
        "mdd_p25": -0.7843,
        "mdd_median": -0.3665,
        "mdd_p75": -0.1057
      },
      "60": {
        "n_total": 426,
        "n_hit": 403,
        "p_hit": 0.946009,
        "t_hit_p25": 2.0,
        "t_hit_median": 5.0,
        "t_hit_p75": 12.0,
        "mdd_p25": -0.8237,
        "mdd_median": -0.3728,
        "mdd_p75": -0.10750000000000001
      },
      "72": {
        "n_total": 426,
        "n_hit": 415,
        "p_hit": 0.974178,
        "t_hit_p25": 2.0,
        "t_hit_median": 5.0,
        "t_hit_p75": 13.0,
        "mdd_p25": -0.8955,
        "mdd_median": -0.389,
        "mdd_p75": -0.1148
      },
      "84": {
        "n_total": 426,
        "n_hit": 415,
        "p_hit": 0.974178,
        "t_hit_p25": 2.0,
        "t_hit_median": 5.0,
        "t_hit_p75": 13.0,
        "mdd_p25": -0.8955,
        "mdd_median": -0.389,
        "mdd_p75": -0.1148
      },
      "96": {
        "n_total": 426,
        "n_hit": 417,
        "p_hit": 0.978873,
        "t_hit_p25": 2.0,
        "t_hit_median": 5.0,
        "t_hit_p75": 13.0,
        "mdd_p25": -0.9298,
        "mdd_median": -0.3906,
        "mdd_p75": -0.1164
      }
    },
    "1.0": {
      "12": {
        "n_total": 426,
        "n_hit": 210,
        "p_hit": 0.492958,
        "t_hit_p25": 3.0,
        "t_hit_median": 5.0,
        "t_hit_p75": 7.0,
        "mdd_p25": -0.642725,
        "mdd_median": -0.24755,
        "mdd_p75": -0.0678
      },
      "24": {
        "n_total": 426,
        "n_hit": 303,
        "p_hit": 0.711268,
        "t_hit_p25": 4.0,
        "t_hit_median": 7.0,
        "t_hit_p75": 15.0,
        "mdd_p25": -0.8955,
        "mdd_median": -0.3906,
        "mdd_p75": -0.10500000000000001
      },
      "36": {
        "n_total": 426,
        "n_hit": 353,
        "p_hit": 0.828638,
        "t_hit_p25": 4.0,
        "t_hit_median": 9.0,
        "t_hit_p75": 19.0,
        "mdd_p25": -1.0987,
        "mdd_median": -0.4383,
        "mdd_p75": -0.135
      },
      "48": {
        "n_total": 426,
        "n_hit": 375,
        "p_hit": 0.880282,
        "t_hit_p25": 4.0,
        "t_hit_median": 10.0,
        "t_hit_p75": 21.0,
        "mdd_p25": -1.1501000000000001,
        "mdd_median": -0.4543,
        "mdd_p75": -0.15475
      },
      "60": {
        "n_total": 426,
        "n_hit": 387,
        "p_hit": 0.908451,
        "t_hit_p25": 5.0,
        "t_hit_median": 11.0,
        "t_hit_p75": 21.5,
        "mdd_p25": -1.1954,
        "mdd_median": -0.4696,
        "mdd_p75": -0.16165
      },
      "72": {
        "n_total": 426,
        "n_hit": 402,
        "p_hit": 0.943662,
        "t_hit_p25": 5.0,
        "t_hit_median": 12.0,
        "t_hit_p75": 24.0,
        "mdd_p25": -1.2747000000000002,
        "mdd_median": -0.48045000000000004,
        "mdd_p75": -0.169875
      },
      "84": {
        "n_total": 426,
        "n_hit": 403,
        "p_hit": 0.946009,
        "t_hit_p25": 5.0,
        "t_hit_median": 12.0,
        "t_hit_p75": 24.0,
        "mdd_p25": -1.2881,
        "mdd_median": -0.4818,
        "mdd_p75": -0.17015
      },
      "96": {
        "n_total": 426,
        "n_hit": 403,
        "p_hit": 0.946009,
        "t_hit_p25": 5.0,
        "t_hit_median": 12.0,
        "t_hit_p75": 24.0,
        "mdd_p25": -1.2881,
        "mdd_median": -0.4818,
        "mdd_p75": -0.17015
      }
    },
    "2.0": {
      "12": {
        "n_total": 426,
        "n_hit": 92,
        "p_hit": 0.215962,
        "t_hit_p25": 4.0,
        "t_hit_median": 7.0,
        "t_hit_p75": 9.25,
        "mdd_p25": -0.716025,
        "mdd_median": -0.39959999999999996,
        "mdd_p75": -0.151325
      },
      "24": {
        "n_total": 426,
        "n_hit": 183,
        "p_hit": 0.429577,
        "t_hit_p25": 7.0,
        "t_hit_median": 12.0,
        "t_hit_p75": 18.0,
        "mdd_p25": -0.9739500000000001,
        "mdd_median": -0.5342,
        "mdd_p75": -0.19895000000000002
      },
      "36": {
        "n_total": 426,
        "n_hit": 244,
        "p_hit": 0.57277,
        "t_hit_p25": 9.0,
        "t_hit_median": 16.0,
        "t_hit_p75": 24.25,
        "mdd_p25": -0.9756499999999999,
        "mdd_median": -0.48045000000000004,
        "mdd_p75": -0.17945
      },
      "48": {
        "n_total": 426,
        "n_hit": 292,
        "p_hit": 0.685446,
        "t_hit_p25": 10.0,
        "t_hit_median": 19.0,
        "t_hit_p75": 32.0,
        "mdd_p25": -1.06675,
        "mdd_median": -0.5342,
        "mdd_p75": -0.2208
      },
      "60": {
        "n_total": 426,
        "n_hit": 330,
        "p_hit": 0.774648,
        "t_hit_p25": 11.0,
        "t_hit_median": 21.0,
        "t_hit_p75": 37.75,
        "mdd_p25": -1.173825,
        "mdd_median": -0.54655,
        "mdd_p75": -0.2458
      },
      "72": {
        "n_total": 426,
        "n_hit": 353,
        "p_hit": 0.828638,
        "t_hit_p25": 12.0,
        "t_hit_median": 23.0,
        "t_hit_p75": 43.0,
        "mdd_p25": -1.2453,
        "mdd_median": -0.5963,
        "mdd_p75": -0.2656
      },
      "84": {
        "n_total": 426,
        "n_hit": 363,
        "p_hit": 0.852113,
        "t_hit_p25": 12.0,
        "t_hit_median": 24.0,
        "t_hit_p75": 44.0,
        "mdd_p25": -1.3047,
        "mdd_median": -0.6217,
        "mdd_p75": -0.2735
      },
      "96": {
        "n_total": 426,
        "n_hit": 370,
        "p_hit": 0.868545,
        "t_hit_p25": 13.0,
        "t_hit_median": 25.0,
        "t_hit_p75": 45.0,
        "mdd_p25": -1.3354249999999999,
        "mdd_median": -0.65115,
        "mdd_p75": -0.27785
      }
    },
    "3.0": {
      "12": {
        "n_total": 426,
        "n_hit": 56,
        "p_hit": 0.131455,
        "t_hit_p25": 5.0,
        "t_hit_median": 8.0,
        "t_hit_p75": 10.0,
        "mdd_p25": -0.976825,
        "mdd_median": -0.36845,
        "mdd_p75": -0.16735
      },
      "24": {
        "n_total": 426,
        "n_hit": 95,
        "p_hit": 0.223005,
        "t_hit_p25": 7.0,
        "t_hit_median": 10.0,
        "t_hit_p75": 18.0,
        "mdd_p25": -0.7617,
        "mdd_median": -0.4448,
        "mdd_p75": -0.1396
      },
      "36": {
        "n_total": 426,
        "n_hit": 153,
        "p_hit": 0.359155,
        "t_hit_p25": 10.0,
        "t_hit_median": 19.0,
        "t_hit_p75": 30.0,
        "mdd_p25": -0.8412,
        "mdd_median": -0.4034,
        "mdd_p75": -0.1338
      },
      "48": {
        "n_total": 426,
        "n_hit": 214,
        "p_hit": 0.502347,
        "t_hit_p25": 12.0,
        "t_hit_median": 28.0,
        "t_hit_p75": 38.0,
        "mdd_p25": -0.9299999999999999,
        "mdd_median": -0.45099999999999996,
        "mdd_p75": -0.197175
      },
      "60": {
        "n_total": 426,