{
  "schema": "baseline_probs_v1",
  "source_labels": "data/labels/labels_v1.csv",
  "n_rows_labels": 3024,
  "thresholds": [
    0.5,
    1.0,
    2.0,
    3.0,
    5.0
  ],
  "horizons": [
    12,
    24,
    36,
    48,
    60,
    72,
    84,
    96
  ],
  "results": {
    "0.5": {
      "12": {
        "n_total": 3024,
        "n_hit": 2136,
        "p_hit": 0.706349,
        "t_hit_p25": 1.0,
        "t_hit_median": 2.0,
        "t_hit_p75": 4.0,
        "mdd_p25": -0.7429250000000001,
        "mdd_median": -0.2959,
        "mdd_p75": -0.050825
      },
      "24": {
        "n_total": 3024,
        "n_hit": 2424,
        "p_hit": 0.801587,
        "t_hit_p25": 1.0,
        "t_hit_median": 3.0,
        "t_hit_p75": 7.0,
        "mdd_p25": -0.922675,
        "mdd_median": -0.3647,
        "mdd_p75": -0.08045
      },
      "36": {
        "n_total": 3024,
        "n_hit": 2567,
        "p_hit": 0.848876,
        "t_hit_p25": 1.0,
        "t_hit_median": 3.0,
        "t_hit_p75": 8.0,
        "mdd_p25": -1.0206499999999998,
        "mdd_median": -0.4103,
        "mdd_p75": -0.0954
      },
      "48": {
        "n_total": 3024,
        "n_hit": 2624,
        "p_hit": 0.867725,
        "t_hit_p25": 1.0,
        "t_hit_median": 3.0,
        "t_hit_p75": 9.0,
        "mdd_p25": -1.126075,
        "mdd_median": -0.4259,
        "mdd_p75": -0.102075
      },
      "60": {
        "n_total": 3024,
        "n_hit": 2652,
        "p_hit": 0.876984,
        "t_hit_p25": 1.0,
        "t_hit_median": 3.0,
        "t_hit_p75": 9.0,
        "mdd_p25": -1.1528,
        "mdd_median": -0.43555,
        "mdd_p75": -0.10417499999999999
      },
      "72": {
        "n_total": 3024,
        "n_hit": 2691,
        "p_hit": 0.889881,
        "t_hit_p25": 1.0,
        "t_hit_median": 3.0,
        "t_hit_p75": 10.0,
        "mdd_p25": -1.20925,
        "mdd_median": -0.4467,
        "mdd_p75": -0.10645
      },
      "84": {
        "n_total": 3024,
        "n_hit": 2734,
        "p_hit": 0.904101,
        "t_hit_p25": 1.0,
        "t_hit_median": 3.0,
        "t_hit_p75": 10.0,
        "mdd_p25": -1.28405,
        "mdd_median": -0.46455,
        "mdd_p75": -0.11097499999999999
      },
      "96": {
        "n_total": 3024,
        "n_hit": 2763,
        "p_hit": 0.91369,
        "t_hit_p25": 1.0,
        "t_hit_median": 3.0,
        "t_hit_p75": 11.0,
        "mdd_p25": -1.34055,
        "mdd_median": -0.4738,
        "mdd_p75": -0.11560000000000001
      }
    },
    "1.0": {
      "12": {
        "n_total": 3024,
        "n_hit": 1549,
        "p_hit": 0.512235,
        "t_hit_p25": 2.0,
        "t_hit_median": 4.0,
        "t_hit_p75": 7.0,
        "mdd_p25": -0.9542,
        "mdd_median": -0.3684,
        "mdd_p75": -0.0788
      },
      "24": {
        "n_total": 3024,
        "n_hit": 1946,
        "p_hit": 0.643519,
        "t_hit_p25": 2.0,
        "t_hit_median": 5.0,
        "t_hit_p75": 11.0,
        "mdd_p25": -1.1289,
        "mdd_median": -0.47514999999999996,
        "mdd_p75": -0.12815
      },
      "36": {
        "n_total": 3024,
        "n_hit": 2186,
        "p_hit": 0.722884,
        "t_hit_p25": 3.0,
        "t_hit_median": 6.0,
        "t_hit_p75": 15.0,
        "mdd_p25": -1.342375,
        "mdd_median": -0.54065,
        "mdd_p75": -0.15895
      },
      "48": {
        "n_total": 3024,
        "n_hit": 2297,
        "p_hit": 0.75959,
        "t_hit_p25": 3.0,
        "t_hit_median": 7.0,
        "t_hit_p75": 17.0,
        "mdd_p25": -1.4018,
        "mdd_median": -0.5619,
        "mdd_p75": -0.1719
      },
      "60": {
        "n_total": 3024,
        "n_hit": 2378,
        "p_hit": 0.786376,
        "t_hit_p25": 3.0,
        "t_hit_median": 7.0,
        "t_hit_p75": 18.0,
        "mdd_p25": -1.505675,
        "mdd_median": -0.59975,
        "mdd_p75": -0.18142499999999998
      },
      "72": {
        "n_total": 3024,
        "n_hit": 2444,
        "p_hit": 0.808201,
        "t_hit_p25": 3.0,
        "t_hit_median": 8.0,
        "t_hit_p75": 20.0,
        "mdd_p25": -1.59365,
        "mdd_median": -0.62325,
        "mdd_p75": -0.192075
      },
      "84": {
        "n_total": 3024,
        "n_hit": 2504,
        "p_hit": 0.828042,
        "t_hit_p25": 3.0,
        "t_hit_median": 8.0,
        "t_hit_p75": 22.0,
        "mdd_p25": -1.689425,
        "mdd_median": -0.66525,
        "mdd_p75": -0.20432499999999998
      },
      "96": {
        "n_total": 3024,
        "n_hit": 2542,
        "p_hit": 0.840608,
        "t_hit_p25": 3.0,
        "t_hit_median": 8.0,
        "t_hit_p75": 23.0,
        "mdd_p25": -1.7690249999999998,
        "mdd_median": -0.6836500000000001,
        "mdd_p75": -0.21325
      }
    },
    "2.0": {
      "12": {
        "n_total": 3024,
        "n_hit": 738,
        "p_hit": 0.244048,
        "t_hit_p25": 3.0,
        "t_hit_median": 5.0,
        "t_hit_p75": 8.75,
        "mdd_p25": -0.9723750000000001,
        "mdd_median": -0.41000000000000003,
        "mdd_p75": -0.08987500000000001
      },
      "24": {
        "n_total": 3024,
        "n_hit": 1198,
        "p_hit": 0.396164,
        "t_hit_p25": 4.0,
        "t_hit_median": 9.0,
        "t_hit_p75": 16.0,
        "mdd_p25": -1.28195,
        "mdd_median": -0.57715,
        "mdd_p75": -0.17385
      },
      "36": {
        "n_total": 3024,
        "n_hit": 1515,
        "p_hit": 0.500992,
        "t_hit_p25": 5.0,
        "t_hit_median": 13.0,
        "t_hit_p75": 23.0,
        "mdd_p25": -1.46705,
        "mdd_median": -0.6798,
        "mdd_p75": -0.21685
      },
      "48": {
        "n_total": 3024,
        "n_hit": 1727,
        "p_hit": 0.571098,
        "t_hit_p25": 6.0,
        "t_hit_median": 16.0,
        "t_hit_p75": 28.0,
        "mdd_p25": -1.57995,
        "mdd_median": -0.7627,
        "mdd_p75": -0.26435
      },
      "60": {
        "n_total": 3024,
        "n_hit": 1865,
        "p_hit": 0.616733,
        "t_hit_p25": 7.0,
        "t_hit_median": 17.0,
        "t_hit_p75": 32.0,
        "mdd_p25": -1.6413,
        "mdd_median": -0.8182,
        "mdd_p75": -0.2854
      },
      "72": {
        "n_total": 3024,
        "n_hit": 1986,
        "p_hit": 0.656746,
        "t_hit_p25": 7.0,
        "t_hit_median": 18.0,
        "t_hit_p75": 35.75,
        "mdd_p25": -1.8035999999999999,
        "mdd_median": -0.9051,
        "mdd_p75": -0.3126
      },
      "84": {
        "n_total": 3024,
        "n_hit": 2069,
        "p_hit": 0.684193,
        "t_hit_p25": 8.0,
        "t_hit_median": 20.0,
        "t_hit_p75": 39.0,
        "mdd_p25": -1.9385,
        "mdd_median": -0.9626,
        "mdd_p75": -0.3339
      },
      "96": {
        "n_total": 3024,
        "n_hit": 2145,
        "p_hit": 0.709325,
        "t_hit_p25": 8.0,
        "t_hit_median": 21.0,
        "t_hit_p75": 41.0,
        "mdd_p25": -2.0557,
        "mdd_median": -1.0025,
        "mdd_p75": -0.3483
      }
    },
    "3.0": {
      "12": {
        "n_total": 3024,
        "n_hit": 398,
        "p_hit": 0.131614,
        "t_hit_p25": 3.0,
        "t_hit_median": 6.0,
        "t_hit_p75": 9.0,
        "mdd_p25": -0.928125,
        "mdd_median": -0.36624999999999996,
        "mdd_p75": -0.09462499999999999
      },
      "24": {
        "n_total": 3024,
        "n_hit": 692,
        "p_hit": 0.228836,
        "t_hit_p25": 5.0,
        "t_hit_median": 10.0,
        "t_hit_p75": 17.0,
        "mdd_p25": -1.346775,
        "mdd_median": -0.5540499999999999,
        "mdd_p75": -0.158075
      },
      "36": {
        "n_total": 3024,
        "n_hit": 977,
        "p_hit": 0.323082,
        "t_hit_p25": 7.0,
        "t_hit_median": 16.0,
        "t_hit_p75": 26.0,
        "mdd_p25": -1.6042,
        "mdd_median": -0.6842,
        "mdd_p75": -0.2074
      },
      "48": {
        "n_total": 3024,
        "n_hit": 1203,
        "p_hit": 0.397817,
        "t_hit_p25": 9.0,
        "t_hit_median": 21.0,
        "t_hit_p75": 33.0,
        "mdd_p25": -1.71035,