{
  "schema": "baseline_probs_v1",
  "source_labels": "data/labels/labels_v1.csv",
  "n_rows_labels": 3122,
  "thresholds": [
    0.5,
    1.0,
    2.0,
    3.0,
    5.0
  ],
  "horizons": [
    12,
    24,
    36,
    48,
    60,
    72,
    84,
    96
  ],
  "results": {
    "0.5": {
      "12": {
        "n_total": 3122,
        "n_hit": 2211,
        "p_hit": 0.7082,
        "t_hit_p25": 1.0,
        "t_hit_median": 2.0,
        "t_hit_p75": 4.0,
        "mdd_p25": -0.7295,
        "mdd_median": -0.2962,
        "mdd_p75": -0.0506
      },
      "24": {
        "n_total": 3122,
        "n_hit": 2513,
        "p_hit": 0.804933,
        "t_hit_p25": 1.0,
        "t_hit_median": 3.0,
        "t_hit_p75": 7.0,
        "mdd_p25": -0.9225,
        "mdd_median": -0.3651,
        "mdd_p75": -0.0809
      },
      "36": {
        "n_total": 3122,
        "n_hit": 2657,
        "p_hit": 0.851057,
        "t_hit_p25": 1.0,
        "t_hit_median": 3.0,
        "t_hit_p75": 8.0,
        "mdd_p25": -1.0159,
        "mdd_median": -0.4096,
        "mdd_p75": -0.0953
      },
      "48": {
        "n_total": 3122,
        "n_hit": 2716,
        "p_hit": 0.869955,
        "t_hit_p25": 1.0,
        "t_hit_median": 3.0,
        "t_hit_p75": 9.0,
        "mdd_p25": -1.108925,
        "mdd_median": -0.42275,
        "mdd_p75": -0.102075
      },
      "60": {
        "n_total": 3122,
        "n_hit": 2747,
        "p_hit": 0.879885,
        "t_hit_p25": 1.0,
        "t_hit_median": 3.0,
        "t_hit_p75": 9.0,
        "mdd_p25": -1.15105,
        "mdd_median": -0.4322,
        "mdd_p75": -0.10425000000000001
      },
      "72": {
        "n_total": 3122,
        "n_hit": 2787,
        "p_hit": 0.892697,
        "t_hit_p25": 1.0,
        "t_hit_median": 3.0,
        "t_hit_p75": 10.0,
        "mdd_p25": -1.2051,
        "mdd_median": -0.4427,
        "mdd_p75": -0.1071
      },
      "84": {
        "n_total": 3122,
        "n_hit": 2830,
        "p_hit": 0.90647,
        "t_hit_p25": 1.0,
        "t_hit_median": 3.0,
        "t_hit_p75": 10.0,
        "mdd_p25": -1.2772999999999999,
        "mdd_median": -0.45965,
        "mdd_p75": -0.11155000000000001
      },
      "96": {
        "n_total": 3122,
        "n_hit": 2860,
        "p_hit": 0.916079,
        "t_hit_p25": 1.0,
        "t_hit_median": 3.0,
        "t_hit_p75": 11.0,
        "mdd_p25": -1.334975,
        "mdd_median": -0.4727,
        "mdd_p75": -0.1159
      }
    },
    "1.0": {
      "12": {
        "n_total": 3122,
        "n_hit": 1614,
        "p_hit": 0.516976,
        "t_hit_p25": 2.0,
        "t_hit_median": 4.0,
        "t_hit_p75": 7.0,
        "mdd_p25": -0.9411250000000001,
        "mdd_median": -0.3658,
        "mdd_p75": -0.078225
      },
      "24": {
        "n_total": 3122,
        "n_hit": 2032,
        "p_hit": 0.650865,
        "t_hit_p25": 2.0,
        "t_hit_median": 5.0,
        "t_hit_p75": 11.0,
        "mdd_p25": -1.120775,
        "mdd_median": -0.4732,
        "mdd_p75": -0.12845
      },
      "36": {
        "n_total": 3122,
        "n_hit": 2273,
        "p_hit": 0.728059,
        "t_hit_p25": 3.0,
        "t_hit_median": 6.0,
        "t_hit_p75": 15.0,
        "mdd_p25": -1.3337,
        "mdd_median": -0.5376,
        "mdd_p75": -0.1588
      },
      "48": {
        "n_total": 3122,
        "n_hit": 2387,
        "p_hit": 0.764574,
        "t_hit_p25": 3.0,
        "t_hit_median": 7.0,
        "t_hit_p75": 17.0,
        "mdd_p25": -1.39585,
        "mdd_median": -0.5593,
        "mdd_p75": -0.1718
      },
      "60": {
        "n_total": 3122,
        "n_hit": 2472,
        "p_hit": 0.7918,
        "t_hit_p25": 3.0,
        "t_hit_median": 7.0,
        "t_hit_p75": 18.0,
        "mdd_p25": -1.49825,
        "mdd_median": -0.5979,
        "mdd_p75": -0.180725
      },
      "72": {
        "n_total": 3122,
        "n_hit": 2539,
        "p_hit": 0.813261,
        "t_hit_p25": 3.0,
        "t_hit_median": 8.0,
        "t_hit_p75": 20.0,
        "mdd_p25": -1.5863999999999998,
        "mdd_median": -0.6219,
        "mdd_p75": -0.1913
      },
      "84": {
        "n_total": 3122,
        "n_hit": 2599,
        "p_hit": 0.832479,
        "t_hit_p25": 3.0,
        "t_hit_median": 8.0,
        "t_hit_p75": 21.0,
        "mdd_p25": -1.6834,
        "mdd_median": -0.6618,
        "mdd_p75": -0.20165
      },
      "96": {
        "n_total": 3122,
        "n_hit": 2638,
        "p_hit": 0.844971,
        "t_hit_p25": 3.0,
        "t_hit_median": 8.0,
        "t_hit_p75": 23.0,
        "mdd_p25": -1.7540499999999999,
        "mdd_median": -0.6801999999999999,
        "mdd_p75": -0.207775
      }
    },
    "2.0": {
      "12": {
        "n_total": 3122,
        "n_hit": 772,
        "p_hit": 0.247277,
        "t_hit_p25": 3.0,
        "t_hit_median": 5.0,
        "t_hit_p75": 9.0,
        "mdd_p25": -0.9621500000000001,
        "mdd_median": -0.3993,
        "mdd_p75": -0.080325
      },
      "24": {
        "n_total": 3122,
        "n_hit": 1255,
        "p_hit": 0.401986,
        "t_hit_p25": 4.0,
        "t_hit_median": 9.0,
        "t_hit_p75": 16.0,
        "mdd_p25": -1.25785,
        "mdd_median": -0.5708,
        "mdd_p75": -0.173
      },
      "36": {
        "n_total": 3122,
        "n_hit": 1586,
        "p_hit": 0.508008,
        "t_hit_p25": 5.0,
        "t_hit_median": 13.0,
        "t_hit_p75": 23.0,
        "mdd_p25": -1.456575,
        "mdd_median": -0.67935,
        "mdd_p75": -0.216275
      },
      "48": {
        "n_total": 3122,
        "n_hit": 1802,
        "p_hit": 0.577194,
        "t_hit_p25": 6.0,
        "t_hit_median": 15.0,
        "t_hit_p75": 27.0,
        "mdd_p25": -1.5707250000000001,
        "mdd_median": -0.76075,
        "mdd_p75": -0.260175
      },
      "60": {
        "n_total": 3122,
        "n_hit": 1945,
        "p_hit": 0.622998,
        "t_hit_p25": 7.0,
        "t_hit_median": 17.0,
        "t_hit_p75": 32.0,
        "mdd_p25": -1.6413,
        "mdd_median": -0.816,
        "mdd_p75": -0.2831
      },
      "72": {
        "n_total": 3122,
        "n_hit": 2067,
        "p_hit": 0.662076,
        "t_hit_p25": 7.0,
        "t_hit_median": 18.0,
        "t_hit_p75": 35.0,
        "mdd_p25": -1.79705,
        "mdd_median": -0.9027,
        "mdd_p75": -0.3096
      },
      "84": {
        "n_total": 3122,
        "n_hit": 2155,
        "p_hit": 0.690263,
        "t_hit_p25": 8.0,
        "t_hit_median": 19.0,
        "t_hit_p75": 38.0,
        "mdd_p25": -1.94025,
        "mdd_median": -0.9577,
        "mdd_p75": -0.3291
      },
      "96": {
        "n_total": 3122,
        "n_hit": 2236,
        "p_hit": 0.716208,
        "t_hit_p25": 8.0,
        "t_hit_median": 21.0,
        "t_hit_p75": 41.0,
        "mdd_p25": -2.058775,
        "mdd_median": -0.99915,
        "mdd_p75": -0.3454
      }
    },
    "3.0": {
      "12": {
        "n_total": 3122,
        "n_hit": 409,
        "p_hit": 0.131006,
        "t_hit_p25": 3.0,
        "t_hit_median": 6.0,
        "t_hit_p75": 9.0,
        "mdd_p25": -0.9293,
        "mdd_median": -0.3684,
        "mdd_p75": -0.0818
      },
      "24": {
        "n_total": 3122,
        "n_hit": 725,
        "p_hit": 0.232223,
        "t_hit_p25": 5.0,
        "t_hit_median": 11.0,
        "t_hit_p75": 17.0,
        "mdd_p25": -1.3323,
        "mdd_median": -0.5546,
        "mdd_p75": -0.156
      },
      "36": {
        "n_total": 3122,
        "n_hit": 1023,
        "p_hit": 0.327675,
        "t_hit_p25": 7.0,
        "t_hit_median": 16.0,
        "t_hit_p75": 26.0,
        "mdd_p25": -1.58795,
        "mdd_median": -0.6845,
        "mdd_p75": -0.20745
      },
      "48": {
        "n_total": 3122,
        "n_hit": 1259,
        "p_hit": 0.403267,
        "t_hit_p25": 9.0,
        "t_hit_median": 21.0,
        "t_hit_p75": 33.0,
        "mdd_p25": -1.71035,
        "mdd_median": -0.8182,
        "mdd_p75": -0.2733
      },
      "60": {
        "n_total": 3122,
        "n_hit": 1440,