{
  "schema": "baseline_probs_v1",
  "source_labels": "data/labels/labels_v1.csv",
  "n_rows_labels": 900,
  "thresholds": [
    0.5,
    1.0,
    2.0,
    3.0,
    5.0
  ],
  "horizons": [
    12,
    24,
    36,
    48,
    60,
    72,
    84,
    96
  ],
  "results": {
    "0.5": {
      "12": {
        "n_total": 900,
        "n_hit": 611,
        "p_hit": 0.678889,
        "t_hit_p25": 1.0,
        "t_hit_median": 3.0,
        "t_hit_p75": 6.0,
        "mdd_p25": -0.6347,
        "mdd_median": -0.247,
        "mdd_p75": -0.05365
      },
      "24": {
        "n_total": 900,
        "n_hit": 723,
        "p_hit": 0.803333,
        "t_hit_p25": 2.0,
        "t_hit_median": 4.0,
        "t_hit_p75": 9.0,
        "mdd_p25": -0.8052999999999999,
        "mdd_median": -0.3252,
        "mdd_p75": -0.09045
      },
      "36": {
        "n_total": 900,
        "n_hit": 765,
        "p_hit": 0.85,
        "t_hit_p25": 2.0,
        "t_hit_median": 4.0,
        "t_hit_p75": 10.0,
        "mdd_p25": -0.8466,
        "mdd_median": -0.3594,
        "mdd_p75": -0.1006
      },
      "48": {
        "n_total": 900,
        "n_hit": 775,
        "p_hit": 0.861111,
        "t_hit_p25": 2.0,
        "t_hit_median": 4.0,
        "t_hit_p75": 10.0,
        "mdd_p25": -0.8955,
        "mdd_median": -0.3692,
        "mdd_p75": -0.10205
      },
      "60": {
        "n_total": 900,
        "n_hit": 789,
        "p_hit": 0.876667,
        "t_hit_p25": 2.0,
        "t_hit_median": 4.0,
        "t_hit_p75": 11.0,
        "mdd_p25": -0.9724,
        "mdd_median": -0.3797,
        "mdd_p75": -0.1043
      },
      "72": {
        "n_total": 900,
        "n_hit": 811,
        "p_hit": 0.901111,
        "t_hit_p25": 2.0,
        "t_hit_median": 5.0,
        "t_hit_p75": 12.0,
        "mdd_p25": -1.0382500000000001,
        "mdd_median": -0.4028,
        "mdd_p75": -0.10645
      },
      "84": {
        "n_total": 900,
        "n_hit": 827,
        "p_hit": 0.918889,
        "t_hit_p25": 2.0,
        "t_hit_median": 5.0,
        "t_hit_p75": 13.0,
        "mdd_p25": -1.14975,
        "mdd_median": -0.4191,
        "mdd_p75": -0.1103
      },
      "96": {
        "n_total": 900,
        "n_hit": 833,
        "p_hit": 0.925556,
        "t_hit_p25": 2.0,
        "t_hit_median": 5.0,
        "t_hit_p75": 14.0,
        "mdd_p25": -1.1694,
        "mdd_median": -0.426,
        "mdd_p75": -0.1125
      }
    },
    "1.0": {
      "12": {
        "n_total": 900,
        "n_hit": 429,
        "p_hit": 0.476667,
        "t_hit_p25": 3.0,
        "t_hit_median": 5.0,
        "t_hit_p75": 8.0,
        "mdd_p25": -0.783,
        "mdd_median": -0.2725,
        "mdd_p75": -0.0678
      },
      "24": {
        "n_total": 900,
        "n_hit": 573,
        "p_hit": 0.636667,
        "t_hit_p25": 3.0,
        "t_hit_median": 7.0,
        "t_hit_p75": 13.0,
        "mdd_p25": -0.9448,
        "mdd_median": -0.3906,
        "mdd_p75": -0.1035
      },
      "36": {
        "n_total": 900,
        "n_hit": 654,
        "p_hit": 0.726667,
        "t_hit_p25": 4.0,
        "t_hit_median": 8.0,
        "t_hit_p75": 17.0,
        "mdd_p25": -1.0607,
        "mdd_median": -0.44405,
        "mdd_p75": -0.1303
      },
      "48": {
        "n_total": 900,
        "n_hit": 689,
        "p_hit": 0.765556,
        "t_hit_p25": 4.0,
        "t_hit_median": 8.0,
        "t_hit_p75": 19.0,
        "mdd_p25": -1.1102,
        "mdd_median": -0.4585,
        "mdd_p75": -0.1428
      },
      "60": {
        "n_total": 900,
        "n_hit": 725,
        "p_hit": 0.805556,
        "t_hit_p25": 4.0,
        "t_hit_median": 9.0,
        "t_hit_p75": 21.0,
        "mdd_p25": -1.2247,
        "mdd_median": -0.4791,
        "mdd_p75": -0.1577
      },
      "72": {
        "n_total": 900,
        "n_hit": 756,
        "p_hit": 0.84,
        "t_hit_p25": 4.0,
        "t_hit_median": 10.0,
        "t_hit_p75": 24.0,
        "mdd_p25": -1.3438750000000002,
        "mdd_median": -0.5095000000000001,
        "mdd_p75": -0.1666
      },
      "84": {
        "n_total": 900,
        "n_hit": 777,
        "p_hit": 0.863333,
        "t_hit_p25": 4.0,
        "t_hit_median": 10.0,
        "t_hit_p75": 25.0,
        "mdd_p25": -1.3966,
        "mdd_median": -0.5429,
        "mdd_p75": -0.1707
      },
      "96": {
        "n_total": 900,
        "n_hit": 788,
        "p_hit": 0.875556,
        "t_hit_p25": 4.75,
        "t_hit_median": 10.0,
        "t_hit_p75": 27.0,
        "mdd_p25": -1.462375,
        "mdd_median": -0.54965,
        "mdd_p75": -0.17185
      }
    },
    "2.0": {
      "12": {
        "n_total": 900,
        "n_hit": 189,
        "p_hit": 0.21,
        "t_hit_p25": 4.0,
        "t_hit_median": 6.0,
        "t_hit_p75": 9.0,
        "mdd_p25": -0.7144,
        "mdd_median": -0.352,
        "mdd_p75": -0.1009
      },
      "24": {
        "n_total": 900,
        "n_hit": 342,
        "p_hit": 0.38,
        "t_hit_p25": 6.0,
        "t_hit_median": 11.0,
        "t_hit_p75": 17.0,
        "mdd_p25": -1.0266000000000002,
        "mdd_median": -0.5177,
        "mdd_p75": -0.16972500000000001
      },
      "36": {
        "n_total": 900,
        "n_hit": 434,
        "p_hit": 0.482222,
        "t_hit_p25": 7.0,
        "t_hit_median": 15.0,
        "t_hit_p75": 23.0,
        "mdd_p25": -1.016325,
        "mdd_median": -0.47875,
        "mdd_p75": -0.1688
      },
      "48": {
        "n_total": 900,
        "n_hit": 516,
        "p_hit": 0.573333,
        "t_hit_p25": 8.0,
        "t_hit_median": 17.0,
        "t_hit_p75": 31.0,
        "mdd_p25": -1.152075,
        "mdd_median": -0.49845,
        "mdd_p75": -0.1814
      },
      "60": {
        "n_total": 900,
        "n_hit": 576,
        "p_hit": 0.64,
        "t_hit_p25": 9.0,
        "t_hit_median": 20.0,
        "t_hit_p75": 36.0,
        "mdd_p25": -1.237325,
        "mdd_median": -0.54455,
        "mdd_p75": -0.2187
      },
      "72": {
        "n_total": 900,
        "n_hit": 619,
        "p_hit": 0.687778,
        "t_hit_p25": 10.0,
        "t_hit_median": 21.0,
        "t_hit_p75": 42.0,
        "mdd_p25": -1.30865,
        "mdd_median": -0.5938,
        "mdd_p75": -0.2447
      },
      "84": {
        "n_total": 900,
        "n_hit": 644,
        "p_hit": 0.715556,
        "t_hit_p25": 10.0,
        "t_hit_median": 22.0,
        "t_hit_p75": 44.0,
        "mdd_p25": -1.3880750000000002,
        "mdd_median": -0.6192500000000001,
        "mdd_p75": -0.2631
      },
      "96": {
        "n_total": 900,
        "n_hit": 666,
        "p_hit": 0.74,
        "t_hit_p25": 11.0,
        "t_hit_median": 23.0,
        "t_hit_p75": 46.0,
        "mdd_p25": -1.465325,
        "mdd_median": -0.65425,
        "mdd_p75": -0.26985
      }
    },
    "3.0": {
      "12": {
        "n_total": 900,
        "n_hit": 87,
        "p_hit": 0.096667,
        "t_hit_p25": 4.5,
        "t_hit_median": 7.0,
        "t_hit_p75": 10.0,
        "mdd_p25": -0.85395,
        "mdd_median": -0.3339,
        "mdd_p75": -0.13845000000000002
      },
      "24": {
        "n_total": 900,
        "n_hit": 164,
        "p_hit": 0.182222,
        "t_hit_p25": 7.0,
        "t_hit_median": 12.0,
        "t_hit_p75": 19.0,
        "mdd_p25": -0.709675,
        "mdd_median": -0.36175,
        "mdd_p75": -0.1173
      },
      "36": {
        "n_total": 900,
        "n_hit": 254,
        "p_hit": 0.282222,
        "t_hit_p25": 10.0,
        "t_hit_median": 20.0,
        "t_hit_p75": 29.0,
        "mdd_p25": -0.8909499999999999,
        "mdd_median": -0.45640000000000003,
        "mdd_p75": -0.146725
      },
      "48": {
        "n_total": 900,
        "n_hit": 327,
        "p_hit": 0.363333,
        "t_hit_p25": 12.0,
        "t_hit_median": 24.0,
        "t_hit_p75": 35.0,
        "mdd_p25": -0.9795,
        "mdd_median": -0.4818,
        "mdd_p75": -0.19995000000000002
      },
      "60": {
        "n_total": 900,
        "n_hit": 392,
        "p_hit": 0.435556,