{
  "schema": "baseline_probs_v1",
  "source_labels": "data/labels/labels_v1.csv",
  "n_rows_labels": 91,
  "thresholds": [
    0.5,
    1.0,
    2.0,
    3.0,
    5.0
  ],
  "horizons": [
    12,
    24,
    36,
    48,
    60,
    72,
    84,
    96
  ],
  "results": {
    "0.5": {
      "12": {
        "n_total": 91,
        "n_hit": 74,
        "p_hit": 0.813187,
        "t_hit_p25": 1.0,
        "t_hit_median": 2.0,
        "t_hit_p75": 3.75,
        "mdd_p25": -0.700525,
        "mdd_median": -0.3439,
        "mdd_p75": -0.1412
      },
      "24": {
        "n_total": 91,
        "n_hit": 80,
        "p_hit": 0.879121,
        "t_hit_p25": 1.0,
        "t_hit_median": 2.0,
        "t_hit_p75": 4.25,
        "mdd_p25": -0.9312749999999999,
        "mdd_median": -0.41469999999999996,
        "mdd_p75": -0.148925
      },
      "36": {
        "n_total": 91,
        "n_hit": 90,
        "p_hit": 0.989011,
        "t_hit_p25": 1.0,
        "t_hit_median": 2.0,
        "t_hit_p75": 5.0,
        "mdd_p25": -0.9138,
        "mdd_median": -0.5407,
        "mdd_p75": -0.17859999999999998
      },
      "48": {
        "n_total": 91,
        "n_hit": 90,
        "p_hit": 0.989011,
        "t_hit_p25": 1.0,
        "t_hit_median": 2.0,
        "t_hit_p75": 5.0,
        "mdd_p25": -0.9138,
        "mdd_median": -0.5407,
        "mdd_p75": -0.17859999999999998
      },
      "60": {
        "n_total": 91,
        "n_hit": 91,
        "p_hit": 1.0,
        "t_hit_p25": 1.0,
        "t_hit_median": 2.0,
        "t_hit_p75": 5.5,
        "mdd_p25": -0.93275,
        "mdd_median": -0.5418,
        "mdd_p75": -0.18230000000000002
      },
      "72": {
        "n_total": 91,
        "n_hit": 91,
        "p_hit": 1.0,
        "t_hit_p25": 1.0,
        "t_hit_median": 2.0,
        "t_hit_p75": 5.5,
        "mdd_p25": -0.93275,
        "mdd_median": -0.5418,
        "mdd_p75": -0.18230000000000002
      },
      "84": {
        "n_total": 91,
        "n_hit": 91,
        "p_hit": 1.0,
        "t_hit_p25": 1.0,
        "t_hit_median": 2.0,
        "t_hit_p75": 5.5,
        "mdd_p25": -0.93275,
        "mdd_median": -0.5418,
        "mdd_p75": -0.18230000000000002
      },
      "96": {
        "n_total": 91,
        "n_hit": 91,
        "p_hit": 1.0,
        "t_hit_p25": 1.0,
        "t_hit_median": 2.0,
        "t_hit_p75": 5.5,
        "mdd_p25": -0.93275,
        "mdd_median": -0.5418,
        "mdd_p75": -0.18230000000000002
      }
    },
    "1.0": {
      "12": {
        "n_total": 91,
        "n_hit": 66,
        "p_hit": 0.725275,
        "t_hit_p25": 2.0,
        "t_hit_median": 4.0,
        "t_hit_p75": 7.0,
        "mdd_p25": -1.00515,
        "mdd_median": -0.44155,
        "mdd_p75": -0.178925
      },
      "24": {
        "n_total": 91,
        "n_hit": 78,
        "p_hit": 0.857143,
        "t_hit_p25": 3.0,
        "t_hit_median": 5.0,
        "t_hit_p75": 9.0,
        "mdd_p25": -1.556,
        "mdd_median": -0.5775,
        "mdd_p75": -0.21509999999999999
      },
      "36": {
        "n_total": 91,
        "n_hit": 79,
        "p_hit": 0.868132,
        "t_hit_p25": 3.0,
        "t_hit_median": 5.0,
        "t_hit_p75": 9.0,
        "mdd_p25": -1.6052499999999998,
        "mdd_median": -0.6004,
        "mdd_p75": -0.2227
      },
      "48": {
        "n_total": 91,
        "n_hit": 86,
        "p_hit": 0.945055,
        "t_hit_p25": 3.0,
        "t_hit_median": 5.5,
        "t_hit_p75": 11.75,
        "mdd_p25": -1.4951750000000001,
        "mdd_median": -0.69455,
        "mdd_p75": -0.243625
      },
      "60": {
        "n_total": 91,
        "n_hit": 91,
        "p_hit": 1.0,
        "t_hit_p25": 3.0,
        "t_hit_median": 6.0,
        "t_hit_p75": 14.0,
        "mdd_p25": -1.4954,
        "mdd_median": -0.8289,
        "mdd_p75": -0.24595
      },
      "72": {
        "n_total": 91,
        "n_hit": 91,
        "p_hit": 1.0,
        "t_hit_p25": 3.0,
        "t_hit_median": 6.0,
        "t_hit_p75": 14.0,
        "mdd_p25": -1.4954,
        "mdd_median": -0.8289,
        "mdd_p75": -0.24595
      },
      "84": {
        "n_total": 91,
        "n_hit": 91,
        "p_hit": 1.0,
        "t_hit_p25": 3.0,
        "t_hit_median": 6.0,
        "t_hit_p75": 14.0,
        "mdd_p25": -1.4954,
        "mdd_median": -0.8289,
        "mdd_p75": -0.24595
      },
      "96": {
        "n_total": 91,
        "n_hit": 91,
        "p_hit": 1.0,
        "t_hit_p25": 3.0,
        "t_hit_median": 6.0,
        "t_hit_p75": 14.0,
        "mdd_p25": -1.4954,
        "mdd_median": -0.8289,
        "mdd_p75": -0.24595
      }
    },
    "2.0": {
      "12": {
        "n_total": 91,
        "n_hit": 41,
        "p_hit": 0.450549,
        "t_hit_p25": 4.0,
        "t_hit_median": 6.0,
        "t_hit_p75": 9.0,
        "mdd_p25": -1.3916,
        "mdd_median": -0.4383,
        "mdd_p75": -0.1954
      },
      "24": {
        "n_total": 91,
        "n_hit": 61,
        "p_hit": 0.67033,
        "t_hit_p25": 6.0,
        "t_hit_median": 9.0,
        "t_hit_p75": 15.0,
        "mdd_p25": -1.7133,
        "mdd_median": -0.6004,
        "mdd_p75": -0.2228
      },
      "36": {
        "n_total": 91,
        "n_hit": 70,
        "p_hit": 0.769231,
        "t_hit_p25": 6.0,
        "t_hit_median": 10.0,
        "t_hit_p75": 19.75,
        "mdd_p25": -1.8403749999999999,
        "mdd_median": -1.2534,
        "mdd_p75": -0.253375
      },
      "48": {
        "n_total": 91,
        "n_hit": 77,
        "p_hit": 0.846154,
        "t_hit_p25": 6.0,
        "t_hit_median": 10.0,
        "t_hit_p75": 23.0,
        "mdd_p25": -1.7344,
        "mdd_median": -1.27,
        "mdd_p75": -0.3279
      },
      "60": {
        "n_total": 91,
        "n_hit": 88,
        "p_hit": 0.967033,
        "t_hit_p25": 7.0,
        "t_hit_median": 15.0,
        "t_hit_p75": 30.25,
        "mdd_p25": -1.6336,
        "mdd_median": -1.22155,
        "mdd_p75": -0.372975
      },
      "72": {
        "n_total": 91,
        "n_hit": 89,
        "p_hit": 0.978022,
        "t_hit_p25": 7.0,
        "t_hit_median": 15.0,
        "t_hit_p75": 31.0,
        "mdd_p25": -1.6228,
        "mdd_median": -1.2184,
        "mdd_p75": -0.3775
      },
      "84": {
        "n_total": 91,
        "n_hit": 91,
        "p_hit": 1.0,
        "t_hit_p25": 7.0,
        "t_hit_median": 15.0,
        "t_hit_p75": 32.5,
        "mdd_p25": -1.6896499999999999,
        "mdd_median": -1.2247,
        "mdd_p75": -0.39390000000000003
      },
      "96": {
        "n_total": 91,
        "n_hit": 91,
        "p_hit": 1.0,
        "t_hit_p25": 7.0,
        "t_hit_median": 15.0,
        "t_hit_p75": 32.5,
        "mdd_p25": -1.6896499999999999,
        "mdd_median": -1.2247,
        "mdd_p75": -0.39390000000000003
      }
    },
    "3.0": {
      "12": {
        "n_total": 91,
        "n_hit": 31,
        "p_hit": 0.340659,
        "t_hit_p25": 5.0,
        "t_hit_median": 7.0,
        "t_hit_p75": 10.0,
        "mdd_p25": -1.3956499999999998,
        "mdd_median": -0.5428,
        "mdd_p75": -0.20145
      },
      "24": {
        "n_total": 91,
        "n_hit": 43,
        "p_hit": 0.472527,
        "t_hit_p25": 6.0,
        "t_hit_median": 10.0,
        "t_hit_p75": 14.5,
        "mdd_p25": -1.5088,
        "mdd_median": -0.5546,
        "mdd_p75": -0.20145
      },
      "36": {
        "n_total": 91,
        "n_hit": 51,
        "p_hit": 0.56044,
        "t_hit_p25": 6.0,
        "t_hit_median": 10.0,
        "t_hit_p75": 20.0,
        "mdd_p25": -1.512,
        "mdd_median": -0.7144,
        "mdd_p75": -0.24509999999999998
      },
      "48": {
        "n_total": 91,
        "n_hit": 52,
        "p_hit": 0.571429,
        "t_hit_p25": 6.0,
        "t_hit_median": 10.0,
        "t_hit_p75": 20.25,
        "mdd_p25": -1.56445,
        "mdd_median": -0.9365000000000001,
        "mdd_p75": -0.24605
      },
      "60": {
        "n_total": 91,
        "n_hit": 62,
        "p_hit": 0.681319,