{
  "schema": "baseline_probs_v1",
  "source_labels": "data/labels/labels_v1.csv",
  "n_rows_labels": 2342,
  "thresholds": [
    0.5,
    1.0,
    2.0,
    3.0,
    5.0
  ],
  "horizons": [
    12,
    24,
    36,
    48,
    60,
    72,
    84,
    96
  ],
  "results": {
    "0.5": {
      "12": {
        "n_total": 2342,
        "n_hit": 1684,
        "p_hit": 0.719044,
        "t_hit_p25": 1.0,
        "t_hit_median": 2.0,
        "t_hit_p75": 4.0,
        "mdd_p25": -0.7978999999999999,
        "mdd_median": -0.30610000000000004,
        "mdd_p75": -0.056075
      },
      "24": {
        "n_total": 2342,
        "n_hit": 1899,
        "p_hit": 0.810845,
        "t_hit_p25": 1.0,
        "t_hit_median": 3.0,
        "t_hit_p75": 6.0,
        "mdd_p25": -0.94545,
        "mdd_median": -0.3703,
        "mdd_p75": -0.0865
      },
      "36": {
        "n_total": 2342,
        "n_hit": 2003,
        "p_hit": 0.855252,
        "t_hit_p25": 1.0,
        "t_hit_median": 3.0,
        "t_hit_p75": 8.0,
        "mdd_p25": -1.0556999999999999,
        "mdd_median": -0.4132,
        "mdd_p75": -0.10135
      },
      "48": {
        "n_total": 2342,
        "n_hit": 2042,
        "p_hit": 0.871904,
        "t_hit_p25": 1.0,
        "t_hit_median": 3.0,
        "t_hit_p75": 8.0,
        "mdd_p25": -1.14535,
        "mdd_median": -0.42735,
        "mdd_p75": -0.10464999999999999
      },
      "60": {
        "n_total": 2342,
        "n_hit": 2064,
        "p_hit": 0.881298,
        "t_hit_p25": 1.0,
        "t_hit_median": 3.0,
        "t_hit_p75": 9.0,
        "mdd_p25": -1.174,
        "mdd_median": -0.438,
        "mdd_p75": -0.106525
      },
      "72": {
        "n_total": 2342,
        "n_hit": 2099,
        "p_hit": 0.896243,
        "t_hit_p25": 1.0,
        "t_hit_median": 3.0,
        "t_hit_p75": 9.0,
        "mdd_p25": -1.2564000000000002,
        "mdd_median": -0.4492,
        "mdd_p75": -0.1121
      },
      "84": {
        "n_total": 2342,
        "n_hit": 2138,
        "p_hit": 0.912895,
        "t_hit_p25": 1.0,
        "t_hit_median": 3.0,
        "t_hit_p75": 10.0,
        "mdd_p25": -1.3485,
        "mdd_median": -0.4732,
        "mdd_p75": -0.117725
      },
      "96": {
        "n_total": 2342,
        "n_hit": 2162,
        "p_hit": 0.923143,
        "t_hit_p25": 1.0,
        "t_hit_median": 3.0,
        "t_hit_p75": 10.0,
        "mdd_p25": -1.37965,
        "mdd_median": -0.48195,
        "mdd_p75": -0.12092499999999999
      }
    },
    "1.0": {
      "12": {
        "n_total": 2342,
        "n_hit": 1252,
        "p_hit": 0.534586,
        "t_hit_p25": 2.0,
        "t_hit_median": 4.0,
        "t_hit_p75": 7.0,
        "mdd_p25": -0.99815,
        "mdd_median": -0.40545,
        "mdd_p75": -0.08277499999999999
      },
      "24": {
        "n_total": 2342,
        "n_hit": 1536,
        "p_hit": 0.65585,
        "t_hit_p25": 2.0,
        "t_hit_median": 5.0,
        "t_hit_p75": 10.0,
        "mdd_p25": -1.170275,
        "mdd_median": -0.49845,
        "mdd_p75": -0.1356
      },
      "36": {
        "n_total": 2342,
        "n_hit": 1716,
        "p_hit": 0.732707,
        "t_hit_p25": 2.0,
        "t_hit_median": 6.0,
        "t_hit_p75": 14.0,
        "mdd_p25": -1.3714,
        "mdd_median": -0.54455,
        "mdd_p75": -0.16345
      },
      "48": {
        "n_total": 2342,
        "n_hit": 1802,
        "p_hit": 0.769428,
        "t_hit_p25": 3.0,
        "t_hit_median": 6.0,
        "t_hit_p75": 16.0,
        "mdd_p25": -1.465325,
        "mdd_median": -0.579,
        "mdd_p75": -0.174925
      },
      "60": {
        "n_total": 2342,
        "n_hit": 1875,
        "p_hit": 0.800598,
        "t_hit_p25": 3.0,
        "t_hit_median": 7.0,
        "t_hit_p75": 18.0,
        "mdd_p25": -1.58865,
        "mdd_median": -0.6161,
        "mdd_p75": -0.1889
      },
      "72": {
        "n_total": 2342,
        "n_hit": 1935,
        "p_hit": 0.826217,
        "t_hit_p25": 3.0,
        "t_hit_median": 7.0,
        "t_hit_p75": 20.0,
        "mdd_p25": -1.7001,
        "mdd_median": -0.6633,
        "mdd_p75": -0.2033
      },
      "84": {
        "n_total": 2342,
        "n_hit": 1987,
        "p_hit": 0.84842,
        "t_hit_p25": 3.0,
        "t_hit_median": 7.0,
        "t_hit_p75": 22.0,
        "mdd_p25": -1.8165,
        "mdd_median": -0.7002,
        "mdd_p75": -0.21675
      },
      "96": {
        "n_total": 2342,
        "n_hit": 2020,
        "p_hit": 0.862511,
        "t_hit_p25": 3.0,
        "t_hit_median": 8.0,
        "t_hit_p75": 23.0,
        "mdd_p25": -1.9005999999999998,
        "mdd_median": -0.7262500000000001,
        "mdd_p75": -0.224275
      }
    },
    "2.0": {
      "12": {
        "n_total": 2342,
        "n_hit": 630,
        "p_hit": 0.269001,
        "t_hit_p25": 3.0,
        "t_hit_median": 5.0,
        "t_hit_p75": 8.0,
        "mdd_p25": -0.996525,
        "mdd_median": -0.41655,
        "mdd_p75": -0.105
      },
      "24": {
        "n_total": 2342,
        "n_hit": 991,
        "p_hit": 0.423143,
        "t_hit_p25": 4.0,
        "t_hit_median": 9.0,
        "t_hit_p75": 16.0,
        "mdd_p25": -1.3498999999999999,
        "mdd_median": -0.5981,
        "mdd_p75": -0.18705
      },
      "36": {
        "n_total": 2342,
        "n_hit": 1220,
        "p_hit": 0.520922,
        "t_hit_p25": 5.0,
        "t_hit_median": 12.0,
        "t_hit_p75": 21.0,
        "mdd_p25": -1.5891250000000001,
        "mdd_median": -0.7232000000000001,
        "mdd_p75": -0.23117500000000002
      },
      "48": {
        "n_total": 2342,
        "n_hit": 1383,
        "p_hit": 0.590521,
        "t_hit_p25": 6.0,
        "t_hit_median": 14.0,
        "t_hit_p75": 26.0,
        "mdd_p25": -1.6823000000000001,
        "mdd_median": -0.822,
        "mdd_p75": -0.2698
      },
      "60": {
        "n_total": 2342,
        "n_hit": 1493,
        "p_hit": 0.637489,
        "t_hit_p25": 6.0,
        "t_hit_median": 16.0,
        "t_hit_p75": 31.0,
        "mdd_p25": -1.7536,
        "mdd_median": -0.8961,
        "mdd_p75": -0.2866
      },
      "72": {
        "n_total": 2342,
        "n_hit": 1599,
        "p_hit": 0.68275,
        "t_hit_p25": 7.0,
        "t_hit_median": 17.0,
        "t_hit_p75": 35.0,
        "mdd_p25": -1.9740000000000002,
        "mdd_median": -0.9761,
        "mdd_p75": -0.31665
      },
      "84": {
        "n_total": 2342,
        "n_hit": 1674,
        "p_hit": 0.714774,
        "t_hit_p25": 7.0,
        "t_hit_median": 19.0,
        "t_hit_p75": 39.0,
        "mdd_p25": -2.1806,
        "mdd_median": -1.04635,
        "mdd_p75": -0.341575
      },
      "96": {
        "n_total": 2342,
        "n_hit": 1742,
        "p_hit": 0.743809,
        "t_hit_p25": 7.0,
        "t_hit_median": 20.0,
        "t_hit_p75": 42.0,
        "mdd_p25": -2.3402749999999997,
        "mdd_median": -1.13205,
        "mdd_p75": -0.3594
      }
    },
    "3.0": {
      "12": {
        "n_total": 2342,
        "n_hit": 356,
        "p_hit": 0.152007,
        "t_hit_p25": 3.0,
        "t_hit_median": 6.0,
        "t_hit_p75": 9.0,
        "mdd_p25": -0.963875,
        "mdd_median": -0.39339999999999997,
        "mdd_p75": -0.11560000000000001
      },
      "24": {
        "n_total": 2342,
        "n_hit": 603,
        "p_hit": 0.257472,
        "t_hit_p25": 5.0,
        "t_hit_median": 10.0,
        "t_hit_p75": 17.0,
        "mdd_p25": -1.34805,
        "mdd_median": -0.5722,
        "mdd_p75": -0.17195
      },
      "36": {
        "n_total": 2342,
        "n_hit": 835,
        "p_hit": 0.356533,
        "t_hit_p25": 7.0,
        "t_hit_median": 15.0,
        "t_hit_p75": 26.0,
        "mdd_p25": -1.64655,
        "mdd_median": -0.7065,
        "mdd_p75": -0.2219
      },
      "48": {
        "n_total": 2342,
        "n_hit": 1015,
        "p_hit": 0.43339,
        "t_hit_p25": 8.0,
        "t_hit_median": 20.0,
        "t_hit_p75": 32.0,
        "mdd_p25": -1.8092,