{
  "schema": "baseline_probs_v1",
  "source_labels": "data/labels/labels_v1.csv",
  "n_rows_labels": 2567,
  "thresholds": [
    0.5,
    1.0,
    2.0,
    3.0,
    5.0
  ],
  "horizons": [
    12,
    24,
    36,
    48,
    60,
    72,
    84,
    96
  ],
  "results": {
    "0.5": {
      "12": {
        "n_total": 2567,
        "n_hit": 1844,
        "p_hit": 0.718348,
        "t_hit_p25": 1.0,
        "t_hit_median": 2.0,
        "t_hit_p75": 4.0,
        "mdd_p25": -0.7285250000000001,
        "mdd_median": -0.2924,
        "mdd_p75": -0.051449999999999996
      },
      "24": {
        "n_total": 2567,
        "n_hit": 2082,
        "p_hit": 0.811063,
        "t_hit_p25": 1.0,
        "t_hit_median": 3.0,
        "t_hit_p75": 6.0,
        "mdd_p25": -0.90835,
        "mdd_median": -0.35485,
        "mdd_p75": -0.080925
      },
      "36": {
        "n_total": 2567,
        "n_hit": 2197,
        "p_hit": 0.855863,
        "t_hit_p25": 1.0,
        "t_hit_median": 3.0,
        "t_hit_p75": 8.0,
        "mdd_p25": -0.9906,
        "mdd_median": -0.3972,
        "mdd_p75": -0.0963
      },
      "48": {
        "n_total": 2567,
        "n_hit": 2242,
        "p_hit": 0.873393,
        "t_hit_p25": 1.0,
        "t_hit_median": 3.0,
        "t_hit_p75": 8.0,
        "mdd_p25": -1.06325,
        "mdd_median": -0.41475,
        "mdd_p75": -0.10177499999999999
      },
      "60": {
        "n_total": 2567,
        "n_hit": 2265,
        "p_hit": 0.882353,
        "t_hit_p25": 1.0,
        "t_hit_median": 3.0,
        "t_hit_p75": 9.0,
        "mdd_p25": -1.1226,
        "mdd_median": -0.421,
        "mdd_p75": -0.1032
      },
      "72": {
        "n_total": 2567,
        "n_hit": 2304,
        "p_hit": 0.897546,
        "t_hit_p25": 1.0,
        "t_hit_median": 3.0,
        "t_hit_p75": 9.0,
        "mdd_p25": -1.174,
        "mdd_median": -0.43684999999999996,
        "mdd_p75": -0.10615000000000001
      },
      "84": {
        "n_total": 2567,
        "n_hit": 2347,
        "p_hit": 0.914297,
        "t_hit_p25": 1.0,
        "t_hit_median": 3.0,
        "t_hit_p75": 10.0,
        "mdd_p25": -1.2633,
        "mdd_median": -0.4492,
        "mdd_p75": -0.11115
      },
      "96": {
        "n_total": 2567,
        "n_hit": 2376,
        "p_hit": 0.925594,
        "t_hit_p25": 1.0,
        "t_hit_median": 3.0,
        "t_hit_p75": 11.0,
        "mdd_p25": -1.3275,
        "mdd_median": -0.4693,
        "mdd_p75": -0.11635000000000001
      }
    },
    "1.0": {
      "12": {
        "n_total": 2567,
        "n_hit": 1365,
        "p_hit": 0.531749,
        "t_hit_p25": 2.0,
        "t_hit_median": 4.0,
        "t_hit_p75": 7.0,
        "mdd_p25": -0.9626,
        "mdd_median": -0.3691,
        "mdd_p75": -0.0808
      },
      "24": {
        "n_total": 2567,
        "n_hit": 1684,
        "p_hit": 0.656019,
        "t_hit_p25": 2.0,
        "t_hit_median": 5.0,
        "t_hit_p75": 10.0,
        "mdd_p25": -1.1102250000000002,
        "mdd_median": -0.4732,
        "mdd_p75": -0.12874999999999998
      },
      "36": {
        "n_total": 2567,
        "n_hit": 1891,
        "p_hit": 0.736658,
        "t_hit_p25": 3.0,
        "t_hit_median": 6.0,
        "t_hit_p75": 14.0,
        "mdd_p25": -1.32385,
        "mdd_median": -0.5364,
        "mdd_p75": -0.1589
      },
      "48": {
        "n_total": 2567,
        "n_hit": 1991,
        "p_hit": 0.775614,
        "t_hit_p25": 3.0,
        "t_hit_median": 7.0,
        "t_hit_p75": 17.0,
        "mdd_p25": -1.38125,
        "mdd_median": -0.5546,
        "mdd_p75": -0.1718
      },
      "60": {
        "n_total": 2567,
        "n_hit": 2068,
        "p_hit": 0.80561,
        "t_hit_p25": 3.0,
        "t_hit_median": 7.0,
        "t_hit_p75": 18.0,
        "mdd_p25": -1.4889999999999999,
        "mdd_median": -0.5979,
        "mdd_p75": -0.183225
      },
      "72": {
        "n_total": 2567,
        "n_hit": 2133,
        "p_hit": 0.830931,
        "t_hit_p25": 3.0,
        "t_hit_median": 7.0,
        "t_hit_p75": 20.0,
        "mdd_p25": -1.6139,
        "mdd_median": -0.6219,
        "mdd_p75": -0.1939
      },
      "84": {
        "n_total": 2567,
        "n_hit": 2191,
        "p_hit": 0.853526,
        "t_hit_p25": 3.0,
        "t_hit_median": 8.0,
        "t_hit_p75": 23.0,
        "mdd_p25": -1.7158,
        "mdd_median": -0.6662,
        "mdd_p75": -0.20535
      },
      "96": {
        "n_total": 2567,
        "n_hit": 2228,
        "p_hit": 0.867939,
        "t_hit_p25": 3.0,
        "t_hit_median": 8.0,
        "t_hit_p75": 24.0,
        "mdd_p25": -1.8044000000000002,
        "mdd_median": -0.6853,
        "mdd_p75": -0.21555000000000002
      }
    },
    "2.0": {
      "12": {
        "n_total": 2567,
        "n_hit": 667,
        "p_hit": 0.259836,
        "t_hit_p25": 3.0,
        "t_hit_median": 5.0,
        "t_hit_p75": 9.0,
        "mdd_p25": -0.98455,
        "mdd_median": -0.4163,
        "mdd_p75": -0.1054
      },
      "24": {
        "n_total": 2567,
        "n_hit": 1072,
        "p_hit": 0.417608,
        "t_hit_p25": 4.0,
        "t_hit_median": 9.0,
        "t_hit_p75": 16.0,
        "mdd_p25": -1.3003,
        "mdd_median": -0.5744,
        "mdd_p75": -0.179225
      },
      "36": {
        "n_total": 2567,
        "n_hit": 1348,
        "p_hit": 0.525127,
        "t_hit_p25": 5.0,
        "t_hit_median": 13.0,
        "t_hit_p75": 22.0,
        "mdd_p25": -1.51465,
        "mdd_median": -0.67985,
        "mdd_p75": -0.22355
      },
      "48": {
        "n_total": 2567,
        "n_hit": 1532,
        "p_hit": 0.596806,
        "t_hit_p25": 6.0,
        "t_hit_median": 15.0,
        "t_hit_p75": 28.0,
        "mdd_p25": -1.587825,
        "mdd_median": -0.7564,
        "mdd_p75": -0.2654
      },
      "60": {
        "n_total": 2567,
        "n_hit": 1658,
        "p_hit": 0.64589,
        "t_hit_p25": 7.0,
        "t_hit_median": 16.5,
        "t_hit_p75": 32.0,
        "mdd_p25": -1.645325,
        "mdd_median": -0.8221499999999999,
        "mdd_p75": -0.28435
      },
      "72": {
        "n_total": 2567,
        "n_hit": 1769,
        "p_hit": 0.689131,
        "t_hit_p25": 7.0,
        "t_hit_median": 18.0,
        "t_hit_p75": 36.0,
        "mdd_p25": -1.8076,
        "mdd_median": -0.9225,
        "mdd_p75": -0.3121
      },
      "84": {
        "n_total": 2567,
        "n_hit": 1850,
        "p_hit": 0.720686,
        "t_hit_p25": 8.0,
        "t_hit_median": 19.0,
        "t_hit_p75": 39.0,
        "mdd_p25": -1.987075,
        "mdd_median": -0.97295,
        "mdd_p75": -0.33277499999999993
      },
      "96": {
        "n_total": 2567,
        "n_hit": 1925,
        "p_hit": 0.749903,
        "t_hit_p25": 8.0,
        "t_hit_median": 21.0,
        "t_hit_p75": 42.0,
        "mdd_p25": -2.1676,
        "mdd_median": -1.0259,
        "mdd_p75": -0.3487
      }
    },
    "3.0": {
      "12": {
        "n_total": 2567,
        "n_hit": 366,
        "p_hit": 0.142579,
        "t_hit_p25": 3.0,
        "t_hit_median": 6.0,
        "t_hit_p75": 9.0,
        "mdd_p25": -0.9551249999999999,
        "mdd_median": -0.39339999999999997,
        "mdd_p75": -0.11019999999999999
      },
      "24": {
        "n_total": 2567,
        "n_hit": 633,
        "p_hit": 0.246591,
        "t_hit_p25": 5.0,
        "t_hit_median": 10.0,
        "t_hit_p75": 17.0,
        "mdd_p25": -1.3223,
        "mdd_median": -0.5524,
        "mdd_p75": -0.1663
      },
      "36": {
        "n_total": 2567,
        "n_hit": 895,
        "p_hit": 0.348656,
        "t_hit_p25": 7.0,
        "t_hit_median": 16.0,
        "t_hit_p75": 26.0,
        "mdd_p25": -1.58795,
        "mdd_median": -0.6767,
        "mdd_p75": -0.21225
      },
      "48": {
        "n_total": 2567,
        "n_hit": 1108,
        "p_hit": 0.431632,
        "t_hit_p25": 9.0,
        "t_hit_median": 21.0,
        "t_hit_p75": 33.0,
        "mdd_p25": -1.7046750000000002,
        "mdd_median": -0.8016,