{
  "schema": "baseline_probs_v1",
  "source_labels": "data/labels/labels_v1.csv",
  "n_rows_labels": 1277,
  "thresholds": [
    0.5,
    1.0,
    2.0,
    3.0,
    5.0
  ],
  "horizons": [
    12,
    24,
    36,
    48,
    60,
    72,
    84,
    96
  ],
  "results": {
    "0.5": {
      "12": {
        "n_total": 1277,
        "n_hit": 903,
        "p_hit": 0.707126,
        "t_hit_p25": 1.0,
        "t_hit_median": 2.0,
        "t_hit_p75": 5.0,
        "mdd_p25": -0.8338,
        "mdd_median": -0.2897,
        "mdd_p75": -0.0567
      },
      "24": {
        "n_total": 1277,
        "n_hit": 1035,
        "p_hit": 0.810493,
        "t_hit_p25": 1.0,
        "t_hit_median": 3.0,
        "t_hit_p75": 7.0,
        "mdd_p25": -0.97295,
        "mdd_median": -0.3684,
        "mdd_p75": -0.0889
      },
      "36": {
        "n_total": 1277,
        "n_hit": 1082,
        "p_hit": 0.847298,
        "t_hit_p25": 1.0,
        "t_hit_median": 3.0,
        "t_hit_p75": 8.0,
        "mdd_p25": -1.000425,
        "mdd_median": -0.39,
        "mdd_p75": -0.09812499999999999
      },
      "48": {
        "n_total": 1277,
        "n_hit": 1092,
        "p_hit": 0.855129,
        "t_hit_p25": 1.0,
        "t_hit_median": 3.0,
        "t_hit_p75": 9.0,
        "mdd_p25": -1.02505,
        "mdd_median": -0.4031,
        "mdd_p75": -0.10097500000000001
      },
      "60": {
        "n_total": 1277,
        "n_hit": 1106,
        "p_hit": 0.866092,
        "t_hit_p25": 1.0,
        "t_hit_median": 3.0,
        "t_hit_p75": 9.0,
        "mdd_p25": -1.084,
        "mdd_median": -0.4125,
        "mdd_p75": -0.10225000000000001
      },
      "72": {
        "n_total": 1277,
        "n_hit": 1129,
        "p_hit": 0.884103,
        "t_hit_p25": 1.0,
        "t_hit_median": 3.0,
        "t_hit_p75": 10.0,
        "mdd_p25": -1.1687,
        "mdd_median": -0.428,
        "mdd_p75": -0.1048
      },
      "84": {
        "n_total": 1277,
        "n_hit": 1147,
        "p_hit": 0.898199,
        "t_hit_p25": 1.0,
        "t_hit_median": 3.0,
        "t_hit_p75": 10.0,
        "mdd_p25": -1.2437,
        "mdd_median": -0.439,
        "mdd_p75": -0.10645
      },
      "96": {
        "n_total": 1277,
        "n_hit": 1153,
        "p_hit": 0.902897,
        "t_hit_p25": 1.0,
        "t_hit_median": 3.0,
        "t_hit_p75": 10.0,
        "mdd_p25": -1.2536,
        "mdd_median": -0.4433,
        "mdd_p75": -0.1076
      }
    },
    "1.0": {
      "12": {
        "n_total": 1277,
        "n_hit": 660,
        "p_hit": 0.516836,
        "t_hit_p25": 2.0,
        "t_hit_median": 4.0,
        "t_hit_p75": 7.0,
        "mdd_p25": -0.9834499999999999,
        "mdd_median": -0.36185,
        "mdd_p75": -0.08035
      },
      "24": {
        "n_total": 1277,
        "n_hit": 825,
        "p_hit": 0.646045,
        "t_hit_p25": 2.0,
        "t_hit_median": 5.0,
        "t_hit_p75": 11.0,
        "mdd_p25": -1.1089,
        "mdd_median": -0.4638,
        "mdd_p75": -0.1176
      },
      "36": {
        "n_total": 1277,
        "n_hit": 914,
        "p_hit": 0.71574,
        "t_hit_p25": 2.25,
        "t_hit_median": 6.0,
        "t_hit_p75": 14.0,
        "mdd_p25": -1.1973250000000002,
        "mdd_median": -0.47605,
        "mdd_p75": -0.144675
      },
      "48": {
        "n_total": 1277,
        "n_hit": 950,
        "p_hit": 0.743931,
        "t_hit_p25": 3.0,
        "t_hit_median": 7.0,
        "t_hit_p75": 16.0,
        "mdd_p25": -1.2247,
        "mdd_median": -0.47945000000000004,
        "mdd_p75": -0.1558
      },
      "60": {
        "n_total": 1277,
        "n_hit": 987,
        "p_hit": 0.772905,
        "t_hit_p25": 3.0,
        "t_hit_median": 7.0,
        "t_hit_p75": 18.0,
        "mdd_p25": -1.3341500000000002,
        "mdd_median": -0.5071,
        "mdd_p75": -0.1611
      },
      "72": {
        "n_total": 1277,
        "n_hit": 1024,
        "p_hit": 0.801879,
        "t_hit_p25": 3.0,
        "t_hit_median": 7.0,
        "t_hit_p75": 19.0,
        "mdd_p25": -1.402575,
        "mdd_median": -0.54355,
        "mdd_p75": -0.16947500000000001
      },
      "84": {
        "n_total": 1277,
        "n_hit": 1046,
        "p_hit": 0.819107,
        "t_hit_p25": 3.0,
        "t_hit_median": 8.0,
        "t_hit_p75": 21.0,
        "mdd_p25": -1.5018499999999997,
        "mdd_median": -0.5702,
        "mdd_p75": -0.17175
      },
      "96": {
        "n_total": 1277,
        "n_hit": 1057,
        "p_hit": 0.827721,
        "t_hit_p25": 3.0,
        "t_hit_median": 8.0,
        "t_hit_p75": 21.0,
        "mdd_p25": -1.5504,
        "mdd_median": -0.5782,
        "mdd_p75": -0.1724
      }
    },
    "2.0": {
      "12": {
        "n_total": 1277,
        "n_hit": 328,
        "p_hit": 0.256852,
        "t_hit_p25": 3.0,
        "t_hit_median": 5.0,
        "t_hit_p75": 8.0,
        "mdd_p25": -1.05145,
        "mdd_median": -0.41475,
        "mdd_p75": -0.12735000000000002
      },
      "24": {
        "n_total": 1277,
        "n_hit": 518,
        "p_hit": 0.405638,
        "t_hit_p25": 4.0,
        "t_hit_median": 9.0,
        "t_hit_p75": 16.0,
        "mdd_p25": -1.247925,
        "mdd_median": -0.57155,
        "mdd_p75": -0.172425
      },
      "36": {
        "n_total": 1277,
        "n_hit": 628,
        "p_hit": 0.491778,
        "t_hit_p25": 5.0,
        "t_hit_median": 11.5,
        "t_hit_p75": 20.0,
        "mdd_p25": -1.305025,
        "mdd_median": -0.5627,
        "mdd_p75": -0.17325
      },
      "48": {
        "n_total": 1277,
        "n_hit": 720,
        "p_hit": 0.563821,
        "t_hit_p25": 6.0,
        "t_hit_median": 14.0,
        "t_hit_p75": 28.0,
        "mdd_p25": -1.3503250000000002,
        "mdd_median": -0.58005,
        "mdd_p75": -0.203925
      },
      "60": {
        "n_total": 1277,
        "n_hit": 783,
        "p_hit": 0.613156,
        "t_hit_p25": 6.0,
        "t_hit_median": 16.0,
        "t_hit_p75": 32.0,
        "mdd_p25": -1.3986,
        "mdd_median": -0.6004,
        "mdd_p75": -0.22794999999999999
      },
      "72": {
        "n_total": 1277,
        "n_hit": 833,
        "p_hit": 0.65231,
        "t_hit_p25": 7.0,
        "t_hit_median": 17.0,
        "t_hit_p75": 36.0,
        "mdd_p25": -1.4803,
        "mdd_median": -0.6772,
        "mdd_p75": -0.256
      },
      "84": {
        "n_total": 1277,
        "n_hit": 864,
        "p_hit": 0.676586,
        "t_hit_p25": 7.0,
        "t_hit_median": 18.0,
        "t_hit_p75": 40.0,
        "mdd_p25": -1.556175,
        "mdd_median": -0.7479,
        "mdd_p75": -0.26875
      },
      "96": {
        "n_total": 1277,
        "n_hit": 886,
        "p_hit": 0.693814,
        "t_hit_p25": 7.0,
        "t_hit_median": 18.5,
        "t_hit_p75": 42.0,
        "mdd_p25": -1.6007250000000002,
        "mdd_median": -0.7985,
        "mdd_p75": -0.27345
      }
    },
    "3.0": {
      "12": {
        "n_total": 1277,
        "n_hit": 168,
        "p_hit": 0.131558,
        "t_hit_p25": 3.0,
        "t_hit_median": 5.5,
        "t_hit_p75": 9.0,
        "mdd_p25": -0.9993749999999999,
        "mdd_median": -0.42374999999999996,
        "mdd_p75": -0.144475
      },
      "24": {
        "n_total": 1277,
        "n_hit": 276,
        "p_hit": 0.216132,
        "t_hit_p25": 5.0,
        "t_hit_median": 10.0,
        "t_hit_p75": 17.0,
        "mdd_p25": -1.0641749999999999,
        "mdd_median": -0.4619,
        "mdd_p75": -0.1478
      },
      "36": {
        "n_total": 1277,
        "n_hit": 377,
        "p_hit": 0.295223,
        "t_hit_p25": 6.0,
        "t_hit_median": 15.0,
        "t_hit_p75": 25.0,
        "mdd_p25": -1.1351,
        "mdd_median": -0.5283,
        "mdd_p75": -0.1696
      },
      "48": {
        "n_total": 1277,
        "n_hit": 468,
        "p_hit": 0.366484,
        "t_hit_p25": 8.0,
        "t_hit_median": 20.0,
        "t_hit_p75": 33.0,
        "mdd_p25": -1.2610999999999999,
        "mdd_median": -0.56505,