{
  "schema": "baseline_probs_v1",
  "source_labels": "data/labels/labels_v1.csv",
  "n_rows_labels": 3143,
  "thresholds": [
    0.5,
    1.0,
    2.0,
    3.0,
    5.0
  ],
  "horizons": [
    12,
    24,
    36,
    48,
    60,
    72,
    84,
    96
  ],
  "results": {
    "0.5": {
      "12": {
        "n_total": 3143,
        "n_hit": 2223,
        "p_hit": 0.707286,
        "t_hit_p25": 1.0,
        "t_hit_median": 2.0,
        "t_hit_p75": 4.0,
        "mdd_p25": -0.72835,
        "mdd_median": -0.2954,
        "mdd_p75": -0.0505
      },
      "24": {
        "n_total": 3143,
        "n_hit": 2526,
        "p_hit": 0.803691,
        "t_hit_p25": 1.0,
        "t_hit_median": 3.0,
        "t_hit_p75": 7.0,
        "mdd_p25": -0.921125,
        "mdd_median": -0.36315,
        "mdd_p75": -0.080575
      },
      "36": {
        "n_total": 3143,
        "n_hit": 2670,
        "p_hit": 0.849507,
        "t_hit_p25": 1.0,
        "t_hit_median": 3.0,
        "t_hit_p75": 8.0,
        "mdd_p25": -1.014525,
        "mdd_median": -0.40585,
        "mdd_p75": -0.094175
      },
      "48": {
        "n_total": 3143,
        "n_hit": 2733,
        "p_hit": 0.869551,
        "t_hit_p25": 1.0,
        "t_hit_median": 3.0,
        "t_hit_p75": 9.0,
        "mdd_p25": -1.1102,
        "mdd_median": -0.4218,
        "mdd_p75": -0.102
      },
      "60": {
        "n_total": 3143,
        "n_hit": 2764,
        "p_hit": 0.879415,
        "t_hit_p25": 1.0,
        "t_hit_median": 3.0,
        "t_hit_p75": 9.0,
        "mdd_p25": -1.152175,
        "mdd_median": -0.431,
        "mdd_p75": -0.10417499999999999
      },
      "72": {
        "n_total": 3143,
        "n_hit": 2808,
        "p_hit": 0.893414,
        "t_hit_p25": 1.0,
        "t_hit_median": 3.0,
        "t_hit_p75": 10.0,
        "mdd_p25": -1.22275,
        "mdd_median": -0.443,
        "mdd_p75": -0.106525
      },
      "84": {
        "n_total": 3143,
        "n_hit": 2851,
        "p_hit": 0.907095,
        "t_hit_p25": 1.0,
        "t_hit_median": 3.0,
        "t_hit_p75": 10.0,
        "mdd_p25": -1.2939500000000002,
        "mdd_median": -0.4611,
        "mdd_p75": -0.11115
      },
      "96": {
        "n_total": 3143,
        "n_hit": 2881,
        "p_hit": 0.91664,
        "t_hit_p25": 1.0,
        "t_hit_median": 3.0,
        "t_hit_p75": 11.0,
        "mdd_p25": -1.3417,
        "mdd_median": -0.4728,
        "mdd_p75": -0.115
      }
    },
    "1.0": {
      "12": {
        "n_total": 3143,
        "n_hit": 1623,
        "p_hit": 0.516386,
        "t_hit_p25": 2.0,
        "t_hit_median": 4.0,
        "t_hit_p75": 7.0,
        "mdd_p25": -0.9336,
        "mdd_median": -0.3628,
        "mdd_p75": -0.07794999999999999
      },
      "24": {
        "n_total": 3143,
        "n_hit": 2042,
        "p_hit": 0.649698,
        "t_hit_p25": 2.0,
        "t_hit_median": 5.0,
        "t_hit_p75": 11.0,
        "mdd_p25": -1.1102750000000001,
        "mdd_median": -0.46965,
        "mdd_p75": -0.12725000000000003
      },
      "36": {
        "n_total": 3143,
        "n_hit": 2284,
        "p_hit": 0.726694,
        "t_hit_p25": 3.0,
        "t_hit_median": 6.0,
        "t_hit_p75": 15.0,
        "mdd_p25": -1.3316999999999999,
        "mdd_median": -0.5367999999999999,
        "mdd_p75": -0.155975
      },
      "48": {
        "n_total": 3143,
        "n_hit": 2402,
        "p_hit": 0.764238,
        "t_hit_p25": 3.0,
        "t_hit_median": 7.0,
        "t_hit_p75": 17.0,
        "mdd_p25": -1.397275,
        "mdd_median": -0.5568,
        "mdd_p75": -0.170775
      },
      "60": {
        "n_total": 3143,
        "n_hit": 2487,
        "p_hit": 0.791282,
        "t_hit_p25": 3.0,
        "t_hit_median": 7.0,
        "t_hit_p75": 18.0,
        "mdd_p25": -1.5002499999999999,
        "mdd_median": -0.5977,
        "mdd_p75": -0.17814999999999998
      },
      "72": {
        "n_total": 3143,
        "n_hit": 2560,
        "p_hit": 0.814508,
        "t_hit_p25": 3.0,
        "t_hit_median": 8.0,
        "t_hit_p75": 20.0,
        "mdd_p25": -1.595,
        "mdd_median": -0.6225,
        "mdd_p75": -0.1894
      },
      "84": {
        "n_total": 3143,
        "n_hit": 2620,
        "p_hit": 0.833598,
        "t_hit_p25": 3.0,
        "t_hit_median": 8.0,
        "t_hit_p75": 22.0,
        "mdd_p25": -1.689425,
        "mdd_median": -0.6630499999999999,
        "mdd_p75": -0.19915
      },
      "96": {
        "n_total": 3143,
        "n_hit": 2659,
        "p_hit": 0.846007,
        "t_hit_p25": 3.0,
        "t_hit_median": 8.0,
        "t_hit_p75": 23.0,
        "mdd_p25": -1.76935,
        "mdd_median": -0.6822,
        "mdd_p75": -0.2057
      }
    },
    "2.0": {
      "12": {
        "n_total": 3143,
        "n_hit": 772,
        "p_hit": 0.245625,
        "t_hit_p25": 3.0,
        "t_hit_median": 5.0,
        "t_hit_p75": 9.0,
        "mdd_p25": -0.9621500000000001,
        "mdd_median": -0.3993,
        "mdd_p75": -0.080325
      },
      "24": {
        "n_total": 3143,
        "n_hit": 1256,
        "p_hit": 0.399618,
        "t_hit_p25": 4.0,
        "t_hit_median": 9.0,
        "t_hit_p75": 16.0,
        "mdd_p25": -1.254425,
        "mdd_median": -0.56955,
        "mdd_p75": -0.172475
      },
      "36": {
        "n_total": 3143,
        "n_hit": 1588,
        "p_hit": 0.50525,
        "t_hit_p25": 5.0,
        "t_hit_median": 13.0,
        "t_hit_p75": 23.0,
        "mdd_p25": -1.4577,
        "mdd_median": -0.67935,
        "mdd_p75": -0.215475
      },
      "48": {
        "n_total": 3143,
        "n_hit": 1811,
        "p_hit": 0.576201,
        "t_hit_p25": 6.0,
        "t_hit_median": 15.0,
        "t_hit_p75": 28.0,
        "mdd_p25": -1.58405,
        "mdd_median": -0.7628,
        "mdd_p75": -0.261
      },
      "60": {
        "n_total": 3143,
        "n_hit": 1958,
        "p_hit": 0.622972,
        "t_hit_p25": 7.0,
        "t_hit_median": 17.0,
        "t_hit_p75": 32.0,
        "mdd_p25": -1.6651749999999998,
        "mdd_median": -0.8212999999999999,
        "mdd_p75": -0.283475
      },
      "72": {
        "n_total": 3143,
        "n_hit": 2088,
        "p_hit": 0.664333,
        "t_hit_p25": 7.0,
        "t_hit_median": 18.0,
        "t_hit_p75": 36.0,
        "mdd_p25": -1.828025,
        "mdd_median": -0.9196,
        "mdd_p75": -0.3124
      },
      "84": {
        "n_total": 3143,
        "n_hit": 2176,
        "p_hit": 0.692332,
        "t_hit_p25": 8.0,
        "t_hit_median": 20.0,
        "t_hit_p75": 39.0,
        "mdd_p25": -1.98535,
        "mdd_median": -0.97175,
        "mdd_p75": -0.33645
      },
      "96": {
        "n_total": 3143,
        "n_hit": 2257,
        "p_hit": 0.718104,
        "t_hit_p25": 8.0,
        "t_hit_median": 21.0,
        "t_hit_p75": 42.0,
        "mdd_p25": -2.1335,
        "mdd_median": -1.0143,
        "mdd_p75": -0.3484
      }
    },
    "3.0": {
      "12": {
        "n_total": 3143,
        "n_hit": 409,
        "p_hit": 0.13013,
        "t_hit_p25": 3.0,
        "t_hit_median": 6.0,
        "t_hit_p75": 9.0,
        "mdd_p25": -0.9293,
        "mdd_median": -0.3684,
        "mdd_p75": -0.0818
      },
      "24": {
        "n_total": 3143,
        "n_hit": 725,
        "p_hit": 0.230671,
        "t_hit_p25": 5.0,
        "t_hit_median": 11.0,
        "t_hit_p75": 17.0,
        "mdd_p25": -1.3323,
        "mdd_median": -0.5546,
        "mdd_p75": -0.156
      },
      "36": {
        "n_total": 3143,
        "n_hit": 1023,
        "p_hit": 0.325485,
        "t_hit_p25": 7.0,
        "t_hit_median": 16.0,
        "t_hit_p75": 26.0,
        "mdd_p25": -1.58795,
        "mdd_median": -0.6845,
        "mdd_p75": -0.20745
      },
      "48": {
        "n_total": 3143,
        "n_hit": 1267,
        "p_hit": 0.403118,
        "t_hit_p25": 9.0,
        "t_hit_median": 21.0,
        "t_hit_p75": 33.0,
        "mdd_p25": -1.7377500000000001,
        "mdd_median": -0.8267,
        "mdd_p75": -0.27535
      },