{
  "schema": "baseline_probs_v1",
  "source_labels": "data/labels/labels_v1.csv",
  "n_rows_labels": 2213,
  "thresholds": [
    0.5,
    1.0,
    2.0,
    3.0,
    5.0
  ],
  "horizons": [
    12,
    24,
    36,
    48,
    60,
    72,
    84,
    96
  ],
  "results": {
    "0.5": {
      "12": {
        "n_total": 2213,
        "n_hit": 1600,
        "p_hit": 0.723,
        "t_hit_p25": 1.0,
        "t_hit_median": 2.0,
        "t_hit_p75": 4.0,
        "mdd_p25": -0.81045,
        "mdd_median": -0.30845,
        "mdd_p75": -0.056799999999999996
      },
      "24": {
        "n_total": 2213,
        "n_hit": 1810,
        "p_hit": 0.817894,
        "t_hit_p25": 1.0,
        "t_hit_median": 3.0,
        "t_hit_p75": 6.0,
        "mdd_p25": -0.95615,
        "mdd_median": -0.3776,
        "mdd_p75": -0.09135000000000001
      },
      "36": {
        "n_total": 2213,
        "n_hit": 1903,
        "p_hit": 0.859919,
        "t_hit_p25": 1.0,
        "t_hit_median": 3.0,
        "t_hit_p75": 8.0,
        "mdd_p25": -1.05525,
        "mdd_median": -0.4132,
        "mdd_p75": -0.10275000000000001
      },
      "48": {
        "n_total": 2213,
        "n_hit": 1938,
        "p_hit": 0.875734,
        "t_hit_p25": 1.0,
        "t_hit_median": 3.0,
        "t_hit_p75": 8.0,
        "mdd_p25": -1.132375,
        "mdd_median": -0.42605,
        "mdd_p75": -0.1057
      },
      "60": {
        "n_total": 2213,
        "n_hit": 1958,
        "p_hit": 0.884772,
        "t_hit_p25": 1.0,
        "t_hit_median": 3.0,
        "t_hit_p75": 8.75,
        "mdd_p25": -1.1649,
        "mdd_median": -0.4357,
        "mdd_p75": -0.108775
      },
      "72": {
        "n_total": 2213,
        "n_hit": 1990,
        "p_hit": 0.899232,
        "t_hit_p25": 1.0,
        "t_hit_median": 3.0,
        "t_hit_p75": 9.0,
        "mdd_p25": -1.245975,
        "mdd_median": -0.44735,
        "mdd_p75": -0.113625
      },
      "84": {
        "n_total": 2213,
        "n_hit": 2020,
        "p_hit": 0.912788,
        "t_hit_p25": 1.0,
        "t_hit_median": 3.0,
        "t_hit_p75": 10.0,
        "mdd_p25": -1.31435,
        "mdd_median": -0.4668,
        "mdd_p75": -0.11767499999999999
      },
      "96": {
        "n_total": 2213,
        "n_hit": 2041,
        "p_hit": 0.922277,
        "t_hit_p25": 1.0,
        "t_hit_median": 3.0,
        "t_hit_p75": 10.0,
        "mdd_p25": -1.3527,
        "mdd_median": -0.4747,
        "mdd_p75": -0.1204
      }
    },
    "1.0": {
      "12": {
        "n_total": 2213,
        "n_hit": 1192,
        "p_hit": 0.538635,
        "t_hit_p25": 2.0,
        "t_hit_median": 4.0,
        "t_hit_p75": 7.0,
        "mdd_p25": -1.0012249999999998,
        "mdd_median": -0.4077,
        "mdd_p75": -0.08597500000000001
      },
      "24": {
        "n_total": 2213,
        "n_hit": 1463,
        "p_hit": 0.661094,
        "t_hit_p25": 2.0,
        "t_hit_median": 5.0,
        "t_hit_p75": 10.0,
        "mdd_p25": -1.18375,
        "mdd_median": -0.4945,
        "mdd_p75": -0.13595000000000002
      },
      "36": {
        "n_total": 2213,
        "n_hit": 1632,
        "p_hit": 0.73746,
        "t_hit_p25": 2.0,
        "t_hit_median": 6.0,
        "t_hit_p75": 14.0,
        "mdd_p25": -1.3779249999999998,
        "mdd_median": -0.5434,
        "mdd_p75": -0.16345
      },
      "48": {
        "n_total": 2213,
        "n_hit": 1710,
        "p_hit": 0.772707,
        "t_hit_p25": 3.0,
        "t_hit_median": 6.0,
        "t_hit_p75": 16.0,
        "mdd_p25": -1.456775,
        "mdd_median": -0.5744,
        "mdd_p75": -0.173825
      },
      "60": {
        "n_total": 2213,
        "n_hit": 1779,
        "p_hit": 0.803886,
        "t_hit_p25": 3.0,
        "t_hit_median": 7.0,
        "t_hit_p75": 18.0,
        "mdd_p25": -1.57995,
        "mdd_median": -0.6117,
        "mdd_p75": -0.18685000000000002
      },
      "72": {
        "n_total": 2213,
        "n_hit": 1834,
        "p_hit": 0.828739,
        "t_hit_p25": 3.0,
        "t_hit_median": 7.0,
        "t_hit_p75": 20.0,
        "mdd_p25": -1.687725,
        "mdd_median": -0.6582,
        "mdd_p75": -0.201825
      },
      "84": {
        "n_total": 2213,
        "n_hit": 1876,
        "p_hit": 0.847718,
        "t_hit_p25": 3.0,
        "t_hit_median": 7.0,
        "t_hit_p75": 21.0,
        "mdd_p25": -1.7864999999999998,
        "mdd_median": -0.6853,
        "mdd_p75": -0.21355000000000002
      },
      "96": {
        "n_total": 2213,
        "n_hit": 1902,
        "p_hit": 0.859467,
        "t_hit_p25": 3.0,
        "t_hit_median": 8.0,
        "t_hit_p75": 22.0,
        "mdd_p25": -1.8345,
        "mdd_median": -0.70645,
        "mdd_p75": -0.21910000000000002
      }
    },
    "2.0": {
      "12": {
        "n_total": 2213,
        "n_hit": 605,
        "p_hit": 0.273385,
        "t_hit_p25": 3.0,
        "t_hit_median": 5.0,
        "t_hit_p75": 8.0,
        "mdd_p25": -1.0197,
        "mdd_median": -0.4303,
        "mdd_p75": -0.1062
      },
      "24": {
        "n_total": 2213,
        "n_hit": 939,
        "p_hit": 0.424311,
        "t_hit_p25": 4.0,
        "t_hit_median": 9.0,
        "t_hit_p75": 16.0,
        "mdd_p25": -1.3909500000000001,
        "mdd_median": -0.6041,
        "mdd_p75": -0.1825
      },
      "36": {
        "n_total": 2213,
        "n_hit": 1155,
        "p_hit": 0.521916,
        "t_hit_p25": 5.0,
        "t_hit_median": 11.0,
        "t_hit_p75": 21.0,
        "mdd_p25": -1.613,
        "mdd_median": -0.7369,
        "mdd_p75": -0.21985
      },
      "48": {
        "n_total": 2213,
        "n_hit": 1306,
        "p_hit": 0.590149,
        "t_hit_p25": 5.0,
        "t_hit_median": 14.0,
        "t_hit_p75": 26.0,
        "mdd_p25": -1.673475,
        "mdd_median": -0.8238,
        "mdd_p75": -0.263475
      },
      "60": {
        "n_total": 2213,
        "n_hit": 1411,
        "p_hit": 0.637596,
        "t_hit_p25": 6.0,
        "t_hit_median": 16.0,
        "t_hit_p75": 31.0,
        "mdd_p25": -1.7287,
        "mdd_median": -0.8961,
        "mdd_p75": -0.278
      },
      "72": {
        "n_total": 2213,
        "n_hit": 1506,
        "p_hit": 0.680524,
        "t_hit_p25": 6.0,
        "t_hit_median": 17.0,
        "t_hit_p75": 35.0,
        "mdd_p25": -1.91825,
        "mdd_median": -0.97375,
        "mdd_p75": -0.30765
      },
      "84": {
        "n_total": 2213,
        "n_hit": 1567,
        "p_hit": 0.708089,
        "t_hit_p25": 7.0,
        "t_hit_median": 18.0,
        "t_hit_p75": 38.0,
        "mdd_p25": -2.1366500000000004,
        "mdd_median": -1.0197,
        "mdd_p75": -0.33004999999999995
      },
      "96": {
        "n_total": 2213,
        "n_hit": 1627,
        "p_hit": 0.735201,
        "t_hit_p25": 7.0,
        "t_hit_median": 19.0,
        "t_hit_p75": 41.5,
        "mdd_p25": -2.23585,
        "mdd_median": -1.1089,
        "mdd_p75": -0.3493
      }
    },
    "3.0": {
      "12": {
        "n_total": 2213,
        "n_hit": 340,
        "p_hit": 0.153638,
        "t_hit_p25": 3.0,
        "t_hit_median": 6.0,
        "t_hit_p75": 9.0,
        "mdd_p25": -0.977425,
        "mdd_median": -0.41145,
        "mdd_p75": -0.11779999999999999
      },
      "24": {
        "n_total": 2213,
        "n_hit": 570,
        "p_hit": 0.257569,
        "t_hit_p25": 5.0,
        "t_hit_median": 10.0,
        "t_hit_p75": 17.0,
        "mdd_p25": -1.397675,
        "mdd_median": -0.58925,
        "mdd_p75": -0.17275000000000001
      },
      "36": {
        "n_total": 2213,
        "n_hit": 787,
        "p_hit": 0.355626,
        "t_hit_p25": 7.0,
        "t_hit_median": 15.0,
        "t_hit_p75": 26.0,
        "mdd_p25": -1.68065,
        "mdd_median": -0.7193,
        "mdd_p75": -0.21945
      },
      "48": {
        "n_total": 2213,
        "n_hit": 951,
        "p_hit": 0.429733,
        "t_hit_p25": 8.0,
        "t_hit_median": 20.0,
        "t_hit_p75": 32.0,
        "mdd_p25": -1.8092,