{
  "schema": "baseline_probs_v1",
  "source_labels": "data/labels/labels_v1.csv",
  "n_rows_labels": 442,
  "thresholds": [
    0.5,
    1.0,
    2.0,
    3.0,
    5.0
  ],
  "horizons": [
    12,
    24,
    36,
    48,
    60,
    72,
    84,
    96
  ],
  "results": {
    "0.5": {
      "12": {
        "n_total": 442,
        "n_hit": 320,
        "p_hit": 0.723982,
        "t_hit_p25": 1.75,
        "t_hit_median": 3.0,
        "t_hit_p75": 6.0,
        "mdd_p25": -0.581,
        "mdd_median": -0.24485,
        "mdd_p75": -0.056
      },
      "24": {
        "n_total": 442,
        "n_hit": 391,
        "p_hit": 0.884615,
        "t_hit_p25": 2.0,
        "t_hit_median": 4.0,
        "t_hit_p75": 10.0,
        "mdd_p25": -0.7019,
        "mdd_median": -0.3339,
        "mdd_p75": -0.09605
      },
      "36": {
        "n_total": 442,
        "n_hit": 412,
        "p_hit": 0.932127,
        "t_hit_p25": 2.0,
        "t_hit_median": 5.0,
        "t_hit_p75": 11.25,
        "mdd_p25": -0.73925,
        "mdd_median": -0.36660000000000004,
        "mdd_p75": -0.105475
      },
      "48": {
        "n_total": 442,
        "n_hit": 413,
        "p_hit": 0.934389,
        "t_hit_p25": 2.0,
        "t_hit_median": 5.0,
        "t_hit_p75": 12.0,
        "mdd_p25": -0.746,
        "mdd_median": -0.3667,
        "mdd_p75": -0.1057
      },
      "60": {
        "n_total": 442,
        "n_hit": 419,
        "p_hit": 0.947964,
        "t_hit_p25": 2.0,
        "t_hit_median": 5.0,
        "t_hit_p75": 12.0,
        "mdd_p25": -0.8125,
        "mdd_median": -0.3733,
        "mdd_p75": -0.10750000000000001
      },
      "72": {
        "n_total": 442,
        "n_hit": 431,
        "p_hit": 0.975113,
        "t_hit_p25": 2.0,
        "t_hit_median": 5.0,
        "t_hit_p75": 13.0,
        "mdd_p25": -0.8755,
        "mdd_median": -0.3906,
        "mdd_p75": -0.1148
      },
      "84": {
        "n_total": 442,
        "n_hit": 431,
        "p_hit": 0.975113,
        "t_hit_p25": 2.0,
        "t_hit_median": 5.0,
        "t_hit_p75": 13.0,
        "mdd_p25": -0.8755,
        "mdd_median": -0.3906,
        "mdd_p75": -0.1148
      },
      "96": {
        "n_total": 442,
        "n_hit": 433,
        "p_hit": 0.979638,
        "t_hit_p25": 2.0,
        "t_hit_median": 5.0,
        "t_hit_p75": 13.0,
        "mdd_p25": -0.8949,
        "mdd_median": -0.3978,
        "mdd_p75": -0.1164
      }
    },
    "1.0": {
      "12": {
        "n_total": 442,
        "n_hit": 224,
        "p_hit": 0.506787,
        "t_hit_p25": 3.0,
        "t_hit_median": 5.0,
        "t_hit_p75": 8.0,
        "mdd_p25": -0.62095,
        "mdd_median": -0.2612,
        "mdd_p75": -0.06945000000000001
      },
      "24": {
        "n_total": 442,
        "n_hit": 319,
        "p_hit": 0.721719,
        "t_hit_p25": 4.0,
        "t_hit_median": 7.0,
        "t_hit_p75": 14.5,
        "mdd_p25": -0.8470500000000001,
        "mdd_median": -0.4034,
        "mdd_p75": -0.10600000000000001
      },
      "36": {
        "n_total": 442,
        "n_hit": 369,
        "p_hit": 0.834842,
        "t_hit_p25": 4.0,
        "t_hit_median": 9.0,
        "t_hit_p75": 19.0,
        "mdd_p25": -1.0071,
        "mdd_median": -0.4448,
        "mdd_p75": -0.135
      },
      "48": {
        "n_total": 442,
        "n_hit": 391,
        "p_hit": 0.884615,
        "t_hit_p25": 4.0,
        "t_hit_median": 10.0,
        "t_hit_p75": 20.0,
        "mdd_p25": -1.1312,
        "mdd_median": -0.4638,
        "mdd_p75": -0.15475
      },
      "60": {
        "n_total": 442,
        "n_hit": 403,
        "p_hit": 0.911765,
        "t_hit_p25": 5.0,
        "t_hit_median": 10.0,
        "t_hit_p75": 21.0,
        "mdd_p25": -1.1901000000000002,
        "mdd_median": -0.4718,
        "mdd_p75": -0.16165
      },
      "72": {
        "n_total": 442,
        "n_hit": 418,
        "p_hit": 0.945701,
        "t_hit_p25": 5.0,
        "t_hit_median": 11.0,
        "t_hit_p75": 23.0,
        "mdd_p25": -1.2682,
        "mdd_median": -0.48285,
        "mdd_p75": -0.169875
      },
      "84": {
        "n_total": 442,
        "n_hit": 419,
        "p_hit": 0.947964,
        "t_hit_p25": 5.0,
        "t_hit_median": 11.0,
        "t_hit_p75": 23.0,
        "mdd_p25": -1.27085,
        "mdd_median": -0.4839,
        "mdd_p75": -0.17015
      },
      "96": {
        "n_total": 442,
        "n_hit": 419,
        "p_hit": 0.947964,
        "t_hit_p25": 5.0,
        "t_hit_median": 11.0,
        "t_hit_p75": 23.0,
        "mdd_p25": -1.27085,
        "mdd_median": -0.4839,
        "mdd_p75": -0.17015
      }
    },
    "2.0": {
      "12": {
        "n_total": 442,
        "n_hit": 103,
        "p_hit": 0.233032,
        "t_hit_p25": 4.0,
        "t_hit_median": 7.0,
        "t_hit_p75": 9.5,
        "mdd_p25": -0.6623,
        "mdd_median": -0.3958,
        "mdd_p75": -0.14895
      },
      "24": {
        "n_total": 442,
        "n_hit": 199,
        "p_hit": 0.450226,
        "t_hit_p25": 7.0,
        "t_hit_median": 12.0,
        "t_hit_p75": 17.0,
        "mdd_p25": -0.9512,
        "mdd_median": -0.5427,
        "mdd_p75": -0.186
      },
      "36": {
        "n_total": 442,
        "n_hit": 260,
        "p_hit": 0.588235,
        "t_hit_p25": 8.0,
        "t_hit_median": 15.0,
        "t_hit_p75": 23.25,
        "mdd_p25": -0.9725750000000001,
        "mdd_median": -0.49005,
        "mdd_p75": -0.17617500000000003
      },
      "48": {
        "n_total": 442,
        "n_hit": 308,
        "p_hit": 0.696833,
        "t_hit_p25": 9.75,
        "t_hit_median": 18.0,
        "t_hit_p75": 31.0,
        "mdd_p25": -1.0226,
        "mdd_median": -0.53845,
        "mdd_p75": -0.212975
      },
      "60": {
        "n_total": 442,
        "n_hit": 346,
        "p_hit": 0.782805,
        "t_hit_p25": 10.0,
        "t_hit_median": 20.0,
        "t_hit_p75": 36.0,
        "mdd_p25": -1.160025,
        "mdd_median": -0.54655,
        "mdd_p75": -0.24435
      },
      "72": {
        "n_total": 442,
        "n_hit": 369,
        "p_hit": 0.834842,
        "t_hit_p25": 11.0,
        "t_hit_median": 21.0,
        "t_hit_p75": 42.0,
        "mdd_p25": -1.2247,
        "mdd_median": -0.5855,
        "mdd_p75": -0.2654
      },
      "84": {
        "n_total": 442,
        "n_hit": 379,
        "p_hit": 0.857466,
        "t_hit_p25": 11.5,
        "t_hit_median": 23.0,
        "t_hit_p75": 43.5,
        "mdd_p25": -1.2881,
        "mdd_median": -0.5981,
        "mdd_p75": -0.27125
      },
      "96": {
        "n_total": 442,
        "n_hit": 386,
        "p_hit": 0.873303,
        "t_hit_p25": 12.0,
        "t_hit_median": 23.0,
        "t_hit_p75": 44.0,
        "mdd_p25": -1.3211249999999999,
        "mdd_median": -0.6192500000000001,
        "mdd_p75": -0.27530000000000004
      }
    },
    "3.0": {
      "12": {
        "n_total": 442,
        "n_hit": 56,
        "p_hit": 0.126697,
        "t_hit_p25": 5.0,
        "t_hit_median": 8.0,
        "t_hit_p75": 10.0,
        "mdd_p25": -0.976825,
        "mdd_median": -0.36845,
        "mdd_p75": -0.16735
      },
      "24": {
        "n_total": 442,
        "n_hit": 102,
        "p_hit": 0.230769,
        "t_hit_p25": 7.0,
        "t_hit_median": 11.0,
        "t_hit_p75": 19.0,
        "mdd_p25": -0.712825,
        "mdd_median": -0.4088,
        "mdd_p75": -0.1281
      },
      "36": {
        "n_total": 442,
        "n_hit": 169,
        "p_hit": 0.382353,
        "t_hit_p25": 10.0,
        "t_hit_median": 20.0,
        "t_hit_p75": 30.0,
        "mdd_p25": -0.8185,
        "mdd_median": -0.4117,
        "mdd_p75": -0.135
      },
      "48": {
        "n_total": 442,
        "n_hit": 230,
        "p_hit": 0.520362,
        "t_hit_p25": 13.25,
        "t_hit_median": 28.0,
        "t_hit_p75": 37.0,
        "mdd_p25": -0.8909499999999999,
        "mdd_median": -0.4598,
        "mdd_p75": -0.198675
      },
      "60": {
        "n_total": 442,
        "n_hit": 274,