{
  "schema": "baseline_probs_v1",
  "source_labels": "data/labels/labels_v1.csv",
  "n_rows_labels": 428,
  "thresholds": [
    0.5,
    1.0,
    2.0,
    3.0,
    5.0
  ],
  "horizons": [
    12,
    24,
    36,
    48,
    60,
    72,
    84,
    96
  ],
  "results": {
    "0.5": {
      "12": {
        "n_total": 428,
        "n_hit": 307,
        "p_hit": 0.71729,
        "t_hit_p25": 1.0,
        "t_hit_median": 3.0,
        "t_hit_p75": 6.0,
        "mdd_p25": -0.5787,
        "mdd_median": -0.2432,
        "mdd_p75": -0.0555
      },
      "24": {
        "n_total": 428,
        "n_hit": 377,
        "p_hit": 0.880841,
        "t_hit_p25": 2.0,
        "t_hit_median": 4.0,
        "t_hit_p75": 10.0,
        "mdd_p25": -0.7065,
        "mdd_median": -0.3324,
        "mdd_p75": -0.0955
      },
      "36": {
        "n_total": 428,
        "n_hit": 398,
        "p_hit": 0.929907,
        "t_hit_p25": 2.0,
        "t_hit_median": 5.0,
        "t_hit_p75": 12.0,
        "mdd_p25": -0.77345,
        "mdd_median": -0.36660000000000004,
        "mdd_p75": -0.10585
      },
      "48": {
        "n_total": 428,
        "n_hit": 399,
        "p_hit": 0.932243,
        "t_hit_p25": 2.0,
        "t_hit_median": 5.0,
        "t_hit_p75": 12.0,
        "mdd_p25": -0.78345,
        "mdd_median": -0.3667,
        "mdd_p75": -0.10600000000000001
      },
      "60": {
        "n_total": 428,
        "n_hit": 405,
        "p_hit": 0.946262,
        "t_hit_p25": 2.0,
        "t_hit_median": 5.0,
        "t_hit_p75": 12.0,
        "mdd_p25": -0.8185,
        "mdd_median": -0.3733,
        "mdd_p75": -0.1087
      },
      "72": {
        "n_total": 428,
        "n_hit": 417,
        "p_hit": 0.974299,
        "t_hit_p25": 2.0,
        "t_hit_median": 5.0,
        "t_hit_p75": 13.0,
        "mdd_p25": -0.8949,
        "mdd_median": -0.3906,
        "mdd_p75": -0.1164
      },
      "84": {
        "n_total": 428,
        "n_hit": 417,
        "p_hit": 0.974299,
        "t_hit_p25": 2.0,
        "t_hit_median": 5.0,
        "t_hit_p75": 13.0,
        "mdd_p25": -0.8949,
        "mdd_median": -0.3906,
        "mdd_p75": -0.1164
      },
      "96": {
        "n_total": 428,
        "n_hit": 419,
        "p_hit": 0.978972,
        "t_hit_p25": 2.0,
        "t_hit_median": 5.0,
        "t_hit_p75": 13.0,
        "mdd_p25": -0.9129499999999999,
        "mdd_median": -0.3978,
        "mdd_p75": -0.11699999999999999
      }
    },
    "1.0": {
      "12": {
        "n_total": 428,
        "n_hit": 212,
        "p_hit": 0.495327,
        "t_hit_p25": 3.0,
        "t_hit_median": 5.0,
        "t_hit_p75": 7.25,
        "mdd_p25": -0.634725,
        "mdd_median": -0.2538,
        "mdd_p75": -0.0678
      },
      "24": {
        "n_total": 428,
        "n_hit": 305,
        "p_hit": 0.712617,
        "t_hit_p25": 4.0,
        "t_hit_median": 7.0,
        "t_hit_p75": 15.0,
        "mdd_p25": -0.8949,
        "mdd_median": -0.4034,
        "mdd_p75": -0.1057
      },
      "36": {
        "n_total": 428,
        "n_hit": 355,
        "p_hit": 0.829439,
        "t_hit_p25": 4.0,
        "t_hit_median": 9.0,
        "t_hit_p75": 19.0,
        "mdd_p25": -1.0774,
        "mdd_median": -0.4448,
        "mdd_p75": -0.1376
      },
      "48": {
        "n_total": 428,
        "n_hit": 377,
        "p_hit": 0.880841,
        "t_hit_p25": 4.0,
        "t_hit_median": 10.0,
        "t_hit_p75": 21.0,
        "mdd_p25": -1.1485,
        "mdd_median": -0.4638,
        "mdd_p75": -0.1558
      },
      "60": {
        "n_total": 428,
        "n_hit": 389,
        "p_hit": 0.908879,
        "t_hit_p25": 5.0,
        "t_hit_median": 11.0,
        "t_hit_p75": 21.0,
        "mdd_p25": -1.1933,
        "mdd_median": -0.4718,
        "mdd_p75": -0.1619
      },
      "72": {
        "n_total": 428,
        "n_hit": 404,
        "p_hit": 0.943925,
        "t_hit_p25": 5.0,
        "t_hit_median": 12.0,
        "t_hit_p75": 24.0,
        "mdd_p25": -1.2727,
        "mdd_median": -0.48285,
        "mdd_p75": -0.170425
      },
      "84": {
        "n_total": 428,
        "n_hit": 405,
        "p_hit": 0.946262,
        "t_hit_p25": 5.0,
        "t_hit_median": 12.0,
        "t_hit_p75": 24.0,
        "mdd_p25": -1.2757,
        "mdd_median": -0.4839,
        "mdd_p75": -0.1707
      },
      "96": {
        "n_total": 428,
        "n_hit": 405,
        "p_hit": 0.946262,
        "t_hit_p25": 5.0,
        "t_hit_median": 12.0,
        "t_hit_p75": 24.0,
        "mdd_p25": -1.2757,
        "mdd_median": -0.4839,
        "mdd_p75": -0.1707
      }
    },
    "2.0": {
      "12": {
        "n_total": 428,
        "n_hit": 93,
        "p_hit": 0.21729,
        "t_hit_p25": 4.0,
        "t_hit_median": 7.0,
        "t_hit_p75": 10.0,
        "mdd_p25": -0.7144,
        "mdd_median": -0.4034,
        "mdd_p75": -0.1537
      },
      "24": {
        "n_total": 428,
        "n_hit": 185,
        "p_hit": 0.432243,
        "t_hit_p25": 7.0,
        "t_hit_median": 12.0,
        "t_hit_p75": 18.0,
        "mdd_p25": -0.9724,
        "mdd_median": -0.5428,
        "mdd_p75": -0.2025
      },
      "36": {
        "n_total": 428,
        "n_hit": 246,
        "p_hit": 0.574766,
        "t_hit_p25": 9.0,
        "t_hit_median": 16.0,
        "t_hit_p75": 24.0,
        "mdd_p25": -0.9749,
        "mdd_median": -0.49005,
        "mdd_p75": -0.1805
      },
      "48": {
        "n_total": 428,
        "n_hit": 294,
        "p_hit": 0.686916,
        "t_hit_p25": 10.0,
        "t_hit_median": 18.5,
        "t_hit_p75": 32.0,
        "mdd_p25": -1.0519250000000002,
        "mdd_median": -0.5385,
        "mdd_p75": -0.22305
      },
      "60": {
        "n_total": 428,
        "n_hit": 332,
        "p_hit": 0.775701,
        "t_hit_p25": 11.0,
        "t_hit_median": 21.0,
        "t_hit_p75": 37.25,
        "mdd_p25": -1.170875,
        "mdd_median": -0.54925,
        "mdd_p75": -0.24659999999999999
      },
      "72": {
        "n_total": 428,
        "n_hit": 355,
        "p_hit": 0.829439,
        "t_hit_p25": 12.0,
        "t_hit_median": 23.0,
        "t_hit_p75": 42.5,
        "mdd_p25": -1.2394500000000002,
        "mdd_median": -0.5963,
        "mdd_p75": -0.26780000000000004
      },
      "84": {
        "n_total": 428,
        "n_hit": 365,
        "p_hit": 0.852804,
        "t_hit_p25": 12.0,
        "t_hit_median": 24.0,
        "t_hit_p75": 44.0,
        "mdd_p25": -1.3046,
        "mdd_median": -0.6217,
        "mdd_p75": -0.2745
      },
      "96": {
        "n_total": 428,
        "n_hit": 372,
        "p_hit": 0.869159,
        "t_hit_p25": 12.75,
        "t_hit_median": 25.0,
        "t_hit_p75": 45.0,
        "mdd_p25": -1.3344750000000003,
        "mdd_median": -0.6389499999999999,
        "mdd_p75": -0.27815
      }
    },
    "3.0": {
      "12": {
        "n_total": 428,
        "n_hit": 56,
        "p_hit": 0.130841,
        "t_hit_p25": 5.0,
        "t_hit_median": 8.0,
        "t_hit_p75": 10.0,
        "mdd_p25": -0.976825,
        "mdd_median": -0.36845,
        "mdd_p75": -0.16735
      },
      "24": {
        "n_total": 428,
        "n_hit": 95,
        "p_hit": 0.221963,
        "t_hit_p25": 7.0,
        "t_hit_median": 10.0,
        "t_hit_p75": 18.0,
        "mdd_p25": -0.7617,
        "mdd_median": -0.4448,
        "mdd_p75": -0.1396
      },
      "36": {
        "n_total": 428,
        "n_hit": 155,
        "p_hit": 0.36215,
        "t_hit_p25": 10.0,
        "t_hit_median": 20.0,
        "t_hit_p75": 30.0,
        "mdd_p25": -0.8398,
        "mdd_median": -0.4117,
        "mdd_p75": -0.13440000000000002
      },
      "48": {
        "n_total": 428,
        "n_hit": 216,
        "p_hit": 0.504673,
        "t_hit_p25": 12.0,
        "t_hit_median": 28.5,
        "t_hit_p75": 38.0,
        "mdd_p25": -0.9266000000000001,
        "mdd_median": -0.4598,
        "mdd_p75": -0.20072500000000001
      },
      "60": {
        "n_total": 428,
        "n_hit": 260,