{
  "schema": "baseline_probs_v1",
  "source_labels": "data/labels/labels_v1.csv",
  "n_rows_labels": 127,
  "thresholds": [
    0.5,
    1.0,
    2.0,
    3.0,
    5.0
  ],
  "horizons": [
    12,
    24,
    36,
    48,
    60,
    72,
    84,
    96
  ],
  "results": {
    "0.5": {
      "12": {
        "n_total": 127,
        "n_hit": 98,
        "p_hit": 0.771654,
        "t_hit_p25": 1.0,
        "t_hit_median": 2.0,
        "t_hit_p75": 4.0,
        "mdd_p25": -0.651875,
        "mdd_median": -0.28455,
        "mdd_p75": -0.09107499999999999
      },
      "24": {
        "n_total": 127,
        "n_hit": 116,
        "p_hit": 0.913386,
        "t_hit_p25": 1.0,
        "t_hit_median": 3.0,
        "t_hit_p75": 5.25,
        "mdd_p25": -0.7511000000000001,
        "mdd_median": -0.41664999999999996,
        "mdd_p75": -0.124125
      },
      "36": {
        "n_total": 127,
        "n_hit": 126,
        "p_hit": 0.992126,
        "t_hit_p25": 1.0,
        "t_hit_median": 3.0,
        "t_hit_p75": 10.75,
        "mdd_p25": -0.7872250000000001,
        "mdd_median": -0.479,
        "mdd_p75": -0.1412
      },
      "48": {
        "n_total": 127,
        "n_hit": 126,
        "p_hit": 0.992126,
        "t_hit_p25": 1.0,
        "t_hit_median": 3.0,
        "t_hit_p75": 10.75,
        "mdd_p25": -0.7872250000000001,
        "mdd_median": -0.479,
        "mdd_p75": -0.1412
      },
      "60": {
        "n_total": 127,
        "n_hit": 127,
        "p_hit": 1.0,
        "t_hit_p25": 1.0,
        "t_hit_median": 3.0,
        "t_hit_p75": 11.0,
        "mdd_p25": -0.8007,
        "mdd_median": -0.4842,
        "mdd_p75": -0.1422
      },
      "72": {
        "n_total": 127,
        "n_hit": 127,
        "p_hit": 1.0,
        "t_hit_p25": 1.0,
        "t_hit_median": 3.0,
        "t_hit_p75": 11.0,
        "mdd_p25": -0.8007,
        "mdd_median": -0.4842,
        "mdd_p75": -0.1422
      },
      "84": {
        "n_total": 127,
        "n_hit": 127,
        "p_hit": 1.0,
        "t_hit_p25": 1.0,
        "t_hit_median": 3.0,
        "t_hit_p75": 11.0,
        "mdd_p25": -0.8007,
        "mdd_median": -0.4842,
        "mdd_p75": -0.1422
      },
      "96": {
        "n_total": 127,
        "n_hit": 127,
        "p_hit": 1.0,
        "t_hit_p25": 1.0,
        "t_hit_median": 3.0,
        "t_hit_p75": 11.0,
        "mdd_p25": -0.8007,
        "mdd_median": -0.4842,
        "mdd_p75": -0.1422
      }
    },
    "1.0": {
      "12": {
        "n_total": 127,
        "n_hit": 86,
        "p_hit": 0.677165,
        "t_hit_p25": 3.0,
        "t_hit_median": 5.0,
        "t_hit_p75": 7.0,
        "mdd_p25": -0.8349,
        "mdd_median": -0.34415,
        "mdd_p75": -0.114
      },
      "24": {
        "n_total": 127,
        "n_hit": 109,
        "p_hit": 0.858268,
        "t_hit_p25": 4.0,
        "t_hit_median": 6.0,
        "t_hit_p75": 11.0,
        "mdd_p25": -1.3536,
        "mdd_median": -0.4842,
        "mdd_p75": -0.1724
      },
      "36": {
        "n_total": 127,
        "n_hit": 113,
        "p_hit": 0.889764,
        "t_hit_p25": 4.0,
        "t_hit_median": 6.0,
        "t_hit_p75": 12.0,
        "mdd_p25": -1.3536,
        "mdd_median": -0.5036,
        "mdd_p75": -0.1749
      },
      "48": {
        "n_total": 127,
        "n_hit": 122,
        "p_hit": 0.96063,
        "t_hit_p25": 4.0,
        "t_hit_median": 7.0,
        "t_hit_p75": 15.0,
        "mdd_p25": -1.3527999999999998,
        "mdd_median": -0.5423,
        "mdd_p75": -0.198425
      },
      "60": {
        "n_total": 127,
        "n_hit": 127,
        "p_hit": 1.0,
        "t_hit_p25": 4.0,
        "t_hit_median": 7.0,
        "t_hit_p75": 16.0,
        "mdd_p25": -1.36285,
        "mdd_median": -0.5546,
        "mdd_p75": -0.2227
      },
      "72": {
        "n_total": 127,
        "n_hit": 127,
        "p_hit": 1.0,
        "t_hit_p25": 4.0,
        "t_hit_median": 7.0,
        "t_hit_p75": 16.0,
        "mdd_p25": -1.36285,
        "mdd_median": -0.5546,
        "mdd_p75": -0.2227
      },
      "84": {
        "n_total": 127,
        "n_hit": 127,
        "p_hit": 1.0,
        "t_hit_p25": 4.0,
        "t_hit_median": 7.0,
        "t_hit_p75": 16.0,
        "mdd_p25": -1.36285,
        "mdd_median": -0.5546,
        "mdd_p75": -0.2227
      },
      "96": {
        "n_total": 127,
        "n_hit": 127,
        "p_hit": 1.0,
        "t_hit_p25": 4.0,
        "t_hit_median": 7.0,
        "t_hit_p75": 16.0,
        "mdd_p25": -1.36285,
        "mdd_median": -0.5546,
        "mdd_p75": -0.2227
      }
    },
    "2.0": {
      "12": {
        "n_total": 127,
        "n_hit": 49,
        "p_hit": 0.385827,
        "t_hit_p25": 5.0,
        "t_hit_median": 7.0,
        "t_hit_p75": 9.0,
        "mdd_p25": -1.3063,
        "mdd_median": -0.4142,
        "mdd_p75": -0.1954
      },
      "24": {
        "n_total": 127,
        "n_hit": 83,
        "p_hit": 0.653543,
        "t_hit_p25": 6.0,
        "t_hit_median": 10.0,
        "t_hit_p75": 17.5,
        "mdd_p25": -1.61745,
        "mdd_median": -0.8025,
        "mdd_p75": -0.28290000000000004
      },
      "36": {
        "n_total": 127,
        "n_hit": 103,
        "p_hit": 0.811024,
        "t_hit_p25": 7.0,
        "t_hit_median": 14.0,
        "t_hit_p75": 21.0,
        "mdd_p25": -1.61745,
        "mdd_median": -0.9628,
        "mdd_p75": -0.36845
      },
      "48": {
        "n_total": 127,
        "n_hit": 113,
        "p_hit": 0.889764,
        "t_hit_p25": 8.0,
        "t_hit_median": 15.0,
        "t_hit_p75": 25.0,
        "mdd_p25": -1.5567,
        "mdd_median": -0.9924,
        "mdd_p75": -0.4142
      },
      "60": {
        "n_total": 127,
        "n_hit": 124,
        "p_hit": 0.976378,
        "t_hit_p25": 8.0,
        "t_hit_median": 17.5,
        "t_hit_p75": 30.0,
        "mdd_p25": -1.5156749999999999,
        "mdd_median": -1.0154999999999998,
        "mdd_p75": -0.49115
      },
      "72": {
        "n_total": 127,
        "n_hit": 125,
        "p_hit": 0.984252,
        "t_hit_p25": 8.0,
        "t_hit_median": 18.0,
        "t_hit_p75": 30.0,
        "mdd_p25": -1.5066,
        "mdd_median": -1.014,
        "mdd_p75": -0.5066
      },
      "84": {
        "n_total": 127,
        "n_hit": 127,
        "p_hit": 1.0,
        "t_hit_p25": 8.0,
        "t_hit_median": 18.0,
        "t_hit_p75": 31.0,
        "mdd_p25": -1.5497999999999998,
        "mdd_median": -1.017,
        "mdd_p75": -0.5204
      },
      "96": {
        "n_total": 127,
        "n_hit": 127,
        "p_hit": 1.0,
        "t_hit_p25": 8.0,
        "t_hit_median": 18.0,
        "t_hit_p75": 31.0,
        "mdd_p25": -1.5497999999999998,
        "mdd_median": -1.017,
        "mdd_p75": -0.5204
      }
    },
    "3.0": {
      "12": {
        "n_total": 127,
        "n_hit": 34,
        "p_hit": 0.267717,
        "t_hit_p25": 5.0,
        "t_hit_median": 8.0,
        "t_hit_p75": 10.0,
        "mdd_p25": -1.370275,
        "mdd_median": -0.44155,
        "mdd_p75": -0.17777500000000002
      },
      "24": {
        "n_total": 127,
        "n_hit": 50,
        "p_hit": 0.393701,
        "t_hit_p25": 6.0,
        "t_hit_median": 10.0,
        "t_hit_p75": 16.75,
        "mdd_p25": -1.406,
        "mdd_median": -0.5246999999999999,
        "mdd_p75": -0.198425
      },
      "36": {
        "n_total": 127,
        "n_hit": 67,
        "p_hit": 0.527559,
        "t_hit_p25": 8.0,
        "t_hit_median": 12.0,
        "t_hit_p75": 24.5,
        "mdd_p25": -1.3997,
        "mdd_median": -0.8412,
        "mdd_p75": -0.28290000000000004
      },
      "48": {
        "n_total": 127,
        "n_hit": 79,
        "p_hit": 0.622047,
        "t_hit_p25": 9.0,
        "t_hit_median": 18.0,
        "t_hit_p75": 32.0,
        "mdd_p25": -1.36375,
        "mdd_median": -0.9528,
        "mdd_p75": -0.36845
      },
      "60": {
        "n_total": 127,
        "n_hit": 91,
        "p_hit": 0.716535,
        "t_hit_p25": 10.0,