{
  "schema": "baseline_probs_v1",
  "source_labels": "data/labels/labels_v1.csv",
  "n_rows_labels": 1786,
  "thresholds": [
    0.5,
    1.0,
    2.0,
    3.0,
    5.0
  ],
  "horizons": [
    12,
    24,
    36,
    48,
    60,
    72,
    84,
    96
  ],
  "results": {
    "0.5": {
      "12": {
        "n_total": 1786,
        "n_hit": 1295,
        "p_hit": 0.725084,
        "t_hit_p25": 1.0,
        "t_hit_median": 2.0,
        "t_hit_p75": 4.0,
        "mdd_p25": -0.8109,
        "mdd_median": -0.3,
        "mdd_p75": -0.0571
      },
      "24": {
        "n_total": 1786,
        "n_hit": 1456,
        "p_hit": 0.81523,
        "t_hit_p25": 1.0,
        "t_hit_median": 2.0,
        "t_hit_p75": 6.0,
        "mdd_p25": -0.9581,
        "mdd_median": -0.36819999999999997,
        "mdd_p75": -0.08925
      },
      "36": {
        "n_total": 1786,
        "n_hit": 1526,
        "p_hit": 0.854423,
        "t_hit_p25": 1.0,
        "t_hit_median": 3.0,
        "t_hit_p75": 7.0,
        "mdd_p25": -1.0248249999999999,
        "mdd_median": -0.4031,
        "mdd_p75": -0.10092500000000001
      },
      "48": {
        "n_total": 1786,
        "n_hit": 1548,
        "p_hit": 0.866741,
        "t_hit_p25": 1.0,
        "t_hit_median": 3.0,
        "t_hit_p75": 8.0,
        "mdd_p25": -1.098375,
        "mdd_median": -0.41325,
        "mdd_p75": -0.1033
      },
      "60": {
        "n_total": 1786,
        "n_hit": 1563,
        "p_hit": 0.87514,
        "t_hit_p25": 1.0,
        "t_hit_median": 3.0,
        "t_hit_p75": 8.0,
        "mdd_p25": -1.14805,
        "mdd_median": -0.421,
        "mdd_p75": -0.1047
      },
      "72": {
        "n_total": 1786,
        "n_hit": 1592,
        "p_hit": 0.891377,
        "t_hit_p25": 1.0,
        "t_hit_median": 3.0,
        "t_hit_p75": 9.0,
        "mdd_p25": -1.2093,
        "mdd_median": -0.4366,
        "mdd_p75": -0.108425
      },
      "84": {
        "n_total": 1786,
        "n_hit": 1619,
        "p_hit": 0.906495,
        "t_hit_p25": 1.0,
        "t_hit_median": 3.0,
        "t_hit_p75": 9.0,
        "mdd_p25": -1.2803,
        "mdd_median": -0.4485,
        "mdd_p75": -0.11285
      },
      "96": {
        "n_total": 1786,
        "n_hit": 1638,
        "p_hit": 0.917133,
        "t_hit_p25": 1.0,
        "t_hit_median": 3.0,
        "t_hit_p75": 10.0,
        "mdd_p25": -1.34165,
        "mdd_median": -0.4678,
        "mdd_p75": -0.11674999999999999
      }
    },
    "1.0": {
      "12": {
        "n_total": 1786,
        "n_hit": 970,
        "p_hit": 0.543113,
        "t_hit_p25": 2.0,
        "t_hit_median": 4.0,
        "t_hit_p75": 7.0,
        "mdd_p25": -0.999125,
        "mdd_median": -0.38675000000000004,
        "mdd_p75": -0.084125
      },
      "24": {
        "n_total": 1786,
        "n_hit": 1178,
        "p_hit": 0.659574,
        "t_hit_p25": 2.0,
        "t_hit_median": 5.0,
        "t_hit_p75": 10.0,
        "mdd_p25": -1.182375,
        "mdd_median": -0.4759,
        "mdd_p75": -0.12755
      },
      "36": {
        "n_total": 1786,
        "n_hit": 1304,
        "p_hit": 0.730123,
        "t_hit_p25": 2.0,
        "t_hit_median": 6.0,
        "t_hit_p75": 13.0,
        "mdd_p25": -1.35045,
        "mdd_median": -0.52395,
        "mdd_p75": -0.153675
      },
      "48": {
        "n_total": 1786,
        "n_hit": 1364,
        "p_hit": 0.763718,
        "t_hit_p25": 2.0,
        "t_hit_median": 6.0,
        "t_hit_p75": 15.0,
        "mdd_p25": -1.3823500000000002,
        "mdd_median": -0.5417,
        "mdd_p75": -0.161775
      },
      "60": {
        "n_total": 1786,
        "n_hit": 1419,
        "p_hit": 0.794513,
        "t_hit_p25": 3.0,
        "t_hit_median": 6.0,
        "t_hit_p75": 17.0,
        "mdd_p25": -1.48225,
        "mdd_median": -0.5763,
        "mdd_p75": -0.17085
      },
      "72": {
        "n_total": 1786,
        "n_hit": 1468,
        "p_hit": 0.821948,
        "t_hit_p25": 3.0,
        "t_hit_median": 7.0,
        "t_hit_p75": 19.0,
        "mdd_p25": -1.59365,
        "mdd_median": -0.6025499999999999,
        "mdd_p75": -0.17689999999999997
      },
      "84": {
        "n_total": 1786,
        "n_hit": 1502,
        "p_hit": 0.840985,
        "t_hit_p25": 3.0,
        "t_hit_median": 7.0,
        "t_hit_p75": 20.75,
        "mdd_p25": -1.6829,
        "mdd_median": -0.62755,
        "mdd_p75": -0.18524999999999997
      },
      "96": {
        "n_total": 1786,
        "n_hit": 1522,
        "p_hit": 0.852184,
        "t_hit_p25": 3.0,
        "t_hit_median": 7.0,
        "t_hit_p75": 21.0,
        "mdd_p25": -1.7415500000000002,
        "mdd_median": -0.655,
        "mdd_p75": -0.19115
      }
    },
    "2.0": {
      "12": {
        "n_total": 1786,
        "n_hit": 504,
        "p_hit": 0.282195,
        "t_hit_p25": 3.0,
        "t_hit_median": 5.0,
        "t_hit_p75": 8.0,
        "mdd_p25": -1.06615,
        "mdd_median": -0.43935,
        "mdd_p75": -0.12054999999999999
      },
      "24": {
        "n_total": 1786,
        "n_hit": 773,
        "p_hit": 0.432811,
        "t_hit_p25": 4.0,
        "t_hit_median": 9.0,
        "t_hit_p75": 15.0,
        "mdd_p25": -1.3417,
        "mdd_median": -0.5938,
        "mdd_p75": -0.1735
      },
      "36": {
        "n_total": 1786,
        "n_hit": 935,
        "p_hit": 0.523516,
        "t_hit_p25": 5.0,
        "t_hit_median": 11.0,
        "t_hit_p75": 21.0,
        "mdd_p25": -1.5102,
        "mdd_median": -0.6385,
        "mdd_p75": -0.19195
      },
      "48": {
        "n_total": 1786,
        "n_hit": 1053,
        "p_hit": 0.589586,
        "t_hit_p25": 5.0,
        "t_hit_median": 13.0,
        "t_hit_p75": 26.0,
        "mdd_p25": -1.5517,
        "mdd_median": -0.6834,
        "mdd_p75": -0.2249
      },
      "60": {
        "n_total": 1786,
        "n_hit": 1143,
        "p_hit": 0.639978,
        "t_hit_p25": 6.0,
        "t_hit_median": 15.0,
        "t_hit_p75": 31.0,
        "mdd_p25": -1.6140500000000002,
        "mdd_median": -0.7588,
        "mdd_p75": -0.26044999999999996
      },
      "72": {
        "n_total": 1786,
        "n_hit": 1218,
        "p_hit": 0.681971,
        "t_hit_p25": 6.0,
        "t_hit_median": 16.0,
        "t_hit_p75": 35.0,
        "mdd_p25": -1.753175,
        "mdd_median": -0.86365,
        "mdd_p75": -0.27747499999999997
      },
      "84": {
        "n_total": 1786,
        "n_hit": 1261,
        "p_hit": 0.706047,
        "t_hit_p25": 6.0,
        "t_hit_median": 17.0,
        "t_hit_p75": 38.0,
        "mdd_p25": -1.8787,
        "mdd_median": -0.9317,
        "mdd_p75": -0.2951
      },
      "96": {
        "n_total": 1786,
        "n_hit": 1298,
        "p_hit": 0.726764,
        "t_hit_p25": 7.0,
        "t_hit_median": 18.0,
        "t_hit_p75": 40.75,
        "mdd_p25": -2.016325,
        "mdd_median": -0.97295,
        "mdd_p75": -0.304675
      }
    },
    "3.0": {
      "12": {
        "n_total": 1786,
        "n_hit": 291,
        "p_hit": 0.162934,
        "t_hit_p25": 3.0,
        "t_hit_median": 6.0,
        "t_hit_p75": 9.0,
        "mdd_p25": -0.98065,
        "mdd_median": -0.4322,
        "mdd_p75": -0.1362
      },
      "24": {
        "n_total": 1786,
        "n_hit": 467,
        "p_hit": 0.261478,
        "t_hit_p25": 5.0,
        "t_hit_median": 9.0,
        "t_hit_p75": 16.5,
        "mdd_p25": -1.2716500000000002,
        "mdd_median": -0.5429,
        "mdd_p75": -0.16435
      },
      "36": {
        "n_total": 1786,
        "n_hit": 633,
        "p_hit": 0.354423,
        "t_hit_p25": 6.0,
        "t_hit_median": 14.0,
        "t_hit_p75": 25.0,
        "mdd_p25": -1.4987,
        "mdd_median": -0.6162,
        "mdd_p75": -0.1925
      },
      "48": {
        "n_total": 1786,
        "n_hit": 757,
        "p_hit": 0.423852,
        "t_hit_p25": 7.0,
        "t_hit_median": 19.0,
        "t_hit_p75": 31.0,
        "mdd_p25": -1.5877,
        "mdd_median": -0.6998,