{
  "schema": "baseline_probs_v1",
  "source_labels": "data/labels/labels_v1.csv",
  "n_rows_labels": 2711,
  "thresholds": [
    0.5,
    1.0,
    2.0,
    3.0,
    5.0
  ],
  "horizons": [
    12,
    24,
    36,
    48,
    60,
    72,
    84,
    96
  ],
  "results": {
    "0.5": {
      "12": {
        "n_total": 2711,
        "n_hit": 1913,
        "p_hit": 0.705644,
        "t_hit_p25": 1.0,
        "t_hit_median": 2.0,
        "t_hit_p75": 4.0,
        "mdd_p25": -0.7184,
        "mdd_median": -0.2918,
        "mdd_p75": -0.0509
      },
      "24": {
        "n_total": 2711,
        "n_hit": 2175,
        "p_hit": 0.802287,
        "t_hit_p25": 1.0,
        "t_hit_median": 3.0,
        "t_hit_p75": 7.0,
        "mdd_p25": -0.89255,
        "mdd_median": -0.3584,
        "mdd_p75": -0.08095
      },
      "36": {
        "n_total": 2711,
        "n_hit": 2304,
        "p_hit": 0.849871,
        "t_hit_p25": 1.0,
        "t_hit_median": 3.0,
        "t_hit_p75": 8.0,
        "mdd_p25": -0.9945,
        "mdd_median": -0.40545,
        "mdd_p75": -0.097525
      },
      "48": {
        "n_total": 2711,
        "n_hit": 2350,
        "p_hit": 0.866839,
        "t_hit_p25": 1.0,
        "t_hit_median": 3.0,
        "t_hit_p75": 9.0,
        "mdd_p25": -1.0666,
        "mdd_median": -0.41765,
        "mdd_p75": -0.102725
      },
      "60": {
        "n_total": 2711,
        "n_hit": 2373,
        "p_hit": 0.875323,
        "t_hit_p25": 1.0,
        "t_hit_median": 3.0,
        "t_hit_p75": 9.0,
        "mdd_p25": -1.126,
        "mdd_median": -0.4258,
        "mdd_p75": -0.1042
      },
      "72": {
        "n_total": 2711,
        "n_hit": 2412,
        "p_hit": 0.889709,
        "t_hit_p25": 1.0,
        "t_hit_median": 3.0,
        "t_hit_p75": 10.0,
        "mdd_p25": -1.178025,
        "mdd_median": -0.43895,
        "mdd_p75": -0.10735
      },
      "84": {
        "n_total": 2711,
        "n_hit": 2455,
        "p_hit": 0.90557,
        "t_hit_p25": 1.0,
        "t_hit_median": 3.0,
        "t_hit_p75": 10.0,
        "mdd_p25": -1.26035,
        "mdd_median": -0.4529,
        "mdd_p75": -0.1121
      },
      "96": {
        "n_total": 2711,
        "n_hit": 2484,
        "p_hit": 0.916267,
        "t_hit_p25": 1.0,
        "t_hit_median": 3.0,
        "t_hit_p75": 11.0,
        "mdd_p25": -1.322525,
        "mdd_median": -0.46965,
        "mdd_p75": -0.116575
      }
    },
    "1.0": {
      "12": {
        "n_total": 2711,
        "n_hit": 1401,
        "p_hit": 0.516783,
        "t_hit_p25": 2.0,
        "t_hit_median": 4.0,
        "t_hit_p75": 7.0,
        "mdd_p25": -0.9403,
        "mdd_median": -0.3691,
        "mdd_p75": -0.0809
      },
      "24": {
        "n_total": 2711,
        "n_hit": 1746,
        "p_hit": 0.644043,
        "t_hit_p25": 2.0,
        "t_hit_median": 5.0,
        "t_hit_p75": 11.0,
        "mdd_p25": -1.093125,
        "mdd_median": -0.46965,
        "mdd_p75": -0.12940000000000002
      },
      "36": {
        "n_total": 2711,
        "n_hit": 1967,
        "p_hit": 0.725563,
        "t_hit_p25": 3.0,
        "t_hit_median": 6.0,
        "t_hit_p75": 15.0,
        "mdd_p25": -1.3112,
        "mdd_median": -0.5342,
        "mdd_p75": -0.1611
      },
      "48": {
        "n_total": 2711,
        "n_hit": 2070,
        "p_hit": 0.763556,
        "t_hit_p25": 3.0,
        "t_hit_median": 7.0,
        "t_hit_p75": 17.0,
        "mdd_p25": -1.372,
        "mdd_median": -0.55185,
        "mdd_p75": -0.17275
      },
      "60": {
        "n_total": 2711,
        "n_hit": 2148,
        "p_hit": 0.792328,
        "t_hit_p25": 3.0,
        "t_hit_median": 7.0,
        "t_hit_p75": 19.0,
        "mdd_p25": -1.474375,
        "mdd_median": -0.5885,
        "mdd_p75": -0.18582500000000002
      },
      "72": {
        "n_total": 2711,
        "n_hit": 2213,
        "p_hit": 0.816304,
        "t_hit_p25": 3.0,
        "t_hit_median": 8.0,
        "t_hit_p75": 21.0,
        "mdd_p25": -1.5784,
        "mdd_median": -0.6162,
        "mdd_p75": -0.197
      },
      "84": {
        "n_total": 2711,
        "n_hit": 2271,
        "p_hit": 0.837698,
        "t_hit_p25": 3.0,
        "t_hit_median": 8.0,
        "t_hit_p75": 23.0,
        "mdd_p25": -1.6831,
        "mdd_median": -0.6502,
        "mdd_p75": -0.2114
      },
      "96": {
        "n_total": 2711,
        "n_hit": 2308,
        "p_hit": 0.851346,
        "t_hit_p25": 3.0,
        "t_hit_median": 8.0,
        "t_hit_p75": 24.0,
        "mdd_p25": -1.75465,
        "mdd_median": -0.6768,
        "mdd_p75": -0.2195
      }
    },
    "2.0": {
      "12": {
        "n_total": 2711,
        "n_hit": 679,
        "p_hit": 0.250461,
        "t_hit_p25": 3.0,
        "t_hit_median": 5.0,
        "t_hit_p75": 9.0,
        "mdd_p25": -0.9754499999999999,
        "mdd_median": -0.4168,
        "mdd_p75": -0.1077
      },
      "24": {
        "n_total": 2711,
        "n_hit": 1096,
        "p_hit": 0.404279,
        "t_hit_p25": 4.0,
        "t_hit_median": 9.0,
        "t_hit_p75": 16.0,
        "mdd_p25": -1.27225,
        "mdd_median": -0.58065,
        "mdd_p75": -0.18105000000000002
      },
      "36": {
        "n_total": 2711,
        "n_hit": 1390,
        "p_hit": 0.512726,
        "t_hit_p25": 5.0,
        "t_hit_median": 13.0,
        "t_hit_p75": 23.0,
        "mdd_p25": -1.465325,
        "mdd_median": -0.6770499999999999,
        "mdd_p75": -0.22745
      },
      "48": {
        "n_total": 2711,
        "n_hit": 1580,
        "p_hit": 0.582811,
        "t_hit_p25": 6.0,
        "t_hit_median": 15.0,
        "t_hit_p75": 28.0,
        "mdd_p25": -1.5572,
        "mdd_median": -0.7314,
        "mdd_p75": -0.2698
      },
      "60": {
        "n_total": 2711,
        "n_hit": 1707,
        "p_hit": 0.629657,
        "t_hit_p25": 7.0,
        "t_hit_median": 17.0,
        "t_hit_p75": 32.0,
        "mdd_p25": -1.6165500000000002,
        "mdd_median": -0.8007,
        "mdd_p75": -0.29055
      },
      "72": {
        "n_total": 2711,
        "n_hit": 1818,
        "p_hit": 0.670601,
        "t_hit_p25": 7.0,
        "t_hit_median": 18.0,
        "t_hit_p75": 35.0,
        "mdd_p25": -1.7597,
        "mdd_median": -0.88575,
        "mdd_p75": -0.31305000000000005
      },
      "84": {
        "n_total": 2711,
        "n_hit": 1899,
        "p_hit": 0.70048,
        "t_hit_p25": 8.0,
        "t_hit_median": 20.0,
        "t_hit_p75": 39.0,
        "mdd_p25": -1.9177,
        "mdd_median": -0.9472,
        "mdd_p75": -0.3378
      },
      "96": {
        "n_total": 2711,
        "n_hit": 1974,
        "p_hit": 0.728145,
        "t_hit_p25": 8.0,
        "t_hit_median": 21.0,
        "t_hit_p75": 42.0,
        "mdd_p25": -2.11955,
        "mdd_median": -0.99065,
        "mdd_p75": -0.34909999999999997
      }
    },
    "3.0": {
      "12": {
        "n_total": 2711,
        "n_hit": 367,
        "p_hit": 0.135374,
        "t_hit_p25": 3.0,
        "t_hit_median": 6.0,
        "t_hit_p75": 9.0,
        "mdd_p25": -0.95035,
        "mdd_median": -0.3885,
        "mdd_p75": -0.1077
      },
      "24": {
        "n_total": 2711,
        "n_hit": 635,
        "p_hit": 0.234231,
        "t_hit_p25": 5.0,
        "t_hit_median": 10.0,
        "t_hit_p75": 17.0,
        "mdd_p25": -1.3197,
        "mdd_median": -0.5509,
        "mdd_p75": -0.1616
      },
      "36": {
        "n_total": 2711,
        "n_hit": 898,
        "p_hit": 0.331243,
        "t_hit_p25": 7.0,
        "t_hit_median": 16.0,
        "t_hit_p75": 26.0,
        "mdd_p25": -1.5871749999999998,
        "mdd_median": -0.6745,
        "mdd_p75": -0.207775
      },
      "48": {
        "n_total": 2711,
        "n_hit": 1113,
        "p_hit": 0.41055,
        "t_hit_p25": 9.0,
        "t_hit_median": 21.0,
        "t_hit_p75": 33.0,
        "mdd_p25": -1.7019,
        "mdd_median": -0.7982,
        "mdd_p75": -0.2725
      },
      "60": {
        "n_total": 2711,
        "n_hit": 1272,