{
  "schema": "baseline_probs_v1",
  "source_labels": "data/labels/labels_v1.csv",
  "n_rows_labels": 2277,
  "thresholds": [
    0.5,
    1.0,
    2.0,
    3.0,
    5.0
  ],
  "horizons": [
    12,
    24,
    36,
    48,
    60,
    72,
    84,
    96
  ],
  "results": {
    "0.5": {
      "12": {
        "n_total": 2277,
        "n_hit": 1646,
        "p_hit": 0.722881,
        "t_hit_p25": 1.0,
        "t_hit_median": 2.0,
        "t_hit_p75": 4.0,
        "mdd_p25": -0.7981,
        "mdd_median": -0.30474999999999997,
        "mdd_p75": -0.055825
      },
      "24": {
        "n_total": 2277,
        "n_hit": 1858,
        "p_hit": 0.815986,
        "t_hit_p25": 1.0,
        "t_hit_median": 3.0,
        "t_hit_p75": 6.0,
        "mdd_p25": -0.943675,
        "mdd_median": -0.37024999999999997,
        "mdd_p75": -0.08415
      },
      "36": {
        "n_total": 2277,
        "n_hit": 1960,
        "p_hit": 0.860782,
        "t_hit_p25": 1.0,
        "t_hit_median": 3.0,
        "t_hit_p75": 8.0,
        "mdd_p25": -1.0421,
        "mdd_median": -0.4115,
        "mdd_p75": -0.101525
      },
      "48": {
        "n_total": 2277,
        "n_hit": 1999,
        "p_hit": 0.87791,
        "t_hit_p25": 1.0,
        "t_hit_median": 3.0,
        "t_hit_p75": 8.0,
        "mdd_p25": -1.13425,
        "mdd_median": -0.4261,
        "mdd_p75": -0.1047
      },
      "60": {
        "n_total": 2277,
        "n_hit": 2020,
        "p_hit": 0.887132,
        "t_hit_p25": 1.0,
        "t_hit_median": 3.0,
        "t_hit_p75": 9.0,
        "mdd_p25": -1.167275,
        "mdd_median": -0.43595,
        "mdd_p75": -0.106525
      },
      "72": {
        "n_total": 2277,
        "n_hit": 2053,
        "p_hit": 0.901625,
        "t_hit_p25": 1.0,
        "t_hit_median": 3.0,
        "t_hit_p75": 9.0,
        "mdd_p25": -1.2472,
        "mdd_median": -0.4481,
        "mdd_p75": -0.1117
      },
      "84": {
        "n_total": 2277,
        "n_hit": 2084,
        "p_hit": 0.915239,
        "t_hit_p25": 1.0,
        "t_hit_median": 3.0,
        "t_hit_p75": 10.0,
        "mdd_p25": -1.325,
        "mdd_median": -0.46875,
        "mdd_p75": -0.117125
      },
      "96": {
        "n_total": 2277,
        "n_hit": 2105,
        "p_hit": 0.924462,
        "t_hit_p25": 1.0,
        "t_hit_median": 3.0,
        "t_hit_p75": 10.0,
        "mdd_p25": -1.3536,
        "mdd_median": -0.4754,
        "mdd_p75": -0.118
      }
    },
    "1.0": {
      "12": {
        "n_total": 2277,
        "n_hit": 1223,
        "p_hit": 0.53711,
        "t_hit_p25": 2.0,
        "t_hit_median": 4.0,
        "t_hit_p75": 7.0,
        "mdd_p25": -0.99515,
        "mdd_median": -0.4028,
        "mdd_p75": -0.08245
      },
      "24": {
        "n_total": 2277,
        "n_hit": 1505,
        "p_hit": 0.660957,
        "t_hit_p25": 2.0,
        "t_hit_median": 5.0,
        "t_hit_p75": 10.0,
        "mdd_p25": -1.1694,
        "mdd_median": -0.4938,
        "mdd_p75": -0.1358
      },
      "36": {
        "n_total": 2277,
        "n_hit": 1682,
        "p_hit": 0.738691,
        "t_hit_p25": 2.0,
        "t_hit_median": 6.0,
        "t_hit_p75": 14.0,
        "mdd_p25": -1.369975,
        "mdd_median": -0.5434,
        "mdd_p75": -0.163975
      },
      "48": {
        "n_total": 2277,
        "n_hit": 1768,
        "p_hit": 0.77646,
        "t_hit_p25": 3.0,
        "t_hit_median": 6.0,
        "t_hit_p75": 16.0,
        "mdd_p25": -1.4603000000000002,
        "mdd_median": -0.579,
        "mdd_p75": -0.174975
      },
      "60": {
        "n_total": 2277,
        "n_hit": 1839,
        "p_hit": 0.807642,
        "t_hit_p25": 3.0,
        "t_hit_median": 7.0,
        "t_hit_p75": 18.0,
        "mdd_p25": -1.5838,
        "mdd_median": -0.6138,
        "mdd_p75": -0.1889
      },
      "72": {
        "n_total": 2277,
        "n_hit": 1895,
        "p_hit": 0.832235,
        "t_hit_p25": 3.0,
        "t_hit_median": 7.0,
        "t_hit_p75": 20.0,
        "mdd_p25": -1.6881499999999998,
        "mdd_median": -0.6618,
        "mdd_p75": -0.20205
      },
      "84": {
        "n_total": 2277,
        "n_hit": 1940,
        "p_hit": 0.851998,
        "t_hit_p25": 3.0,
        "t_hit_median": 7.0,
        "t_hit_p75": 21.25,
        "mdd_p25": -1.78865,
        "mdd_median": -0.6942999999999999,
        "mdd_p75": -0.214525
      },
      "96": {
        "n_total": 2277,
        "n_hit": 1966,
        "p_hit": 0.863417,
        "t_hit_p25": 3.0,
        "t_hit_median": 8.0,
        "t_hit_p75": 23.0,
        "mdd_p25": -1.8419750000000001,
        "mdd_median": -0.7127,
        "mdd_p75": -0.219775
      }
    },
    "2.0": {
      "12": {
        "n_total": 2277,
        "n_hit": 618,
        "p_hit": 0.27141,
        "t_hit_p25": 3.0,
        "t_hit_median": 5.0,
        "t_hit_p75": 8.0,
        "mdd_p25": -0.9994250000000001,
        "mdd_median": -0.41655,
        "mdd_p75": -0.105
      },
      "24": {
        "n_total": 2277,
        "n_hit": 972,
        "p_hit": 0.426877,
        "t_hit_p25": 4.0,
        "t_hit_median": 9.0,
        "t_hit_p75": 16.0,
        "mdd_p25": -1.35255,
        "mdd_median": -0.599,
        "mdd_p75": -0.18415
      },
      "36": {
        "n_total": 2277,
        "n_hit": 1195,
        "p_hit": 0.524813,
        "t_hit_p25": 5.0,
        "t_hit_median": 12.0,
        "t_hit_p75": 21.0,
        "mdd_p25": -1.5883500000000002,
        "mdd_median": -0.7221,
        "mdd_p75": -0.22139999999999999
      },
      "48": {
        "n_total": 2277,
        "n_hit": 1357,
        "p_hit": 0.59596,
        "t_hit_p25": 6.0,
        "t_hit_median": 14.0,
        "t_hit_p75": 27.0,
        "mdd_p25": -1.6817,
        "mdd_median": -0.822,
        "mdd_p75": -0.2654
      },
      "60": {
        "n_total": 2277,
        "n_hit": 1464,
        "p_hit": 0.642951,
        "t_hit_p25": 6.0,
        "t_hit_median": 16.0,
        "t_hit_p75": 31.0,
        "mdd_p25": -1.7486,
        "mdd_median": -0.88965,
        "mdd_p75": -0.28295000000000003
      },
      "72": {
        "n_total": 2277,
        "n_hit": 1562,
        "p_hit": 0.68599,
        "t_hit_p25": 7.0,
        "t_hit_median": 17.0,
        "t_hit_p75": 35.0,
        "mdd_p25": -1.9374,
        "mdd_median": -0.97295,
        "mdd_p75": -0.312025
      },
      "84": {
        "n_total": 2277,
        "n_hit": 1629,
        "p_hit": 0.715415,
        "t_hit_p25": 7.0,
        "t_hit_median": 18.0,
        "t_hit_p75": 38.0,
        "mdd_p25": -2.1569,
        "mdd_median": -1.017,
        "mdd_p75": -0.3339
      },
      "96": {
        "n_total": 2277,
        "n_hit": 1691,
        "p_hit": 0.742644,
        "t_hit_p25": 7.0,
        "t_hit_median": 20.0,
        "t_hit_p75": 42.0,
        "mdd_p25": -2.25475,
        "mdd_median": -1.1089,
        "mdd_p75": -0.3493
      }
    },
    "3.0": {
      "12": {
        "n_total": 2277,
        "n_hit": 349,
        "p_hit": 0.153272,
        "t_hit_p25": 3.0,
        "t_hit_median": 6.0,
        "t_hit_p75": 9.0,
        "mdd_p25": -0.9724,
        "mdd_median": -0.3983,
        "mdd_p75": -0.1164
      },
      "24": {
        "n_total": 2277,
        "n_hit": 587,
        "p_hit": 0.257795,
        "t_hit_p25": 5.0,
        "t_hit_median": 10.0,
        "t_hit_p75": 17.0,
        "mdd_p25": -1.3713,
        "mdd_median": -0.581,
        "mdd_p75": -0.17099999999999999
      },
      "36": {
        "n_total": 2277,
        "n_hit": 814,
        "p_hit": 0.357488,
        "t_hit_p25": 7.0,
        "t_hit_median": 15.0,
        "t_hit_p75": 26.0,
        "mdd_p25": -1.648025,
        "mdd_median": -0.7112499999999999,
        "mdd_p75": -0.215825
      },
      "48": {
        "n_total": 2277,
        "n_hit": 992,
        "p_hit": 0.435661,
        "t_hit_p25": 8.0,
        "t_hit_median": 20.0,
        "t_hit_p75": 32.0,
        "mdd_p25": -1.8237,
        "mdd_median": -0.88695,
        "mdd_p75": -0.27815
      },