{
  "schema": "baseline_probs_v1",
  "source_labels": "data/labels/labels_v1.csv",
  "n_rows_labels": 907,
  "thresholds": [
    0.5,
    1.0,
    2.0,
    3.0,
    5.0
  ],
  "horizons": [
    12,
    24,
    36,
    48,
    60,
    72,
    84,
    96
  ],
  "results": {
    "0.5": {
      "12": {
        "n_total": 907,
        "n_hit": 618,
        "p_hit": 0.681367,
        "t_hit_p25": 1.0,
        "t_hit_median": 3.0,
        "t_hit_p75": 6.0,
        "mdd_p25": -0.6539,
        "mdd_median": -0.2535,
        "mdd_p75": -0.056275
      },
      "24": {
        "n_total": 907,
        "n_hit": 730,
        "p_hit": 0.804851,
        "t_hit_p25": 2.0,
        "t_hit_median": 4.0,
        "t_hit_p75": 9.0,
        "mdd_p25": -0.817175,
        "mdd_median": -0.33,
        "mdd_p75": -0.091525
      },
      "36": {
        "n_total": 907,
        "n_hit": 772,
        "p_hit": 0.851158,
        "t_hit_p25": 2.0,
        "t_hit_median": 4.0,
        "t_hit_p75": 10.0,
        "mdd_p25": -0.85755,
        "mdd_median": -0.36735,
        "mdd_p75": -0.101725
      },
      "48": {
        "n_total": 907,
        "n_hit": 782,
        "p_hit": 0.862183,
        "t_hit_p25": 2.0,
        "t_hit_median": 4.0,
        "t_hit_p75": 10.0,
        "mdd_p25": -0.9149250000000001,
        "mdd_median": -0.37305,
        "mdd_p75": -0.10364999999999999
      },
      "60": {
        "n_total": 907,
        "n_hit": 796,
        "p_hit": 0.877619,
        "t_hit_p25": 2.0,
        "t_hit_median": 4.5,
        "t_hit_p75": 11.0,
        "mdd_p25": -0.978625,
        "mdd_median": -0.38545,
        "mdd_p75": -0.1054
      },
      "72": {
        "n_total": 907,
        "n_hit": 818,
        "p_hit": 0.901874,
        "t_hit_p25": 2.0,
        "t_hit_median": 5.0,
        "t_hit_p75": 12.0,
        "mdd_p25": -1.05955,
        "mdd_median": -0.4096,
        "mdd_p75": -0.107875
      },
      "84": {
        "n_total": 907,
        "n_hit": 834,
        "p_hit": 0.919515,
        "t_hit_p25": 2.0,
        "t_hit_median": 5.0,
        "t_hit_p75": 13.0,
        "mdd_p25": -1.16195,
        "mdd_median": -0.42515000000000003,
        "mdd_p75": -0.112675
      },
      "96": {
        "n_total": 907,
        "n_hit": 840,
        "p_hit": 0.92613,
        "t_hit_p25": 2.0,
        "t_hit_median": 5.0,
        "t_hit_p75": 13.0,
        "mdd_p25": -1.174725,
        "mdd_median": -0.43074999999999997,
        "mdd_p75": -0.11560000000000001
      }
    },
    "1.0": {
      "12": {
        "n_total": 907,
        "n_hit": 436,
        "p_hit": 0.480706,
        "t_hit_p25": 3.0,
        "t_hit_median": 5.0,
        "t_hit_p75": 8.0,
        "mdd_p25": -0.79835,
        "mdd_median": -0.28180000000000005,
        "mdd_p75": -0.07015
      },
      "24": {
        "n_total": 907,
        "n_hit": 580,
        "p_hit": 0.639471,
        "t_hit_p25": 3.0,
        "t_hit_median": 7.0,
        "t_hit_p75": 12.0,
        "mdd_p25": -0.974875,
        "mdd_median": -0.41100000000000003,
        "mdd_p75": -0.10425000000000001
      },
      "36": {
        "n_total": 907,
        "n_hit": 661,
        "p_hit": 0.728776,
        "t_hit_p25": 4.0,
        "t_hit_median": 8.0,
        "t_hit_p75": 17.0,
        "mdd_p25": -1.0637,
        "mdd_median": -0.4477,
        "mdd_p75": -0.1327
      },
      "48": {
        "n_total": 907,
        "n_hit": 696,
        "p_hit": 0.767365,
        "t_hit_p25": 4.0,
        "t_hit_median": 8.0,
        "t_hit_p75": 19.0,
        "mdd_p25": -1.1131250000000001,
        "mdd_median": -0.4658,
        "mdd_p75": -0.14435
      },
      "60": {
        "n_total": 907,
        "n_hit": 732,
        "p_hit": 0.807056,
        "t_hit_p25": 4.0,
        "t_hit_median": 9.0,
        "t_hit_p75": 21.0,
        "mdd_p25": -1.23255,
        "mdd_median": -0.48285,
        "mdd_p75": -0.15889999999999999
      },
      "72": {
        "n_total": 907,
        "n_hit": 763,
        "p_hit": 0.841235,
        "t_hit_p25": 4.0,
        "t_hit_median": 10.0,
        "t_hit_p75": 23.5,
        "mdd_p25": -1.3416,
        "mdd_median": -0.5194,
        "mdd_p75": -0.1689
      },
      "84": {
        "n_total": 907,
        "n_hit": 784,
        "p_hit": 0.864388,
        "t_hit_p25": 4.0,
        "t_hit_median": 10.0,
        "t_hit_p75": 25.0,
        "mdd_p25": -1.3965250000000002,
        "mdd_median": -0.54355,
        "mdd_p75": -0.171525
      },
      "96": {
        "n_total": 907,
        "n_hit": 795,
        "p_hit": 0.876516,
        "t_hit_p25": 5.0,
        "t_hit_median": 10.0,
        "t_hit_p75": 26.5,
        "mdd_p25": -1.4605000000000001,
        "mdd_median": -0.5524,
        "mdd_p75": -0.17215
      }
    },
    "2.0": {
      "12": {
        "n_total": 907,
        "n_hit": 195,
        "p_hit": 0.214994,
        "t_hit_p25": 4.0,
        "t_hit_median": 6.0,
        "t_hit_p75": 9.0,
        "mdd_p25": -0.7579,
        "mdd_median": -0.3641,
        "mdd_p75": -0.10865
      },
      "24": {
        "n_total": 907,
        "n_hit": 349,
        "p_hit": 0.384785,
        "t_hit_p25": 6.0,
        "t_hit_median": 11.0,
        "t_hit_p75": 17.0,
        "mdd_p25": -1.0394,
        "mdd_median": -0.5342,
        "mdd_p75": -0.1719
      },
      "36": {
        "n_total": 907,
        "n_hit": 441,
        "p_hit": 0.486218,
        "t_hit_p25": 7.0,
        "t_hit_median": 14.0,
        "t_hit_p75": 23.0,
        "mdd_p25": -1.0298,
        "mdd_median": -0.4818,
        "mdd_p75": -0.1696
      },
      "48": {
        "n_total": 907,
        "n_hit": 523,
        "p_hit": 0.576626,
        "t_hit_p25": 8.0,
        "t_hit_median": 17.0,
        "t_hit_p75": 31.0,
        "mdd_p25": -1.1661000000000001,
        "mdd_median": -0.5066,
        "mdd_p75": -0.1921
      },
      "60": {
        "n_total": 907,
        "n_hit": 583,
        "p_hit": 0.642778,
        "t_hit_p25": 9.0,
        "t_hit_median": 19.0,
        "t_hit_p75": 36.0,
        "mdd_p25": -1.2488000000000001,
        "mdd_median": -0.5477,
        "mdd_p75": -0.2233
      },
      "72": {
        "n_total": 907,
        "n_hit": 626,
        "p_hit": 0.690187,
        "t_hit_p25": 10.0,
        "t_hit_median": 21.0,
        "t_hit_p75": 41.0,
        "mdd_p25": -1.309825,
        "mdd_median": -0.5952,
        "mdd_p75": -0.247
      },
      "84": {
        "n_total": 907,
        "n_hit": 651,
        "p_hit": 0.717751,
        "t_hit_p25": 10.0,
        "t_hit_median": 22.0,
        "t_hit_p75": 44.0,
        "mdd_p25": -1.3827500000000001,
        "mdd_median": -0.6217,
        "mdd_p75": -0.26455
      },
      "96": {
        "n_total": 907,
        "n_hit": 673,
        "p_hit": 0.742007,
        "t_hit_p25": 10.0,
        "t_hit_median": 23.0,
        "t_hit_p75": 45.0,
        "mdd_p25": -1.4609,
        "mdd_median": -0.6576,
        "mdd_p75": -0.27
      }
    },
    "3.0": {
      "12": {
        "n_total": 907,
        "n_hit": 90,
        "p_hit": 0.099228,
        "t_hit_p25": 5.0,
        "t_hit_median": 7.0,
        "t_hit_p75": 10.0,
        "mdd_p25": -0.8084,
        "mdd_median": -0.33704999999999996,
        "mdd_p75": -0.14425
      },
      "24": {
        "n_total": 907,
        "n_hit": 170,
        "p_hit": 0.187431,
        "t_hit_p25": 7.0,
        "t_hit_median": 12.0,
        "t_hit_p75": 19.0,
        "mdd_p25": -0.7329,
        "mdd_median": -0.3775,
        "mdd_p75": -0.126775
      },
      "36": {
        "n_total": 907,
        "n_hit": 260,
        "p_hit": 0.286659,
        "t_hit_p25": 10.0,
        "t_hit_median": 19.0,
        "t_hit_p75": 29.0,
        "mdd_p25": -0.9189750000000001,
        "mdd_median": -0.46540000000000004,
        "mdd_p75": -0.155275
      },
      "48": {
        "n_total": 907,
        "n_hit": 333,
        "p_hit": 0.367144,
        "t_hit_p25": 12.0,
        "t_hit_median": 24.0,
        "t_hit_p75": 35.0,
        "mdd_p25": -0.9829,
        "mdd_median": -0.4986,