{
  "schema": "baseline_probs_v1",
  "source_labels": "data/labels/labels_v1.csv",
  "n_rows_labels": 1316,
  "thresholds": [
    0.5,
    1.0,
    2.0,
    3.0,
    5.0
  ],
  "horizons": [
    12,
    24,
    36,
    48,
    60,
    72,
    84,
    96
  ],
  "results": {
    "0.5": {
      "12": {
        "n_total": 1316,
        "n_hit": 929,
        "p_hit": 0.705927,
        "t_hit_p25": 1.0,
        "t_hit_median": 2.0,
        "t_hit_p75": 5.0,
        "mdd_p25": -0.8369,
        "mdd_median": -0.2857,
        "mdd_p75": -0.0565
      },
      "24": {
        "n_total": 1316,
        "n_hit": 1066,
        "p_hit": 0.81003,
        "t_hit_p25": 1.0,
        "t_hit_median": 3.0,
        "t_hit_p75": 7.0,
        "mdd_p25": -0.98275,
        "mdd_median": -0.3688,
        "mdd_p75": -0.090025
      },
      "36": {
        "n_total": 1316,
        "n_hit": 1114,
        "p_hit": 0.846505,
        "t_hit_p25": 1.0,
        "t_hit_median": 3.0,
        "t_hit_p75": 8.0,
        "mdd_p25": -1.0128249999999999,
        "mdd_median": -0.3907,
        "mdd_p75": -0.10067499999999999
      },
      "48": {
        "n_total": 1316,
        "n_hit": 1124,
        "p_hit": 0.854103,
        "t_hit_p25": 1.0,
        "t_hit_median": 3.0,
        "t_hit_p75": 9.0,
        "mdd_p25": -1.0623500000000001,
        "mdd_median": -0.4044,
        "mdd_p75": -0.101525
      },
      "60": {
        "n_total": 1316,
        "n_hit": 1138,
        "p_hit": 0.864742,
        "t_hit_p25": 1.0,
        "t_hit_median": 3.0,
        "t_hit_p75": 9.0,
        "mdd_p25": -1.1098750000000002,
        "mdd_median": -0.4125,
        "mdd_p75": -0.10289999999999999
      },
      "72": {
        "n_total": 1316,
        "n_hit": 1162,
        "p_hit": 0.882979,
        "t_hit_p25": 1.0,
        "t_hit_median": 3.0,
        "t_hit_p75": 10.0,
        "mdd_p25": -1.186175,
        "mdd_median": -0.4289,
        "mdd_p75": -0.105625
      },
      "84": {
        "n_total": 1316,
        "n_hit": 1181,
        "p_hit": 0.897416,
        "t_hit_p25": 1.0,
        "t_hit_median": 3.0,
        "t_hit_p75": 10.0,
        "mdd_p25": -1.2628,
        "mdd_median": -0.4414,
        "mdd_p75": -0.1076
      },
      "96": {
        "n_total": 1316,
        "n_hit": 1187,
        "p_hit": 0.901976,
        "t_hit_p25": 1.0,
        "t_hit_median": 3.0,
        "t_hit_p75": 10.0,
        "mdd_p25": -1.2732,
        "mdd_median": -0.4467,
        "mdd_p75": -0.10885
      }
    },
    "1.0": {
      "12": {
        "n_total": 1316,
        "n_hit": 684,
        "p_hit": 0.519757,
        "t_hit_p25": 2.0,
        "t_hit_median": 4.0,
        "t_hit_p75": 7.0,
        "mdd_p25": -0.99815,
        "mdd_median": -0.37295,
        "mdd_p75": -0.080875
      },
      "24": {
        "n_total": 1316,
        "n_hit": 850,
        "p_hit": 0.645897,
        "t_hit_p25": 2.0,
        "t_hit_median": 5.0,
        "t_hit_p75": 10.0,
        "mdd_p25": -1.138925,
        "mdd_median": -0.4658,
        "mdd_p75": -0.11762500000000001
      },
      "36": {
        "n_total": 1316,
        "n_hit": 941,
        "p_hit": 0.715046,
        "t_hit_p25": 2.0,
        "t_hit_median": 6.0,
        "t_hit_p75": 14.0,
        "mdd_p25": -1.2462,
        "mdd_median": -0.4788,
        "mdd_p75": -0.1445
      },
      "48": {
        "n_total": 1316,
        "n_hit": 977,
        "p_hit": 0.742401,
        "t_hit_p25": 3.0,
        "t_hit_median": 7.0,
        "t_hit_p75": 16.0,
        "mdd_p25": -1.2628,
        "mdd_median": -0.4839,
        "mdd_p75": -0.1558
      },
      "60": {
        "n_total": 1316,
        "n_hit": 1017,
        "p_hit": 0.772796,
        "t_hit_p25": 3.0,
        "t_hit_median": 7.0,
        "t_hit_p75": 18.0,
        "mdd_p25": -1.353,
        "mdd_median": -0.5194,
        "mdd_p75": -0.1614
      },
      "72": {
        "n_total": 1316,
        "n_hit": 1056,
        "p_hit": 0.802432,
        "t_hit_p25": 3.0,
        "t_hit_median": 7.0,
        "t_hit_p75": 19.0,
        "mdd_p25": -1.433775,
        "mdd_median": -0.5516,
        "mdd_p75": -0.169825
      },
      "84": {
        "n_total": 1316,
        "n_hit": 1078,
        "p_hit": 0.819149,
        "t_hit_p25": 3.0,
        "t_hit_median": 8.0,
        "t_hit_p75": 21.0,
        "mdd_p25": -1.5363499999999999,
        "mdd_median": -0.5775,
        "mdd_p75": -0.1719
      },
      "96": {
        "n_total": 1316,
        "n_hit": 1089,
        "p_hit": 0.827508,
        "t_hit_p25": 3.0,
        "t_hit_median": 8.0,
        "t_hit_p75": 21.0,
        "mdd_p25": -1.5588,
        "mdd_median": -0.5855,
        "mdd_p75": -0.1725
      }
    },
    "2.0": {
      "12": {
        "n_total": 1316,
        "n_hit": 338,
        "p_hit": 0.256839,
        "t_hit_p25": 3.0,
        "t_hit_median": 5.0,
        "t_hit_p75": 8.75,
        "mdd_p25": -1.0843,
        "mdd_median": -0.41225,
        "mdd_p75": -0.11925
      },
      "24": {
        "n_total": 1316,
        "n_hit": 534,
        "p_hit": 0.405775,
        "t_hit_p25": 4.0,
        "t_hit_median": 9.0,
        "t_hit_p75": 16.0,
        "mdd_p25": -1.271725,
        "mdd_median": -0.5744,
        "mdd_p75": -0.172425
      },
      "36": {
        "n_total": 1316,
        "n_hit": 646,
        "p_hit": 0.490881,
        "t_hit_p25": 5.0,
        "t_hit_median": 11.5,
        "t_hit_p75": 20.0,
        "mdd_p25": -1.3241749999999999,
        "mdd_median": -0.5744,
        "mdd_p75": -0.17385
      },
      "48": {
        "n_total": 1316,
        "n_hit": 738,
        "p_hit": 0.56079,
        "t_hit_p25": 6.0,
        "t_hit_median": 14.0,
        "t_hit_p75": 27.0,
        "mdd_p25": -1.35705,
        "mdd_median": -0.5850500000000001,
        "mdd_p75": -0.20452499999999998
      },
      "60": {
        "n_total": 1316,
        "n_hit": 802,
        "p_hit": 0.609422,
        "t_hit_p25": 6.0,
        "t_hit_median": 16.0,
        "t_hit_p75": 32.0,
        "mdd_p25": -1.3997,
        "mdd_median": -0.6032,
        "mdd_p75": -0.231825
      },
      "72": {
        "n_total": 1316,
        "n_hit": 854,
        "p_hit": 0.648936,
        "t_hit_p25": 7.0,
        "t_hit_median": 17.0,
        "t_hit_p75": 36.0,
        "mdd_p25": -1.483225,
        "mdd_median": -0.7,
        "mdd_p75": -0.256575
      },
      "84": {
        "n_total": 1316,
        "n_hit": 885,
        "p_hit": 0.672492,
        "t_hit_p25": 7.0,
        "t_hit_median": 18.0,
        "t_hit_p75": 39.0,
        "mdd_p25": -1.5587,
        "mdd_median": -0.7628,
        "mdd_p75": -0.2698
      },
      "96": {
        "n_total": 1316,
        "n_hit": 907,
        "p_hit": 0.68921,
        "t_hit_p25": 7.0,
        "t_hit_median": 18.0,
        "t_hit_p75": 41.5,
        "mdd_p25": -1.6140500000000002,
        "mdd_median": -0.8118,
        "mdd_p75": -0.27380000000000004
      }
    },
    "3.0": {
      "12": {
        "n_total": 1316,
        "n_hit": 168,
        "p_hit": 0.12766,
        "t_hit_p25": 3.0,
        "t_hit_median": 5.5,
        "t_hit_p75": 9.0,
        "mdd_p25": -0.9993749999999999,
        "mdd_median": -0.42374999999999996,
        "mdd_p75": -0.144475
      },
      "24": {
        "n_total": 1316,
        "n_hit": 282,
        "p_hit": 0.214286,
        "t_hit_p25": 5.0,
        "t_hit_median": 10.0,
        "t_hit_p75": 17.0,
        "mdd_p25": -1.116225,
        "mdd_median": -0.46540000000000004,
        "mdd_p75": -0.1456
      },
      "36": {
        "n_total": 1316,
        "n_hit": 385,
        "p_hit": 0.292553,
        "t_hit_p25": 6.0,
        "t_hit_median": 16.0,
        "t_hit_p75": 25.0,
        "mdd_p25": -1.1694,
        "mdd_median": -0.5427,
        "mdd_p75": -0.1696
      },
      "48": {
        "n_total": 1316,
        "n_hit": 477,
        "p_hit": 0.362462,
        "t_hit_p25": 8.0,
        "t_hit_median": 20.0,
        "t_hit_p75": 33.0,
        "mdd_p25": -1.2715,
        "mdd_median": -0.5725,
        "mdd_p75": -0.2074
      },