{
  "schema": "baseline_probs_v1",
  "source_labels": "data/labels/labels_v1.csv",
  "n_rows_labels": 1527,
  "thresholds": [
    0.5,
    1.0,
    2.0,
    3.0,
    5.0
  ],
  "horizons": [
    12,
    24,
    36,
    48,
    60,
    72,
    84,
    96
  ],
  "results": {
    "0.5": {
      "12": {
        "n_total": 1527,
        "n_hit": 1078,
        "p_hit": 0.705959,
        "t_hit_p25": 1.0,
        "t_hit_median": 2.0,
        "t_hit_p75": 5.0,
        "mdd_p25": -0.8302499999999999,
        "mdd_median": -0.2898,
        "mdd_p75": -0.05222500000000001
      },
      "24": {
        "n_total": 1527,
        "n_hit": 1227,
        "p_hit": 0.803536,
        "t_hit_p25": 1.0,
        "t_hit_median": 3.0,
        "t_hit_p75": 7.0,
        "mdd_p25": -0.9825999999999999,
        "mdd_median": -0.373,
        "mdd_p75": -0.08235
      },
      "36": {
        "n_total": 1527,
        "n_hit": 1289,
        "p_hit": 0.844139,
        "t_hit_p25": 1.0,
        "t_hit_median": 3.0,
        "t_hit_p75": 8.0,
        "mdd_p25": -1.0709,
        "mdd_median": -0.4058,
        "mdd_p75": -0.0944
      },
      "48": {
        "n_total": 1527,
        "n_hit": 1307,
        "p_hit": 0.855927,
        "t_hit_p25": 1.0,
        "t_hit_median": 3.0,
        "t_hit_p75": 8.0,
        "mdd_p25": -1.1278000000000001,
        "mdd_median": -0.4157,
        "mdd_p75": -0.10075
      },
      "60": {
        "n_total": 1527,
        "n_hit": 1321,
        "p_hit": 0.865095,
        "t_hit_p25": 1.0,
        "t_hit_median": 3.0,
        "t_hit_p75": 9.0,
        "mdd_p25": -1.1619,
        "mdd_median": -0.4258,
        "mdd_p75": -0.102
      },
      "72": {
        "n_total": 1527,
        "n_hit": 1350,
        "p_hit": 0.884086,
        "t_hit_p25": 1.0,
        "t_hit_median": 3.0,
        "t_hit_p75": 10.0,
        "mdd_p25": -1.251125,
        "mdd_median": -0.445,
        "mdd_p75": -0.10500000000000001
      },
      "84": {
        "n_total": 1527,
        "n_hit": 1377,
        "p_hit": 0.901768,
        "t_hit_p25": 1.0,
        "t_hit_median": 3.0,
        "t_hit_p75": 10.0,
        "mdd_p25": -1.3396,
        "mdd_median": -0.4671,
        "mdd_p75": -0.1087
      },
      "96": {
        "n_total": 1527,
        "n_hit": 1393,
        "p_hit": 0.912246,
        "t_hit_p25": 1.0,
        "t_hit_median": 3.0,
        "t_hit_p75": 11.0,
        "mdd_p25": -1.3669,
        "mdd_median": -0.4738,
        "mdd_p75": -0.1108
      }
    },
    "1.0": {
      "12": {
        "n_total": 1527,
        "n_hit": 804,
        "p_hit": 0.526523,
        "t_hit_p25": 2.0,
        "t_hit_median": 4.0,
        "t_hit_p75": 7.0,
        "mdd_p25": -1.003225,
        "mdd_median": -0.3889,
        "mdd_p75": -0.0789
      },
      "24": {
        "n_total": 1527,
        "n_hit": 988,
        "p_hit": 0.64702,
        "t_hit_p25": 2.0,
        "t_hit_median": 5.0,
        "t_hit_p75": 10.0,
        "mdd_p25": -1.16745,
        "mdd_median": -0.4748,
        "mdd_p75": -0.11767499999999999
      },
      "36": {
        "n_total": 1527,
        "n_hit": 1102,
        "p_hit": 0.721676,
        "t_hit_p25": 2.0,
        "t_hit_median": 6.0,
        "t_hit_p75": 14.0,
        "mdd_p25": -1.33025,
        "mdd_median": -0.5085999999999999,
        "mdd_p75": -0.14757499999999998
      },
      "48": {
        "n_total": 1527,
        "n_hit": 1147,
        "p_hit": 0.751146,
        "t_hit_p25": 3.0,
        "t_hit_median": 6.0,
        "t_hit_p75": 16.0,
        "mdd_p25": -1.34605,
        "mdd_median": -0.5283,
        "mdd_p75": -0.158
      },
      "60": {
        "n_total": 1527,
        "n_hit": 1187,
        "p_hit": 0.777341,
        "t_hit_p25": 3.0,
        "t_hit_median": 7.0,
        "t_hit_p75": 18.0,
        "mdd_p25": -1.3933499999999999,
        "mdd_median": -0.5508,
        "mdd_p75": -0.1622
      },
      "72": {
        "n_total": 1527,
        "n_hit": 1235,
        "p_hit": 0.808775,
        "t_hit_p25": 3.0,
        "t_hit_median": 7.0,
        "t_hit_p75": 20.0,
        "mdd_p25": -1.54955,
        "mdd_median": -0.5938,
        "mdd_p75": -0.17135
      },
      "84": {
        "n_total": 1527,
        "n_hit": 1269,
        "p_hit": 0.831041,
        "t_hit_p25": 3.0,
        "t_hit_median": 7.0,
        "t_hit_p75": 21.0,
        "mdd_p25": -1.652,
        "mdd_median": -0.6162,
        "mdd_p75": -0.176
      },
      "96": {
        "n_total": 1527,
        "n_hit": 1288,
        "p_hit": 0.843484,
        "t_hit_p25": 3.0,
        "t_hit_median": 8.0,
        "t_hit_p75": 23.0,
        "mdd_p25": -1.6939499999999998,
        "mdd_median": -0.62885,
        "mdd_p75": -0.1807
      }
    },
    "2.0": {
      "12": {
        "n_total": 1527,
        "n_hit": 406,
        "p_hit": 0.265881,
        "t_hit_p25": 2.25,
        "t_hit_median": 5.0,
        "t_hit_p75": 8.0,
        "mdd_p25": -1.07665,
        "mdd_median": -0.41475,
        "mdd_p75": -0.11645
      },
      "24": {
        "n_total": 1527,
        "n_hit": 625,
        "p_hit": 0.409299,
        "t_hit_p25": 4.0,
        "t_hit_median": 9.0,
        "t_hit_p75": 16.0,
        "mdd_p25": -1.311,
        "mdd_median": -0.5803,
        "mdd_p75": -0.1719
      },
      "36": {
        "n_total": 1527,
        "n_hit": 766,
        "p_hit": 0.501637,
        "t_hit_p25": 5.0,
        "t_hit_median": 11.0,
        "t_hit_p75": 21.0,
        "mdd_p25": -1.41045,
        "mdd_median": -0.6032,
        "mdd_p75": -0.181
      },
      "48": {
        "n_total": 1527,
        "n_hit": 872,
        "p_hit": 0.571054,
        "t_hit_p25": 5.0,
        "t_hit_median": 14.0,
        "t_hit_p75": 27.0,
        "mdd_p25": -1.4803,
        "mdd_median": -0.62755,
        "mdd_p75": -0.218475
      },
      "60": {
        "n_total": 1527,
        "n_hit": 938,
        "p_hit": 0.614276,
        "t_hit_p25": 6.0,
        "t_hit_median": 16.0,
        "t_hit_p75": 31.0,
        "mdd_p25": -1.5281,
        "mdd_median": -0.6769499999999999,
        "mdd_p75": -0.24435
      },
      "72": {
        "n_total": 1527,
        "n_hit": 1000,
        "p_hit": 0.654879,
        "t_hit_p25": 6.0,
        "t_hit_median": 17.0,
        "t_hit_p75": 35.0,
        "mdd_p25": -1.6130750000000003,
        "mdd_median": -0.7783500000000001,
        "mdd_p75": -0.26995
      },
      "84": {
        "n_total": 1527,
        "n_hit": 1043,
        "p_hit": 0.683039,
        "t_hit_p25": 7.0,
        "t_hit_median": 18.0,
        "t_hit_p75": 38.0,
        "mdd_p25": -1.77955,
        "mdd_median": -0.8562,
        "mdd_p75": -0.27849999999999997
      },
      "96": {
        "n_total": 1527,
        "n_hit": 1080,
        "p_hit": 0.707269,
        "t_hit_p25": 7.0,
        "t_hit_median": 19.0,
        "t_hit_p75": 41.0,
        "mdd_p25": -1.908475,
        "mdd_median": -0.9276500000000001,
        "mdd_p75": -0.29607500000000003
      }
    },
    "3.0": {
      "12": {
        "n_total": 1527,
        "n_hit": 222,
        "p_hit": 0.145383,
        "t_hit_p25": 3.0,
        "t_hit_median": 5.0,
        "t_hit_p75": 8.75,
        "mdd_p25": -0.991,
        "mdd_median": -0.44155,
        "mdd_p75": -0.1385
      },
      "24": {
        "n_total": 1527,
        "n_hit": 354,
        "p_hit": 0.231827,
        "t_hit_p25": 5.0,
        "t_hit_median": 9.0,
        "t_hit_p75": 17.0,
        "mdd_p25": -1.19265,
        "mdd_median": -0.5085999999999999,
        "mdd_p75": -0.15285
      },
      "36": {
        "n_total": 1527,
        "n_hit": 486,
        "p_hit": 0.318271,
        "t_hit_p25": 6.0,
        "t_hit_median": 15.0,
        "t_hit_p75": 26.0,
        "mdd_p25": -1.3902249999999998,
        "mdd_median": -0.5953999999999999,
        "mdd_p75": -0.18145
      },
      "48": {
        "n_total": 1527,
        "n_hit": 595,
        "p_hit": 0.389653,
        "t_hit_p25": 7.0,
        "t_hit_median": 20.0,
        "t_hit_p75": 32.5,
        "mdd_p25": -1.57995,
        "mdd_median": -0.6264,