{
  "schema": "baseline_probs_v1",
  "source_labels": "data/labels/labels_v1.csv",
  "n_rows_labels": 1270,
  "thresholds": [
    0.5,
    1.0,
    2.0,
    3.0,
    5.0
  ],
  "horizons": [
    12,
    24,
    36,
    48,
    60,
    72,
    84,
    96
  ],
  "results": {
    "0.5": {
      "12": {
        "n_total": 1270,
        "n_hit": 897,
        "p_hit": 0.706299,
        "t_hit_p25": 1.0,
        "t_hit_median": 2.0,
        "t_hit_p75": 5.0,
        "mdd_p25": -0.8379,
        "mdd_median": -0.2906,
        "mdd_p75": -0.0572
      },
      "24": {
        "n_total": 1270,
        "n_hit": 1028,
        "p_hit": 0.809449,
        "t_hit_p25": 1.0,
        "t_hit_median": 3.0,
        "t_hit_p75": 7.0,
        "mdd_p25": -0.9737750000000001,
        "mdd_median": -0.37115,
        "mdd_p75": -0.09144999999999999
      },
      "36": {
        "n_total": 1270,
        "n_hit": 1075,
        "p_hit": 0.846457,
        "t_hit_p25": 1.0,
        "t_hit_median": 3.0,
        "t_hit_p75": 8.0,
        "mdd_p25": -1.00165,
        "mdd_median": -0.3925,
        "mdd_p75": -0.10095000000000001
      },
      "48": {
        "n_total": 1270,
        "n_hit": 1085,
        "p_hit": 0.854331,
        "t_hit_p25": 1.0,
        "t_hit_median": 3.0,
        "t_hit_p75": 9.0,
        "mdd_p25": -1.039,
        "mdd_median": -0.4096,
        "mdd_p75": -0.1021
      },
      "60": {
        "n_total": 1270,
        "n_hit": 1099,
        "p_hit": 0.865354,
        "t_hit_p25": 1.0,
        "t_hit_median": 3.0,
        "t_hit_p75": 9.0,
        "mdd_p25": -1.08985,
        "mdd_median": -0.4153,
        "mdd_p75": -0.1042
      },
      "72": {
        "n_total": 1270,
        "n_hit": 1122,
        "p_hit": 0.883465,
        "t_hit_p25": 1.0,
        "t_hit_median": 3.0,
        "t_hit_p75": 10.0,
        "mdd_p25": -1.169225,
        "mdd_median": -0.43194999999999995,
        "mdd_p75": -0.10585
      },
      "84": {
        "n_total": 1270,
        "n_hit": 1140,
        "p_hit": 0.897638,
        "t_hit_p25": 1.0,
        "t_hit_median": 3.0,
        "t_hit_p75": 10.0,
        "mdd_p25": -1.245525,
        "mdd_median": -0.443,
        "mdd_p75": -0.10892500000000001
      },
      "96": {
        "n_total": 1270,
        "n_hit": 1146,
        "p_hit": 0.902362,
        "t_hit_p25": 1.0,
        "t_hit_median": 3.5,
        "t_hit_p75": 10.0,
        "mdd_p25": -1.2605,
        "mdd_median": -0.44735,
        "mdd_p75": -0.11005
      }
    },
    "1.0": {
      "12": {
        "n_total": 1270,
        "n_hit": 656,
        "p_hit": 0.516535,
        "t_hit_p25": 2.0,
        "t_hit_median": 4.0,
        "t_hit_p75": 7.0,
        "mdd_p25": -0.98415,
        "mdd_median": -0.37295,
        "mdd_p75": -0.08254999999999998
      },
      "24": {
        "n_total": 1270,
        "n_hit": 821,
        "p_hit": 0.646457,
        "t_hit_p25": 2.0,
        "t_hit_median": 5.0,
        "t_hit_p75": 11.0,
        "mdd_p25": -1.1102,
        "mdd_median": -0.4663,
        "mdd_p75": -0.121
      },
      "36": {
        "n_total": 1270,
        "n_hit": 907,
        "p_hit": 0.714173,
        "t_hit_p25": 2.0,
        "t_hit_median": 6.0,
        "t_hit_p75": 14.0,
        "mdd_p25": -1.1950500000000002,
        "mdd_median": -0.4767,
        "mdd_p75": -0.14529999999999998
      },
      "48": {
        "n_total": 1270,
        "n_hit": 943,
        "p_hit": 0.74252,
        "t_hit_p25": 3.0,
        "t_hit_median": 7.0,
        "t_hit_p75": 16.0,
        "mdd_p25": -1.22155,
        "mdd_median": -0.4798,
        "mdd_p75": -0.15585
      },
      "60": {
        "n_total": 1270,
        "n_hit": 980,
        "p_hit": 0.771654,
        "t_hit_p25": 3.0,
        "t_hit_median": 7.0,
        "t_hit_p75": 18.0,
        "mdd_p25": -1.326875,
        "mdd_median": -0.5095000000000001,
        "mdd_p75": -0.161775
      },
      "72": {
        "n_total": 1270,
        "n_hit": 1017,
        "p_hit": 0.800787,
        "t_hit_p25": 3.0,
        "t_hit_median": 7.0,
        "t_hit_p75": 19.0,
        "mdd_p25": -1.3975,
        "mdd_median": -0.5437,
        "mdd_p75": -0.1699
      },
      "84": {
        "n_total": 1270,
        "n_hit": 1039,
        "p_hit": 0.81811,
        "t_hit_p25": 3.0,
        "t_hit_median": 8.0,
        "t_hit_p75": 21.0,
        "mdd_p25": -1.49745,
        "mdd_median": -0.5708,
        "mdd_p75": -0.1719
      },
      "96": {
        "n_total": 1270,
        "n_hit": 1050,
        "p_hit": 0.826772,
        "t_hit_p25": 3.0,
        "t_hit_median": 8.0,
        "t_hit_p75": 21.0,
        "mdd_p25": -1.5458749999999999,
        "mdd_median": -0.579,
        "mdd_p75": -0.17275
      }
    },
    "2.0": {
      "12": {
        "n_total": 1270,
        "n_hit": 328,
        "p_hit": 0.258268,
        "t_hit_p25": 3.0,
        "t_hit_median": 5.0,
        "t_hit_p75": 8.0,
        "mdd_p25": -1.05145,
        "mdd_median": -0.41475,
        "mdd_p75": -0.12735000000000002
      },
      "24": {
        "n_total": 1270,
        "n_hit": 518,
        "p_hit": 0.407874,
        "t_hit_p25": 4.0,
        "t_hit_median": 9.0,
        "t_hit_p75": 16.0,
        "mdd_p25": -1.247925,
        "mdd_median": -0.57155,
        "mdd_p75": -0.172425
      },
      "36": {
        "n_total": 1270,
        "n_hit": 623,
        "p_hit": 0.490551,
        "t_hit_p25": 5.0,
        "t_hit_median": 11.0,
        "t_hit_p75": 20.0,
        "mdd_p25": -1.2681,
        "mdd_median": -0.5524,
        "mdd_p75": -0.17245
      },
      "48": {
        "n_total": 1270,
        "n_hit": 713,
        "p_hit": 0.561417,
        "t_hit_p25": 6.0,
        "t_hit_median": 14.0,
        "t_hit_p75": 27.0,
        "mdd_p25": -1.3245,
        "mdd_median": -0.5725,
        "mdd_p75": -0.2002
      },
      "60": {
        "n_total": 1270,
        "n_hit": 776,
        "p_hit": 0.611024,
        "t_hit_p25": 6.0,
        "t_hit_median": 16.0,
        "t_hit_p75": 32.0,
        "mdd_p25": -1.3806749999999999,
        "mdd_median": -0.5961000000000001,
        "mdd_p75": -0.22410000000000002
      },
      "72": {
        "n_total": 1270,
        "n_hit": 826,
        "p_hit": 0.650394,
        "t_hit_p25": 7.0,
        "t_hit_median": 17.0,
        "t_hit_p75": 36.0,
        "mdd_p25": -1.465325,
        "mdd_median": -0.66505,
        "mdd_p75": -0.24745
      },
      "84": {
        "n_total": 1270,
        "n_hit": 857,
        "p_hit": 0.674803,
        "t_hit_p25": 7.0,
        "t_hit_median": 18.0,
        "t_hit_p75": 40.0,
        "mdd_p25": -1.5487,
        "mdd_median": -0.7269,
        "mdd_p75": -0.2654
      },
      "96": {
        "n_total": 1270,
        "n_hit": 879,
        "p_hit": 0.692126,
        "t_hit_p25": 7.0,
        "t_hit_median": 18.0,
        "t_hit_p75": 42.0,
        "mdd_p25": -1.5888,
        "mdd_median": -0.783,
        "mdd_p75": -0.27280000000000004
      }
    },
    "3.0": {
      "12": {
        "n_total": 1270,
        "n_hit": 168,
        "p_hit": 0.132283,
        "t_hit_p25": 3.0,
        "t_hit_median": 5.5,
        "t_hit_p75": 9.0,
        "mdd_p25": -0.9993749999999999,
        "mdd_median": -0.42374999999999996,
        "mdd_p75": -0.144475
      },
      "24": {
        "n_total": 1270,
        "n_hit": 276,
        "p_hit": 0.217323,
        "t_hit_p25": 5.0,
        "t_hit_median": 10.0,
        "t_hit_p75": 17.0,
        "mdd_p25": -1.0641749999999999,
        "mdd_median": -0.4619,
        "mdd_p75": -0.1478
      },
      "36": {
        "n_total": 1270,
        "n_hit": 377,
        "p_hit": 0.29685,
        "t_hit_p25": 6.0,
        "t_hit_median": 15.0,
        "t_hit_p75": 25.0,
        "mdd_p25": -1.1351,
        "mdd_median": -0.5283,
        "mdd_p75": -0.1696
      },
      "48": {
        "n_total": 1270,
        "n_hit": 466,
        "p_hit": 0.366929,
        "t_hit_p25": 8.0,
        "t_hit_median": 20.0,
        "t_hit_p75": 33.0,
        "mdd_p25": -1.247925,