{
  "schema": "baseline_probs_v1",
  "source_labels": "data/labels/labels_v1.csv",
  "n_rows_labels": 342,
  "thresholds": [
    0.5,
    1.0,
    2.0,
    3.0,
    5.0
  ],
  "horizons": [
    12,
    24,
    36,
    48,
    60,
    72,
    84,
    96
  ],
  "results": {
    "0.5": {
      "12": {
        "n_total": 342,
        "n_hit": 245,
        "p_hit": 0.716374,
        "t_hit_p25": 1.0,
        "t_hit_median": 3.0,
        "t_hit_p75": 6.0,
        "mdd_p25": -0.6474,
        "mdd_median": -0.293,
        "mdd_p75": -0.0746
      },
      "24": {
        "n_total": 342,
        "n_hit": 295,
        "p_hit": 0.862573,
        "t_hit_p25": 2.0,
        "t_hit_median": 4.0,
        "t_hit_p75": 10.0,
        "mdd_p25": -0.7711,
        "mdd_median": -0.3797,
        "mdd_p75": -0.10525000000000001
      },
      "36": {
        "n_total": 342,
        "n_hit": 312,
        "p_hit": 0.912281,
        "t_hit_p25": 2.0,
        "t_hit_median": 4.5,
        "t_hit_p75": 11.0,
        "mdd_p25": -0.7941,
        "mdd_median": -0.41225,
        "mdd_p75": -0.11560000000000001
      },
      "48": {
        "n_total": 342,
        "n_hit": 313,
        "p_hit": 0.915205,
        "t_hit_p25": 2.0,
        "t_hit_median": 5.0,
        "t_hit_p75": 11.0,
        "mdd_p25": -0.8118,
        "mdd_median": -0.4142,
        "mdd_p75": -0.1164
      },
      "60": {
        "n_total": 342,
        "n_hit": 319,
        "p_hit": 0.932749,
        "t_hit_p25": 2.0,
        "t_hit_median": 5.0,
        "t_hit_p75": 12.0,
        "mdd_p25": -0.8323499999999999,
        "mdd_median": -0.426,
        "mdd_p75": -0.1231
      },
      "72": {
        "n_total": 342,
        "n_hit": 331,
        "p_hit": 0.967836,
        "t_hit_p25": 2.0,
        "t_hit_median": 5.0,
        "t_hit_p75": 13.0,
        "mdd_p25": -0.98065,
        "mdd_median": -0.4582,
        "mdd_p75": -0.1286
      },
      "84": {
        "n_total": 342,
        "n_hit": 331,
        "p_hit": 0.967836,
        "t_hit_p25": 2.0,
        "t_hit_median": 5.0,
        "t_hit_p75": 13.0,
        "mdd_p25": -0.98065,
        "mdd_median": -0.4582,
        "mdd_p75": -0.1286
      },
      "96": {
        "n_total": 342,
        "n_hit": 333,
        "p_hit": 0.973684,
        "t_hit_p25": 2.0,
        "t_hit_median": 5.0,
        "t_hit_p75": 13.0,
        "mdd_p25": -0.9901,
        "mdd_median": -0.4638,
        "mdd_p75": -0.13
      }
    },
    "1.0": {
      "12": {
        "n_total": 342,
        "n_hit": 171,
        "p_hit": 0.5,
        "t_hit_p25": 3.0,
        "t_hit_median": 5.0,
        "t_hit_p75": 7.0,
        "mdd_p25": -0.71045,
        "mdd_median": -0.3279,
        "mdd_p75": -0.07880000000000001
      },
      "24": {
        "n_total": 342,
        "n_hit": 233,
        "p_hit": 0.681287,
        "t_hit_p25": 4.0,
        "t_hit_median": 7.0,
        "t_hit_p75": 13.0,
        "mdd_p25": -0.9993,
        "mdd_median": -0.4696,
        "mdd_p75": -0.1312
      },
      "36": {
        "n_total": 342,
        "n_hit": 270,
        "p_hit": 0.789474,
        "t_hit_p25": 4.0,
        "t_hit_median": 8.0,
        "t_hit_p75": 18.0,
        "mdd_p25": -1.187375,
        "mdd_median": -0.47895,
        "mdd_p75": -0.1656
      },
      "48": {
        "n_total": 342,
        "n_hit": 292,
        "p_hit": 0.853801,
        "t_hit_p25": 4.0,
        "t_hit_median": 9.0,
        "t_hit_p75": 21.0,
        "mdd_p25": -1.218175,
        "mdd_median": -0.48405,
        "mdd_p75": -0.17427499999999999
      },
      "60": {
        "n_total": 342,
        "n_hit": 303,
        "p_hit": 0.885965,
        "t_hit_p25": 4.0,
        "t_hit_median": 10.0,
        "t_hit_p75": 22.5,
        "mdd_p25": -1.2664,
        "mdd_median": -0.4983,
        "mdd_p75": -0.19319999999999998
      },
      "72": {
        "n_total": 342,
        "n_hit": 318,
        "p_hit": 0.929825,
        "t_hit_p25": 5.0,
        "t_hit_median": 11.0,
        "t_hit_p75": 26.0,
        "mdd_p25": -1.3719000000000001,
        "mdd_median": -0.5342,
        "mdd_p75": -0.23165000000000002
      },
      "84": {
        "n_total": 342,
        "n_hit": 319,
        "p_hit": 0.932749,
        "t_hit_p25": 5.0,
        "t_hit_median": 11.0,
        "t_hit_p75": 26.5,
        "mdd_p25": -1.3795000000000002,
        "mdd_median": -0.5342,
        "mdd_p75": -0.2323
      },
      "96": {
        "n_total": 342,
        "n_hit": 319,
        "p_hit": 0.932749,
        "t_hit_p25": 5.0,
        "t_hit_median": 11.0,
        "t_hit_p75": 26.5,
        "mdd_p25": -1.3795000000000002,
        "mdd_median": -0.5342,
        "mdd_p75": -0.2323
      }
    },
    "2.0": {
      "12": {
        "n_total": 342,
        "n_hit": 76,
        "p_hit": 0.222222,
        "t_hit_p25": 4.0,
        "t_hit_median": 7.0,
        "t_hit_p75": 9.0,
        "mdd_p25": -0.716025,
        "mdd_median": -0.41225,
        "mdd_p75": -0.172275
      },
      "24": {
        "n_total": 342,
        "n_hit": 137,
        "p_hit": 0.400585,
        "t_hit_p25": 6.0,
        "t_hit_median": 11.0,
        "t_hit_p75": 17.0,
        "mdd_p25": -1.2184,
        "mdd_median": -0.5938,
        "mdd_p75": -0.3279
      },
      "36": {
        "n_total": 342,
        "n_hit": 175,
        "p_hit": 0.511696,
        "t_hit_p25": 8.0,
        "t_hit_median": 15.0,
        "t_hit_p75": 22.0,
        "mdd_p25": -1.2182499999999998,
        "mdd_median": -0.6094,
        "mdd_p75": -0.3058
      },
      "48": {
        "n_total": 342,
        "n_hit": 217,
        "p_hit": 0.634503,
        "t_hit_p25": 9.0,
        "t_hit_median": 18.0,
        "t_hit_p75": 33.0,
        "mdd_p25": -1.2491,
        "mdd_median": -0.6217,
        "mdd_p75": -0.3373
      },
      "60": {
        "n_total": 342,
        "n_hit": 246,
        "p_hit": 0.719298,
        "t_hit_p25": 10.0,
        "t_hit_median": 20.5,
        "t_hit_p75": 40.0,
        "mdd_p25": -1.2313749999999999,
        "mdd_median": -0.6212,
        "mdd_p75": -0.33362499999999995
      },
      "72": {
        "n_total": 342,
        "n_hit": 269,
        "p_hit": 0.78655,
        "t_hit_p25": 11.0,
        "t_hit_median": 23.0,
        "t_hit_p75": 44.0,
        "mdd_p25": -1.3245,
        "mdd_median": -0.7209,
        "mdd_p75": -0.3594
      },
      "84": {
        "n_total": 342,
        "n_hit": 279,
        "p_hit": 0.815789,
        "t_hit_p25": 11.0,
        "t_hit_median": 26.0,
        "t_hit_p75": 45.5,
        "mdd_p25": -1.3795000000000002,
        "mdd_median": -0.7677,
        "mdd_p75": -0.36965000000000003
      },
      "96": {
        "n_total": 342,
        "n_hit": 286,
        "p_hit": 0.836257,
        "t_hit_p25": 12.0,
        "t_hit_median": 27.5,
        "t_hit_p75": 47.0,
        "mdd_p25": -1.406,
        "mdd_median": -0.8190999999999999,
        "mdd_p75": -0.3775
      }
    },
    "3.0": {
      "12": {
        "n_total": 342,
        "n_hit": 45,
        "p_hit": 0.131579,
        "t_hit_p25": 5.0,
        "t_hit_median": 8.0,
        "t_hit_p75": 10.0,
        "mdd_p25": -0.9901,
        "mdd_median": -0.3594,
        "mdd_p75": -0.1537
      },
      "24": {
        "n_total": 342,
        "n_hit": 73,
        "p_hit": 0.21345,
        "t_hit_p25": 7.0,
        "t_hit_median": 10.0,
        "t_hit_p75": 17.0,
        "mdd_p25": -0.8118,
        "mdd_median": -0.5066,
        "mdd_p75": -0.2408
      },
      "36": {
        "n_total": 342,
        "n_hit": 103,
        "p_hit": 0.30117,
        "t_hit_p25": 9.0,
        "t_hit_median": 16.0,
        "t_hit_p75": 28.5,
        "mdd_p25": -1.0103499999999999,
        "mdd_median": -0.5508,
        "mdd_p75": -0.242
      },
      "48": {
        "n_total": 342,
        "n_hit": 140,
        "p_hit": 0.409357,
        "t_hit_p25": 10.0,
        "t_hit_median": 22.5,
        "t_hit_p75": 38.0,
        "mdd_p25": -0.9756499999999999,
        "mdd_median": -0.54455,
        "mdd_p75": -0.31205000000000005
      },