{
  "schema": "baseline_probs_v1",
  "source_labels": "data/labels/labels_v1.csv",
  "n_rows_labels": 307,
  "thresholds": [
    0.5,
    1.0,
    2.0,
    3.0,
    5.0
  ],
  "horizons": [
    12,
    24,
    36,
    48,
    60,
    72,
    84,
    96
  ],
  "results": {
    "0.5": {
      "12": {
        "n_total": 307,
        "n_hit": 218,
        "p_hit": 0.710098,
        "t_hit_p25": 1.0,
        "t_hit_median": 3.0,
        "t_hit_p75": 6.0,
        "mdd_p25": -0.6728000000000001,
        "mdd_median": -0.32175,
        "mdd_p75": -0.0814
      },
      "24": {
        "n_total": 307,
        "n_hit": 263,
        "p_hit": 0.856678,
        "t_hit_p25": 2.0,
        "t_hit_median": 4.0,
        "t_hit_p75": 10.0,
        "mdd_p25": -0.8237,
        "mdd_median": -0.3978,
        "mdd_p75": -0.11149999999999999
      },
      "36": {
        "n_total": 307,
        "n_hit": 278,
        "p_hit": 0.905537,
        "t_hit_p25": 2.0,
        "t_hit_median": 4.0,
        "t_hit_p75": 11.0,
        "mdd_p25": -0.817175,
        "mdd_median": -0.43074999999999997,
        "mdd_p75": -0.125425
      },
      "48": {
        "n_total": 307,
        "n_hit": 278,
        "p_hit": 0.905537,
        "t_hit_p25": 2.0,
        "t_hit_median": 4.0,
        "t_hit_p75": 11.0,
        "mdd_p25": -0.817175,
        "mdd_median": -0.43074999999999997,
        "mdd_p75": -0.125425
      },
      "60": {
        "n_total": 307,
        "n_hit": 284,
        "p_hit": 0.925081,
        "t_hit_p25": 2.0,
        "t_hit_median": 5.0,
        "t_hit_p75": 12.0,
        "mdd_p25": -0.8706499999999999,
        "mdd_median": -0.44335,
        "mdd_p75": -0.12707500000000002
      },
      "72": {
        "n_total": 307,
        "n_hit": 296,
        "p_hit": 0.964169,
        "t_hit_p25": 2.0,
        "t_hit_median": 5.0,
        "t_hit_p75": 13.0,
        "mdd_p25": -1.000875,
        "mdd_median": -0.4704,
        "mdd_p75": -0.1411
      },
      "84": {
        "n_total": 307,
        "n_hit": 296,
        "p_hit": 0.964169,
        "t_hit_p25": 2.0,
        "t_hit_median": 5.0,
        "t_hit_p75": 13.0,
        "mdd_p25": -1.000875,
        "mdd_median": -0.4704,
        "mdd_p75": -0.1411
      },
      "96": {
        "n_total": 307,
        "n_hit": 298,
        "p_hit": 0.970684,
        "t_hit_p25": 2.0,
        "t_hit_median": 5.0,
        "t_hit_p75": 13.0,
        "mdd_p25": -1.0167,
        "mdd_median": -0.4722,
        "mdd_p75": -0.1421
      }
    },
    "1.0": {
      "12": {
        "n_total": 307,
        "n_hit": 154,
        "p_hit": 0.501629,
        "t_hit_p25": 3.0,
        "t_hit_median": 5.0,
        "t_hit_p75": 7.0,
        "mdd_p25": -0.8302499999999999,
        "mdd_median": -0.3786,
        "mdd_p75": -0.10465
      },
      "24": {
        "n_total": 307,
        "n_hit": 207,
        "p_hit": 0.674267,
        "t_hit_p25": 4.0,
        "t_hit_median": 6.0,
        "t_hit_p75": 13.0,
        "mdd_p25": -1.1096,
        "mdd_median": -0.4923,
        "mdd_p75": -0.15755
      },
      "36": {
        "n_total": 307,
        "n_hit": 236,
        "p_hit": 0.76873,
        "t_hit_p25": 4.0,
        "t_hit_median": 7.0,
        "t_hit_p75": 18.0,
        "mdd_p25": -1.2091749999999999,
        "mdd_median": -0.49675,
        "mdd_p75": -0.17427499999999999
      },
      "48": {
        "n_total": 307,
        "n_hit": 257,
        "p_hit": 0.837134,
        "t_hit_p25": 4.0,
        "t_hit_median": 9.0,
        "t_hit_p75": 20.0,
        "mdd_p25": -1.2717,
        "mdd_median": -0.5036,
        "mdd_p75": -0.2238
      },
      "60": {
        "n_total": 307,
        "n_hit": 268,
        "p_hit": 0.872964,
        "t_hit_p25": 4.0,
        "t_hit_median": 9.0,
        "t_hit_p75": 22.0,
        "mdd_p25": -1.330975,
        "mdd_median": -0.5297499999999999,
        "mdd_p75": -0.236825
      },
      "72": {
        "n_total": 307,
        "n_hit": 283,
        "p_hit": 0.921824,
        "t_hit_p25": 5.0,
        "t_hit_median": 11.0,
        "t_hit_p75": 27.0,
        "mdd_p25": -1.4755,
        "mdd_median": -0.5477,
        "mdd_p75": -0.24595
      },
      "84": {
        "n_total": 307,
        "n_hit": 284,
        "p_hit": 0.925081,
        "t_hit_p25": 5.0,
        "t_hit_median": 11.0,
        "t_hit_p75": 27.0,
        "mdd_p25": -1.4898,
        "mdd_median": -0.54925,
        "mdd_p75": -0.246475
      },
      "96": {
        "n_total": 307,
        "n_hit": 284,
        "p_hit": 0.925081,
        "t_hit_p25": 5.0,
        "t_hit_median": 11.0,
        "t_hit_p75": 27.0,
        "mdd_p25": -1.4898,
        "mdd_median": -0.54925,
        "mdd_p75": -0.246475
      }
    },
    "2.0": {
      "12": {
        "n_total": 307,
        "n_hit": 74,
        "p_hit": 0.241042,
        "t_hit_p25": 4.25,
        "t_hit_median": 7.0,
        "t_hit_p75": 9.0,
        "mdd_p25": -0.719275,
        "mdd_median": -0.42625,
        "mdd_p75": -0.180025
      },
      "24": {
        "n_total": 307,
        "n_hit": 132,
        "p_hit": 0.429967,
        "t_hit_p25": 6.0,
        "t_hit_median": 11.0,
        "t_hit_p75": 17.0,
        "mdd_p25": -1.2634,
        "mdd_median": -0.5992500000000001,
        "mdd_p75": -0.33152499999999996
      },
      "36": {
        "n_total": 307,
        "n_hit": 167,
        "p_hit": 0.543974,
        "t_hit_p25": 8.0,
        "t_hit_median": 15.0,
        "t_hit_p75": 21.5,
        "mdd_p25": -1.27685,
        "mdd_median": -0.6474,
        "mdd_p75": -0.3363
      },
      "48": {
        "n_total": 307,
        "n_hit": 197,
        "p_hit": 0.641694,
        "t_hit_p25": 9.0,
        "t_hit_median": 17.0,
        "t_hit_p75": 30.0,
        "mdd_p25": -1.3005,
        "mdd_median": -0.6772,
        "mdd_p75": -0.3665
      },
      "60": {
        "n_total": 307,
        "n_hit": 221,
        "p_hit": 0.71987,
        "t_hit_p25": 9.0,
        "t_hit_median": 19.0,
        "t_hit_p75": 35.0,
        "mdd_p25": -1.3005,
        "mdd_median": -0.6805,
        "mdd_p75": -0.3665
      },
      "72": {
        "n_total": 307,
        "n_hit": 235,
        "p_hit": 0.765472,
        "t_hit_p25": 10.0,
        "t_hit_median": 20.0,
        "t_hit_p75": 40.0,
        "mdd_p25": -1.38185,
        "mdd_median": -0.8025,
        "mdd_p75": -0.38170000000000004
      },
      "84": {
        "n_total": 307,
        "n_hit": 244,
        "p_hit": 0.794788,
        "t_hit_p25": 10.0,
        "t_hit_median": 21.0,
        "t_hit_p75": 42.0,
        "mdd_p25": -1.4603000000000002,
        "mdd_median": -0.8281499999999999,
        "mdd_p75": -0.3902
      },
      "96": {
        "n_total": 307,
        "n_hit": 251,
        "p_hit": 0.81759,
        "t_hit_p25": 10.0,
        "t_hit_median": 22.0,
        "t_hit_p75": 44.0,
        "mdd_p25": -1.52475,
        "mdd_median": -0.8642,
        "mdd_p75": -0.40305
      }
    },
    "3.0": {
      "12": {
        "n_total": 307,
        "n_hit": 45,
        "p_hit": 0.14658,
        "t_hit_p25": 5.0,
        "t_hit_median": 8.0,
        "t_hit_p75": 10.0,
        "mdd_p25": -0.9901,
        "mdd_median": -0.3594,
        "mdd_p75": -0.1537
      },
      "24": {
        "n_total": 307,
        "n_hit": 73,
        "p_hit": 0.237785,
        "t_hit_p25": 7.0,
        "t_hit_median": 10.0,
        "t_hit_p75": 17.0,
        "mdd_p25": -0.8118,
        "mdd_median": -0.5066,
        "mdd_p75": -0.2408
      },
      "36": {
        "n_total": 307,
        "n_hit": 102,
        "p_hit": 0.332248,
        "t_hit_p25": 9.0,
        "t_hit_median": 15.5,
        "t_hit_p75": 27.5,
        "mdd_p25": -1.0136749999999999,
        "mdd_median": -0.5521499999999999,
        "mdd_p75": -0.24415
      },
      "48": {
        "n_total": 307,
        "n_hit": 135,
        "p_hit": 0.439739,
        "t_hit_p25": 10.0,
        "t_hit_median": 21.0,
        "t_hit_p75": 36.0,
        "mdd_p25": -0.9831,
        "mdd_median": -0.5508,