{
  "schema": "baseline_probs_v1",
  "source_labels": "data/labels/labels_v1.csv",
  "n_rows_labels": 622,
  "thresholds": [
    0.5,
    1.0,
    2.0,
    3.0,
    5.0
  ],
  "horizons": [
    12,
    24,
    36,
    48,
    60,
    72,
    84,
    96
  ],
  "results": {
    "0.5": {
      "12": {
        "n_total": 622,
        "n_hit": 448,
        "p_hit": 0.720257,
        "t_hit_p25": 1.0,
        "t_hit_median": 3.0,
        "t_hit_p75": 6.0,
        "mdd_p25": -0.61315,
        "mdd_median": -0.242,
        "mdd_p75": -0.058100000000000006
      },
      "24": {
        "n_total": 622,
        "n_hit": 538,
        "p_hit": 0.864952,
        "t_hit_p25": 2.0,
        "t_hit_median": 4.0,
        "t_hit_p75": 9.0,
        "mdd_p25": -0.7346,
        "mdd_median": -0.3304,
        "mdd_p75": -0.096775
      },
      "36": {
        "n_total": 622,
        "n_hit": 570,
        "p_hit": 0.916399,
        "t_hit_p25": 2.0,
        "t_hit_median": 5.0,
        "t_hit_p75": 11.0,
        "mdd_p25": -0.81285,
        "mdd_median": -0.36660000000000004,
        "mdd_p75": -0.105625
      },
      "48": {
        "n_total": 622,
        "n_hit": 574,
        "p_hit": 0.92283,
        "t_hit_p25": 2.0,
        "t_hit_median": 5.0,
        "t_hit_p75": 11.0,
        "mdd_p25": -0.8263,
        "mdd_median": -0.36819999999999997,
        "mdd_p75": -0.1057
      },
      "60": {
        "n_total": 622,
        "n_hit": 581,
        "p_hit": 0.934084,
        "t_hit_p25": 2.0,
        "t_hit_median": 5.0,
        "t_hit_p75": 12.0,
        "mdd_p25": -0.8481,
        "mdd_median": -0.3733,
        "mdd_p75": -0.1063
      },
      "72": {
        "n_total": 622,
        "n_hit": 593,
        "p_hit": 0.953376,
        "t_hit_p25": 2.0,
        "t_hit_median": 5.0,
        "t_hit_p75": 12.0,
        "mdd_p25": -0.9317,
        "mdd_median": -0.3866,
        "mdd_p75": -0.1098
      },
      "84": {
        "n_total": 622,
        "n_hit": 593,
        "p_hit": 0.953376,
        "t_hit_p25": 2.0,
        "t_hit_median": 5.0,
        "t_hit_p75": 12.0,
        "mdd_p25": -0.9317,
        "mdd_median": -0.3866,
        "mdd_p75": -0.1098
      },
      "96": {
        "n_total": 622,
        "n_hit": 596,
        "p_hit": 0.958199,
        "t_hit_p25": 2.0,
        "t_hit_median": 5.0,
        "t_hit_p75": 12.0,
        "mdd_p25": -0.9358000000000001,
        "mdd_median": -0.38980000000000004,
        "mdd_p75": -0.11182500000000001
      }
    },
    "1.0": {
      "12": {
        "n_total": 622,
        "n_hit": 317,
        "p_hit": 0.509646,
        "t_hit_p25": 3.0,
        "t_hit_median": 5.0,
        "t_hit_p75": 8.0,
        "mdd_p25": -0.6474,
        "mdd_median": -0.2629,
        "mdd_p75": -0.0746
      },
      "24": {
        "n_total": 622,
        "n_hit": 429,
        "p_hit": 0.689711,
        "t_hit_p25": 4.0,
        "t_hit_median": 7.0,
        "t_hit_p75": 13.0,
        "mdd_p25": -0.8416,
        "mdd_median": -0.3775,
        "mdd_p75": -0.1043
      },
      "36": {
        "n_total": 622,
        "n_hit": 497,
        "p_hit": 0.799035,
        "t_hit_p25": 4.0,
        "t_hit_median": 8.0,
        "t_hit_p75": 18.0,
        "mdd_p25": -0.9839,
        "mdd_median": -0.428,
        "mdd_p75": -0.1327
      },
      "48": {
        "n_total": 622,
        "n_hit": 529,
        "p_hit": 0.850482,
        "t_hit_p25": 4.0,
        "t_hit_median": 9.0,
        "t_hit_p75": 20.0,
        "mdd_p25": -1.0561,
        "mdd_median": -0.4433,
        "mdd_p75": -0.1473
      },
      "60": {
        "n_total": 622,
        "n_hit": 544,
        "p_hit": 0.874598,
        "t_hit_p25": 4.0,
        "t_hit_median": 9.0,
        "t_hit_p75": 21.0,
        "mdd_p25": -1.1263999999999998,
        "mdd_median": -0.46115,
        "mdd_p75": -0.157675
      },
      "72": {
        "n_total": 622,
        "n_hit": 563,
        "p_hit": 0.905145,
        "t_hit_p25": 4.0,
        "t_hit_median": 10.0,
        "t_hit_p75": 23.0,
        "mdd_p25": -1.2042,
        "mdd_median": -0.4749,
        "mdd_p75": -0.1679
      },
      "84": {
        "n_total": 622,
        "n_hit": 568,
        "p_hit": 0.913183,
        "t_hit_p25": 4.0,
        "t_hit_median": 10.0,
        "t_hit_p75": 24.0,
        "mdd_p25": -1.226575,
        "mdd_median": -0.4786,
        "mdd_p75": -0.16899999999999998
      },
      "96": {
        "n_total": 622,
        "n_hit": 574,
        "p_hit": 0.92283,
        "t_hit_p25": 4.25,
        "t_hit_median": 10.0,
        "t_hit_p75": 25.0,
        "mdd_p25": -1.25855,
        "mdd_median": -0.48285,
        "mdd_p75": -0.16972500000000001
      }
    },
    "2.0": {
      "12": {
        "n_total": 622,
        "n_hit": 141,
        "p_hit": 0.226688,
        "t_hit_p25": 4.0,
        "t_hit_median": 7.0,
        "t_hit_p75": 9.0,
        "mdd_p25": -0.6041,
        "mdd_median": -0.3289,
        "mdd_p75": -0.1041
      },
      "24": {
        "n_total": 622,
        "n_hit": 262,
        "p_hit": 0.421222,
        "t_hit_p25": 6.25,
        "t_hit_median": 12.0,
        "t_hit_p75": 17.0,
        "mdd_p25": -0.8168249999999999,
        "mdd_median": -0.4408,
        "mdd_p75": -0.14747500000000002
      },
      "36": {
        "n_total": 622,
        "n_hit": 342,
        "p_hit": 0.549839,
        "t_hit_p25": 8.0,
        "t_hit_median": 15.0,
        "t_hit_p75": 23.0,
        "mdd_p25": -0.863925,
        "mdd_median": -0.4369,
        "mdd_p75": -0.165025
      },
      "48": {
        "n_total": 622,
        "n_hit": 412,
        "p_hit": 0.662379,
        "t_hit_p25": 9.0,
        "t_hit_median": 18.0,
        "t_hit_p75": 32.0,
        "mdd_p25": -0.9847,
        "mdd_median": -0.4727,
        "mdd_p75": -0.194675
      },
      "60": {
        "n_total": 622,
        "n_hit": 460,
        "p_hit": 0.73955,
        "t_hit_p25": 10.0,
        "t_hit_median": 20.0,
        "t_hit_p75": 37.0,
        "mdd_p25": -1.10725,
        "mdd_median": -0.49675,
        "mdd_p75": -0.22355
      },
      "72": {
        "n_total": 622,
        "n_hit": 488,
        "p_hit": 0.784566,
        "t_hit_p25": 11.0,
        "t_hit_median": 21.5,
        "t_hit_p75": 41.0,
        "mdd_p25": -1.1974,
        "mdd_median": -0.54655,
        "mdd_p75": -0.2438
      },
      "84": {
        "n_total": 622,
        "n_hit": 501,
        "p_hit": 0.805466,
        "t_hit_p25": 11.0,
        "t_hit_median": 23.0,
        "t_hit_p75": 43.0,
        "mdd_p25": -1.2491,
        "mdd_median": -0.5708,
        "mdd_p75": -0.247
      },
      "96": {
        "n_total": 622,
        "n_hit": 513,
        "p_hit": 0.824759,
        "t_hit_p25": 11.0,
        "t_hit_median": 23.0,
        "t_hit_p75": 44.0,
        "mdd_p25": -1.2785,
        "mdd_median": -0.5846,
        "mdd_p75": -0.2637
      }
    },
    "3.0": {
      "12": {
        "n_total": 622,
        "n_hit": 65,
        "p_hit": 0.104502,
        "t_hit_p25": 5.0,
        "t_hit_median": 8.0,
        "t_hit_p75": 10.0,
        "mdd_p25": -0.8118,
        "mdd_median": -0.3402,
        "mdd_p75": -0.1537
      },
      "24": {
        "n_total": 622,
        "n_hit": 131,
        "p_hit": 0.210611,
        "t_hit_p25": 8.0,
        "t_hit_median": 13.0,
        "t_hit_p75": 19.0,
        "mdd_p25": -0.6412,
        "mdd_median": -0.3402,
        "mdd_p75": -0.11699999999999999
      },
      "36": {
        "n_total": 622,
        "n_hit": 208,
        "p_hit": 0.334405,
        "t_hit_p25": 10.0,
        "t_hit_median": 20.0,
        "t_hit_p75": 29.0,
        "mdd_p25": -0.799725,
        "mdd_median": -0.39044999999999996,
        "mdd_p75": -0.133525
      },
      "48": {
        "n_total": 622,
        "n_hit": 278,
        "p_hit": 0.446945,
        "t_hit_p25": 14.0,
        "t_hit_median": 26.0,
        "t_hit_p75": 36.75,
        "mdd_p25": -0.9480999999999999,
        "mdd_median": -0.46714999999999995,
        "mdd_p75": -0.183725
      },