{
  "schema": "baseline_probs_v1",
  "source_labels": "data/labels/labels_v1.csv",
  "n_rows_labels": 1855,
  "thresholds": [
    0.5,
    1.0,
    2.0,
    3.0,
    5.0
  ],
  "horizons": [
    12,
    24,
    36,
    48,
    60,
    72,
    84,
    96
  ],
  "results": {
    "0.5": {
      "12": {
        "n_total": 1855,
        "n_hit": 1344,
        "p_hit": 0.724528,
        "t_hit_p25": 1.0,
        "t_hit_median": 2.0,
        "t_hit_p75": 4.0,
        "mdd_p25": -0.79835,
        "mdd_median": -0.29710000000000003,
        "mdd_p75": -0.056799999999999996
      },
      "24": {
        "n_total": 1855,
        "n_hit": 1507,
        "p_hit": 0.812399,
        "t_hit_p25": 1.0,
        "t_hit_median": 2.0,
        "t_hit_p75": 6.0,
        "mdd_p25": -0.9362,
        "mdd_median": -0.3667,
        "mdd_p75": -0.08795
      },
      "36": {
        "n_total": 1855,
        "n_hit": 1577,
        "p_hit": 0.850135,
        "t_hit_p25": 1.0,
        "t_hit_median": 3.0,
        "t_hit_p75": 7.0,
        "mdd_p25": -1.0008,
        "mdd_median": -0.3954,
        "mdd_p75": -0.1006
      },
      "48": {
        "n_total": 1855,
        "n_hit": 1600,
        "p_hit": 0.862534,
        "t_hit_p25": 1.0,
        "t_hit_median": 3.0,
        "t_hit_p75": 8.0,
        "mdd_p25": -1.0665499999999999,
        "mdd_median": -0.41005,
        "mdd_p75": -0.10255
      },
      "60": {
        "n_total": 1855,
        "n_hit": 1617,
        "p_hit": 0.871698,
        "t_hit_p25": 1.0,
        "t_hit_median": 3.0,
        "t_hit_p75": 8.0,
        "mdd_p25": -1.1263,
        "mdd_median": -0.4163,
        "mdd_p75": -0.1043
      },
      "72": {
        "n_total": 1855,
        "n_hit": 1646,
        "p_hit": 0.887332,
        "t_hit_p25": 1.0,
        "t_hit_median": 3.0,
        "t_hit_p75": 9.0,
        "mdd_p25": -1.1825,
        "mdd_median": -0.42895,
        "mdd_p75": -0.10685
      },
      "84": {
        "n_total": 1855,
        "n_hit": 1674,
        "p_hit": 0.902426,
        "t_hit_p25": 1.0,
        "t_hit_median": 3.0,
        "t_hit_p75": 9.0,
        "mdd_p25": -1.26355,
        "mdd_median": -0.445,
        "mdd_p75": -0.11122499999999999
      },
      "96": {
        "n_total": 1855,
        "n_hit": 1693,
        "p_hit": 0.912668,
        "t_hit_p25": 1.0,
        "t_hit_median": 3.0,
        "t_hit_p75": 10.0,
        "mdd_p25": -1.3245,
        "mdd_median": -0.4615,
        "mdd_p75": -0.1165
      }
    },
    "1.0": {
      "12": {
        "n_total": 1855,
        "n_hit": 1001,
        "p_hit": 0.539623,
        "t_hit_p25": 2.0,
        "t_hit_median": 4.0,
        "t_hit_p75": 7.0,
        "mdd_p25": -0.9993,
        "mdd_median": -0.3918,
        "mdd_p75": -0.0916
      },
      "24": {
        "n_total": 1855,
        "n_hit": 1211,
        "p_hit": 0.65283,
        "t_hit_p25": 2.0,
        "t_hit_median": 5.0,
        "t_hit_p75": 10.0,
        "mdd_p25": -1.1741000000000001,
        "mdd_median": -0.4767,
        "mdd_p75": -0.12869999999999998
      },
      "36": {
        "n_total": 1855,
        "n_hit": 1337,
        "p_hit": 0.720755,
        "t_hit_p25": 2.0,
        "t_hit_median": 5.0,
        "t_hit_p75": 13.0,
        "mdd_p25": -1.3343,
        "mdd_median": -0.5252,
        "mdd_p75": -0.1536
      },
      "48": {
        "n_total": 1855,
        "n_hit": 1397,
        "p_hit": 0.7531,
        "t_hit_p25": 2.0,
        "t_hit_median": 6.0,
        "t_hit_p75": 15.0,
        "mdd_p25": -1.371,
        "mdd_median": -0.5418,
        "mdd_p75": -0.1614
      },
      "60": {
        "n_total": 1855,
        "n_hit": 1462,
        "p_hit": 0.78814,
        "t_hit_p25": 3.0,
        "t_hit_median": 6.0,
        "t_hit_p75": 17.0,
        "mdd_p25": -1.483225,
        "mdd_median": -0.5839000000000001,
        "mdd_p75": -0.17175
      },
      "72": {
        "n_total": 1855,
        "n_hit": 1514,
        "p_hit": 0.816173,
        "t_hit_p25": 3.0,
        "t_hit_median": 7.0,
        "t_hit_p75": 19.0,
        "mdd_p25": -1.6130500000000003,
        "mdd_median": -0.61625,
        "mdd_p75": -0.17882499999999998
      },
      "84": {
        "n_total": 1855,
        "n_hit": 1550,
        "p_hit": 0.83558,
        "t_hit_p25": 3.0,
        "t_hit_median": 7.0,
        "t_hit_p75": 21.0,
        "mdd_p25": -1.6914749999999998,
        "mdd_median": -0.6455,
        "mdd_p75": -0.18780000000000002
      },
      "96": {
        "n_total": 1855,
        "n_hit": 1570,
        "p_hit": 0.846361,
        "t_hit_p25": 3.0,
        "t_hit_median": 7.0,
        "t_hit_p75": 22.0,
        "mdd_p25": -1.7553999999999998,
        "mdd_median": -0.6681,
        "mdd_p75": -0.19182500000000002
      }
    },
    "2.0": {
      "12": {
        "n_total": 1855,
        "n_hit": 510,
        "p_hit": 0.274933,
        "t_hit_p25": 3.0,
        "t_hit_median": 5.0,
        "t_hit_p75": 8.0,
        "mdd_p25": -1.038425,
        "mdd_median": -0.43525,
        "mdd_p75": -0.1174
      },
      "24": {
        "n_total": 1855,
        "n_hit": 780,
        "p_hit": 0.420485,
        "t_hit_p25": 4.0,
        "t_hit_median": 9.0,
        "t_hit_p75": 15.0,
        "mdd_p25": -1.33765,
        "mdd_median": -0.58585,
        "mdd_p75": -0.172475
      },
      "36": {
        "n_total": 1855,
        "n_hit": 942,
        "p_hit": 0.507817,
        "t_hit_p25": 5.0,
        "t_hit_median": 11.0,
        "t_hit_p75": 20.75,
        "mdd_p25": -1.498075,
        "mdd_median": -0.6327499999999999,
        "mdd_p75": -0.191625
      },
      "48": {
        "n_total": 1855,
        "n_hit": 1060,
        "p_hit": 0.571429,
        "t_hit_p25": 5.0,
        "t_hit_median": 13.0,
        "t_hit_p75": 25.0,
        "mdd_p25": -1.5471,
        "mdd_median": -0.6818,
        "mdd_p75": -0.22410000000000002
      },
      "60": {
        "n_total": 1855,
        "n_hit": 1150,
        "p_hit": 0.619946,
        "t_hit_p25": 6.0,
        "t_hit_median": 15.0,
        "t_hit_p75": 31.0,
        "mdd_p25": -1.6027749999999998,
        "mdd_median": -0.7479,
        "mdd_p75": -0.25945
      },
      "72": {
        "n_total": 1855,
        "n_hit": 1234,
        "p_hit": 0.665229,
        "t_hit_p25": 6.0,
        "t_hit_median": 16.0,
        "t_hit_p75": 35.0,
        "mdd_p25": -1.781425,
        "mdd_median": -0.87045,
        "mdd_p75": -0.27785
      },
      "84": {
        "n_total": 1855,
        "n_hit": 1283,
        "p_hit": 0.691644,
        "t_hit_p25": 6.0,
        "t_hit_median": 17.0,
        "t_hit_p75": 38.5,
        "mdd_p25": -1.96915,
        "mdd_median": -0.944,
        "mdd_p75": -0.29685
      },
      "96": {
        "n_total": 1855,
        "n_hit": 1323,
        "p_hit": 0.713208,
        "t_hit_p25": 7.0,
        "t_hit_median": 18.0,
        "t_hit_p75": 42.0,
        "mdd_p25": -2.1465,
        "mdd_median": -0.9823,
        "mdd_p75": -0.308
      }
    },
    "3.0": {
      "12": {
        "n_total": 1855,
        "n_hit": 291,
        "p_hit": 0.156873,
        "t_hit_p25": 3.0,
        "t_hit_median": 6.0,
        "t_hit_p75": 9.0,
        "mdd_p25": -0.98065,
        "mdd_median": -0.4322,
        "mdd_p75": -0.1362
      },
      "24": {
        "n_total": 1855,
        "n_hit": 468,
        "p_hit": 0.252291,
        "t_hit_p25": 5.0,
        "t_hit_median": 9.0,
        "t_hit_p75": 16.25,
        "mdd_p25": -1.2715750000000001,
        "mdd_median": -0.54285,
        "mdd_p75": -0.16199999999999998
      },
      "36": {
        "n_total": 1855,
        "n_hit": 634,
        "p_hit": 0.341779,
        "t_hit_p25": 6.0,
        "t_hit_median": 14.0,
        "t_hit_p75": 25.0,
        "mdd_p25": -1.498075,
        "mdd_median": -0.61615,
        "mdd_p75": -0.192275
      },
      "48": {
        "n_total": 1855,
        "n_hit": 758,
        "p_hit": 0.408625,
        "t_hit_p25": 7.0,
        "t_hit_median": 19.0,
        "t_hit_p75": 31.0,
        "mdd_p25": -1.587675,