{
  "schema": "baseline_probs_v1",
  "source_labels": "data/labels/labels_v1.csv",
  "n_rows_labels": 1488,
  "thresholds": [
    0.5,
    1.0,
    2.0,
    3.0,
    5.0
  ],
  "horizons": [
    12,
    24,
    36,
    48,
    60,
    72,
    84,
    96
  ],
  "results": {
    "0.5": {
      "12": {
        "n_total": 1488,
        "n_hit": 1048,
        "p_hit": 0.704301,
        "t_hit_p25": 1.0,
        "t_hit_median": 2.0,
        "t_hit_p75": 5.0,
        "mdd_p25": -0.82935,
        "mdd_median": -0.28,
        "mdd_p75": -0.0515
      },
      "24": {
        "n_total": 1488,
        "n_hit": 1194,
        "p_hit": 0.802419,
        "t_hit_p25": 1.0,
        "t_hit_median": 3.0,
        "t_hit_p75": 7.0,
        "mdd_p25": -0.9744999999999999,
        "mdd_median": -0.36819999999999997,
        "mdd_p75": -0.080925
      },
      "36": {
        "n_total": 1488,
        "n_hit": 1251,
        "p_hit": 0.840726,
        "t_hit_p25": 1.0,
        "t_hit_median": 3.0,
        "t_hit_p75": 8.0,
        "mdd_p25": -1.0565,
        "mdd_median": -0.3972,
        "mdd_p75": -0.09225
      },
      "48": {
        "n_total": 1488,
        "n_hit": 1268,
        "p_hit": 0.852151,
        "t_hit_p25": 1.0,
        "t_hit_median": 3.0,
        "t_hit_p75": 8.0,
        "mdd_p25": -1.095225,
        "mdd_median": -0.41005,
        "mdd_p75": -0.09522499999999999
      },
      "60": {
        "n_total": 1488,
        "n_hit": 1282,
        "p_hit": 0.861559,
        "t_hit_p25": 1.0,
        "t_hit_median": 3.0,
        "t_hit_p75": 9.0,
        "mdd_p25": -1.14755,
        "mdd_median": -0.41765,
        "mdd_p75": -0.10067499999999999
      },
      "72": {
        "n_total": 1488,
        "n_hit": 1311,
        "p_hit": 0.881048,
        "t_hit_p25": 1.0,
        "t_hit_median": 3.0,
        "t_hit_p75": 10.0,
        "mdd_p25": -1.2338,
        "mdd_median": -0.4385,
        "mdd_p75": -0.1038
      },
      "84": {
        "n_total": 1488,
        "n_hit": 1338,
        "p_hit": 0.899194,
        "t_hit_p25": 1.0,
        "t_hit_median": 3.0,
        "t_hit_p75": 10.0,
        "mdd_p25": -1.3241749999999999,
        "mdd_median": -0.4578,
        "mdd_p75": -0.10585
      },
      "96": {
        "n_total": 1488,
        "n_hit": 1354,
        "p_hit": 0.909946,
        "t_hit_p25": 1.0,
        "t_hit_median": 3.0,
        "t_hit_p75": 11.0,
        "mdd_p25": -1.3534499999999998,
        "mdd_median": -0.47075,
        "mdd_p75": -0.108775
      }
    },
    "1.0": {
      "12": {
        "n_total": 1488,
        "n_hit": 778,
        "p_hit": 0.522849,
        "t_hit_p25": 2.0,
        "t_hit_median": 4.0,
        "t_hit_p75": 7.0,
        "mdd_p25": -0.999125,
        "mdd_median": -0.38134999999999997,
        "mdd_p75": -0.078225
      },
      "24": {
        "n_total": 1488,
        "n_hit": 959,
        "p_hit": 0.644489,
        "t_hit_p25": 2.0,
        "t_hit_median": 5.0,
        "t_hit_p75": 10.0,
        "mdd_p25": -1.1495,
        "mdd_median": -0.4726,
        "mdd_p75": -0.11655
      },
      "36": {
        "n_total": 1488,
        "n_hit": 1066,
        "p_hit": 0.716398,
        "t_hit_p25": 2.0,
        "t_hit_median": 6.0,
        "t_hit_p75": 14.0,
        "mdd_p25": -1.2850249999999999,
        "mdd_median": -0.5024500000000001,
        "mdd_p75": -0.14525
      },
      "48": {
        "n_total": 1488,
        "n_hit": 1108,
        "p_hit": 0.744624,
        "t_hit_p25": 3.0,
        "t_hit_median": 6.0,
        "t_hit_p75": 16.0,
        "mdd_p25": -1.318625,
        "mdd_median": -0.511,
        "mdd_p75": -0.1558
      },
      "60": {
        "n_total": 1488,
        "n_hit": 1148,
        "p_hit": 0.771505,
        "t_hit_p25": 3.0,
        "t_hit_median": 7.0,
        "t_hit_p75": 17.0,
        "mdd_p25": -1.3715000000000002,
        "mdd_median": -0.54285,
        "mdd_p75": -0.16125
      },
      "72": {
        "n_total": 1488,
        "n_hit": 1196,
        "p_hit": 0.803763,
        "t_hit_p25": 3.0,
        "t_hit_median": 7.0,
        "t_hit_p75": 19.0,
        "mdd_p25": -1.4997500000000001,
        "mdd_median": -0.5839000000000001,
        "mdd_p75": -0.17004999999999998
      },
      "84": {
        "n_total": 1488,
        "n_hit": 1230,
        "p_hit": 0.826613,
        "t_hit_p25": 3.0,
        "t_hit_median": 7.0,
        "t_hit_p75": 21.0,
        "mdd_p25": -1.59455,
        "mdd_median": -0.60205,
        "mdd_p75": -0.17385
      },
      "96": {
        "n_total": 1488,
        "n_hit": 1249,
        "p_hit": 0.839382,
        "t_hit_p25": 3.0,
        "t_hit_median": 8.0,
        "t_hit_p75": 22.0,
        "mdd_p25": -1.6665,
        "mdd_median": -0.6197,
        "mdd_p75": -0.177
      }
    },
    "2.0": {
      "12": {
        "n_total": 1488,
        "n_hit": 390,
        "p_hit": 0.262097,
        "t_hit_p25": 3.0,
        "t_hit_median": 5.0,
        "t_hit_p75": 8.0,
        "mdd_p25": -1.022,
        "mdd_median": -0.41225,
        "mdd_p75": -0.11645
      },
      "24": {
        "n_total": 1488,
        "n_hit": 603,
        "p_hit": 0.405242,
        "t_hit_p25": 4.0,
        "t_hit_median": 9.0,
        "t_hit_p75": 16.0,
        "mdd_p25": -1.2681,
        "mdd_median": -0.5723,
        "mdd_p75": -0.17099999999999999
      },
      "36": {
        "n_total": 1488,
        "n_hit": 733,
        "p_hit": 0.492608,
        "t_hit_p25": 5.0,
        "t_hit_median": 11.0,
        "t_hit_p75": 21.0,
        "mdd_p25": -1.3504,
        "mdd_median": -0.5938,
        "mdd_p75": -0.1766
      },
      "48": {
        "n_total": 1488,
        "n_hit": 833,
        "p_hit": 0.559812,
        "t_hit_p25": 5.0,
        "t_hit_median": 14.0,
        "t_hit_p75": 27.0,
        "mdd_p25": -1.3916,
        "mdd_median": -0.6017,
        "mdd_p75": -0.2074
      },
      "60": {
        "n_total": 1488,
        "n_hit": 899,
        "p_hit": 0.604167,
        "t_hit_p25": 6.0,
        "t_hit_median": 16.0,
        "t_hit_p75": 31.0,
        "mdd_p25": -1.45335,
        "mdd_median": -0.635,
        "mdd_p75": -0.23695
      },
      "72": {
        "n_total": 1488,
        "n_hit": 961,
        "p_hit": 0.645833,
        "t_hit_p25": 6.0,
        "t_hit_median": 17.0,
        "t_hit_p75": 35.0,
        "mdd_p25": -1.5517,
        "mdd_median": -0.7369,
        "mdd_p75": -0.2654
      },
      "84": {
        "n_total": 1488,
        "n_hit": 1004,
        "p_hit": 0.674731,
        "t_hit_p25": 7.0,
        "t_hit_median": 18.0,
        "t_hit_p75": 39.0,
        "mdd_p25": -1.677275,
        "mdd_median": -0.8281499999999999,
        "mdd_p75": -0.275775
      },
      "96": {
        "n_total": 1488,
        "n_hit": 1041,
        "p_hit": 0.699597,
        "t_hit_p25": 7.0,
        "t_hit_median": 19.0,
        "t_hit_p75": 42.0,
        "mdd_p25": -1.7955,
        "mdd_median": -0.8902,
        "mdd_p75": -0.2918
      }
    },
    "3.0": {
      "12": {
        "n_total": 1488,
        "n_hit": 210,
        "p_hit": 0.141129,
        "t_hit_p25": 3.0,
        "t_hit_median": 5.0,
        "t_hit_p75": 9.0,
        "mdd_p25": -0.9619249999999999,
        "mdd_median": -0.4068,
        "mdd_p75": -0.133675
      },
      "24": {
        "n_total": 1488,
        "n_hit": 336,
        "p_hit": 0.225806,
        "t_hit_p25": 5.0,
        "t_hit_median": 9.0,
        "t_hit_p75": 17.0,
        "mdd_p25": -1.1363750000000001,
        "mdd_median": -0.47825,
        "mdd_p75": -0.144475
      },
      "36": {
        "n_total": 1488,
        "n_hit": 456,
        "p_hit": 0.306452,
        "t_hit_p25": 6.0,
        "t_hit_median": 15.0,
        "t_hit_p75": 25.0,
        "mdd_p25": -1.2734750000000001,
        "mdd_median": -0.5540499999999999,
        "mdd_p75": -0.169975
      },
      "48": {
        "n_total": 1488,
        "n_hit": 556,
        "p_hit": 0.373656,
        "t_hit_p25": 7.0,
        "t_hit_median": 19.5,
        "t_hit_p75": 32.0,
        "mdd_p25": -1.3653999999999997,