{
  "schema": "baseline_probs_v1",
  "source_labels": "data/labels/labels_v1.csv",
  "n_rows_labels": 406,
  "thresholds": [
    0.5,
    1.0,
    2.0,
    3.0,
    5.0
  ],
  "horizons": [
    12,
    24,
    36,
    48,
    60,
    72,
    84,
    96
  ],
  "results": {
    "0.5": {
      "12": {
        "n_total": 406,
        "n_hit": 293,
        "p_hit": 0.721675,
        "t_hit_p25": 1.0,
        "t_hit_median": 3.0,
        "t_hit_p75": 6.0,
        "mdd_p25": -0.5938,
        "mdd_median": -0.247,
        "mdd_p75": -0.0545
      },
      "24": {
        "n_total": 406,
        "n_hit": 355,
        "p_hit": 0.874384,
        "t_hit_p25": 2.0,
        "t_hit_median": 4.0,
        "t_hit_p75": 10.0,
        "mdd_p25": -0.71045,
        "mdd_median": -0.3284,
        "mdd_p75": -0.09045
      },
      "36": {
        "n_total": 406,
        "n_hit": 376,
        "p_hit": 0.926108,
        "t_hit_p25": 2.0,
        "t_hit_median": 5.0,
        "t_hit_p75": 11.0,
        "mdd_p25": -0.783025,
        "mdd_median": -0.36295,
        "mdd_p75": -0.104675
      },
      "48": {
        "n_total": 406,
        "n_hit": 377,
        "p_hit": 0.928571,
        "t_hit_p25": 2.0,
        "t_hit_median": 5.0,
        "t_hit_p75": 11.0,
        "mdd_p25": -0.7843,
        "mdd_median": -0.3665,
        "mdd_p75": -0.1048
      },
      "60": {
        "n_total": 406,
        "n_hit": 383,
        "p_hit": 0.94335,
        "t_hit_p25": 2.0,
        "t_hit_median": 5.0,
        "t_hit_p75": 12.0,
        "mdd_p25": -0.8237,
        "mdd_median": -0.3728,
        "mdd_p75": -0.10600000000000001
      },
      "72": {
        "n_total": 406,
        "n_hit": 395,
        "p_hit": 0.972906,
        "t_hit_p25": 2.0,
        "t_hit_median": 5.0,
        "t_hit_p75": 13.0,
        "mdd_p25": -0.93075,
        "mdd_median": -0.389,
        "mdd_p75": -0.11149999999999999
      },
      "84": {
        "n_total": 406,
        "n_hit": 395,
        "p_hit": 0.972906,
        "t_hit_p25": 2.0,
        "t_hit_median": 5.0,
        "t_hit_p75": 13.0,
        "mdd_p25": -0.93075,
        "mdd_median": -0.389,
        "mdd_p75": -0.11149999999999999
      },
      "96": {
        "n_total": 406,
        "n_hit": 397,
        "p_hit": 0.977833,
        "t_hit_p25": 2.0,
        "t_hit_median": 5.0,
        "t_hit_p75": 13.0,
        "mdd_p25": -0.9343,
        "mdd_median": -0.3906,
        "mdd_p75": -0.1132
      }
    },
    "1.0": {
      "12": {
        "n_total": 406,
        "n_hit": 199,
        "p_hit": 0.490148,
        "t_hit_p25": 3.0,
        "t_hit_median": 5.0,
        "t_hit_p75": 7.0,
        "mdd_p25": -0.67885,
        "mdd_median": -0.2785,
        "mdd_p75": -0.0678
      },
      "24": {
        "n_total": 406,
        "n_hit": 283,
        "p_hit": 0.697044,
        "t_hit_p25": 4.0,
        "t_hit_median": 7.0,
        "t_hit_p75": 14.5,
        "mdd_p25": -0.93075,
        "mdd_median": -0.3906,
        "mdd_p75": -0.1042
      },
      "36": {
        "n_total": 406,
        "n_hit": 333,
        "p_hit": 0.820197,
        "t_hit_p25": 4.0,
        "t_hit_median": 9.0,
        "t_hit_p75": 19.0,
        "mdd_p25": -1.1485,
        "mdd_median": -0.4448,
        "mdd_p75": -0.1402
      },
      "48": {
        "n_total": 406,
        "n_hit": 355,
        "p_hit": 0.874384,
        "t_hit_p25": 4.0,
        "t_hit_median": 10.0,
        "t_hit_p75": 21.0,
        "mdd_p25": -1.19195,
        "mdd_median": -0.4638,
        "mdd_p75": -0.15985
      },
      "60": {
        "n_total": 406,
        "n_hit": 367,
        "p_hit": 0.903941,
        "t_hit_p25": 4.5,
        "t_hit_median": 11.0,
        "t_hit_p75": 22.0,
        "mdd_p25": -1.22155,
        "mdd_median": -0.4718,
        "mdd_p75": -0.1661
      },
      "72": {
        "n_total": 406,
        "n_hit": 382,
        "p_hit": 0.940887,
        "t_hit_p25": 5.0,
        "t_hit_median": 12.0,
        "t_hit_p75": 25.0,
        "mdd_p25": -1.3316250000000003,
        "mdd_median": -0.48285,
        "mdd_p75": -0.17122500000000002
      },
      "84": {
        "n_total": 406,
        "n_hit": 383,
        "p_hit": 0.94335,
        "t_hit_p25": 5.0,
        "t_hit_median": 12.0,
        "t_hit_p75": 25.0,
        "mdd_p25": -1.3422,
        "mdd_median": -0.4839,
        "mdd_p75": -0.17145
      },
      "96": {
        "n_total": 406,
        "n_hit": 383,
        "p_hit": 0.94335,
        "t_hit_p25": 5.0,
        "t_hit_median": 12.0,
        "t_hit_p75": 25.0,
        "mdd_p25": -1.3422,
        "mdd_median": -0.4839,
        "mdd_p75": -0.17145
      }
    },
    "2.0": {
      "12": {
        "n_total": 406,
        "n_hit": 92,
        "p_hit": 0.226601,
        "t_hit_p25": 4.0,
        "t_hit_median": 7.0,
        "t_hit_p75": 9.25,
        "mdd_p25": -0.716025,
        "mdd_median": -0.39959999999999996,
        "mdd_p75": -0.151325
      },
      "24": {
        "n_total": 406,
        "n_hit": 174,
        "p_hit": 0.428571,
        "t_hit_p25": 7.0,
        "t_hit_median": 12.0,
        "t_hit_p75": 17.0,
        "mdd_p25": -0.974725,
        "mdd_median": -0.49845,
        "mdd_p75": -0.17532499999999998
      },
      "36": {
        "n_total": 406,
        "n_hit": 224,
        "p_hit": 0.551724,
        "t_hit_p25": 8.0,
        "t_hit_median": 15.0,
        "t_hit_p75": 23.0,
        "mdd_p25": -0.991575,
        "mdd_median": -0.49005,
        "mdd_p75": -0.19165
      },
      "48": {
        "n_total": 406,
        "n_hit": 272,
        "p_hit": 0.669951,
        "t_hit_p25": 9.0,
        "t_hit_median": 18.0,
        "t_hit_p75": 32.0,
        "mdd_p25": -1.152075,
        "mdd_median": -0.5385,
        "mdd_p75": -0.2426
      },
      "60": {
        "n_total": 406,
        "n_hit": 310,
        "p_hit": 0.763547,
        "t_hit_p25": 10.0,
        "t_hit_median": 21.0,
        "t_hit_p75": 39.75,
        "mdd_p25": -1.215125,
        "mdd_median": -0.54925,
        "mdd_p75": -0.26545
      },
      "72": {
        "n_total": 406,
        "n_hit": 333,
        "p_hit": 0.820197,
        "t_hit_p25": 11.0,
        "t_hit_median": 23.0,
        "t_hit_p75": 44.0,
        "mdd_p25": -1.2757,
        "mdd_median": -0.6094,
        "mdd_p75": -0.2783
      },
      "84": {
        "n_total": 406,
        "n_hit": 343,
        "p_hit": 0.844828,
        "t_hit_p25": 12.0,
        "t_hit_median": 24.0,
        "t_hit_p75": 45.0,
        "mdd_p25": -1.33495,
        "mdd_median": -0.6474,
        "mdd_p75": -0.28225
      },
      "96": {
        "n_total": 406,
        "n_hit": 350,
        "p_hit": 0.862069,
        "t_hit_p25": 12.0,
        "t_hit_median": 25.0,
        "t_hit_p75": 46.0,
        "mdd_p25": -1.3719000000000001,
        "mdd_median": -0.67885,
        "mdd_p75": -0.293075
      }
    },
    "3.0": {
      "12": {
        "n_total": 406,
        "n_hit": 56,
        "p_hit": 0.137931,
        "t_hit_p25": 5.0,
        "t_hit_median": 8.0,
        "t_hit_p75": 10.0,
        "mdd_p25": -0.976825,
        "mdd_median": -0.36845,
        "mdd_p75": -0.16735
      },
      "24": {
        "n_total": 406,
        "n_hit": 95,
        "p_hit": 0.23399,
        "t_hit_p25": 7.0,
        "t_hit_median": 10.0,
        "t_hit_p75": 18.0,
        "mdd_p25": -0.7617,
        "mdd_median": -0.4448,
        "mdd_p75": -0.1396
      },
      "36": {
        "n_total": 406,
        "n_hit": 138,
        "p_hit": 0.339901,
        "t_hit_p25": 9.0,
        "t_hit_median": 17.5,
        "t_hit_p75": 28.0,
        "mdd_p25": -0.9177000000000001,
        "mdd_median": -0.44155,
        "mdd_p75": -0.1373
      },
      "48": {
        "n_total": 406,
        "n_hit": 194,
        "p_hit": 0.477833,
        "t_hit_p25": 11.0,
        "t_hit_median": 25.5,
        "t_hit_p75": 38.75,
        "mdd_p25": -0.9519,
        "mdd_median": -0.4598,
        "mdd_p75": -0.205525
      },
      "60": {
        "n_total": 406,
        "n_hit": 238,
        "p_hit": 0.586207,