{
  "schema": "baseline_probs_v1",
  "source_labels": "data/labels/labels_v1.csv",
  "n_rows_labels": 3167,
  "thresholds": [
    0.5,
    1.0,
    2.0,
    3.0,
    5.0
  ],
  "horizons": [
    12,
    24,
    36,
    48,
    60,
    72,
    84,
    96
  ],
  "results": {
    "0.5": {
      "12": {
        "n_total": 3167,
        "n_hit": 2245,
        "p_hit": 0.708873,
        "t_hit_p25": 1.0,
        "t_hit_median": 2.0,
        "t_hit_p75": 4.0,
        "mdd_p25": -0.7282,
        "mdd_median": -0.2954,
        "mdd_p75": -0.0493
      },
      "24": {
        "n_total": 3167,
        "n_hit": 2549,
        "p_hit": 0.804863,
        "t_hit_p25": 1.0,
        "t_hit_median": 3.0,
        "t_hit_p75": 7.0,
        "mdd_p25": -0.917,
        "mdd_median": -0.3628,
        "mdd_p75": -0.0789
      },
      "36": {
        "n_total": 3167,
        "n_hit": 2694,
        "p_hit": 0.850647,
        "t_hit_p25": 1.0,
        "t_hit_median": 3.0,
        "t_hit_p75": 8.0,
        "mdd_p25": -1.013375,
        "mdd_median": -0.40565,
        "mdd_p75": -0.0924
      },
      "48": {
        "n_total": 3167,
        "n_hit": 2757,
        "p_hit": 0.87054,
        "t_hit_p25": 1.0,
        "t_hit_median": 3.0,
        "t_hit_p75": 9.0,
        "mdd_p25": -1.109,
        "mdd_median": -0.4212,
        "mdd_p75": -0.1006
      },
      "60": {
        "n_total": 3167,
        "n_hit": 2788,
        "p_hit": 0.880328,
        "t_hit_p25": 1.0,
        "t_hit_median": 3.0,
        "t_hit_p75": 9.0,
        "mdd_p25": -1.150575,
        "mdd_median": -0.4294,
        "mdd_p75": -0.10287500000000001
      },
      "72": {
        "n_total": 3167,
        "n_hit": 2832,
        "p_hit": 0.894222,
        "t_hit_p25": 1.0,
        "t_hit_median": 3.0,
        "t_hit_p75": 10.0,
        "mdd_p25": -1.207475,
        "mdd_median": -0.44125000000000003,
        "mdd_p75": -0.10567499999999999
      },
      "84": {
        "n_total": 3167,
        "n_hit": 2875,
        "p_hit": 0.907799,
        "t_hit_p25": 1.0,
        "t_hit_median": 3.0,
        "t_hit_p75": 10.0,
        "mdd_p25": -1.2835,
        "mdd_median": -0.4573,
        "mdd_p75": -0.1091
      },
      "96": {
        "n_total": 3167,
        "n_hit": 2905,
        "p_hit": 0.917272,
        "t_hit_p25": 1.0,
        "t_hit_median": 3.0,
        "t_hit_p75": 11.0,
        "mdd_p25": -1.337,
        "mdd_median": -0.4704,
        "mdd_p75": -0.1132
      }
    },
    "1.0": {
      "12": {
        "n_total": 3167,
        "n_hit": 1640,
        "p_hit": 0.51784,
        "t_hit_p25": 2.0,
        "t_hit_median": 4.0,
        "t_hit_p75": 7.0,
        "mdd_p25": -0.93355,
        "mdd_median": -0.36185,
        "mdd_p75": -0.0774
      },
      "24": {
        "n_total": 3167,
        "n_hit": 2064,
        "p_hit": 0.651721,
        "t_hit_p25": 2.0,
        "t_hit_median": 5.0,
        "t_hit_p75": 11.0,
        "mdd_p25": -1.1102250000000002,
        "mdd_median": -0.46965,
        "mdd_p75": -0.125775
      },
      "36": {
        "n_total": 3167,
        "n_hit": 2308,
        "p_hit": 0.728765,
        "t_hit_p25": 3.0,
        "t_hit_median": 6.0,
        "t_hit_p75": 15.0,
        "mdd_p25": -1.330975,
        "mdd_median": -0.5367999999999999,
        "mdd_p75": -0.1558
      },
      "48": {
        "n_total": 3167,
        "n_hit": 2426,
        "p_hit": 0.766025,
        "t_hit_p25": 3.0,
        "t_hit_median": 7.0,
        "t_hit_p75": 17.0,
        "mdd_p25": -1.396225,
        "mdd_median": -0.5568,
        "mdd_p75": -0.16995000000000002
      },
      "60": {
        "n_total": 3167,
        "n_hit": 2511,
        "p_hit": 0.792864,
        "t_hit_p25": 3.0,
        "t_hit_median": 7.0,
        "t_hit_p75": 18.0,
        "mdd_p25": -1.4914,
        "mdd_median": -0.5977,
        "mdd_p75": -0.1769
      },
      "72": {
        "n_total": 3167,
        "n_hit": 2584,
        "p_hit": 0.815914,
        "t_hit_p25": 3.0,
        "t_hit_median": 8.0,
        "t_hit_p75": 20.0,
        "mdd_p25": -1.5892,
        "mdd_median": -0.6225,
        "mdd_p75": -0.188
      },
      "84": {
        "n_total": 3167,
        "n_hit": 2644,
        "p_hit": 0.834859,
        "t_hit_p25": 3.0,
        "t_hit_median": 8.0,
        "t_hit_p75": 22.0,
        "mdd_p25": -1.6856250000000002,
        "mdd_median": -0.6630499999999999,
        "mdd_p75": -0.195725
      },
      "96": {
        "n_total": 3167,
        "n_hit": 2683,
        "p_hit": 0.847174,
        "t_hit_p25": 3.0,
        "t_hit_median": 8.0,
        "t_hit_p75": 23.0,
        "mdd_p25": -1.7563499999999999,
        "mdd_median": -0.6822,
        "mdd_p75": -0.2044
      }
    },
    "2.0": {
      "12": {
        "n_total": 3167,
        "n_hit": 783,
        "p_hit": 0.247237,
        "t_hit_p25": 3.0,
        "t_hit_median": 5.0,
        "t_hit_p75": 9.0,
        "mdd_p25": -0.96095,
        "mdd_median": -0.3983,
        "mdd_p75": -0.07944999999999999
      },
      "24": {
        "n_total": 3167,
        "n_hit": 1277,
        "p_hit": 0.403221,
        "t_hit_p25": 4.0,
        "t_hit_median": 9.0,
        "t_hit_p75": 16.0,
        "mdd_p25": -1.2485,
        "mdd_median": -0.5615,
        "mdd_p75": -0.1725
      },
      "36": {
        "n_total": 3167,
        "n_hit": 1612,
        "p_hit": 0.508999,
        "t_hit_p25": 5.0,
        "t_hit_median": 13.0,
        "t_hit_p75": 23.0,
        "mdd_p25": -1.45105,
        "mdd_median": -0.67935,
        "mdd_p75": -0.212825
      },
      "48": {
        "n_total": 3167,
        "n_hit": 1835,
        "p_hit": 0.579413,
        "t_hit_p25": 6.0,
        "t_hit_median": 15.0,
        "t_hit_p75": 27.5,
        "mdd_p25": -1.5764,
        "mdd_median": -0.7624,
        "mdd_p75": -0.25905
      },
      "60": {
        "n_total": 3167,
        "n_hit": 1982,
        "p_hit": 0.625829,
        "t_hit_p25": 7.0,
        "t_hit_median": 17.0,
        "t_hit_p75": 32.0,
        "mdd_p25": -1.66005,
        "mdd_median": -0.81835,
        "mdd_p75": -0.28264999999999996
      },
      "72": {
        "n_total": 3167,
        "n_hit": 2112,
        "p_hit": 0.666877,
        "t_hit_p25": 7.0,
        "t_hit_median": 18.0,
        "t_hit_p75": 35.0,
        "mdd_p25": -1.8162,
        "mdd_median": -0.90785,
        "mdd_p75": -0.311025
      },
      "84": {
        "n_total": 3167,
        "n_hit": 2200,
        "p_hit": 0.694664,
        "t_hit_p25": 8.0,
        "t_hit_median": 19.0,
        "t_hit_p75": 39.0,
        "mdd_p25": -1.970875,
        "mdd_median": -0.9644999999999999,
        "mdd_p75": -0.33042499999999997
      },
      "96": {
        "n_total": 3167,
        "n_hit": 2281,
        "p_hit": 0.72024,
        "t_hit_p25": 8.0,
        "t_hit_median": 21.0,
        "t_hit_p75": 41.0,
        "mdd_p25": -2.1014,
        "mdd_median": -1.0037,
        "mdd_p75": -0.3458
      }
    },
    "3.0": {
      "12": {
        "n_total": 3167,
        "n_hit": 418,
        "p_hit": 0.131986,
        "t_hit_p25": 3.0,
        "t_hit_median": 6.0,
        "t_hit_p75": 9.0,
        "mdd_p25": -0.924075,
        "mdd_median": -0.36175,
        "mdd_p75": -0.08345
      },
      "24": {
        "n_total": 3167,
        "n_hit": 745,
        "p_hit": 0.235238,
        "t_hit_p25": 5.0,
        "t_hit_median": 11.0,
        "t_hit_p75": 17.0,
        "mdd_p25": -1.3171,
        "mdd_median": -0.5524,
        "mdd_p75": -0.156
      },
      "36": {
        "n_total": 3167,
        "n_hit": 1046,
        "p_hit": 0.330281,
        "t_hit_p25": 7.0,
        "t_hit_median": 16.0,
        "t_hit_p75": 26.0,
        "mdd_p25": -1.5814750000000002,
        "mdd_median": -0.68435,
        "mdd_p75": -0.20700000000000002
      },
      "48": {
        "n_total": 3167,
        "n_hit": 1290,
        "p_hit": 0.407326,
        "t_hit_p25": 9.0,
        "t_hit_median": 21.0,
        "t_hit_p75": 33.0,
        "mdd_p25": -1.715025,
        "mdd_median": -0.81835,