{
  "schema": "baseline_probs_v1",
  "source_labels": "data/labels/labels_v1.csv",
  "n_rows_labels": 3148,
  "thresholds": [
    0.5,
    1.0,
    2.0,
    3.0,
    5.0
  ],
  "horizons": [
    12,
    24,
    36,
    48,
    60,
    72,
    84,
    96
  ],
  "results": {
    "0.5": {
      "12": {
        "n_total": 3148,
        "n_hit": 2226,
        "p_hit": 0.707116,
        "t_hit_p25": 1.0,
        "t_hit_median": 2.0,
        "t_hit_p75": 4.0,
        "mdd_p25": -0.7284250000000001,
        "mdd_median": -0.29555,
        "mdd_p75": -0.05045
      },
      "24": {
        "n_total": 3148,
        "n_hit": 2530,
        "p_hit": 0.803685,
        "t_hit_p25": 1.0,
        "t_hit_median": 3.0,
        "t_hit_p75": 7.0,
        "mdd_p25": -0.922425,
        "mdd_median": -0.36335,
        "mdd_p75": -0.080575
      },
      "36": {
        "n_total": 3148,
        "n_hit": 2675,
        "p_hit": 0.849746,
        "t_hit_p25": 1.0,
        "t_hit_median": 3.0,
        "t_hit_p75": 8.0,
        "mdd_p25": -1.0168,
        "mdd_median": -0.4059,
        "mdd_p75": -0.09425
      },
      "48": {
        "n_total": 3148,
        "n_hit": 2738,
        "p_hit": 0.869759,
        "t_hit_p25": 1.0,
        "t_hit_median": 3.0,
        "t_hit_p75": 9.0,
        "mdd_p25": -1.1251499999999999,
        "mdd_median": -0.42225,
        "mdd_p75": -0.102025
      },
      "60": {
        "n_total": 3148,
        "n_hit": 2769,
        "p_hit": 0.879606,
        "t_hit_p25": 1.0,
        "t_hit_median": 3.0,
        "t_hit_p75": 9.0,
        "mdd_p25": -1.1531,
        "mdd_median": -0.4317,
        "mdd_p75": -0.1042
      },
      "72": {
        "n_total": 3148,
        "n_hit": 2813,
        "p_hit": 0.893583,
        "t_hit_p25": 1.0,
        "t_hit_median": 3.0,
        "t_hit_p75": 10.0,
        "mdd_p25": -1.2247,
        "mdd_median": -0.4433,
        "mdd_p75": -0.1066
      },
      "84": {
        "n_total": 3148,
        "n_hit": 2856,
        "p_hit": 0.907243,
        "t_hit_p25": 1.0,
        "t_hit_median": 3.0,
        "t_hit_p75": 10.0,
        "mdd_p25": -1.2947250000000001,
        "mdd_median": -0.46130000000000004,
        "mdd_p75": -0.11132500000000001
      },
      "96": {
        "n_total": 3148,
        "n_hit": 2886,
        "p_hit": 0.916773,
        "t_hit_p25": 1.0,
        "t_hit_median": 3.0,
        "t_hit_p75": 11.0,
        "mdd_p25": -1.342375,
        "mdd_median": -0.4732,
        "mdd_p75": -0.11530000000000001
      }
    },
    "1.0": {
      "12": {
        "n_total": 3148,
        "n_hit": 1625,
        "p_hit": 0.516201,
        "t_hit_p25": 2.0,
        "t_hit_median": 4.0,
        "t_hit_p75": 7.0,
        "mdd_p25": -0.9403,
        "mdd_median": -0.3633,
        "mdd_p75": -0.078
      },
      "24": {
        "n_total": 3148,
        "n_hit": 2045,
        "p_hit": 0.649619,
        "t_hit_p25": 2.0,
        "t_hit_median": 5.0,
        "t_hit_p75": 11.0,
        "mdd_p25": -1.1225,
        "mdd_median": -0.4704,
        "mdd_p75": -0.1274
      },
      "36": {
        "n_total": 3148,
        "n_hit": 2289,
        "p_hit": 0.727128,
        "t_hit_p25": 3.0,
        "t_hit_median": 6.0,
        "t_hit_p75": 15.0,
        "mdd_p25": -1.334,
        "mdd_median": -0.5375,
        "mdd_p75": -0.1564
      },
      "48": {
        "n_total": 3148,
        "n_hit": 2407,
        "p_hit": 0.764612,
        "t_hit_p25": 3.0,
        "t_hit_median": 7.0,
        "t_hit_p75": 17.0,
        "mdd_p25": -1.399,
        "mdd_median": -0.56,
        "mdd_p75": -0.171
      },
      "60": {
        "n_total": 3148,
        "n_hit": 2492,
        "p_hit": 0.791614,
        "t_hit_p25": 3.0,
        "t_hit_median": 7.0,
        "t_hit_p75": 18.0,
        "mdd_p25": -1.5038249999999997,
        "mdd_median": -0.59825,
        "mdd_p75": -0.1786
      },
      "72": {
        "n_total": 3148,
        "n_hit": 2565,
        "p_hit": 0.814803,
        "t_hit_p25": 3.0,
        "t_hit_median": 8.0,
        "t_hit_p75": 20.0,
        "mdd_p25": -1.6042,
        "mdd_median": -0.6234,
        "mdd_p75": -0.1908
      },
      "84": {
        "n_total": 3148,
        "n_hit": 2625,
        "p_hit": 0.833863,
        "t_hit_p25": 3.0,
        "t_hit_median": 8.0,
        "t_hit_p75": 22.0,
        "mdd_p25": -1.6925,
        "mdd_median": -0.6662,
        "mdd_p75": -0.2002
      },
      "96": {
        "n_total": 3148,
        "n_hit": 2664,
        "p_hit": 0.846252,
        "t_hit_p25": 3.0,
        "t_hit_median": 8.0,
        "t_hit_p75": 23.0,
        "mdd_p25": -1.768075,
        "mdd_median": -0.6836500000000001,
        "mdd_p75": -0.206925
      }
    },
    "2.0": {
      "12": {
        "n_total": 3148,
        "n_hit": 772,
        "p_hit": 0.245235,
        "t_hit_p25": 3.0,
        "t_hit_median": 5.0,
        "t_hit_p75": 9.0,
        "mdd_p25": -0.9621500000000001,
        "mdd_median": -0.3993,
        "mdd_p75": -0.080325
      },
      "24": {
        "n_total": 3148,
        "n_hit": 1258,
        "p_hit": 0.399619,
        "t_hit_p25": 4.0,
        "t_hit_median": 9.0,
        "t_hit_p75": 16.0,
        "mdd_p25": -1.269425,
        "mdd_median": -0.5715,
        "mdd_p75": -0.17275
      },
      "36": {
        "n_total": 3148,
        "n_hit": 1593,
        "p_hit": 0.506036,
        "t_hit_p25": 5.0,
        "t_hit_median": 13.0,
        "t_hit_p75": 23.0,
        "mdd_p25": -1.4609,
        "mdd_median": -0.6798,
        "mdd_p75": -0.218
      },
      "48": {
        "n_total": 3148,
        "n_hit": 1816,
        "p_hit": 0.576874,
        "t_hit_p25": 6.0,
        "t_hit_median": 16.0,
        "t_hit_p75": 28.0,
        "mdd_p25": -1.5876249999999998,
        "mdd_median": -0.76695,
        "mdd_p75": -0.26287499999999997
      },
      "60": {
        "n_total": 3148,
        "n_hit": 1963,
        "p_hit": 0.623571,
        "t_hit_p25": 7.0,
        "t_hit_median": 17.0,
        "t_hit_p75": 32.0,
        "mdd_p25": -1.6672,
        "mdd_median": -0.8256,
        "mdd_p75": -0.28469999999999995
      },
      "72": {
        "n_total": 3148,
        "n_hit": 2093,
        "p_hit": 0.664867,
        "t_hit_p25": 7.0,
        "t_hit_median": 18.0,
        "t_hit_p75": 36.0,
        "mdd_p25": -1.8272,
        "mdd_median": -0.923,
        "mdd_p75": -0.3129
      },
      "84": {
        "n_total": 3148,
        "n_hit": 2181,
        "p_hit": 0.692821,
        "t_hit_p25": 8.0,
        "t_hit_median": 20.0,
        "t_hit_p75": 39.0,
        "mdd_p25": -1.9844,
        "mdd_median": -0.9727,
        "mdd_p75": -0.3381
      },
      "96": {
        "n_total": 3148,
        "n_hit": 2262,
        "p_hit": 0.718551,
        "t_hit_p25": 8.0,
        "t_hit_median": 21.0,
        "t_hit_p75": 42.0,
        "mdd_p25": -2.12995,
        "mdd_median": -1.0164499999999999,
        "mdd_p75": -0.34875
      }
    },
    "3.0": {
      "12": {
        "n_total": 3148,
        "n_hit": 409,
        "p_hit": 0.129924,
        "t_hit_p25": 3.0,
        "t_hit_median": 6.0,
        "t_hit_p75": 9.0,
        "mdd_p25": -0.9293,
        "mdd_median": -0.3684,
        "mdd_p75": -0.0818
      },
      "24": {
        "n_total": 3148,
        "n_hit": 727,
        "p_hit": 0.23094,
        "t_hit_p25": 5.0,
        "t_hit_median": 11.0,
        "t_hit_p75": 17.0,
        "mdd_p25": -1.33595,
        "mdd_median": -0.5576,
        "mdd_p75": -0.15739999999999998
      },
      "36": {
        "n_total": 3148,
        "n_hit": 1028,
        "p_hit": 0.326557,
        "t_hit_p25": 7.0,
        "t_hit_median": 16.0,
        "t_hit_p75": 26.0,
        "mdd_p25": -1.5927250000000002,
        "mdd_median": -0.69935,
        "mdd_p75": -0.208325
      },
      "48": {
        "n_total": 3148,
        "n_hit": 1272,
        "p_hit": 0.404066,
        "t_hit_p25": 9.0,
        "t_hit_median": 21.0,
        "t_hit_p75": 33.0,
        "mdd_p25": -1.74165,
        "mdd_median": -0.83555,
        "mdd_p75": -0.2771
      },