{
  "schema": "baseline_probs_v1",
  "source_labels": "data/labels/labels_v1.csv",
  "n_rows_labels": 2651,
  "thresholds": [
    0.5,
    1.0,
    2.0,
    3.0,
    5.0
  ],
  "horizons": [
    12,
    24,
    36,
    48,
    60,
    72,
    84,
    96
  ],
  "results": {
    "0.5": {
      "12": {
        "n_total": 2651,
        "n_hit": 1881,
        "p_hit": 0.709544,
        "t_hit_p25": 1.0,
        "t_hit_median": 2.0,
        "t_hit_p75": 4.0,
        "mdd_p25": -0.7221,
        "mdd_median": -0.2918,
        "mdd_p75": -0.0509
      },
      "24": {
        "n_total": 2651,
        "n_hit": 2139,
        "p_hit": 0.806865,
        "t_hit_p25": 1.0,
        "t_hit_median": 3.0,
        "t_hit_p75": 7.0,
        "mdd_p25": -0.9079999999999999,
        "mdd_median": -0.3584,
        "mdd_p75": -0.08085
      },
      "36": {
        "n_total": 2651,
        "n_hit": 2268,
        "p_hit": 0.855526,
        "t_hit_p25": 1.0,
        "t_hit_median": 3.0,
        "t_hit_p75": 8.0,
        "mdd_p25": -1.0012249999999998,
        "mdd_median": -0.40565,
        "mdd_p75": -0.097525
      },
      "48": {
        "n_total": 2651,
        "n_hit": 2313,
        "p_hit": 0.872501,
        "t_hit_p25": 1.0,
        "t_hit_median": 3.0,
        "t_hit_p75": 9.0,
        "mdd_p25": -1.0858,
        "mdd_median": -0.4181,
        "mdd_p75": -0.1027
      },
      "60": {
        "n_total": 2651,
        "n_hit": 2336,
        "p_hit": 0.881177,
        "t_hit_p25": 1.0,
        "t_hit_median": 3.0,
        "t_hit_p75": 9.0,
        "mdd_p25": -1.14145,
        "mdd_median": -0.42605,
        "mdd_p75": -0.10417499999999999
      },
      "72": {
        "n_total": 2651,
        "n_hit": 2375,
        "p_hit": 0.895888,
        "t_hit_p25": 1.0,
        "t_hit_median": 3.0,
        "t_hit_p75": 10.0,
        "mdd_p25": -1.19025,
        "mdd_median": -0.4404,
        "mdd_p75": -0.10815
      },
      "84": {
        "n_total": 2651,
        "n_hit": 2418,
        "p_hit": 0.912109,
        "t_hit_p25": 1.0,
        "t_hit_median": 3.0,
        "t_hit_p75": 10.0,
        "mdd_p25": -1.27435,
        "mdd_median": -0.45594999999999997,
        "mdd_p75": -0.112675
      },
      "96": {
        "n_total": 2651,
        "n_hit": 2447,
        "p_hit": 0.923048,
        "t_hit_p25": 1.0,
        "t_hit_median": 3.0,
        "t_hit_p75": 11.0,
        "mdd_p25": -1.334,
        "mdd_median": -0.4718,
        "mdd_p75": -0.1166
      }
    },
    "1.0": {
      "12": {
        "n_total": 2651,
        "n_hit": 1390,
        "p_hit": 0.52433,
        "t_hit_p25": 2.0,
        "t_hit_median": 4.0,
        "t_hit_p75": 7.0,
        "mdd_p25": -0.952475,
        "mdd_median": -0.3684,
        "mdd_p75": -0.08082500000000001
      },
      "24": {
        "n_total": 2651,
        "n_hit": 1725,
        "p_hit": 0.650698,
        "t_hit_p25": 2.0,
        "t_hit_median": 5.0,
        "t_hit_p75": 10.0,
        "mdd_p25": -1.105,
        "mdd_median": -0.4696,
        "mdd_p75": -0.1288
      },
      "36": {
        "n_total": 2651,
        "n_hit": 1945,
        "p_hit": 0.733685,
        "t_hit_p25": 3.0,
        "t_hit_median": 6.0,
        "t_hit_p75": 15.0,
        "mdd_p25": -1.3245,
        "mdd_median": -0.5342,
        "mdd_p75": -0.1602
      },
      "48": {
        "n_total": 2651,
        "n_hit": 2047,
        "p_hit": 0.772161,
        "t_hit_p25": 3.0,
        "t_hit_median": 7.0,
        "t_hit_p75": 17.0,
        "mdd_p25": -1.37945,
        "mdd_median": -0.5509,
        "mdd_p75": -0.1722
      },
      "60": {
        "n_total": 2651,
        "n_hit": 2124,
        "p_hit": 0.801207,
        "t_hit_p25": 3.0,
        "t_hit_median": 7.0,
        "t_hit_p75": 19.0,
        "mdd_p25": -1.4811,
        "mdd_median": -0.5868,
        "mdd_p75": -0.18485
      },
      "72": {
        "n_total": 2651,
        "n_hit": 2189,
        "p_hit": 0.825726,
        "t_hit_p25": 3.0,
        "t_hit_median": 8.0,
        "t_hit_p75": 21.0,
        "mdd_p25": -1.5877,
        "mdd_median": -0.6162,
        "mdd_p75": -0.1953
      },
      "84": {
        "n_total": 2651,
        "n_hit": 2247,
        "p_hit": 0.847605,
        "t_hit_p25": 3.0,
        "t_hit_median": 8.0,
        "t_hit_p75": 23.0,
        "mdd_p25": -1.6881499999999998,
        "mdd_median": -0.6502,
        "mdd_p75": -0.20805
      },
      "96": {
        "n_total": 2651,
        "n_hit": 2284,
        "p_hit": 0.861562,
        "t_hit_p25": 3.0,
        "t_hit_median": 8.0,
        "t_hit_p75": 24.0,
        "mdd_p25": -1.7632750000000001,
        "mdd_median": -0.6768,
        "mdd_p75": -0.218525
      }
    },
    "2.0": {
      "12": {
        "n_total": 2651,
        "n_hit": 673,
        "p_hit": 0.253866,
        "t_hit_p25": 3.0,
        "t_hit_median": 5.0,
        "t_hit_p75": 9.0,
        "mdd_p25": -0.9787,
        "mdd_median": -0.4167,
        "mdd_p75": -0.1092
      },
      "24": {
        "n_total": 2651,
        "n_hit": 1085,
        "p_hit": 0.40928,
        "t_hit_p25": 4.0,
        "t_hit_median": 9.0,
        "t_hit_p75": 16.0,
        "mdd_p25": -1.2832,
        "mdd_median": -0.578,
        "mdd_p75": -0.1794
      },
      "36": {
        "n_total": 2651,
        "n_hit": 1377,
        "p_hit": 0.519427,
        "t_hit_p25": 5.0,
        "t_hit_median": 13.0,
        "t_hit_p75": 23.0,
        "mdd_p25": -1.4753,
        "mdd_median": -0.6767,
        "mdd_p75": -0.2242
      },
      "48": {
        "n_total": 2651,
        "n_hit": 1566,
        "p_hit": 0.59072,
        "t_hit_p25": 6.0,
        "t_hit_median": 15.0,
        "t_hit_p75": 28.0,
        "mdd_p25": -1.566525,
        "mdd_median": -0.7302500000000001,
        "mdd_p75": -0.26665
      },
      "60": {
        "n_total": 2651,
        "n_hit": 1693,
        "p_hit": 0.638627,
        "t_hit_p25": 7.0,
        "t_hit_median": 17.0,
        "t_hit_p75": 32.0,
        "mdd_p25": -1.6192,
        "mdd_median": -0.803,
        "mdd_p75": -0.2866
      },
      "72": {
        "n_total": 2651,
        "n_hit": 1804,
        "p_hit": 0.680498,
        "t_hit_p25": 7.0,
        "t_hit_median": 18.0,
        "t_hit_p75": 35.25,
        "mdd_p25": -1.781275,
        "mdd_median": -0.8887499999999999,
        "mdd_p75": -0.3124
      },
      "84": {
        "n_total": 2651,
        "n_hit": 1885,
        "p_hit": 0.711052,
        "t_hit_p25": 8.0,
        "t_hit_median": 20.0,
        "t_hit_p75": 39.0,
        "mdd_p25": -1.9441,
        "mdd_median": -0.9542,
        "mdd_p75": -0.3339
      },
      "96": {
        "n_total": 2651,
        "n_hit": 1960,
        "p_hit": 0.739344,
        "t_hit_p25": 8.0,
        "t_hit_median": 21.0,
        "t_hit_p75": 42.0,
        "mdd_p25": -2.1401250000000003,
        "mdd_median": -0.9963,
        "mdd_p75": -0.348625
      }
    },
    "3.0": {
      "12": {
        "n_total": 2651,
        "n_hit": 366,
        "p_hit": 0.138061,
        "t_hit_p25": 3.0,
        "t_hit_median": 6.0,
        "t_hit_p75": 9.0,
        "mdd_p25": -0.9551249999999999,
        "mdd_median": -0.39339999999999997,
        "mdd_p75": -0.11019999999999999
      },
      "24": {
        "n_total": 2651,
        "n_hit": 633,
        "p_hit": 0.238778,
        "t_hit_p25": 5.0,
        "t_hit_median": 10.0,
        "t_hit_p75": 17.0,
        "mdd_p25": -1.3223,
        "mdd_median": -0.5524,
        "mdd_p75": -0.1663
      },
      "36": {
        "n_total": 2651,
        "n_hit": 896,
        "p_hit": 0.337986,
        "t_hit_p25": 7.0,
        "t_hit_median": 16.0,
        "t_hit_p75": 26.0,
        "mdd_p25": -1.587825,
        "mdd_median": -0.67575,
        "mdd_p75": -0.209425
      },
      "48": {
        "n_total": 2651,
        "n_hit": 1111,
        "p_hit": 0.419087,
        "t_hit_p25": 9.0,
        "t_hit_median": 21.0,
        "t_hit_p75": 33.0,
        "mdd_p25": -1.70255,
        "mdd_median": -0.7988,
        "mdd_p75": -0.2743
      },