{
  "schema": "baseline_probs_v1",
  "source_labels": "data/labels/labels_v1.csv",
  "n_rows_labels": 936,
  "thresholds": [
    0.5,
    1.0,
    2.0,
    3.0,
    5.0
  ],
  "horizons": [
    12,
    24,
    36,
    48,
    60,
    72,
    84,
    96
  ],
  "results": {
    "0.5": {
      "12": {
        "n_total": 936,
        "n_hit": 643,
        "p_hit": 0.686966,
        "t_hit_p25": 1.0,
        "t_hit_median": 3.0,
        "t_hit_p75": 6.0,
        "mdd_p25": -0.6537999999999999,
        "mdd_median": -0.2488,
        "mdd_p75": -0.0525
      },
      "24": {
        "n_total": 936,
        "n_hit": 756,
        "p_hit": 0.807692,
        "t_hit_p25": 2.0,
        "t_hit_median": 4.0,
        "t_hit_p75": 8.25,
        "mdd_p25": -0.8145249999999999,
        "mdd_median": -0.3276,
        "mdd_p75": -0.0875
      },
      "36": {
        "n_total": 936,
        "n_hit": 798,
        "p_hit": 0.852564,
        "t_hit_p25": 2.0,
        "t_hit_median": 4.0,
        "t_hit_p75": 10.0,
        "mdd_p25": -0.8538,
        "mdd_median": -0.36660000000000004,
        "mdd_p75": -0.095775
      },
      "48": {
        "n_total": 936,
        "n_hit": 808,
        "p_hit": 0.863248,
        "t_hit_p25": 2.0,
        "t_hit_median": 4.0,
        "t_hit_p75": 10.0,
        "mdd_p25": -0.9107749999999999,
        "mdd_median": -0.37105,
        "mdd_p75": -0.09977499999999999
      },
      "60": {
        "n_total": 936,
        "n_hit": 822,
        "p_hit": 0.878205,
        "t_hit_p25": 2.0,
        "t_hit_median": 4.0,
        "t_hit_p75": 11.0,
        "mdd_p25": -0.9642999999999999,
        "mdd_median": -0.38375000000000004,
        "mdd_p75": -0.10245
      },
      "72": {
        "n_total": 936,
        "n_hit": 844,
        "p_hit": 0.901709,
        "t_hit_p25": 2.0,
        "t_hit_median": 5.0,
        "t_hit_p75": 12.0,
        "mdd_p25": -1.007775,
        "mdd_median": -0.4065,
        "mdd_p75": -0.10567499999999999
      },
      "84": {
        "n_total": 936,
        "n_hit": 860,
        "p_hit": 0.918803,
        "t_hit_p25": 2.0,
        "t_hit_median": 5.0,
        "t_hit_p75": 13.0,
        "mdd_p25": -1.11415,
        "mdd_median": -0.42264999999999997,
        "mdd_p75": -0.10735
      },
      "96": {
        "n_total": 936,
        "n_hit": 866,
        "p_hit": 0.925214,
        "t_hit_p25": 2.0,
        "t_hit_median": 5.0,
        "t_hit_p75": 13.0,
        "mdd_p25": -1.16195,
        "mdd_median": -0.4289,
        "mdd_p75": -0.108975
      }
    },
    "1.0": {
      "12": {
        "n_total": 936,
        "n_hit": 450,
        "p_hit": 0.480769,
        "t_hit_p25": 3.0,
        "t_hit_median": 5.0,
        "t_hit_p75": 8.0,
        "mdd_p25": -0.778575,
        "mdd_median": -0.2795,
        "mdd_p75": -0.07005
      },
      "24": {
        "n_total": 936,
        "n_hit": 595,
        "p_hit": 0.635684,
        "t_hit_p25": 3.0,
        "t_hit_median": 7.0,
        "t_hit_p75": 12.0,
        "mdd_p25": -0.9373,
        "mdd_median": -0.4103,
        "mdd_p75": -0.1042
      },
      "36": {
        "n_total": 936,
        "n_hit": 676,
        "p_hit": 0.722222,
        "t_hit_p25": 4.0,
        "t_hit_median": 8.0,
        "t_hit_p75": 17.0,
        "mdd_p25": -1.0580749999999999,
        "mdd_median": -0.44405,
        "mdd_p75": -0.132325
      },
      "48": {
        "n_total": 936,
        "n_hit": 711,
        "p_hit": 0.759615,
        "t_hit_p25": 4.0,
        "t_hit_median": 8.0,
        "t_hit_p75": 19.0,
        "mdd_p25": -1.1038000000000001,
        "mdd_median": -0.4585,
        "mdd_p75": -0.14429999999999998
      },
      "60": {
        "n_total": 936,
        "n_hit": 747,
        "p_hit": 0.798077,
        "t_hit_p25": 4.0,
        "t_hit_median": 9.0,
        "t_hit_p75": 21.0,
        "mdd_p25": -1.2182499999999998,
        "mdd_median": -0.4788,
        "mdd_p75": -0.158
      },
      "72": {
        "n_total": 936,
        "n_hit": 778,
        "p_hit": 0.831197,
        "t_hit_p25": 4.0,
        "t_hit_median": 10.0,
        "t_hit_p75": 23.0,
        "mdd_p25": -1.3316250000000003,
        "mdd_median": -0.5071,
        "mdd_p75": -0.163975
      },
      "84": {
        "n_total": 936,
        "n_hit": 799,
        "p_hit": 0.853632,
        "t_hit_p25": 4.0,
        "t_hit_median": 10.0,
        "t_hit_p75": 25.0,
        "mdd_p25": -1.3862,
        "mdd_median": -0.5418,
        "mdd_p75": -0.16985
      },
      "96": {
        "n_total": 936,
        "n_hit": 810,
        "p_hit": 0.865385,
        "t_hit_p25": 4.0,
        "t_hit_median": 10.0,
        "t_hit_p75": 26.0,
        "mdd_p25": -1.42065,
        "mdd_median": -0.54355,
        "mdd_p75": -0.171175
      }
    },
    "2.0": {
      "12": {
        "n_total": 936,
        "n_hit": 201,
        "p_hit": 0.214744,
        "t_hit_p25": 4.0,
        "t_hit_median": 6.0,
        "t_hit_p75": 9.0,
        "mdd_p25": -0.7209,
        "mdd_median": -0.352,
        "mdd_p75": -0.1041
      },
      "24": {
        "n_total": 936,
        "n_hit": 356,
        "p_hit": 0.380342,
        "t_hit_p25": 6.0,
        "t_hit_median": 11.0,
        "t_hit_p75": 17.0,
        "mdd_p25": -1.0202,
        "mdd_median": -0.50685,
        "mdd_p75": -0.16899999999999998
      },
      "36": {
        "n_total": 936,
        "n_hit": 448,
        "p_hit": 0.478632,
        "t_hit_p25": 7.0,
        "t_hit_median": 14.0,
        "t_hit_p75": 22.0,
        "mdd_p25": -1.014975,
        "mdd_median": -0.47665,
        "mdd_p75": -0.16375
      },
      "48": {
        "n_total": 936,
        "n_hit": 530,
        "p_hit": 0.566239,
        "t_hit_p25": 8.0,
        "t_hit_median": 17.0,
        "t_hit_p75": 31.0,
        "mdd_p25": -1.141775,
        "mdd_median": -0.49655000000000005,
        "mdd_p75": -0.1805
      },
      "60": {
        "n_total": 936,
        "n_hit": 590,
        "p_hit": 0.630342,
        "t_hit_p25": 9.0,
        "t_hit_median": 19.0,
        "t_hit_p75": 36.0,
        "mdd_p25": -1.2313749999999999,
        "mdd_median": -0.54315,
        "mdd_p75": -0.210975
      },
      "72": {
        "n_total": 936,
        "n_hit": 633,
        "p_hit": 0.676282,
        "t_hit_p25": 9.0,
        "t_hit_median": 21.0,
        "t_hit_p75": 41.0,
        "mdd_p25": -1.3048,
        "mdd_median": -0.5862,
        "mdd_p75": -0.2432
      },
      "84": {
        "n_total": 936,
        "n_hit": 658,
        "p_hit": 0.702991,
        "t_hit_p25": 10.0,
        "t_hit_median": 21.0,
        "t_hit_p75": 43.75,
        "mdd_p25": -1.3763,
        "mdd_median": -0.60675,
        "mdd_p75": -0.256575
      },
      "96": {
        "n_total": 936,
        "n_hit": 680,
        "p_hit": 0.726496,
        "t_hit_p25": 10.0,
        "t_hit_median": 23.0,
        "t_hit_p75": 45.0,
        "mdd_p25": -1.4578499999999999,
        "mdd_median": -0.6488,
        "mdd_p75": -0.2654
      }
    },
    "3.0": {
      "12": {
        "n_total": 936,
        "n_hit": 95,
        "p_hit": 0.101496,
        "t_hit_p25": 5.0,
        "t_hit_median": 7.0,
        "t_hit_p75": 10.0,
        "mdd_p25": -0.78175,
        "mdd_median": -0.3324,
        "mdd_p75": -0.13845000000000002
      },
      "24": {
        "n_total": 936,
        "n_hit": 175,
        "p_hit": 0.186966,
        "t_hit_p25": 7.0,
        "t_hit_median": 12.0,
        "t_hit_p75": 19.0,
        "mdd_p25": -0.71765,
        "mdd_median": -0.3641,
        "mdd_p75": -0.1217
      },
      "36": {
        "n_total": 936,
        "n_hit": 265,
        "p_hit": 0.28312,
        "t_hit_p25": 10.0,
        "t_hit_median": 19.0,
        "t_hit_p75": 28.0,
        "mdd_p25": -0.8961,
        "mdd_median": -0.4543,
        "mdd_p75": -0.1537
      },
      "48": {
        "n_total": 936,
        "n_hit": 338,
        "p_hit": 0.361111,
        "t_hit_p25": 11.0,
        "t_hit_median": 24.0,
        "t_hit_p75": 34.75,
        "mdd_p25": -0.9759500000000001,
        "mdd_median": -0.4808,