{
  "schema": "baseline_probs_v1",
  "source_labels": "data/labels/labels_v1.csv",
  "n_rows_labels": 460,
  "thresholds": [
    0.5,
    1.0,
    2.0,
    3.0,
    5.0
  ],
  "horizons": [
    12,
    24,
    36,
    48,
    60,
    72,
    84,
    96
  ],
  "results": {
    "0.5": {
      "12": {
        "n_total": 460,
        "n_hit": 336,
        "p_hit": 0.730435,
        "t_hit_p25": 1.0,
        "t_hit_median": 3.0,
        "t_hit_p75": 6.0,
        "mdd_p25": -0.584825,
        "mdd_median": -0.244,
        "mdd_p75": -0.05905
      },
      "24": {
        "n_total": 460,
        "n_hit": 409,
        "p_hit": 0.88913,
        "t_hit_p25": 2.0,
        "t_hit_median": 4.0,
        "t_hit_p75": 10.0,
        "mdd_p25": -0.704,
        "mdd_median": -0.3339,
        "mdd_p75": -0.102
      },
      "36": {
        "n_total": 460,
        "n_hit": 430,
        "p_hit": 0.934783,
        "t_hit_p25": 2.0,
        "t_hit_median": 5.0,
        "t_hit_p75": 11.0,
        "mdd_p25": -0.74375,
        "mdd_median": -0.36295,
        "mdd_p75": -0.10690000000000001
      },
      "48": {
        "n_total": 460,
        "n_hit": 431,
        "p_hit": 0.936957,
        "t_hit_p25": 2.0,
        "t_hit_median": 5.0,
        "t_hit_p75": 11.0,
        "mdd_p25": -0.7643,
        "mdd_median": -0.3665,
        "mdd_p75": -0.10750000000000001
      },
      "60": {
        "n_total": 460,
        "n_hit": 437,
        "p_hit": 0.95,
        "t_hit_p25": 2.0,
        "t_hit_median": 5.0,
        "t_hit_p75": 12.0,
        "mdd_p25": -0.8118,
        "mdd_median": -0.3728,
        "mdd_p75": -0.1098
      },
      "72": {
        "n_total": 460,
        "n_hit": 449,
        "p_hit": 0.976087,
        "t_hit_p25": 2.0,
        "t_hit_median": 5.0,
        "t_hit_p75": 13.0,
        "mdd_p25": -0.8631,
        "mdd_median": -0.389,
        "mdd_p75": -0.1176
      },
      "84": {
        "n_total": 460,
        "n_hit": 449,
        "p_hit": 0.976087,
        "t_hit_p25": 2.0,
        "t_hit_median": 5.0,
        "t_hit_p75": 13.0,
        "mdd_p25": -0.8631,
        "mdd_median": -0.389,
        "mdd_p75": -0.1176
      },
      "96": {
        "n_total": 460,
        "n_hit": 451,
        "p_hit": 0.980435,
        "t_hit_p25": 2.0,
        "t_hit_median": 5.0,
        "t_hit_p75": 13.0,
        "mdd_p25": -0.8755,
        "mdd_median": -0.3906,
        "mdd_p75": -0.11765
      }
    },
    "1.0": {
      "12": {
        "n_total": 460,
        "n_hit": 238,
        "p_hit": 0.517391,
        "t_hit_p25": 3.0,
        "t_hit_median": 5.0,
        "t_hit_p75": 7.75,
        "mdd_p25": -0.619975,
        "mdd_median": -0.2612,
        "mdd_p75": -0.07115
      },
      "24": {
        "n_total": 460,
        "n_hit": 337,
        "p_hit": 0.732609,
        "t_hit_p25": 4.0,
        "t_hit_median": 7.0,
        "t_hit_p75": 14.0,
        "mdd_p25": -0.8384,
        "mdd_median": -0.4103,
        "mdd_p75": -0.1132
      },
      "36": {
        "n_total": 460,
        "n_hit": 387,
        "p_hit": 0.841304,
        "t_hit_p25": 4.0,
        "t_hit_median": 9.0,
        "t_hit_p75": 18.0,
        "mdd_p25": -0.9953,
        "mdd_median": -0.4466,
        "mdd_p75": -0.1376
      },
      "48": {
        "n_total": 460,
        "n_hit": 409,
        "p_hit": 0.88913,
        "t_hit_p25": 4.0,
        "t_hit_median": 9.0,
        "t_hit_p75": 20.0,
        "mdd_p25": -1.1089,
        "mdd_median": -0.4638,
        "mdd_p75": -0.1537
      },
      "60": {
        "n_total": 460,
        "n_hit": 421,
        "p_hit": 0.915217,
        "t_hit_p25": 4.0,
        "t_hit_median": 10.0,
        "t_hit_p75": 21.0,
        "mdd_p25": -1.1753,
        "mdd_median": -0.4718,
        "mdd_p75": -0.1614
      },
      "72": {
        "n_total": 460,
        "n_hit": 436,
        "p_hit": 0.947826,
        "t_hit_p25": 5.0,
        "t_hit_median": 11.0,
        "t_hit_p75": 22.0,
        "mdd_p25": -1.226925,
        "mdd_median": -0.48285,
        "mdd_p75": -0.1686
      },
      "84": {
        "n_total": 460,
        "n_hit": 437,
        "p_hit": 0.95,
        "t_hit_p25": 5.0,
        "t_hit_median": 11.0,
        "t_hit_p75": 22.0,
        "mdd_p25": -1.2336,
        "mdd_median": -0.4839,
        "mdd_p75": -0.1691
      },
      "96": {
        "n_total": 460,
        "n_hit": 437,
        "p_hit": 0.95,
        "t_hit_p25": 5.0,
        "t_hit_median": 11.0,
        "t_hit_p75": 22.0,
        "mdd_p25": -1.2336,
        "mdd_median": -0.4839,
        "mdd_p75": -0.1691
      }
    },
    "2.0": {
      "12": {
        "n_total": 460,
        "n_hit": 115,
        "p_hit": 0.25,
        "t_hit_p25": 4.5,
        "t_hit_median": 7.0,
        "t_hit_p75": 10.0,
        "mdd_p25": -0.6367499999999999,
        "mdd_median": -0.3958,
        "mdd_p75": -0.14895
      },
      "24": {
        "n_total": 460,
        "n_hit": 216,
        "p_hit": 0.469565,
        "t_hit_p25": 6.75,
        "t_hit_median": 12.0,
        "t_hit_p75": 17.0,
        "mdd_p25": -0.929875,
        "mdd_median": -0.53845,
        "mdd_p75": -0.17617500000000003
      },
      "36": {
        "n_total": 460,
        "n_hit": 277,
        "p_hit": 0.602174,
        "t_hit_p25": 8.0,
        "t_hit_median": 15.0,
        "t_hit_p75": 23.0,
        "mdd_p25": -0.9575,
        "mdd_median": -0.4983,
        "mdd_p75": -0.1749
      },
      "48": {
        "n_total": 460,
        "n_hit": 325,
        "p_hit": 0.706522,
        "t_hit_p25": 9.0,
        "t_hit_median": 17.0,
        "t_hit_p75": 31.0,
        "mdd_p25": -1.0025,
        "mdd_median": -0.5342,
        "mdd_p75": -0.2074
      },
      "60": {
        "n_total": 460,
        "n_hit": 363,
        "p_hit": 0.78913,
        "t_hit_p25": 10.0,
        "t_hit_median": 19.0,
        "t_hit_p75": 35.0,
        "mdd_p25": -1.11595,
        "mdd_median": -0.5454,
        "mdd_p75": -0.242
      },
      "72": {
        "n_total": 460,
        "n_hit": 386,
        "p_hit": 0.83913,
        "t_hit_p25": 10.25,
        "t_hit_median": 20.0,
        "t_hit_p75": 41.0,
        "mdd_p25": -1.2052,
        "mdd_median": -0.5850500000000001,
        "mdd_p75": -0.262325
      },
      "84": {
        "n_total": 460,
        "n_hit": 396,
        "p_hit": 0.86087,
        "t_hit_p25": 11.0,
        "t_hit_median": 21.0,
        "t_hit_p75": 42.25,
        "mdd_p25": -1.2525249999999999,
        "mdd_median": -0.5972,
        "mdd_p75": -0.26555
      },
      "96": {
        "n_total": 460,
        "n_hit": 403,
        "p_hit": 0.876087,
        "t_hit_p25": 11.0,
        "t_hit_median": 21.0,
        "t_hit_p75": 44.0,
        "mdd_p25": -1.30255,
        "mdd_median": -0.6094,
        "mdd_p75": -0.27125
      }
    },
    "3.0": {
      "12": {
        "n_total": 460,
        "n_hit": 62,
        "p_hit": 0.134783,
        "t_hit_p25": 5.0,
        "t_hit_median": 8.0,
        "t_hit_p75": 10.0,
        "mdd_p25": -0.8750249999999999,
        "mdd_median": -0.36175,
        "mdd_p75": -0.15825
      },
      "24": {
        "n_total": 460,
        "n_hit": 113,
        "p_hit": 0.245652,
        "t_hit_p25": 7.0,
        "t_hit_median": 11.0,
        "t_hit_p75": 19.0,
        "mdd_p25": -0.7065,
        "mdd_median": -0.3775,
        "mdd_p75": -0.1297
      },
      "36": {
        "n_total": 460,
        "n_hit": 182,
        "p_hit": 0.395652,
        "t_hit_p25": 10.0,
        "t_hit_median": 20.0,
        "t_hit_p75": 29.75,
        "mdd_p25": -0.7793249999999999,
        "mdd_median": -0.40754999999999997,
        "mdd_p75": -0.1341
      },
      "48": {
        "n_total": 460,
        "n_hit": 243,
        "p_hit": 0.528261,
        "t_hit_p25": 12.0,
        "t_hit_median": 27.0,
        "t_hit_p75": 36.5,
        "mdd_p25": -0.85595,
        "mdd_median": -0.4543,
        "mdd_p75": -0.18664999999999998
      },
      "60": {
        "n_total": 460,
        "n_hit": 287,
        "p_hit": 0.623913,
        "t_hit_p25": 15.5,