{
  "schema": "baseline_probs_v1",
  "source_labels": "data/labels/labels_v1.csv",
  "n_rows_labels": 2095,
  "thresholds": [
    0.5,
    1.0,
    2.0,
    3.0,
    5.0
  ],
  "horizons": [
    12,
    24,
    36,
    48,
    60,
    72,
    84,
    96
  ],
  "results": {
    "0.5": {
      "12": {
        "n_total": 2095,
        "n_hit": 1511,
        "p_hit": 0.721241,
        "t_hit_p25": 1.0,
        "t_hit_median": 2.0,
        "t_hit_p75": 4.0,
        "mdd_p25": -0.8210999999999999,
        "mdd_median": -0.3184,
        "mdd_p75": -0.06384999999999999
      },
      "24": {
        "n_total": 2095,
        "n_hit": 1703,
        "p_hit": 0.812888,
        "t_hit_p25": 1.0,
        "t_hit_median": 3.0,
        "t_hit_p75": 6.0,
        "mdd_p25": -0.9541,
        "mdd_median": -0.3811,
        "mdd_p75": -0.09484999999999999
      },
      "36": {
        "n_total": 2095,
        "n_hit": 1789,
        "p_hit": 0.853938,
        "t_hit_p25": 1.0,
        "t_hit_median": 3.0,
        "t_hit_p75": 7.0,
        "mdd_p25": -1.0561,
        "mdd_median": -0.4154,
        "mdd_p75": -0.1056
      },
      "48": {
        "n_total": 2095,
        "n_hit": 1823,
        "p_hit": 0.870167,
        "t_hit_p25": 1.0,
        "t_hit_median": 3.0,
        "t_hit_p75": 8.0,
        "mdd_p25": -1.13425,
        "mdd_median": -0.4281,
        "mdd_p75": -0.1095
      },
      "60": {
        "n_total": 2095,
        "n_hit": 1840,
        "p_hit": 0.878282,
        "t_hit_p25": 1.0,
        "t_hit_median": 3.0,
        "t_hit_p75": 8.0,
        "mdd_p25": -1.166125,
        "mdd_median": -0.4384,
        "mdd_p75": -0.11230000000000001
      },
      "72": {
        "n_total": 2095,
        "n_hit": 1872,
        "p_hit": 0.893556,
        "t_hit_p25": 1.0,
        "t_hit_median": 3.0,
        "t_hit_p75": 9.0,
        "mdd_p25": -1.246525,
        "mdd_median": -0.4492,
        "mdd_p75": -0.11767499999999999
      },
      "84": {
        "n_total": 2095,
        "n_hit": 1902,
        "p_hit": 0.907876,
        "t_hit_p25": 1.0,
        "t_hit_median": 3.0,
        "t_hit_p75": 10.0,
        "mdd_p25": -1.3241749999999999,
        "mdd_median": -0.47004999999999997,
        "mdd_p75": -0.12104999999999999
      },
      "96": {
        "n_total": 2095,
        "n_hit": 1923,
        "p_hit": 0.9179,
        "t_hit_p25": 1.0,
        "t_hit_median": 3.0,
        "t_hit_p75": 10.0,
        "mdd_p25": -1.3587500000000001,
        "mdd_median": -0.4784,
        "mdd_p75": -0.12695
      }
    },
    "1.0": {
      "12": {
        "n_total": 2095,
        "n_hit": 1118,
        "p_hit": 0.533652,
        "t_hit_p25": 2.0,
        "t_hit_median": 4.0,
        "t_hit_p75": 7.0,
        "mdd_p25": -1.0459999999999998,
        "mdd_median": -0.41475,
        "mdd_p75": -0.10022500000000001
      },
      "24": {
        "n_total": 2095,
        "n_hit": 1370,
        "p_hit": 0.653938,
        "t_hit_p25": 2.0,
        "t_hit_median": 5.0,
        "t_hit_p75": 10.0,
        "mdd_p25": -1.22485,
        "mdd_median": -0.49845,
        "mdd_p75": -0.13974999999999999
      },
      "36": {
        "n_total": 2095,
        "n_hit": 1523,
        "p_hit": 0.726969,
        "t_hit_p25": 2.0,
        "t_hit_median": 6.0,
        "t_hit_p75": 13.0,
        "mdd_p25": -1.37945,
        "mdd_median": -0.5429,
        "mdd_p75": -0.16435
      },
      "48": {
        "n_total": 2095,
        "n_hit": 1598,
        "p_hit": 0.762768,
        "t_hit_p25": 3.0,
        "t_hit_median": 6.0,
        "t_hit_p75": 16.0,
        "mdd_p25": -1.4606999999999999,
        "mdd_median": -0.5744,
        "mdd_p75": -0.173825
      },
      "60": {
        "n_total": 2095,
        "n_hit": 1665,
        "p_hit": 0.794749,
        "t_hit_p25": 3.0,
        "t_hit_median": 7.0,
        "t_hit_p75": 18.0,
        "mdd_p25": -1.5825,
        "mdd_median": -0.6136,
        "mdd_p75": -0.1877
      },
      "72": {
        "n_total": 2095,
        "n_hit": 1720,
        "p_hit": 0.821002,
        "t_hit_p25": 3.0,
        "t_hit_median": 7.0,
        "t_hit_p75": 20.0,
        "mdd_p25": -1.6944,
        "mdd_median": -0.6623,
        "mdd_p75": -0.202275
      },
      "84": {
        "n_total": 2095,
        "n_hit": 1759,
        "p_hit": 0.839618,
        "t_hit_p25": 3.0,
        "t_hit_median": 7.0,
        "t_hit_p75": 21.0,
        "mdd_p25": -1.79485,
        "mdd_median": -0.693,
        "mdd_p75": -0.21425
      },
      "96": {
        "n_total": 2095,
        "n_hit": 1784,
        "p_hit": 0.851551,
        "t_hit_p25": 3.0,
        "t_hit_median": 8.0,
        "t_hit_p75": 22.25,
        "mdd_p25": -1.845675,
        "mdd_median": -0.7095499999999999,
        "mdd_p75": -0.219925
      }
    },
    "2.0": {
      "12": {
        "n_total": 2095,
        "n_hit": 563,
        "p_hit": 0.268735,
        "t_hit_p25": 3.0,
        "t_hit_median": 5.0,
        "t_hit_p75": 8.0,
        "mdd_p25": -1.08555,
        "mdd_median": -0.4492,
        "mdd_p75": -0.1176
      },
      "24": {
        "n_total": 2095,
        "n_hit": 868,
        "p_hit": 0.41432,
        "t_hit_p25": 4.0,
        "t_hit_median": 9.0,
        "t_hit_p75": 16.0,
        "mdd_p25": -1.4002249999999998,
        "mdd_median": -0.6115,
        "mdd_p75": -0.18415
      },
      "36": {
        "n_total": 2095,
        "n_hit": 1061,
        "p_hit": 0.506444,
        "t_hit_p25": 5.0,
        "t_hit_median": 11.0,
        "t_hit_p75": 21.0,
        "mdd_p25": -1.5889,
        "mdd_median": -0.7164,
        "mdd_p75": -0.2148
      },
      "48": {
        "n_total": 2095,
        "n_hit": 1202,
        "p_hit": 0.573747,
        "t_hit_p25": 5.0,
        "t_hit_median": 14.0,
        "t_hit_p75": 26.0,
        "mdd_p25": -1.643025,
        "mdd_median": -0.79975,
        "mdd_p75": -0.26002499999999995
      },
      "60": {
        "n_total": 2095,
        "n_hit": 1304,
        "p_hit": 0.622434,
        "t_hit_p25": 6.0,
        "t_hit_median": 16.0,
        "t_hit_p75": 31.0,
        "mdd_p25": -1.709725,
        "mdd_median": -0.8644000000000001,
        "mdd_p75": -0.277275
      },
      "72": {
        "n_total": 2095,
        "n_hit": 1396,
        "p_hit": 0.666348,
        "t_hit_p25": 6.0,
        "t_hit_median": 17.0,
        "t_hit_p75": 36.0,
        "mdd_p25": -1.8789500000000001,
        "mdd_median": -0.9718,
        "mdd_p75": -0.305875
      },
      "84": {
        "n_total": 2095,
        "n_hit": 1453,
        "p_hit": 0.693556,
        "t_hit_p25": 7.0,
        "t_hit_median": 18.0,
        "t_hit_p75": 39.0,
        "mdd_p25": -2.0795,
        "mdd_median": -1.0045,
        "mdd_p75": -0.3279
      },
      "96": {
        "n_total": 2095,
        "n_hit": 1509,
        "p_hit": 0.720286,
        "t_hit_p25": 7.0,
        "t_hit_median": 19.0,
        "t_hit_p75": 42.0,
        "mdd_p25": -2.2103,
        "mdd_median": -1.0979,
        "mdd_p75": -0.3477
      }
    },
    "3.0": {
      "12": {
        "n_total": 2095,
        "n_hit": 310,
        "p_hit": 0.147971,
        "t_hit_p25": 3.0,
        "t_hit_median": 6.0,
        "t_hit_p75": 9.0,
        "mdd_p25": -0.993925,
        "mdd_median": -0.4426,
        "mdd_p75": -0.1378
      },
      "24": {
        "n_total": 2095,
        "n_hit": 519,
        "p_hit": 0.247733,
        "t_hit_p25": 5.0,
        "t_hit_median": 10.0,
        "t_hit_p75": 17.0,
        "mdd_p25": -1.41435,
        "mdd_median": -0.5996,
        "mdd_p75": -0.1797
      },
      "36": {
        "n_total": 2095,
        "n_hit": 703,
        "p_hit": 0.335561,
        "t_hit_p25": 6.0,
        "t_hit_median": 15.0,
        "t_hit_p75": 25.0,
        "mdd_p25": -1.66385,
        "mdd_median": -0.702,
        "mdd_p75": -0.21225
      },
      "48": {
        "n_total": 2095,
        "n_hit": 857,
        "p_hit": 0.409069,
        "t_hit_p25": 8.0,
        "t_hit_median": 20.0,
        "t_hit_p75": 32.0,
        "mdd_p25": -1.7955,