{
  "schema": "baseline_probs_v1",
  "source_labels": "data/labels/labels_v1.csv",
  "n_rows_labels": 393,
  "thresholds": [
    0.5,
    1.0,
    2.0,
    3.0,
    5.0
  ],
  "horizons": [
    12,
    24,
    36,
    48,
    60,
    72,
    84,
    96
  ],
  "results": {
    "0.5": {
      "12": {
        "n_total": 393,
        "n_hit": 286,
        "p_hit": 0.727735,
        "t_hit_p25": 1.0,
        "t_hit_median": 3.0,
        "t_hit_p75": 6.0,
        "mdd_p25": -0.599175,
        "mdd_median": -0.2538,
        "mdd_p75": -0.055
      },
      "24": {
        "n_total": 393,
        "n_hit": 342,
        "p_hit": 0.870229,
        "t_hit_p25": 2.0,
        "t_hit_median": 4.0,
        "t_hit_p75": 9.75,
        "mdd_p25": -0.6889,
        "mdd_median": -0.3304,
        "mdd_p75": -0.085025
      },
      "36": {
        "n_total": 393,
        "n_hit": 363,
        "p_hit": 0.923664,
        "t_hit_p25": 2.0,
        "t_hit_median": 4.0,
        "t_hit_p75": 11.0,
        "mdd_p25": -0.73385,
        "mdd_median": -0.3665,
        "mdd_p75": -0.1042
      },
      "48": {
        "n_total": 393,
        "n_hit": 364,
        "p_hit": 0.926209,
        "t_hit_p25": 2.0,
        "t_hit_median": 4.5,
        "t_hit_p75": 11.0,
        "mdd_p25": -0.73925,
        "mdd_median": -0.36660000000000004,
        "mdd_p75": -0.10425000000000001
      },
      "60": {
        "n_total": 393,
        "n_hit": 370,
        "p_hit": 0.941476,
        "t_hit_p25": 2.0,
        "t_hit_median": 5.0,
        "t_hit_p75": 11.75,
        "mdd_p25": -0.8059000000000001,
        "mdd_median": -0.37305,
        "mdd_p75": -0.10502500000000001
      },
      "72": {
        "n_total": 393,
        "n_hit": 382,
        "p_hit": 0.97201,
        "t_hit_p25": 2.0,
        "t_hit_median": 5.0,
        "t_hit_p75": 12.75,
        "mdd_p25": -0.8924750000000001,
        "mdd_median": -0.38980000000000004,
        "mdd_p75": -0.108975
      },
      "84": {
        "n_total": 393,
        "n_hit": 382,
        "p_hit": 0.97201,
        "t_hit_p25": 2.0,
        "t_hit_median": 5.0,
        "t_hit_p75": 12.75,
        "mdd_p25": -0.8924750000000001,
        "mdd_median": -0.38980000000000004,
        "mdd_p75": -0.108975
      },
      "96": {
        "n_total": 393,
        "n_hit": 384,
        "p_hit": 0.977099,
        "t_hit_p25": 2.0,
        "t_hit_median": 5.0,
        "t_hit_p75": 13.0,
        "mdd_p25": -0.904525,
        "mdd_median": -0.3942,
        "mdd_p75": -0.109525
      }
    },
    "1.0": {
      "12": {
        "n_total": 393,
        "n_hit": 195,
        "p_hit": 0.496183,
        "t_hit_p25": 3.0,
        "t_hit_median": 5.0,
        "t_hit_p75": 7.0,
        "mdd_p25": -0.68155,
        "mdd_median": -0.2933,
        "mdd_p75": -0.0689
      },
      "24": {
        "n_total": 393,
        "n_hit": 270,
        "p_hit": 0.687023,
        "t_hit_p25": 4.0,
        "t_hit_median": 7.0,
        "t_hit_p75": 14.0,
        "mdd_p25": -0.8804000000000001,
        "mdd_median": -0.397,
        "mdd_p75": -0.102525
      },
      "36": {
        "n_total": 393,
        "n_hit": 320,
        "p_hit": 0.814249,
        "t_hit_p25": 4.0,
        "t_hit_median": 8.0,
        "t_hit_p75": 19.0,
        "mdd_p25": -1.117925,
        "mdd_median": -0.4457,
        "mdd_p75": -0.1389
      },
      "48": {
        "n_total": 393,
        "n_hit": 342,
        "p_hit": 0.870229,
        "t_hit_p25": 4.0,
        "t_hit_median": 9.5,
        "t_hit_p75": 21.0,
        "mdd_p25": -1.187375,
        "mdd_median": -0.46455,
        "mdd_p75": -0.159075
      },
      "60": {
        "n_total": 393,
        "n_hit": 354,
        "p_hit": 0.900763,
        "t_hit_p25": 4.0,
        "t_hit_median": 10.0,
        "t_hit_p75": 23.0,
        "mdd_p25": -1.2183249999999999,
        "mdd_median": -0.4722,
        "mdd_p75": -0.1656
      },
      "72": {
        "n_total": 393,
        "n_hit": 369,
        "p_hit": 0.938931,
        "t_hit_p25": 5.0,
        "t_hit_median": 11.0,
        "t_hit_p75": 26.0,
        "mdd_p25": -1.3245,
        "mdd_median": -0.4839,
        "mdd_p75": -0.171
      },
      "84": {
        "n_total": 393,
        "n_hit": 370,
        "p_hit": 0.941476,
        "t_hit_p25": 5.0,
        "t_hit_median": 11.0,
        "t_hit_p75": 26.0,
        "mdd_p25": -1.3316250000000003,
        "mdd_median": -0.48405,
        "mdd_p75": -0.17122500000000002
      },
      "96": {
        "n_total": 393,
        "n_hit": 370,
        "p_hit": 0.941476,
        "t_hit_p25": 5.0,
        "t_hit_median": 11.0,
        "t_hit_p75": 26.0,
        "mdd_p25": -1.3316250000000003,
        "mdd_median": -0.48405,
        "mdd_p75": -0.17122500000000002
      }
    },
    "2.0": {
      "12": {
        "n_total": 393,
        "n_hit": 91,
        "p_hit": 0.231552,
        "t_hit_p25": 4.0,
        "t_hit_median": 7.0,
        "t_hit_p75": 9.0,
        "mdd_p25": -0.71765,
        "mdd_median": -0.4034,
        "mdd_p75": -0.1628
      },
      "24": {
        "n_total": 393,
        "n_hit": 168,
        "p_hit": 0.427481,
        "t_hit_p25": 6.0,
        "t_hit_median": 11.0,
        "t_hit_p75": 17.25,
        "mdd_p25": -0.9904,
        "mdd_median": -0.5206500000000001,
        "mdd_p75": -0.19069999999999998
      },
      "36": {
        "n_total": 393,
        "n_hit": 217,
        "p_hit": 0.552163,
        "t_hit_p25": 8.0,
        "t_hit_median": 15.0,
        "t_hit_p75": 23.0,
        "mdd_p25": -1.0025,
        "mdd_median": -0.5071,
        "mdd_p75": -0.2025
      },
      "48": {
        "n_total": 393,
        "n_hit": 259,
        "p_hit": 0.659033,
        "t_hit_p25": 9.0,
        "t_hit_median": 18.0,
        "t_hit_p75": 31.5,
        "mdd_p25": -1.11595,
        "mdd_median": -0.5428,
        "mdd_p75": -0.2462
      },
      "60": {
        "n_total": 393,
        "n_hit": 297,
        "p_hit": 0.755725,
        "t_hit_p25": 10.0,
        "t_hit_median": 21.0,
        "t_hit_p75": 38.0,
        "mdd_p25": -1.2062,
        "mdd_median": -0.5508,
        "mdd_p75": -0.27
      },
      "72": {
        "n_total": 393,
        "n_hit": 320,
        "p_hit": 0.814249,
        "t_hit_p25": 11.0,
        "t_hit_median": 23.0,
        "t_hit_p75": 44.0,
        "mdd_p25": -1.2727,
        "mdd_median": -0.6150500000000001,
        "mdd_p75": -0.29075
      },
      "84": {
        "n_total": 393,
        "n_hit": 330,
        "p_hit": 0.839695,
        "t_hit_p25": 11.0,
        "t_hit_median": 24.0,
        "t_hit_p75": 45.0,
        "mdd_p25": -1.3320500000000002,
        "mdd_median": -0.65115,
        "mdd_p75": -0.297275
      },
      "96": {
        "n_total": 393,
        "n_hit": 337,
        "p_hit": 0.857506,
        "t_hit_p25": 11.0,
        "t_hit_median": 25.0,
        "t_hit_p75": 46.0,
        "mdd_p25": -1.3721,
        "mdd_median": -0.6805,
        "mdd_p75": -0.3062
      }
    },
    "3.0": {
      "12": {
        "n_total": 393,
        "n_hit": 56,
        "p_hit": 0.142494,
        "t_hit_p25": 5.0,
        "t_hit_median": 8.0,
        "t_hit_p75": 10.0,
        "mdd_p25": -0.976825,
        "mdd_median": -0.36845,
        "mdd_p75": -0.16735
      },
      "24": {
        "n_total": 393,
        "n_hit": 95,
        "p_hit": 0.24173,
        "t_hit_p25": 7.0,
        "t_hit_median": 10.0,
        "t_hit_p75": 18.0,
        "mdd_p25": -0.7617,
        "mdd_median": -0.4448,
        "mdd_p75": -0.1396
      },
      "36": {
        "n_total": 393,
        "n_hit": 137,
        "p_hit": 0.348601,
        "t_hit_p25": 9.0,
        "t_hit_median": 17.0,
        "t_hit_p75": 28.0,
        "mdd_p25": -0.9249,
        "mdd_median": -0.4448,
        "mdd_p75": -0.135
      },
      "48": {
        "n_total": 393,
        "n_hit": 181,
        "p_hit": 0.46056,
        "t_hit_p25": 10.0,
        "t_hit_median": 23.0,
        "t_hit_p75": 36.0,
        "mdd_p25": -0.9249,
        "mdd_median": -0.4653,