{
  "schema": "baseline_probs_v1",
  "source_labels": "data/labels/labels_v1.csv",
  "n_rows_labels": 1819,
  "thresholds": [
    0.5,
    1.0,
    2.0,
    3.0,
    5.0
  ],
  "horizons": [
    12,
    24,
    36,
    48,
    60,
    72,
    84,
    96
  ],
  "results": {
    "0.5": {
      "12": {
        "n_total": 1819,
        "n_hit": 1314,
        "p_hit": 0.722375,
        "t_hit_p25": 1.0,
        "t_hit_median": 2.0,
        "t_hit_p75": 4.0,
        "mdd_p25": -0.799775,
        "mdd_median": -0.3034,
        "mdd_p75": -0.057050000000000003
      },
      "24": {
        "n_total": 1819,
        "n_hit": 1475,
        "p_hit": 0.810885,
        "t_hit_p25": 1.0,
        "t_hit_median": 2.0,
        "t_hit_p75": 6.0,
        "mdd_p25": -0.9454,
        "mdd_median": -0.3684,
        "mdd_p75": -0.0889
      },
      "36": {
        "n_total": 1819,
        "n_hit": 1545,
        "p_hit": 0.849368,
        "t_hit_p25": 1.0,
        "t_hit_median": 3.0,
        "t_hit_p75": 7.0,
        "mdd_p25": -1.0056,
        "mdd_median": -0.4034,
        "mdd_p75": -0.1009
      },
      "48": {
        "n_total": 1819,
        "n_hit": 1567,
        "p_hit": 0.861462,
        "t_hit_p25": 1.0,
        "t_hit_median": 3.0,
        "t_hit_p75": 8.0,
        "mdd_p25": -1.0819,
        "mdd_median": -0.4133,
        "mdd_p75": -0.1031
      },
      "60": {
        "n_total": 1819,
        "n_hit": 1582,
        "p_hit": 0.869709,
        "t_hit_p25": 1.0,
        "t_hit_median": 3.0,
        "t_hit_p75": 8.0,
        "mdd_p25": -1.13365,
        "mdd_median": -0.42105,
        "mdd_p75": -0.10464999999999999
      },
      "72": {
        "n_total": 1819,
        "n_hit": 1611,
        "p_hit": 0.885651,
        "t_hit_p25": 1.0,
        "t_hit_median": 3.0,
        "t_hit_p75": 9.0,
        "mdd_p25": -1.19045,
        "mdd_median": -0.4377,
        "mdd_p75": -0.10815
      },
      "84": {
        "n_total": 1819,
        "n_hit": 1638,
        "p_hit": 0.900495,
        "t_hit_p25": 1.0,
        "t_hit_median": 3.0,
        "t_hit_p75": 9.0,
        "mdd_p25": -1.271725,
        "mdd_median": -0.44884999999999997,
        "mdd_p75": -0.112675
      },
      "96": {
        "n_total": 1819,
        "n_hit": 1657,
        "p_hit": 0.91094,
        "t_hit_p25": 1.0,
        "t_hit_median": 3.0,
        "t_hit_p75": 10.0,
        "mdd_p25": -1.3343,
        "mdd_median": -0.4685,
        "mdd_p75": -0.1166
      }
    },
    "1.0": {
      "12": {
        "n_total": 1819,
        "n_hit": 982,
        "p_hit": 0.539857,
        "t_hit_p25": 2.0,
        "t_hit_median": 4.0,
        "t_hit_p75": 7.0,
        "mdd_p25": -0.9973749999999999,
        "mdd_median": -0.384,
        "mdd_p75": -0.08807500000000001
      },
      "24": {
        "n_total": 1819,
        "n_hit": 1190,
        "p_hit": 0.654206,
        "t_hit_p25": 2.0,
        "t_hit_median": 5.0,
        "t_hit_p75": 10.0,
        "mdd_p25": -1.1789749999999999,
        "mdd_median": -0.47514999999999996,
        "mdd_p75": -0.12815
      },
      "36": {
        "n_total": 1819,
        "n_hit": 1316,
        "p_hit": 0.723474,
        "t_hit_p25": 2.0,
        "t_hit_median": 5.0,
        "t_hit_p75": 13.0,
        "mdd_p25": -1.34365,
        "mdd_median": -0.5176000000000001,
        "mdd_p75": -0.15335
      },
      "48": {
        "n_total": 1819,
        "n_hit": 1376,
        "p_hit": 0.75646,
        "t_hit_p25": 2.0,
        "t_hit_median": 6.0,
        "t_hit_p75": 15.0,
        "mdd_p25": -1.3779249999999998,
        "mdd_median": -0.53955,
        "mdd_p75": -0.16125
      },
      "60": {
        "n_total": 1819,
        "n_hit": 1431,
        "p_hit": 0.786696,
        "t_hit_p25": 3.0,
        "t_hit_median": 6.0,
        "t_hit_p75": 17.0,
        "mdd_p25": -1.4778,
        "mdd_median": -0.5723,
        "mdd_p75": -0.1704
      },
      "72": {
        "n_total": 1819,
        "n_hit": 1480,
        "p_hit": 0.813634,
        "t_hit_p25": 3.0,
        "t_hit_median": 7.0,
        "t_hit_p75": 19.0,
        "mdd_p25": -1.588425,
        "mdd_median": -0.6011,
        "mdd_p75": -0.17645
      },
      "84": {
        "n_total": 1819,
        "n_hit": 1514,
        "p_hit": 0.832325,
        "t_hit_p25": 3.0,
        "t_hit_median": 7.0,
        "t_hit_p75": 20.0,
        "mdd_p25": -1.67865,
        "mdd_median": -0.6225,
        "mdd_p75": -0.18455
      },
      "96": {
        "n_total": 1819,
        "n_hit": 1534,
        "p_hit": 0.843321,
        "t_hit_p25": 3.0,
        "t_hit_median": 7.0,
        "t_hit_p75": 21.0,
        "mdd_p25": -1.72545,
        "mdd_median": -0.6488,
        "mdd_p75": -0.190025
      }
    },
    "2.0": {
      "12": {
        "n_total": 1819,
        "n_hit": 506,
        "p_hit": 0.278175,
        "t_hit_p25": 3.0,
        "t_hit_median": 5.0,
        "t_hit_p75": 8.0,
        "mdd_p25": -1.0559999999999998,
        "mdd_median": -0.43935,
        "mdd_p75": -0.11885
      },
      "24": {
        "n_total": 1819,
        "n_hit": 776,
        "p_hit": 0.426608,
        "t_hit_p25": 4.0,
        "t_hit_median": 9.0,
        "t_hit_p75": 15.25,
        "mdd_p25": -1.340125,
        "mdd_median": -0.5943499999999999,
        "mdd_p75": -0.17325
      },
      "36": {
        "n_total": 1819,
        "n_hit": 938,
        "p_hit": 0.515668,
        "t_hit_p25": 5.0,
        "t_hit_median": 11.0,
        "t_hit_p75": 21.0,
        "mdd_p25": -1.5018499999999997,
        "mdd_median": -0.63995,
        "mdd_p75": -0.19182500000000002
      },
      "48": {
        "n_total": 1819,
        "n_hit": 1056,
        "p_hit": 0.580539,
        "t_hit_p25": 5.0,
        "t_hit_median": 13.0,
        "t_hit_p75": 25.25,
        "mdd_p25": -1.5507250000000001,
        "mdd_median": -0.6838,
        "mdd_p75": -0.224725
      },
      "60": {
        "n_total": 1819,
        "n_hit": 1146,
        "p_hit": 0.630016,
        "t_hit_p25": 6.0,
        "t_hit_median": 15.0,
        "t_hit_p75": 31.0,
        "mdd_p25": -1.610125,
        "mdd_median": -0.7564,
        "mdd_p75": -0.26002499999999995
      },
      "72": {
        "n_total": 1819,
        "n_hit": 1221,
        "p_hit": 0.671248,
        "t_hit_p25": 6.0,
        "t_hit_median": 16.0,
        "t_hit_p75": 35.0,
        "mdd_p25": -1.7519,
        "mdd_median": -0.8631,
        "mdd_p75": -0.2774
      },
      "84": {
        "n_total": 1819,
        "n_hit": 1264,
        "p_hit": 0.694887,
        "t_hit_p25": 6.0,
        "t_hit_median": 17.0,
        "t_hit_p75": 38.0,
        "mdd_p25": -1.878625,
        "mdd_median": -0.9276500000000001,
        "mdd_p75": -0.29464999999999997
      },
      "96": {
        "n_total": 1819,
        "n_hit": 1301,
        "p_hit": 0.715228,
        "t_hit_p25": 7.0,
        "t_hit_median": 18.0,
        "t_hit_p75": 40.0,
        "mdd_p25": -2.0047,
        "mdd_median": -0.9727,
        "mdd_p75": -0.3046
      }
    },
    "3.0": {
      "12": {
        "n_total": 1819,
        "n_hit": 291,
        "p_hit": 0.159978,
        "t_hit_p25": 3.0,
        "t_hit_median": 6.0,
        "t_hit_p75": 9.0,
        "mdd_p25": -0.98065,
        "mdd_median": -0.4322,
        "mdd_p75": -0.1362
      },
      "24": {
        "n_total": 1819,
        "n_hit": 467,
        "p_hit": 0.256734,
        "t_hit_p25": 5.0,
        "t_hit_median": 9.0,
        "t_hit_p75": 16.5,
        "mdd_p25": -1.2716500000000002,
        "mdd_median": -0.5429,
        "mdd_p75": -0.16435
      },
      "36": {
        "n_total": 1819,
        "n_hit": 633,
        "p_hit": 0.347993,
        "t_hit_p25": 6.0,
        "t_hit_median": 14.0,
        "t_hit_p75": 25.0,
        "mdd_p25": -1.4987,
        "mdd_median": -0.6162,
        "mdd_p75": -0.1925
      },
      "48": {
        "n_total": 1819,
        "n_hit": 757,
        "p_hit": 0.416163,
        "t_hit_p25": 7.0,
        "t_hit_median": 19.0,
        "t_hit_p75": 31.0,
        "mdd_p25": -1.5877,