{
  "schema": "baseline_probs_v1",
  "source_labels": "data/labels/labels_v1.csv",
  "n_rows_labels": 607,
  "thresholds": [
    0.5,
    1.0,
    2.0,
    3.0,
    5.0
  ],
  "horizons": [
    12,
    24,
    36,
    48,
    60,
    72,
    84,
    96
  ],
  "results": {
    "0.5": {
      "12": {
        "n_total": 607,
        "n_hit": 433,
        "p_hit": 0.713344,
        "t_hit_p25": 1.0,
        "t_hit_median": 3.0,
        "t_hit_p75": 6.0,
        "mdd_p25": -0.6287,
        "mdd_median": -0.2448,
        "mdd_p75": -0.0585
      },
      "24": {
        "n_total": 607,
        "n_hit": 523,
        "p_hit": 0.861614,
        "t_hit_p25": 2.0,
        "t_hit_median": 4.0,
        "t_hit_p75": 10.0,
        "mdd_p25": -0.8125,
        "mdd_median": -0.3402,
        "mdd_p75": -0.09875
      },
      "36": {
        "n_total": 607,
        "n_hit": 555,
        "p_hit": 0.914333,
        "t_hit_p25": 2.0,
        "t_hit_median": 5.0,
        "t_hit_p75": 11.0,
        "mdd_p25": -0.8323499999999999,
        "mdd_median": -0.3733,
        "mdd_p75": -0.10600000000000001
      },
      "48": {
        "n_total": 607,
        "n_hit": 559,
        "p_hit": 0.920923,
        "t_hit_p25": 2.0,
        "t_hit_median": 5.0,
        "t_hit_p75": 11.0,
        "mdd_p25": -0.8400000000000001,
        "mdd_median": -0.3775,
        "mdd_p75": -0.10695
      },
      "60": {
        "n_total": 607,
        "n_hit": 566,
        "p_hit": 0.932455,
        "t_hit_p25": 2.0,
        "t_hit_median": 5.0,
        "t_hit_p75": 12.0,
        "mdd_p25": -0.88035,
        "mdd_median": -0.38625,
        "mdd_p75": -0.108975
      },
      "72": {
        "n_total": 607,
        "n_hit": 578,
        "p_hit": 0.952224,
        "t_hit_p25": 2.0,
        "t_hit_median": 5.0,
        "t_hit_p75": 12.75,
        "mdd_p25": -0.93925,
        "mdd_median": -0.4031,
        "mdd_p75": -0.114
      },
      "84": {
        "n_total": 607,
        "n_hit": 578,
        "p_hit": 0.952224,
        "t_hit_p25": 2.0,
        "t_hit_median": 5.0,
        "t_hit_p75": 12.75,
        "mdd_p25": -0.93925,
        "mdd_median": -0.4031,
        "mdd_p75": -0.114
      },
      "96": {
        "n_total": 607,
        "n_hit": 581,
        "p_hit": 0.957166,
        "t_hit_p25": 2.0,
        "t_hit_median": 5.0,
        "t_hit_p75": 13.0,
        "mdd_p25": -0.9724,
        "mdd_median": -0.4096,
        "mdd_p75": -0.1164
      }
    },
    "1.0": {
      "12": {
        "n_total": 607,
        "n_hit": 302,
        "p_hit": 0.497529,
        "t_hit_p25": 3.0,
        "t_hit_median": 5.0,
        "t_hit_p75": 7.75,
        "mdd_p25": -0.673725,
        "mdd_median": -0.27115,
        "mdd_p75": -0.0747
      },
      "24": {
        "n_total": 607,
        "n_hit": 414,
        "p_hit": 0.682043,
        "t_hit_p25": 4.0,
        "t_hit_median": 7.0,
        "t_hit_p75": 13.0,
        "mdd_p25": -0.8887250000000001,
        "mdd_median": -0.41100000000000003,
        "mdd_p75": -0.105625
      },
      "36": {
        "n_total": 607,
        "n_hit": 482,
        "p_hit": 0.794069,
        "t_hit_p25": 4.0,
        "t_hit_median": 8.0,
        "t_hit_p75": 18.0,
        "mdd_p25": -1.000425,
        "mdd_median": -0.4457,
        "mdd_p75": -0.1363
      },
      "48": {
        "n_total": 607,
        "n_hit": 514,
        "p_hit": 0.846787,
        "t_hit_p25": 4.0,
        "t_hit_median": 9.0,
        "t_hit_p75": 21.0,
        "mdd_p25": -1.090675,
        "mdd_median": -0.46115,
        "mdd_p75": -0.15542499999999998
      },
      "60": {
        "n_total": 607,
        "n_hit": 529,
        "p_hit": 0.871499,
        "t_hit_p25": 4.0,
        "t_hit_median": 10.0,
        "t_hit_p75": 22.0,
        "mdd_p25": -1.1517,
        "mdd_median": -0.4726,
        "mdd_p75": -0.1619
      },
      "72": {
        "n_total": 607,
        "n_hit": 548,
        "p_hit": 0.902801,
        "t_hit_p25": 4.0,
        "t_hit_median": 10.0,
        "t_hit_p75": 24.0,
        "mdd_p25": -1.226575,
        "mdd_median": -0.48405,
        "mdd_p75": -0.170425
      },
      "84": {
        "n_total": 607,
        "n_hit": 553,
        "p_hit": 0.911038,
        "t_hit_p25": 4.0,
        "t_hit_median": 10.0,
        "t_hit_p75": 25.0,
        "mdd_p25": -1.2536,
        "mdd_median": -0.4923,
        "mdd_p75": -0.171
      },
      "96": {
        "n_total": 607,
        "n_hit": 559,
        "p_hit": 0.920923,
        "t_hit_p25": 4.0,
        "t_hit_median": 11.0,
        "t_hit_p75": 25.0,
        "mdd_p25": -1.2737,
        "mdd_median": -0.4983,
        "mdd_p75": -0.1718
      }
    },
    "2.0": {
      "12": {
        "n_total": 607,
        "n_hit": 132,
        "p_hit": 0.217463,
        "t_hit_p25": 4.0,
        "t_hit_median": 7.0,
        "t_hit_p75": 9.0,
        "mdd_p25": -0.62915,
        "mdd_median": -0.35014999999999996,
        "mdd_p75": -0.11560000000000001
      },
      "24": {
        "n_total": 607,
        "n_hit": 247,
        "p_hit": 0.406919,
        "t_hit_p25": 6.0,
        "t_hit_median": 12.0,
        "t_hit_p75": 17.5,
        "mdd_p25": -0.8398,
        "mdd_median": -0.469,
        "mdd_p75": -0.1622
      },
      "36": {
        "n_total": 607,
        "n_hit": 327,
        "p_hit": 0.538715,
        "t_hit_p25": 8.0,
        "t_hit_median": 16.0,
        "t_hit_p75": 24.0,
        "mdd_p25": -0.93485,
        "mdd_median": -0.4543,
        "mdd_p75": -0.17075
      },
      "48": {
        "n_total": 607,
        "n_hit": 397,
        "p_hit": 0.654036,
        "t_hit_p25": 9.0,
        "t_hit_median": 19.0,
        "t_hit_p75": 32.0,
        "mdd_p25": -1.0025,
        "mdd_median": -0.4948,
        "mdd_p75": -0.2073
      },
      "60": {
        "n_total": 607,
        "n_hit": 445,
        "p_hit": 0.733114,
        "t_hit_p25": 10.0,
        "t_hit_median": 21.0,
        "t_hit_p75": 38.0,
        "mdd_p25": -1.1485,
        "mdd_median": -0.5342,
        "mdd_p75": -0.2408
      },
      "72": {
        "n_total": 607,
        "n_hit": 473,
        "p_hit": 0.779242,
        "t_hit_p25": 11.0,
        "t_hit_median": 23.0,
        "t_hit_p75": 42.0,
        "mdd_p25": -1.2184,
        "mdd_median": -0.5725,
        "mdd_p75": -0.2637
      },
      "84": {
        "n_total": 607,
        "n_hit": 486,
        "p_hit": 0.800659,
        "t_hit_p25": 11.25,
        "t_hit_median": 24.0,
        "t_hit_p75": 43.0,
        "mdd_p25": -1.2682,
        "mdd_median": -0.58585,
        "mdd_p75": -0.26665
      },
      "96": {
        "n_total": 607,
        "n_hit": 498,
        "p_hit": 0.820428,
        "t_hit_p25": 12.0,
        "t_hit_median": 25.0,
        "t_hit_p75": 44.0,
        "mdd_p25": -1.305925,
        "mdd_median": -0.60015,
        "mdd_p75": -0.270625
      }
    },
    "3.0": {
      "12": {
        "n_total": 607,
        "n_hit": 62,
        "p_hit": 0.102142,
        "t_hit_p25": 5.0,
        "t_hit_median": 8.0,
        "t_hit_p75": 10.0,
        "mdd_p25": -0.8750249999999999,
        "mdd_median": -0.36175,
        "mdd_p75": -0.15825
      },
      "24": {
        "n_total": 607,
        "n_hit": 116,
        "p_hit": 0.191104,
        "t_hit_p25": 7.0,
        "t_hit_median": 11.5,
        "t_hit_p75": 20.0,
        "mdd_p25": -0.7069,
        "mdd_median": -0.39044999999999996,
        "mdd_p75": -0.128725
      },
      "36": {
        "n_total": 607,
        "n_hit": 193,
        "p_hit": 0.317957,
        "t_hit_p25": 10.0,
        "t_hit_median": 21.0,
        "t_hit_p75": 30.0,
        "mdd_p25": -0.8384,
        "mdd_median": -0.4543,
        "mdd_p75": -0.1442
      },
      "48": {
        "n_total": 607,
        "n_hit": 263,
        "p_hit": 0.433278,
        "t_hit_p25": 14.0,
        "t_hit_median": 28.0,
        "t_hit_p75": 37.5,
        "mdd_p25": -0.9601500000000001,
        "mdd_median": -0.4983,
        "mdd_p75": -0.2037
      },
      "60": {
        "n_total": 607,
        "n_hit": 324,