{
  "schema": "baseline_probs_v1",
  "source_labels": "data/labels/labels_v1.csv",
  "n_rows_labels": 1923,
  "thresholds": [
    0.5,
    1.0,
    2.0,
    3.0,
    5.0
  ],
  "horizons": [
    12,
    24,
    36,
    48,
    60,
    72,
    84,
    96
  ],
  "results": {
    "0.5": {
      "12": {
        "n_total": 1923,
        "n_hit": 1386,
        "p_hit": 0.720749,
        "t_hit_p25": 1.0,
        "t_hit_median": 2.0,
        "t_hit_p75": 4.0,
        "mdd_p25": -0.807575,
        "mdd_median": -0.30474999999999997,
        "mdd_p75": -0.057050000000000003
      },
      "24": {
        "n_total": 1923,
        "n_hit": 1557,
        "p_hit": 0.809672,
        "t_hit_p25": 1.0,
        "t_hit_median": 2.0,
        "t_hit_p75": 6.0,
        "mdd_p25": -0.9575,
        "mdd_median": -0.373,
        "mdd_p75": -0.0882
      },
      "36": {
        "n_total": 1923,
        "n_hit": 1633,
        "p_hit": 0.849194,
        "t_hit_p25": 1.0,
        "t_hit_median": 3.0,
        "t_hit_p75": 7.0,
        "mdd_p25": -1.0569,
        "mdd_median": -0.4096,
        "mdd_p75": -0.101
      },
      "48": {
        "n_total": 1923,
        "n_hit": 1667,
        "p_hit": 0.866875,
        "t_hit_p25": 1.0,
        "t_hit_median": 3.0,
        "t_hit_p75": 8.0,
        "mdd_p25": -1.1489500000000001,
        "mdd_median": -0.4211,
        "mdd_p75": -0.10445
      },
      "60": {
        "n_total": 1923,
        "n_hit": 1684,
        "p_hit": 0.875715,
        "t_hit_p25": 1.0,
        "t_hit_median": 3.0,
        "t_hit_p75": 8.0,
        "mdd_p25": -1.1803499999999998,
        "mdd_median": -0.42805,
        "mdd_p75": -0.1057
      },
      "72": {
        "n_total": 1923,
        "n_hit": 1713,
        "p_hit": 0.890796,
        "t_hit_p25": 1.0,
        "t_hit_median": 3.0,
        "t_hit_p75": 9.0,
        "mdd_p25": -1.252,
        "mdd_median": -0.4433,
        "mdd_p75": -0.1098
      },
      "84": {
        "n_total": 1923,
        "n_hit": 1741,
        "p_hit": 0.905356,
        "t_hit_p25": 1.0,
        "t_hit_median": 3.0,
        "t_hit_p75": 9.0,
        "mdd_p25": -1.3313,
        "mdd_median": -0.4653,
        "mdd_p75": -0.1165
      },
      "96": {
        "n_total": 1923,
        "n_hit": 1760,
        "p_hit": 0.915237,
        "t_hit_p25": 1.0,
        "t_hit_median": 3.0,
        "t_hit_p75": 10.0,
        "mdd_p25": -1.3597249999999999,
        "mdd_median": -0.4732,
        "mdd_p75": -0.11777499999999999
      }
    },
    "1.0": {
      "12": {
        "n_total": 1923,
        "n_hit": 1026,
        "p_hit": 0.533541,
        "t_hit_p25": 2.0,
        "t_hit_median": 4.0,
        "t_hit_p75": 7.0,
        "mdd_p25": -0.9993749999999999,
        "mdd_median": -0.39590000000000003,
        "mdd_p75": -0.084125
      },
      "24": {
        "n_total": 1923,
        "n_hit": 1250,
        "p_hit": 0.650026,
        "t_hit_p25": 2.0,
        "t_hit_median": 5.0,
        "t_hit_p75": 10.0,
        "mdd_p25": -1.208875,
        "mdd_median": -0.4808,
        "mdd_p75": -0.1291
      },
      "36": {
        "n_total": 1923,
        "n_hit": 1387,
        "p_hit": 0.721269,
        "t_hit_p25": 2.0,
        "t_hit_median": 6.0,
        "t_hit_p75": 13.0,
        "mdd_p25": -1.37395,
        "mdd_median": -0.5372,
        "mdd_p75": -0.15555
      },
      "48": {
        "n_total": 1923,
        "n_hit": 1459,
        "p_hit": 0.75871,
        "t_hit_p25": 2.0,
        "t_hit_median": 6.0,
        "t_hit_p75": 16.0,
        "mdd_p25": -1.4362,
        "mdd_median": -0.5535,
        "mdd_p75": -0.16670000000000001
      },
      "60": {
        "n_total": 1923,
        "n_hit": 1524,
        "p_hit": 0.792512,
        "t_hit_p25": 3.0,
        "t_hit_median": 7.0,
        "t_hit_p75": 18.0,
        "mdd_p25": -1.579175,
        "mdd_median": -0.599,
        "mdd_p75": -0.174475
      },
      "72": {
        "n_total": 1923,
        "n_hit": 1576,
        "p_hit": 0.819553,
        "t_hit_p25": 3.0,
        "t_hit_median": 7.0,
        "t_hit_p75": 20.0,
        "mdd_p25": -1.689425,
        "mdd_median": -0.6327499999999999,
        "mdd_p75": -0.18485
      },
      "84": {
        "n_total": 1923,
        "n_hit": 1612,
        "p_hit": 0.838274,
        "t_hit_p25": 3.0,
        "t_hit_median": 7.0,
        "t_hit_p75": 21.0,
        "mdd_p25": -1.7945250000000001,
        "mdd_median": -0.6732,
        "mdd_p75": -0.192425
      },
      "96": {
        "n_total": 1923,
        "n_hit": 1632,
        "p_hit": 0.848674,
        "t_hit_p25": 3.0,
        "t_hit_median": 7.0,
        "t_hit_p75": 23.0,
        "mdd_p25": -1.8309,
        "mdd_median": -0.6853,
        "mdd_p75": -0.199675
      }
    },
    "2.0": {
      "12": {
        "n_total": 1923,
        "n_hit": 522,
        "p_hit": 0.271451,
        "t_hit_p25": 3.0,
        "t_hit_median": 5.0,
        "t_hit_p75": 8.0,
        "mdd_p25": -1.07665,
        "mdd_median": -0.43935,
        "mdd_p75": -0.11674999999999999
      },
      "24": {
        "n_total": 1923,
        "n_hit": 808,
        "p_hit": 0.420177,
        "t_hit_p25": 4.0,
        "t_hit_median": 9.0,
        "t_hit_p75": 16.0,
        "mdd_p25": -1.383625,
        "mdd_median": -0.5972,
        "mdd_p75": -0.17454999999999998
      },
      "36": {
        "n_total": 1923,
        "n_hit": 979,
        "p_hit": 0.5091,
        "t_hit_p25": 5.0,
        "t_hit_median": 11.0,
        "t_hit_p75": 21.0,
        "mdd_p25": -1.5563500000000001,
        "mdd_median": -0.6742,
        "mdd_p75": -0.19895000000000002
      },
      "48": {
        "n_total": 1923,
        "n_hit": 1102,
        "p_hit": 0.573063,
        "t_hit_p25": 5.0,
        "t_hit_median": 14.0,
        "t_hit_p75": 26.0,
        "mdd_p25": -1.5888,
        "mdd_median": -0.7154,
        "mdd_p75": -0.23585
      },
      "60": {
        "n_total": 1923,
        "n_hit": 1192,
        "p_hit": 0.619865,
        "t_hit_p25": 6.0,
        "t_hit_median": 15.0,
        "t_hit_p75": 30.25,
        "mdd_p25": -1.6661249999999999,
        "mdd_median": -0.7949999999999999,
        "mdd_p75": -0.2654
      },
      "72": {
        "n_total": 1923,
        "n_hit": 1276,
        "p_hit": 0.663547,
        "t_hit_p25": 6.0,
        "t_hit_median": 16.5,
        "t_hit_p75": 35.0,
        "mdd_p25": -1.833425,
        "mdd_median": -0.91215,
        "mdd_p75": -0.283825
      },
      "84": {
        "n_total": 1923,
        "n_hit": 1325,
        "p_hit": 0.689028,
        "t_hit_p25": 7.0,
        "t_hit_median": 17.0,
        "t_hit_p75": 38.0,
        "mdd_p25": -2.0202,
        "mdd_median": -0.9712,
        "mdd_p75": -0.3038
      },
      "96": {
        "n_total": 1923,
        "n_hit": 1370,
        "p_hit": 0.712428,
        "t_hit_p25": 7.0,
        "t_hit_median": 18.0,
        "t_hit_p75": 41.0,
        "mdd_p25": -2.19465,
        "mdd_median": -1.00285,
        "mdd_p75": -0.318325
      }
    },
    "3.0": {
      "12": {
        "n_total": 1923,
        "n_hit": 296,
        "p_hit": 0.153926,
        "t_hit_p25": 3.0,
        "t_hit_median": 6.0,
        "t_hit_p75": 9.0,
        "mdd_p25": -0.990225,
        "mdd_median": -0.43525,
        "mdd_p75": -0.135025
      },
      "24": {
        "n_total": 1923,
        "n_hit": 486,
        "p_hit": 0.25273,
        "t_hit_p25": 5.0,
        "t_hit_median": 10.0,
        "t_hit_p75": 17.0,
        "mdd_p25": -1.337575,
        "mdd_median": -0.5540499999999999,
        "mdd_p75": -0.1688
      },
      "36": {
        "n_total": 1923,
        "n_hit": 660,
        "p_hit": 0.343214,
        "t_hit_p25": 6.0,
        "t_hit_median": 15.0,
        "t_hit_p75": 25.0,
        "mdd_p25": -1.5838,
        "mdd_median": -0.6444,
        "mdd_p75": -0.20370000000000002
      },
      "48": {
        "n_total": 1923,
        "n_hit": 784,
        "p_hit": 0.407696,
        "t_hit_p25": 7.0,
        "t_hit_median": 19.0,
        "t_hit_p75": 31.0,
        "mdd_p25": -1.660725,