{
  "schema": "baseline_probs_v1",
  "source_labels": "data/labels/labels_v1.csv",
  "n_rows_labels": 1424,
  "thresholds": [
    0.5,
    1.0,
    2.0,
    3.0,
    5.0
  ],
  "horizons": [
    12,
    24,
    36,
    48,
    60,
    72,
    84,
    96
  ],
  "results": {
    "0.5": {
      "12": {
        "n_total": 1424,
        "n_hit": 1003,
        "p_hit": 0.704354,
        "t_hit_p25": 1.0,
        "t_hit_median": 2.0,
        "t_hit_p75": 5.0,
        "mdd_p25": -0.7985,
        "mdd_median": -0.2795,
        "mdd_p75": -0.0525
      },
      "24": {
        "n_total": 1424,
        "n_hit": 1144,
        "p_hit": 0.803371,
        "t_hit_p25": 1.0,
        "t_hit_median": 3.0,
        "t_hit_p75": 7.0,
        "mdd_p25": -0.9709,
        "mdd_median": -0.36660000000000004,
        "mdd_p75": -0.082575
      },
      "36": {
        "n_total": 1424,
        "n_hit": 1198,
        "p_hit": 0.841292,
        "t_hit_p25": 1.0,
        "t_hit_median": 3.0,
        "t_hit_p75": 8.0,
        "mdd_p25": -1.00555,
        "mdd_median": -0.3907,
        "mdd_p75": -0.09305000000000001
      },
      "48": {
        "n_total": 1424,
        "n_hit": 1210,
        "p_hit": 0.849719,
        "t_hit_p25": 1.0,
        "t_hit_median": 3.0,
        "t_hit_p75": 8.75,
        "mdd_p25": -1.0616,
        "mdd_median": -0.4031,
        "mdd_p75": -0.095775
      },
      "60": {
        "n_total": 1424,
        "n_hit": 1224,
        "p_hit": 0.859551,
        "t_hit_p25": 1.0,
        "t_hit_median": 3.0,
        "t_hit_p75": 9.0,
        "mdd_p25": -1.105975,
        "mdd_median": -0.41100000000000003,
        "mdd_p75": -0.100825
      },
      "72": {
        "n_total": 1424,
        "n_hit": 1253,
        "p_hit": 0.879916,
        "t_hit_p25": 1.0,
        "t_hit_median": 3.0,
        "t_hit_p75": 10.0,
        "mdd_p25": -1.1876,
        "mdd_median": -0.4298,
        "mdd_p75": -0.1041
      },
      "84": {
        "n_total": 1424,
        "n_hit": 1279,
        "p_hit": 0.898174,
        "t_hit_p25": 1.0,
        "t_hit_median": 3.0,
        "t_hit_p75": 10.0,
        "mdd_p25": -1.2764,
        "mdd_median": -0.447,
        "mdd_p75": -0.10600000000000001
      },
      "96": {
        "n_total": 1424,
        "n_hit": 1295,
        "p_hit": 0.90941,
        "t_hit_p25": 1.0,
        "t_hit_median": 3.0,
        "t_hit_p75": 11.0,
        "mdd_p25": -1.3382999999999998,
        "mdd_median": -0.4653,
        "mdd_p75": -0.10885
      }
    },
    "1.0": {
      "12": {
        "n_total": 1424,
        "n_hit": 742,
        "p_hit": 0.521067,
        "t_hit_p25": 2.0,
        "t_hit_median": 4.0,
        "t_hit_p75": 7.0,
        "mdd_p25": -0.993925,
        "mdd_median": -0.37295,
        "mdd_p75": -0.0787
      },
      "24": {
        "n_total": 1424,
        "n_hit": 916,
        "p_hit": 0.643258,
        "t_hit_p25": 2.0,
        "t_hit_median": 5.0,
        "t_hit_p75": 10.0,
        "mdd_p25": -1.13075,
        "mdd_median": -0.46640000000000004,
        "mdd_p75": -0.11735
      },
      "36": {
        "n_total": 1424,
        "n_hit": 1016,
        "p_hit": 0.713483,
        "t_hit_p25": 2.75,
        "t_hit_median": 6.0,
        "t_hit_p75": 14.0,
        "mdd_p25": -1.25525,
        "mdd_median": -0.48450000000000004,
        "mdd_p75": -0.145025
      },
      "48": {
        "n_total": 1424,
        "n_hit": 1055,
        "p_hit": 0.740871,
        "t_hit_p25": 3.0,
        "t_hit_median": 6.0,
        "t_hit_p75": 15.5,
        "mdd_p25": -1.27175,
        "mdd_median": -0.4952,
        "mdd_p75": -0.15555
      },
      "60": {
        "n_total": 1424,
        "n_hit": 1095,
        "p_hit": 0.768961,
        "t_hit_p25": 3.0,
        "t_hit_median": 7.0,
        "t_hit_p75": 17.0,
        "mdd_p25": -1.3533,
        "mdd_median": -0.5342,
        "mdd_p75": -0.1605
      },
      "72": {
        "n_total": 1424,
        "n_hit": 1143,
        "p_hit": 0.802669,
        "t_hit_p25": 3.0,
        "t_hit_median": 7.0,
        "t_hit_p75": 19.0,
        "mdd_p25": -1.47085,
        "mdd_median": -0.5723,
        "mdd_p75": -0.16999999999999998
      },
      "84": {
        "n_total": 1424,
        "n_hit": 1174,
        "p_hit": 0.824438,
        "t_hit_p25": 3.0,
        "t_hit_median": 8.0,
        "t_hit_p75": 21.0,
        "mdd_p25": -1.565775,
        "mdd_median": -0.5943499999999999,
        "mdd_p75": -0.17275
      },
      "96": {
        "n_total": 1424,
        "n_hit": 1193,
        "p_hit": 0.837781,
        "t_hit_p25": 3.0,
        "t_hit_median": 8.0,
        "t_hit_p75": 22.0,
        "mdd_p25": -1.6331,
        "mdd_median": -0.6023,
        "mdd_p75": -0.1766
      }
    },
    "2.0": {
      "12": {
        "n_total": 1424,
        "n_hit": 368,
        "p_hit": 0.258427,
        "t_hit_p25": 3.0,
        "t_hit_median": 5.0,
        "t_hit_p75": 8.0,
        "mdd_p25": -1.05145,
        "mdd_median": -0.4044,
        "mdd_p75": -0.12455000000000001
      },
      "24": {
        "n_total": 1424,
        "n_hit": 574,
        "p_hit": 0.40309,
        "t_hit_p25": 4.0,
        "t_hit_median": 9.0,
        "t_hit_p75": 16.0,
        "mdd_p25": -1.2608,
        "mdd_median": -0.5627,
        "mdd_p75": -0.17054999999999998
      },
      "36": {
        "n_total": 1424,
        "n_hit": 697,
        "p_hit": 0.489466,
        "t_hit_p25": 5.0,
        "t_hit_median": 11.0,
        "t_hit_p75": 21.0,
        "mdd_p25": -1.3315,
        "mdd_median": -0.5798,
        "mdd_p75": -0.1749
      },
      "48": {
        "n_total": 1424,
        "n_hit": 793,
        "p_hit": 0.556882,
        "t_hit_p25": 6.0,
        "t_hit_median": 14.0,
        "t_hit_p75": 27.0,
        "mdd_p25": -1.3596,
        "mdd_median": -0.5938,
        "mdd_p75": -0.2058
      },
      "60": {
        "n_total": 1424,
        "n_hit": 859,
        "p_hit": 0.60323,
        "t_hit_p25": 6.0,
        "t_hit_median": 16.0,
        "t_hit_p75": 31.0,
        "mdd_p25": -1.40075,
        "mdd_median": -0.6178,
        "mdd_p75": -0.2344
      },
      "72": {
        "n_total": 1424,
        "n_hit": 921,
        "p_hit": 0.64677,
        "t_hit_p25": 7.0,
        "t_hit_median": 17.0,
        "t_hit_p75": 36.0,
        "mdd_p25": -1.5293,
        "mdd_median": -0.7164,
        "mdd_p75": -0.2613
      },
      "84": {
        "n_total": 1424,
        "n_hit": 960,
        "p_hit": 0.674157,
        "t_hit_p25": 7.0,
        "t_hit_median": 18.0,
        "t_hit_p75": 40.0,
        "mdd_p25": -1.6162750000000001,
        "mdd_median": -0.7949999999999999,
        "mdd_p75": -0.27295
      },
      "96": {
        "n_total": 1424,
        "n_hit": 990,
        "p_hit": 0.695225,
        "t_hit_p25": 7.0,
        "t_hit_median": 19.0,
        "t_hit_p75": 42.0,
        "mdd_p25": -1.688075,
        "mdd_median": -0.8486,
        "mdd_p75": -0.2784
      }
    },
    "3.0": {
      "12": {
        "n_total": 1424,
        "n_hit": 189,
        "p_hit": 0.132725,
        "t_hit_p25": 3.0,
        "t_hit_median": 5.0,
        "t_hit_p75": 9.0,
        "mdd_p25": -0.9599,
        "mdd_median": -0.3885,
        "mdd_p75": -0.1442
      },
      "24": {
        "n_total": 1424,
        "n_hit": 311,
        "p_hit": 0.218399,
        "t_hit_p25": 5.0,
        "t_hit_median": 10.0,
        "t_hit_p75": 17.0,
        "mdd_p25": -1.1307,
        "mdd_median": -0.4655,
        "mdd_p75": -0.1467
      },
      "36": {
        "n_total": 1424,
        "n_hit": 421,
        "p_hit": 0.295646,
        "t_hit_p25": 6.0,
        "t_hit_median": 15.0,
        "t_hit_p75": 25.0,
        "mdd_p25": -1.2462,
        "mdd_median": -0.5429,
        "mdd_p75": -0.1691
      },
      "48": {
        "n_total": 1424,
        "n_hit": 519,
        "p_hit": 0.364466,
        "t_hit_p25": 7.5,
        "t_hit_median": 20.0,
        "t_hit_p75": 33.0,
        "mdd_p25": -1.31405,
        "mdd_median": -0.5798,
        "mdd_p75": -0.20735
      },