{
  "schema": "baseline_probs_v1",
  "source_labels": "data/labels/labels_v1.csv",
  "n_rows_labels": 321,
  "thresholds": [
    0.5,
    1.0,
    2.0,
    3.0,
    5.0
  ],
  "horizons": [
    12,
    24,
    36,
    48,
    60,
    72,
    84,
    96
  ],
  "results": {
    "0.5": {
      "12": {
        "n_total": 321,
        "n_hit": 227,
        "p_hit": 0.707165,
        "t_hit_p25": 1.0,
        "t_hit_median": 3.0,
        "t_hit_p75": 6.0,
        "mdd_p25": -0.67885,
        "mdd_median": -0.3252,
        "mdd_p75": -0.08055
      },
      "24": {
        "n_total": 321,
        "n_hit": 276,
        "p_hit": 0.859813,
        "t_hit_p25": 2.0,
        "t_hit_median": 4.0,
        "t_hit_p75": 10.0,
        "mdd_p25": -0.831525,
        "mdd_median": -0.41664999999999996,
        "mdd_p75": -0.11235
      },
      "36": {
        "n_total": 321,
        "n_hit": 292,
        "p_hit": 0.909657,
        "t_hit_p25": 2.0,
        "t_hit_median": 4.0,
        "t_hit_p75": 11.0,
        "mdd_p25": -0.831525,
        "mdd_median": -0.44335,
        "mdd_p75": -0.126275
      },
      "48": {
        "n_total": 321,
        "n_hit": 292,
        "p_hit": 0.909657,
        "t_hit_p25": 2.0,
        "t_hit_median": 4.0,
        "t_hit_p75": 11.0,
        "mdd_p25": -0.831525,
        "mdd_median": -0.44335,
        "mdd_p75": -0.126275
      },
      "60": {
        "n_total": 321,
        "n_hit": 298,
        "p_hit": 0.928349,
        "t_hit_p25": 2.0,
        "t_hit_median": 5.0,
        "t_hit_p75": 12.0,
        "mdd_p25": -0.8924750000000001,
        "mdd_median": -0.46099999999999997,
        "mdd_p75": -0.1279
      },
      "72": {
        "n_total": 321,
        "n_hit": 310,
        "p_hit": 0.965732,
        "t_hit_p25": 2.0,
        "t_hit_median": 5.0,
        "t_hit_p75": 13.0,
        "mdd_p25": -1.004025,
        "mdd_median": -0.4733,
        "mdd_p75": -0.14049999999999999
      },
      "84": {
        "n_total": 321,
        "n_hit": 310,
        "p_hit": 0.965732,
        "t_hit_p25": 2.0,
        "t_hit_median": 5.0,
        "t_hit_p75": 13.0,
        "mdd_p25": -1.004025,
        "mdd_median": -0.4733,
        "mdd_p75": -0.14049999999999999
      },
      "96": {
        "n_total": 321,
        "n_hit": 312,
        "p_hit": 0.971963,
        "t_hit_p25": 2.0,
        "t_hit_median": 5.0,
        "t_hit_p75": 14.0,
        "mdd_p25": -1.030775,
        "mdd_median": -0.479,
        "mdd_p75": -0.1411
      }
    },
    "1.0": {
      "12": {
        "n_total": 321,
        "n_hit": 158,
        "p_hit": 0.492212,
        "t_hit_p25": 3.0,
        "t_hit_median": 5.0,
        "t_hit_p75": 7.0,
        "mdd_p25": -0.8246249999999999,
        "mdd_median": -0.36845,
        "mdd_p75": -0.088425
      },
      "24": {
        "n_total": 321,
        "n_hit": 215,
        "p_hit": 0.669782,
        "t_hit_p25": 3.0,
        "t_hit_median": 6.0,
        "t_hit_p75": 13.0,
        "mdd_p25": -1.131,
        "mdd_median": -0.4923,
        "mdd_p75": -0.1447
      },
      "36": {
        "n_total": 321,
        "n_hit": 250,
        "p_hit": 0.778816,
        "t_hit_p25": 4.0,
        "t_hit_median": 8.0,
        "t_hit_p75": 18.75,
        "mdd_p25": -1.215125,
        "mdd_median": -0.5051000000000001,
        "mdd_p75": -0.17302499999999998
      },
      "48": {
        "n_total": 321,
        "n_hit": 271,
        "p_hit": 0.844237,
        "t_hit_p25": 4.0,
        "t_hit_median": 9.0,
        "t_hit_p75": 21.0,
        "mdd_p25": -1.2664,
        "mdd_median": -0.5252,
        "mdd_p75": -0.21565
      },
      "60": {
        "n_total": 321,
        "n_hit": 282,
        "p_hit": 0.878505,
        "t_hit_p25": 4.0,
        "t_hit_median": 10.0,
        "t_hit_p75": 23.0,
        "mdd_p25": -1.30485,
        "mdd_median": -0.5423,
        "mdd_p75": -0.234675
      },
      "72": {
        "n_total": 321,
        "n_hit": 297,
        "p_hit": 0.925234,
        "t_hit_p25": 5.0,
        "t_hit_median": 11.0,
        "t_hit_p75": 27.0,
        "mdd_p25": -1.4601,
        "mdd_median": -0.5546,
        "mdd_p75": -0.2449
      },
      "84": {
        "n_total": 321,
        "n_hit": 298,
        "p_hit": 0.928349,
        "t_hit_p25": 5.0,
        "t_hit_median": 11.0,
        "t_hit_p75": 27.0,
        "mdd_p25": -1.4606999999999999,
        "mdd_median": -0.5569500000000001,
        "mdd_p75": -0.245425
      },
      "96": {
        "n_total": 321,
        "n_hit": 298,
        "p_hit": 0.928349,
        "t_hit_p25": 5.0,
        "t_hit_median": 11.0,
        "t_hit_p75": 27.0,
        "mdd_p25": -1.4606999999999999,
        "mdd_median": -0.5569500000000001,
        "mdd_p75": -0.245425
      }
    },
    "2.0": {
      "12": {
        "n_total": 321,
        "n_hit": 75,
        "p_hit": 0.233645,
        "t_hit_p25": 4.0,
        "t_hit_median": 7.0,
        "t_hit_p75": 9.0,
        "mdd_p25": -0.71765,
        "mdd_median": -0.4142,
        "mdd_p75": -0.17365
      },
      "24": {
        "n_total": 321,
        "n_hit": 133,
        "p_hit": 0.41433,
        "t_hit_p25": 6.0,
        "t_hit_median": 11.0,
        "t_hit_p75": 17.0,
        "mdd_p25": -1.2491,
        "mdd_median": -0.5981,
        "mdd_p75": -0.3289
      },
      "36": {
        "n_total": 321,
        "n_hit": 170,
        "p_hit": 0.529595,
        "t_hit_p25": 8.0,
        "t_hit_median": 15.0,
        "t_hit_p75": 22.0,
        "mdd_p25": -1.241425,
        "mdd_median": -0.6257,
        "mdd_p75": -0.32815
      },
      "48": {
        "n_total": 321,
        "n_hit": 200,
        "p_hit": 0.623053,
        "t_hit_p25": 9.0,
        "t_hit_median": 17.0,
        "t_hit_p75": 31.0,
        "mdd_p25": -1.2819,
        "mdd_median": -0.6614500000000001,
        "mdd_p75": -0.35855000000000004
      },
      "60": {
        "n_total": 321,
        "n_hit": 225,
        "p_hit": 0.700935,
        "t_hit_p25": 9.0,
        "t_hit_median": 19.0,
        "t_hit_p75": 35.0,
        "mdd_p25": -1.2757,
        "mdd_median": -0.6772,
        "mdd_p75": -0.3594
      },
      "72": {
        "n_total": 321,
        "n_hit": 248,
        "p_hit": 0.772586,
        "t_hit_p25": 10.0,
        "t_hit_median": 21.0,
        "t_hit_p75": 42.0,
        "mdd_p25": -1.365225,
        "mdd_median": -0.821,
        "mdd_p75": -0.38380000000000003
      },
      "84": {
        "n_total": 321,
        "n_hit": 258,
        "p_hit": 0.803738,
        "t_hit_p25": 10.0,
        "t_hit_median": 23.0,
        "t_hit_p75": 45.0,
        "mdd_p25": -1.406,
        "mdd_median": -0.8602,
        "mdd_p75": -0.39189999999999997
      },
      "96": {
        "n_total": 321,
        "n_hit": 265,
        "p_hit": 0.825545,
        "t_hit_p25": 11.0,
        "t_hit_median": 24.0,
        "t_hit_p75": 47.0,
        "mdd_p25": -1.4673,
        "mdd_median": -0.9343,
        "mdd_p75": -0.4103
      }
    },
    "3.0": {
      "12": {
        "n_total": 321,
        "n_hit": 45,
        "p_hit": 0.140187,
        "t_hit_p25": 5.0,
        "t_hit_median": 8.0,
        "t_hit_p75": 10.0,
        "mdd_p25": -0.9901,
        "mdd_median": -0.3594,
        "mdd_p75": -0.1537
      },
      "24": {
        "n_total": 321,
        "n_hit": 73,
        "p_hit": 0.227414,
        "t_hit_p25": 7.0,
        "t_hit_median": 10.0,
        "t_hit_p75": 17.0,
        "mdd_p25": -0.8118,
        "mdd_median": -0.5066,
        "mdd_p75": -0.2408
      },
      "36": {
        "n_total": 321,
        "n_hit": 103,
        "p_hit": 0.320872,
        "t_hit_p25": 9.0,
        "t_hit_median": 16.0,
        "t_hit_p75": 28.5,
        "mdd_p25": -1.0103499999999999,
        "mdd_median": -0.5508,
        "mdd_p75": -0.242
      },
      "48": {
        "n_total": 321,
        "n_hit": 136,
        "p_hit": 0.423676,
        "t_hit_p25": 10.0,
        "t_hit_median": 21.5,
        "t_hit_p75": 36.0,
        "mdd_p25": -0.9796,
        "mdd_median": -0.54925,