{
  "schema": "baseline_probs_v1",
  "source_labels": "data/labels/labels_v1.csv",
  "n_rows_labels": 3201,
  "thresholds": [
    0.5,
    1.0,
    2.0,
    3.0,
    5.0
  ],
  "horizons": [
    12,
    24,
    36,
    48,
    60,
    72,
    84,
    96
  ],
  "results": {
    "0.5": {
      "12": {
        "n_total": 3201,
        "n_hit": 2259,
        "p_hit": 0.705717,
        "t_hit_p25": 1.0,
        "t_hit_median": 2.0,
        "t_hit_p75": 5.0,
        "mdd_p25": -0.7277499999999999,
        "mdd_median": -0.2957,
        "mdd_p75": -0.04925
      },
      "24": {
        "n_total": 3201,
        "n_hit": 2568,
        "p_hit": 0.802249,
        "t_hit_p25": 1.0,
        "t_hit_median": 3.0,
        "t_hit_p75": 7.0,
        "mdd_p25": -0.908475,
        "mdd_median": -0.3629,
        "mdd_p75": -0.07897499999999999
      },
      "36": {
        "n_total": 3201,
        "n_hit": 2713,
        "p_hit": 0.847548,
        "t_hit_p25": 1.0,
        "t_hit_median": 3.0,
        "t_hit_p75": 8.0,
        "mdd_p25": -1.0056,
        "mdd_median": -0.4055,
        "mdd_p75": -0.0923
      },
      "48": {
        "n_total": 3201,
        "n_hit": 2777,
        "p_hit": 0.867541,
        "t_hit_p25": 1.0,
        "t_hit_median": 3.0,
        "t_hit_p75": 9.0,
        "mdd_p25": -1.105,
        "mdd_median": -0.4212,
        "mdd_p75": -0.1006
      },
      "60": {
        "n_total": 3201,
        "n_hit": 2809,
        "p_hit": 0.877538,
        "t_hit_p25": 1.0,
        "t_hit_median": 3.0,
        "t_hit_p75": 9.0,
        "mdd_p25": -1.1496,
        "mdd_median": -0.429,
        "mdd_p75": -0.1029
      },
      "72": {
        "n_total": 3201,
        "n_hit": 2853,
        "p_hit": 0.891284,
        "t_hit_p25": 1.0,
        "t_hit_median": 3.0,
        "t_hit_p75": 10.0,
        "mdd_p25": -1.2053,
        "mdd_median": -0.4411,
        "mdd_p75": -0.1057
      },
      "84": {
        "n_total": 3201,
        "n_hit": 2899,
        "p_hit": 0.905654,
        "t_hit_p25": 1.0,
        "t_hit_median": 3.0,
        "t_hit_p75": 10.0,
        "mdd_p25": -1.28575,
        "mdd_median": -0.4573,
        "mdd_p75": -0.1095
      },
      "96": {
        "n_total": 3201,
        "n_hit": 2930,
        "p_hit": 0.915339,
        "t_hit_p25": 1.0,
        "t_hit_median": 3.0,
        "t_hit_p75": 11.0,
        "mdd_p25": -1.341025,
        "mdd_median": -0.47104999999999997,
        "mdd_p75": -0.113625
      }
    },
    "1.0": {
      "12": {
        "n_total": 3201,
        "n_hit": 1647,
        "p_hit": 0.514527,
        "t_hit_p25": 2.0,
        "t_hit_median": 4.0,
        "t_hit_p75": 7.0,
        "mdd_p25": -0.937,
        "mdd_median": -0.3628,
        "mdd_p75": -0.0776
      },
      "24": {
        "n_total": 3201,
        "n_hit": 2080,
        "p_hit": 0.649797,
        "t_hit_p25": 2.0,
        "t_hit_median": 5.0,
        "t_hit_p75": 11.0,
        "mdd_p25": -1.109675,
        "mdd_median": -0.46924999999999994,
        "mdd_p75": -0.125525
      },
      "36": {
        "n_total": 3201,
        "n_hit": 2325,
        "p_hit": 0.726336,
        "t_hit_p25": 3.0,
        "t_hit_median": 6.0,
        "t_hit_p75": 15.0,
        "mdd_p25": -1.3305,
        "mdd_median": -0.5345,
        "mdd_p75": -0.1558
      },
      "48": {
        "n_total": 3201,
        "n_hit": 2444,
        "p_hit": 0.763511,
        "t_hit_p25": 3.0,
        "t_hit_median": 7.0,
        "t_hit_p75": 17.0,
        "mdd_p25": -1.395475,
        "mdd_median": -0.55385,
        "mdd_p75": -0.169825
      },
      "60": {
        "n_total": 3201,
        "n_hit": 2529,
        "p_hit": 0.790066,
        "t_hit_p25": 3.0,
        "t_hit_median": 7.0,
        "t_hit_p75": 18.0,
        "mdd_p25": -1.4865,
        "mdd_median": -0.5954,
        "mdd_p75": -0.1768
      },
      "72": {
        "n_total": 3201,
        "n_hit": 2602,
        "p_hit": 0.812871,
        "t_hit_p25": 3.0,
        "t_hit_median": 8.0,
        "t_hit_p75": 20.0,
        "mdd_p25": -1.588075,
        "mdd_median": -0.6202000000000001,
        "mdd_p75": -0.18780000000000002
      },
      "84": {
        "n_total": 3201,
        "n_hit": 2663,
        "p_hit": 0.831928,
        "t_hit_p25": 3.0,
        "t_hit_median": 8.0,
        "t_hit_p75": 21.5,
        "mdd_p25": -1.6844000000000001,
        "mdd_median": -0.6584,
        "mdd_p75": -0.19565
      },
      "96": {
        "n_total": 3201,
        "n_hit": 2706,
        "p_hit": 0.845361,
        "t_hit_p25": 3.0,
        "t_hit_median": 8.0,
        "t_hit_p75": 23.0,
        "mdd_p25": -1.7597,
        "mdd_median": -0.67985,
        "mdd_p75": -0.20452499999999998
      }
    },
    "2.0": {
      "12": {
        "n_total": 3201,
        "n_hit": 784,
        "p_hit": 0.244923,
        "t_hit_p25": 3.0,
        "t_hit_median": 5.0,
        "t_hit_p75": 9.0,
        "mdd_p25": -0.9604249999999999,
        "mdd_median": -0.39705,
        "mdd_p75": -0.080325
      },
      "24": {
        "n_total": 3201,
        "n_hit": 1279,
        "p_hit": 0.399563,
        "t_hit_p25": 4.0,
        "t_hit_median": 9.0,
        "t_hit_p75": 16.0,
        "mdd_p25": -1.2473999999999998,
        "mdd_median": -0.5615,
        "mdd_p75": -0.1722
      },
      "36": {
        "n_total": 3201,
        "n_hit": 1619,
        "p_hit": 0.505779,
        "t_hit_p25": 5.0,
        "t_hit_median": 13.0,
        "t_hit_p75": 23.0,
        "mdd_p25": -1.4502,
        "mdd_median": -0.6769,
        "mdd_p75": -0.20805
      },
      "48": {
        "n_total": 3201,
        "n_hit": 1850,
        "p_hit": 0.577944,
        "t_hit_p25": 6.0,
        "t_hit_median": 16.0,
        "t_hit_p75": 28.0,
        "mdd_p25": -1.5724749999999998,
        "mdd_median": -0.75225,
        "mdd_p75": -0.257475
      },
      "60": {
        "n_total": 3201,
        "n_hit": 1999,
        "p_hit": 0.624492,
        "t_hit_p25": 7.0,
        "t_hit_median": 17.0,
        "t_hit_p75": 32.0,
        "mdd_p25": -1.6484,
        "mdd_median": -0.8129,
        "mdd_p75": -0.2796
      },
      "72": {
        "n_total": 3201,
        "n_hit": 2130,
        "p_hit": 0.665417,
        "t_hit_p25": 7.0,
        "t_hit_median": 18.0,
        "t_hit_p75": 36.0,
        "mdd_p25": -1.8121749999999999,
        "mdd_median": -0.9033,
        "mdd_p75": -0.30765
      },
      "84": {
        "n_total": 3201,
        "n_hit": 2218,
        "p_hit": 0.692908,
        "t_hit_p25": 8.0,
        "t_hit_median": 20.0,
        "t_hit_p75": 39.0,
        "mdd_p25": -1.96115,
        "mdd_median": -0.9576,
        "mdd_p75": -0.32815
      },
      "96": {
        "n_total": 3201,
        "n_hit": 2303,
        "p_hit": 0.719463,
        "t_hit_p25": 8.0,
        "t_hit_median": 21.0,
        "t_hit_p75": 42.0,
        "mdd_p25": -2.1007499999999997,
        "mdd_median": -1.0025,
        "mdd_p75": -0.3452
      }
    },
    "3.0": {
      "12": {
        "n_total": 3201,
        "n_hit": 419,
        "p_hit": 0.130897,
        "t_hit_p25": 3.0,
        "t_hit_median": 6.0,
        "t_hit_p75": 9.0,
        "mdd_p25": -0.92355,
        "mdd_median": -0.3594,
        "mdd_p75": -0.08510000000000001
      },
      "24": {
        "n_total": 3201,
        "n_hit": 746,
        "p_hit": 0.233052,
        "t_hit_p25": 5.0,
        "t_hit_median": 11.0,
        "t_hit_p75": 17.0,
        "mdd_p25": -1.3144,
        "mdd_median": -0.5520499999999999,
        "mdd_p75": -0.155925
      },
      "36": {
        "n_total": 3201,
        "n_hit": 1048,
        "p_hit": 0.327398,
        "t_hit_p25": 7.0,
        "t_hit_median": 16.0,
        "t_hit_p75": 26.0,
        "mdd_p25": -1.579425,
        "mdd_median": -0.6838,
        "mdd_p75": -0.206625
      },
      "48": {
        "n_total": 3201,
        "n_hit": 1292,
        "p_hit": 0.403624,
        "t_hit_p25": 9.0,
        "t_hit_median": 21.0,
        "t_hit_p75": 33.0,
        "mdd_p25": -1.713875,
        "mdd_median": -0.8176,