{
  "schema": "baseline_probs_v1",
  "source_labels": "data/labels/labels_v1.csv",
  "n_rows_labels": 2321,
  "thresholds": [
    0.5,
    1.0,
    2.0,
    3.0,
    5.0
  ],
  "horizons": [
    12,
    24,
    36,
    48,
    60,
    72,
    84,
    96
  ],
  "results": {
    "0.5": {
      "12": {
        "n_total": 2321,
        "n_hit": 1669,
        "p_hit": 0.719087,
        "t_hit_p25": 1.0,
        "t_hit_median": 2.0,
        "t_hit_p75": 4.0,
        "mdd_p25": -0.7978,
        "mdd_median": -0.3049,
        "mdd_p75": -0.0557
      },
      "24": {
        "n_total": 2321,
        "n_hit": 1882,
        "p_hit": 0.810857,
        "t_hit_p25": 1.0,
        "t_hit_median": 3.0,
        "t_hit_p75": 6.0,
        "mdd_p25": -0.943675,
        "mdd_median": -0.37024999999999997,
        "mdd_p75": -0.08415
      },
      "36": {
        "n_total": 2321,
        "n_hit": 1985,
        "p_hit": 0.855235,
        "t_hit_p25": 1.0,
        "t_hit_median": 3.0,
        "t_hit_p75": 8.0,
        "mdd_p25": -1.0514,
        "mdd_median": -0.4117,
        "mdd_p75": -0.101
      },
      "48": {
        "n_total": 2321,
        "n_hit": 2024,
        "p_hit": 0.872038,
        "t_hit_p25": 1.0,
        "t_hit_median": 3.0,
        "t_hit_p75": 8.0,
        "mdd_p25": -1.1363750000000001,
        "mdd_median": -0.4265,
        "mdd_p75": -0.10452499999999999
      },
      "60": {
        "n_total": 2321,
        "n_hit": 2045,
        "p_hit": 0.881086,
        "t_hit_p25": 1.0,
        "t_hit_median": 3.0,
        "t_hit_p75": 9.0,
        "mdd_p25": -1.1668,
        "mdd_median": -0.436,
        "mdd_p75": -0.1063
      },
      "72": {
        "n_total": 2321,
        "n_hit": 2078,
        "p_hit": 0.895304,
        "t_hit_p25": 1.0,
        "t_hit_median": 3.0,
        "t_hit_p75": 9.0,
        "mdd_p25": -1.246975,
        "mdd_median": -0.44830000000000003,
        "mdd_p75": -0.11102499999999998
      },
      "84": {
        "n_total": 2321,
        "n_hit": 2117,
        "p_hit": 0.912107,
        "t_hit_p25": 1.0,
        "t_hit_median": 3.0,
        "t_hit_p75": 10.0,
        "mdd_p25": -1.337,
        "mdd_median": -0.4718,
        "mdd_p75": -0.1176
      },
      "96": {
        "n_total": 2321,
        "n_hit": 2141,
        "p_hit": 0.922447,
        "t_hit_p25": 1.0,
        "t_hit_median": 3.0,
        "t_hit_p75": 10.0,
        "mdd_p25": -1.371,
        "mdd_median": -0.4807,
        "mdd_p75": -0.1204
      }
    },
    "1.0": {
      "12": {
        "n_total": 2321,
        "n_hit": 1239,
        "p_hit": 0.533822,
        "t_hit_p25": 2.0,
        "t_hit_median": 4.0,
        "t_hit_p75": 7.0,
        "mdd_p25": -0.9963,
        "mdd_median": -0.4034,
        "mdd_p75": -0.0817
      },
      "24": {
        "n_total": 2321,
        "n_hit": 1522,
        "p_hit": 0.655752,
        "t_hit_p25": 2.0,
        "t_hit_median": 5.0,
        "t_hit_p75": 10.0,
        "mdd_p25": -1.16875,
        "mdd_median": -0.49415,
        "mdd_p75": -0.13520000000000001
      },
      "36": {
        "n_total": 2321,
        "n_hit": 1701,
        "p_hit": 0.732874,
        "t_hit_p25": 2.0,
        "t_hit_median": 6.0,
        "t_hit_p75": 14.0,
        "mdd_p25": -1.371,
        "mdd_median": -0.5431,
        "mdd_p75": -0.163
      },
      "48": {
        "n_total": 2321,
        "n_hit": 1787,
        "p_hit": 0.769927,
        "t_hit_p25": 3.0,
        "t_hit_median": 6.0,
        "t_hit_p75": 16.0,
        "mdd_p25": -1.4605000000000001,
        "mdd_median": -0.578,
        "mdd_p75": -0.17485
      },
      "60": {
        "n_total": 2321,
        "n_hit": 1858,
        "p_hit": 0.800517,
        "t_hit_p25": 3.0,
        "t_hit_median": 7.0,
        "t_hit_p75": 18.0,
        "mdd_p25": -1.58445,
        "mdd_median": -0.61265,
        "mdd_p75": -0.18780000000000002
      },
      "72": {
        "n_total": 2321,
        "n_hit": 1914,
        "p_hit": 0.824645,
        "t_hit_p25": 3.0,
        "t_hit_median": 7.0,
        "t_hit_p75": 20.0,
        "mdd_p25": -1.687725,
        "mdd_median": -0.6582,
        "mdd_p75": -0.20055
      },
      "84": {
        "n_total": 2321,
        "n_hit": 1966,
        "p_hit": 0.847049,
        "t_hit_p25": 3.0,
        "t_hit_median": 7.0,
        "t_hit_p75": 22.0,
        "mdd_p25": -1.8055250000000003,
        "mdd_median": -0.6959,
        "mdd_p75": -0.21487499999999998
      },
      "96": {
        "n_total": 2321,
        "n_hit": 1999,
        "p_hit": 0.861267,
        "t_hit_p25": 3.0,
        "t_hit_median": 8.0,
        "t_hit_p75": 23.0,
        "mdd_p25": -1.8851499999999999,
        "mdd_median": -0.7209,
        "mdd_p75": -0.22394999999999998
      }
    },
    "2.0": {
      "12": {
        "n_total": 2321,
        "n_hit": 625,
        "p_hit": 0.26928,
        "t_hit_p25": 3.0,
        "t_hit_median": 5.0,
        "t_hit_p75": 8.0,
        "mdd_p25": -0.9971,
        "mdd_median": -0.4163,
        "mdd_p75": -0.1046
      },
      "24": {
        "n_total": 2321,
        "n_hit": 985,
        "p_hit": 0.424386,
        "t_hit_p25": 4.0,
        "t_hit_median": 9.0,
        "t_hit_p75": 16.0,
        "mdd_p25": -1.3503,
        "mdd_median": -0.5963,
        "mdd_p75": -0.186
      },
      "36": {
        "n_total": 2321,
        "n_hit": 1212,
        "p_hit": 0.522189,
        "t_hit_p25": 5.0,
        "t_hit_median": 12.0,
        "t_hit_p75": 21.0,
        "mdd_p25": -1.5886,
        "mdd_median": -0.7215,
        "mdd_p75": -0.22410000000000002
      },
      "48": {
        "n_total": 2321,
        "n_hit": 1374,
        "p_hit": 0.591986,
        "t_hit_p25": 6.0,
        "t_hit_median": 14.0,
        "t_hit_p75": 26.0,
        "mdd_p25": -1.6826,
        "mdd_median": -0.82085,
        "mdd_p75": -0.26665
      },
      "60": {
        "n_total": 2321,
        "n_hit": 1481,
        "p_hit": 0.638087,
        "t_hit_p25": 6.0,
        "t_hit_median": 16.0,
        "t_hit_p75": 31.0,
        "mdd_p25": -1.7475,
        "mdd_median": -0.8891,
        "mdd_p75": -0.2833
      },
      "72": {
        "n_total": 2321,
        "n_hit": 1579,
        "p_hit": 0.68031,
        "t_hit_p25": 7.0,
        "t_hit_median": 17.0,
        "t_hit_p75": 35.0,
        "mdd_p25": -1.9177,
        "mdd_median": -0.9728,
        "mdd_p75": -0.3123
      },
      "84": {
        "n_total": 2321,
        "n_hit": 1653,
        "p_hit": 0.712193,
        "t_hit_p25": 7.0,
        "t_hit_median": 18.0,
        "t_hit_p75": 38.0,
        "mdd_p25": -2.1676,
        "mdd_median": -1.0298,
        "mdd_p75": -0.3395
      },
      "96": {
        "n_total": 2321,
        "n_hit": 1721,
        "p_hit": 0.741491,
        "t_hit_p25": 7.0,
        "t_hit_median": 20.0,
        "t_hit_p75": 42.0,
        "mdd_p25": -2.2939,
        "mdd_median": -1.1229,
        "mdd_p75": -0.3541
      }
    },
    "3.0": {
      "12": {
        "n_total": 2321,
        "n_hit": 355,
        "p_hit": 0.152951,
        "t_hit_p25": 3.0,
        "t_hit_median": 6.0,
        "t_hit_p75": 9.0,
        "mdd_p25": -0.96515,
        "mdd_median": -0.3983,
        "mdd_p75": -0.1168
      },
      "24": {
        "n_total": 2321,
        "n_hit": 600,
        "p_hit": 0.258509,
        "t_hit_p25": 5.0,
        "t_hit_median": 10.0,
        "t_hit_p75": 17.0,
        "mdd_p25": -1.35255,
        "mdd_median": -0.5751,
        "mdd_p75": -0.171975
      },
      "36": {
        "n_total": 2321,
        "n_hit": 831,
        "p_hit": 0.358035,
        "t_hit_p25": 7.0,
        "t_hit_median": 15.0,
        "t_hit_p75": 26.0,
        "mdd_p25": -1.65425,
        "mdd_median": -0.7081,
        "mdd_p75": -0.2219
      },
      "48": {
        "n_total": 2321,
        "n_hit": 1009,
        "p_hit": 0.434726,
        "t_hit_p25": 8.0,
        "t_hit_median": 20.0,
        "t_hit_p75": 32.0,
        "mdd_p25": -1.8226,
        "mdd_median": -0.8861,
        "mdd_p75": -0.2805
      },
      "60": {
        "n_total": 2321,