{
  "schema": "baseline_probs_v1",
  "source_labels": "data/labels/labels_v1.csv",
  "n_rows_labels": 2593,
  "thresholds": [
    0.5,
    1.0,
    2.0,
    3.0,
    5.0
  ],
  "horizons": [
    12,
    24,
    36,
    48,
    60,
    72,
    84,
    96
  ],
  "results": {
    "0.5": {
      "12": {
        "n_total": 2593,
        "n_hit": 1860,
        "p_hit": 0.717316,
        "t_hit_p25": 1.0,
        "t_hit_median": 2.0,
        "t_hit_p75": 4.0,
        "mdd_p25": -0.727025,
        "mdd_median": -0.293,
        "mdd_p75": -0.05125
      },
      "24": {
        "n_total": 2593,
        "n_hit": 2108,
        "p_hit": 0.812958,
        "t_hit_p25": 1.0,
        "t_hit_median": 3.0,
        "t_hit_p75": 7.0,
        "mdd_p25": -0.891375,
        "mdd_median": -0.35619999999999996,
        "mdd_p75": -0.080875
      },
      "36": {
        "n_total": 2593,
        "n_hit": 2223,
        "p_hit": 0.857308,
        "t_hit_p25": 1.0,
        "t_hit_median": 3.0,
        "t_hit_p75": 8.0,
        "mdd_p25": -0.9831,
        "mdd_median": -0.3966,
        "mdd_p75": -0.0959
      },
      "48": {
        "n_total": 2593,
        "n_hit": 2268,
        "p_hit": 0.874663,
        "t_hit_p25": 1.0,
        "t_hit_median": 3.0,
        "t_hit_p75": 9.0,
        "mdd_p25": -1.0563,
        "mdd_median": -0.41375,
        "mdd_p75": -0.101525
      },
      "60": {
        "n_total": 2593,
        "n_hit": 2291,
        "p_hit": 0.883533,
        "t_hit_p25": 1.0,
        "t_hit_median": 3.0,
        "t_hit_p75": 9.0,
        "mdd_p25": -1.0958,
        "mdd_median": -0.4198,
        "mdd_p75": -0.10305
      },
      "72": {
        "n_total": 2593,
        "n_hit": 2330,
        "p_hit": 0.898573,
        "t_hit_p25": 1.0,
        "t_hit_median": 3.0,
        "t_hit_p75": 10.0,
        "mdd_p25": -1.16025,
        "mdd_median": -0.4357,
        "mdd_p75": -0.10585
      },
      "84": {
        "n_total": 2593,
        "n_hit": 2373,
        "p_hit": 0.915156,
        "t_hit_p25": 1.0,
        "t_hit_median": 3.0,
        "t_hit_p75": 10.0,
        "mdd_p25": -1.2472,
        "mdd_median": -0.4491,
        "mdd_p75": -0.1108
      },
      "96": {
        "n_total": 2593,
        "n_hit": 2402,
        "p_hit": 0.92634,
        "t_hit_p25": 1.0,
        "t_hit_median": 3.0,
        "t_hit_p75": 11.0,
        "mdd_p25": -1.308325,
        "mdd_median": -0.46585,
        "mdd_p75": -0.11625
      }
    },
    "1.0": {
      "12": {
        "n_total": 2593,
        "n_hit": 1376,
        "p_hit": 0.530659,
        "t_hit_p25": 2.0,
        "t_hit_median": 4.0,
        "t_hit_p75": 7.0,
        "mdd_p25": -0.955625,
        "mdd_median": -0.36875,
        "mdd_p75": -0.080875
      },
      "24": {
        "n_total": 2593,
        "n_hit": 1706,
        "p_hit": 0.657925,
        "t_hit_p25": 2.0,
        "t_hit_median": 5.0,
        "t_hit_p75": 10.0,
        "mdd_p25": -1.099675,
        "mdd_median": -0.46955,
        "mdd_p75": -0.12940000000000002
      },
      "36": {
        "n_total": 2593,
        "n_hit": 1915,
        "p_hit": 0.738527,
        "t_hit_p25": 3.0,
        "t_hit_median": 6.0,
        "t_hit_p75": 15.0,
        "mdd_p25": -1.30555,
        "mdd_median": -0.5253,
        "mdd_p75": -0.15965000000000001
      },
      "48": {
        "n_total": 2593,
        "n_hit": 2017,
        "p_hit": 0.777863,
        "t_hit_p25": 3.0,
        "t_hit_median": 7.0,
        "t_hit_p75": 17.0,
        "mdd_p25": -1.3713,
        "mdd_median": -0.5482,
        "mdd_p75": -0.172
      },
      "60": {
        "n_total": 2593,
        "n_hit": 2094,
        "p_hit": 0.807559,
        "t_hit_p25": 3.0,
        "t_hit_median": 7.0,
        "t_hit_p75": 19.0,
        "mdd_p25": -1.474725,
        "mdd_median": -0.5850500000000001,
        "mdd_p75": -0.18455
      },
      "72": {
        "n_total": 2593,
        "n_hit": 2159,
        "p_hit": 0.832626,
        "t_hit_p25": 3.0,
        "t_hit_median": 7.0,
        "t_hit_p75": 21.0,
        "mdd_p25": -1.58865,
        "mdd_median": -0.6161,
        "mdd_p75": -0.19525
      },
      "84": {
        "n_total": 2593,
        "n_hit": 2217,
        "p_hit": 0.854994,
        "t_hit_p25": 3.0,
        "t_hit_median": 8.0,
        "t_hit_p75": 23.0,
        "mdd_p25": -1.6931,
        "mdd_median": -0.6465,
        "mdd_p75": -0.2075
      },
      "96": {
        "n_total": 2593,
        "n_hit": 2254,
        "p_hit": 0.869263,
        "t_hit_p25": 3.0,
        "t_hit_median": 8.0,
        "t_hit_p75": 24.0,
        "mdd_p25": -1.77965,
        "mdd_median": -0.67485,
        "mdd_p75": -0.218175
      }
    },
    "2.0": {
      "12": {
        "n_total": 2593,
        "n_hit": 667,
        "p_hit": 0.257231,
        "t_hit_p25": 3.0,
        "t_hit_median": 5.0,
        "t_hit_p75": 9.0,
        "mdd_p25": -0.98455,
        "mdd_median": -0.4163,
        "mdd_p75": -0.1054
      },
      "24": {
        "n_total": 2593,
        "n_hit": 1076,
        "p_hit": 0.414963,
        "t_hit_p25": 4.0,
        "t_hit_median": 9.0,
        "t_hit_p75": 16.0,
        "mdd_p25": -1.2950249999999999,
        "mdd_median": -0.5789,
        "mdd_p75": -0.18105000000000002
      },
      "36": {
        "n_total": 2593,
        "n_hit": 1368,
        "p_hit": 0.527574,
        "t_hit_p25": 5.0,
        "t_hit_median": 13.0,
        "t_hit_p75": 23.0,
        "mdd_p25": -1.493425,
        "mdd_median": -0.6770499999999999,
        "mdd_p75": -0.225775
      },
      "48": {
        "n_total": 2593,
        "n_hit": 1557,
        "p_hit": 0.600463,
        "t_hit_p25": 6.0,
        "t_hit_median": 15.0,
        "t_hit_p75": 28.0,
        "mdd_p25": -1.5744,
        "mdd_median": -0.7313,
        "mdd_p75": -0.2698
      },
      "60": {
        "n_total": 2593,
        "n_hit": 1684,
        "p_hit": 0.649441,
        "t_hit_p25": 7.0,
        "t_hit_median": 17.0,
        "t_hit_p75": 32.0,
        "mdd_p25": -1.627625,
        "mdd_median": -0.8045500000000001,
        "mdd_p75": -0.288625
      },
      "72": {
        "n_total": 2593,
        "n_hit": 1795,
        "p_hit": 0.692248,
        "t_hit_p25": 7.0,
        "t_hit_median": 18.0,
        "t_hit_p75": 36.0,
        "mdd_p25": -1.78745,
        "mdd_median": -0.8949,
        "mdd_p75": -0.3127
      },
      "84": {
        "n_total": 2593,
        "n_hit": 1876,
        "p_hit": 0.723486,
        "t_hit_p25": 8.0,
        "t_hit_median": 20.0,
        "t_hit_p75": 39.0,
        "mdd_p25": -1.963725,
        "mdd_median": -0.9588,
        "mdd_p75": -0.33645
      },
      "96": {
        "n_total": 2593,
        "n_hit": 1951,
        "p_hit": 0.75241,
        "t_hit_p25": 8.0,
        "t_hit_median": 21.0,
        "t_hit_p75": 42.0,
        "mdd_p25": -2.1454,
        "mdd_median": -1.0025,
        "mdd_p75": -0.3488
      }
    },
    "3.0": {
      "12": {
        "n_total": 2593,
        "n_hit": 366,
        "p_hit": 0.141149,
        "t_hit_p25": 3.0,
        "t_hit_median": 6.0,
        "t_hit_p75": 9.0,
        "mdd_p25": -0.9551249999999999,
        "mdd_median": -0.39339999999999997,
        "mdd_p75": -0.11019999999999999
      },
      "24": {
        "n_total": 2593,
        "n_hit": 633,
        "p_hit": 0.244119,
        "t_hit_p25": 5.0,
        "t_hit_median": 10.0,
        "t_hit_p75": 17.0,
        "mdd_p25": -1.3223,
        "mdd_median": -0.5524,
        "mdd_p75": -0.1663
      },
      "36": {
        "n_total": 2593,
        "n_hit": 896,
        "p_hit": 0.345546,
        "t_hit_p25": 7.0,
        "t_hit_median": 16.0,
        "t_hit_p75": 26.0,
        "mdd_p25": -1.587825,
        "mdd_median": -0.67575,
        "mdd_p75": -0.209425
      },
      "48": {
        "n_total": 2593,
        "n_hit": 1111,
        "p_hit": 0.428461,
        "t_hit_p25": 9.0,
        "t_hit_median": 21.0,
        "t_hit_p75": 33.0,
        "mdd_p25": -1.70255,
        "mdd_median": -0.7988,
        "mdd_p75": -0.2743
      },