{
  "schema": "baseline_probs_v1",
  "source_labels": "data/labels/labels_v1.csv",
  "n_rows_labels": 1841,
  "thresholds": [
    0.5,
    1.0,
    2.0,
    3.0,
    5.0
  ],
  "horizons": [
    12,
    24,
    36,
    48,
    60,
    72,
    84,
    96
  ],
  "results": {
    "0.5": {
      "12": {
        "n_total": 1841,
        "n_hit": 1334,
        "p_hit": 0.724606,
        "t_hit_p25": 1.0,
        "t_hit_median": 2.0,
        "t_hit_p75": 4.0,
        "mdd_p25": -0.80025,
        "mdd_median": -0.3043,
        "mdd_p75": -0.057050000000000003
      },
      "24": {
        "n_total": 1841,
        "n_hit": 1496,
        "p_hit": 0.812602,
        "t_hit_p25": 1.0,
        "t_hit_median": 2.0,
        "t_hit_p75": 6.0,
        "mdd_p25": -0.9451,
        "mdd_median": -0.36924999999999997,
        "mdd_p75": -0.08925
      },
      "36": {
        "n_total": 1841,
        "n_hit": 1566,
        "p_hit": 0.850625,
        "t_hit_p25": 1.0,
        "t_hit_median": 3.0,
        "t_hit_p75": 7.0,
        "mdd_p25": -1.00555,
        "mdd_median": -0.4044,
        "mdd_p75": -0.10092500000000001
      },
      "48": {
        "n_total": 1841,
        "n_hit": 1588,
        "p_hit": 0.862575,
        "t_hit_p25": 1.0,
        "t_hit_median": 3.0,
        "t_hit_p75": 7.25,
        "mdd_p25": -1.076125,
        "mdd_median": -0.41325,
        "mdd_p75": -0.1033
      },
      "60": {
        "n_total": 1841,
        "n_hit": 1603,
        "p_hit": 0.870722,
        "t_hit_p25": 1.0,
        "t_hit_median": 3.0,
        "t_hit_p75": 8.0,
        "mdd_p25": -1.1278000000000001,
        "mdd_median": -0.4191,
        "mdd_p75": -0.1047
      },
      "72": {
        "n_total": 1841,
        "n_hit": 1632,
        "p_hit": 0.886475,
        "t_hit_p25": 1.0,
        "t_hit_median": 3.0,
        "t_hit_p75": 8.0,
        "mdd_p25": -1.183175,
        "mdd_median": -0.43384999999999996,
        "mdd_p75": -0.108425
      },
      "84": {
        "n_total": 1841,
        "n_hit": 1660,
        "p_hit": 0.901684,
        "t_hit_p25": 1.0,
        "t_hit_median": 3.0,
        "t_hit_p75": 9.0,
        "mdd_p25": -1.2657250000000002,
        "mdd_median": -0.44789999999999996,
        "mdd_p75": -0.113025
      },
      "96": {
        "n_total": 1841,
        "n_hit": 1679,
        "p_hit": 0.912004,
        "t_hit_p25": 1.0,
        "t_hit_median": 3.0,
        "t_hit_p75": 10.0,
        "mdd_p25": -1.3255,
        "mdd_median": -0.4665,
        "mdd_p75": -0.1169
      }
    },
    "1.0": {
      "12": {
        "n_total": 1841,
        "n_hit": 1000,
        "p_hit": 0.543183,
        "t_hit_p25": 2.0,
        "t_hit_median": 4.0,
        "t_hit_p75": 7.0,
        "mdd_p25": -0.999325,
        "mdd_median": -0.39505,
        "mdd_p75": -0.0937
      },
      "24": {
        "n_total": 1841,
        "n_hit": 1210,
        "p_hit": 0.657251,
        "t_hit_p25": 2.0,
        "t_hit_median": 5.0,
        "t_hit_p75": 10.0,
        "mdd_p25": -1.1747,
        "mdd_median": -0.47755000000000003,
        "mdd_p75": -0.1291
      },
      "36": {
        "n_total": 1841,
        "n_hit": 1336,
        "p_hit": 0.725693,
        "t_hit_p25": 2.0,
        "t_hit_median": 5.0,
        "t_hit_p75": 13.0,
        "mdd_p25": -1.334975,
        "mdd_median": -0.52525,
        "mdd_p75": -0.153675
      },
      "48": {
        "n_total": 1841,
        "n_hit": 1396,
        "p_hit": 0.758284,
        "t_hit_p25": 2.0,
        "t_hit_median": 6.0,
        "t_hit_p75": 15.0,
        "mdd_p25": -1.3710749999999998,
        "mdd_median": -0.5422,
        "mdd_p75": -0.161775
      },
      "60": {
        "n_total": 1841,
        "n_hit": 1451,
        "p_hit": 0.788159,
        "t_hit_p25": 2.5,
        "t_hit_median": 6.0,
        "t_hit_p75": 17.0,
        "mdd_p25": -1.4605000000000001,
        "mdd_median": -0.5768,
        "mdd_p75": -0.17085
      },
      "72": {
        "n_total": 1841,
        "n_hit": 1500,
        "p_hit": 0.814775,
        "t_hit_p25": 3.0,
        "t_hit_median": 7.0,
        "t_hit_p75": 18.0,
        "mdd_p25": -1.579175,
        "mdd_median": -0.60345,
        "mdd_p75": -0.17645
      },
      "84": {
        "n_total": 1841,
        "n_hit": 1536,
        "p_hit": 0.834329,
        "t_hit_p25": 3.0,
        "t_hit_median": 7.0,
        "t_hit_p75": 20.0,
        "mdd_p25": -1.66635,
        "mdd_median": -0.62885,
        "mdd_p75": -0.18485
      },
      "96": {
        "n_total": 1841,
        "n_hit": 1556,
        "p_hit": 0.845193,
        "t_hit_p25": 3.0,
        "t_hit_median": 7.0,
        "t_hit_p75": 21.0,
        "mdd_p25": -1.7186499999999998,
        "mdd_median": -0.6582,
        "mdd_p75": -0.19067499999999998
      }
    },
    "2.0": {
      "12": {
        "n_total": 1841,
        "n_hit": 510,
        "p_hit": 0.277023,
        "t_hit_p25": 3.0,
        "t_hit_median": 5.0,
        "t_hit_p75": 8.0,
        "mdd_p25": -1.038425,
        "mdd_median": -0.43525,
        "mdd_p75": -0.1174
      },
      "24": {
        "n_total": 1841,
        "n_hit": 780,
        "p_hit": 0.423683,
        "t_hit_p25": 4.0,
        "t_hit_median": 9.0,
        "t_hit_p75": 15.0,
        "mdd_p25": -1.33765,
        "mdd_median": -0.58585,
        "mdd_p75": -0.172475
      },
      "36": {
        "n_total": 1841,
        "n_hit": 942,
        "p_hit": 0.511678,
        "t_hit_p25": 5.0,
        "t_hit_median": 11.0,
        "t_hit_p75": 20.75,
        "mdd_p25": -1.498075,
        "mdd_median": -0.6327499999999999,
        "mdd_p75": -0.191625
      },
      "48": {
        "n_total": 1841,
        "n_hit": 1060,
        "p_hit": 0.575774,
        "t_hit_p25": 5.0,
        "t_hit_median": 13.0,
        "t_hit_p75": 25.0,
        "mdd_p25": -1.5471,
        "mdd_median": -0.6818,
        "mdd_p75": -0.22410000000000002
      },
      "60": {
        "n_total": 1841,
        "n_hit": 1150,
        "p_hit": 0.624661,
        "t_hit_p25": 6.0,
        "t_hit_median": 15.0,
        "t_hit_p75": 31.0,
        "mdd_p25": -1.6027749999999998,
        "mdd_median": -0.7479,
        "mdd_p75": -0.25945
      },
      "72": {
        "n_total": 1841,
        "n_hit": 1231,
        "p_hit": 0.668658,
        "t_hit_p25": 6.0,
        "t_hit_median": 16.0,
        "t_hit_p75": 35.0,
        "mdd_p25": -1.75885,
        "mdd_median": -0.8642,
        "mdd_p75": -0.27754999999999996
      },
      "84": {
        "n_total": 1841,
        "n_hit": 1280,
        "p_hit": 0.695274,
        "t_hit_p25": 6.0,
        "t_hit_median": 17.0,
        "t_hit_p75": 38.0,
        "mdd_p25": -1.92965,
        "mdd_median": -0.94175,
        "mdd_p75": -0.29607500000000003
      },
      "96": {
        "n_total": 1841,
        "n_hit": 1320,
        "p_hit": 0.717002,
        "t_hit_p25": 7.0,
        "t_hit_median": 18.0,
        "t_hit_p75": 41.25,
        "mdd_p25": -2.1350750000000005,
        "mdd_median": -0.9758,
        "mdd_p75": -0.307025
      }
    },
    "3.0": {
      "12": {
        "n_total": 1841,
        "n_hit": 291,
        "p_hit": 0.158066,
        "t_hit_p25": 3.0,
        "t_hit_median": 6.0,
        "t_hit_p75": 9.0,
        "mdd_p25": -0.98065,
        "mdd_median": -0.4322,
        "mdd_p75": -0.1362
      },
      "24": {
        "n_total": 1841,
        "n_hit": 468,
        "p_hit": 0.25421,
        "t_hit_p25": 5.0,
        "t_hit_median": 9.0,
        "t_hit_p75": 16.25,
        "mdd_p25": -1.2715750000000001,
        "mdd_median": -0.54285,
        "mdd_p75": -0.16199999999999998
      },
      "36": {
        "n_total": 1841,
        "n_hit": 634,
        "p_hit": 0.344378,
        "t_hit_p25": 6.0,
        "t_hit_median": 14.0,
        "t_hit_p75": 25.0,
        "mdd_p25": -1.498075,
        "mdd_median": -0.61615,
        "mdd_p75": -0.192275
      },
      "48": {
        "n_total": 1841,
        "n_hit": 758,
        "p_hit": 0.411733,
        "t_hit_p25": 7.0,
        "t_hit_median": 19.0,
        "t_hit_p75": 31.0,