{
  "schema": "baseline_probs_v1",
  "source_labels": "data/labels/labels_v1.csv",
  "n_rows_labels": 2705,
  "thresholds": [
    0.5,
    1.0,
    2.0,
    3.0,
    5.0
  ],
  "horizons": [
    12,
    24,
    36,
    48,
    60,
    72,
    84,
    96
  ],
  "results": {
    "0.5": {
      "12": {
        "n_total": 2705,
        "n_hit": 1909,
        "p_hit": 0.70573,
        "t_hit_p25": 1.0,
        "t_hit_median": 2.0,
        "t_hit_p75": 4.0,
        "mdd_p25": -0.7193,
        "mdd_median": -0.2918,
        "mdd_p75": -0.0511
      },
      "24": {
        "n_total": 2705,
        "n_hit": 2170,
        "p_hit": 0.802218,
        "t_hit_p25": 1.0,
        "t_hit_median": 3.0,
        "t_hit_p75": 7.0,
        "mdd_p25": -0.8937250000000001,
        "mdd_median": -0.3589,
        "mdd_p75": -0.0811
      },
      "36": {
        "n_total": 2705,
        "n_hit": 2299,
        "p_hit": 0.849908,
        "t_hit_p25": 1.0,
        "t_hit_median": 3.0,
        "t_hit_p75": 8.0,
        "mdd_p25": -0.9945999999999999,
        "mdd_median": -0.4055,
        "mdd_p75": -0.09770000000000001
      },
      "48": {
        "n_total": 2705,
        "n_hit": 2344,
        "p_hit": 0.866543,
        "t_hit_p25": 1.0,
        "t_hit_median": 3.0,
        "t_hit_p75": 9.0,
        "mdd_p25": -1.0655999999999999,
        "mdd_median": -0.41765,
        "mdd_p75": -0.102775
      },
      "60": {
        "n_total": 2705,
        "n_hit": 2367,
        "p_hit": 0.875046,
        "t_hit_p25": 1.0,
        "t_hit_median": 3.0,
        "t_hit_p75": 9.0,
        "mdd_p25": -1.12615,
        "mdd_median": -0.4258,
        "mdd_p75": -0.10425000000000001
      },
      "72": {
        "n_total": 2705,
        "n_hit": 2406,
        "p_hit": 0.889464,
        "t_hit_p25": 1.0,
        "t_hit_median": 3.0,
        "t_hit_p75": 10.0,
        "mdd_p25": -1.1794749999999998,
        "mdd_median": -0.43895,
        "mdd_p75": -0.107875
      },
      "84": {
        "n_total": 2705,
        "n_hit": 2449,
        "p_hit": 0.90536,
        "t_hit_p25": 1.0,
        "t_hit_median": 3.0,
        "t_hit_p75": 10.0,
        "mdd_p25": -1.2615,
        "mdd_median": -0.4529,
        "mdd_p75": -0.1125
      },
      "96": {
        "n_total": 2705,
        "n_hit": 2478,
        "p_hit": 0.916081,
        "t_hit_p25": 1.0,
        "t_hit_median": 3.0,
        "t_hit_p75": 11.0,
        "mdd_p25": -1.322975,
        "mdd_median": -0.46965,
        "mdd_p75": -0.1166
      }
    },
    "1.0": {
      "12": {
        "n_total": 2705,
        "n_hit": 1401,
        "p_hit": 0.51793,
        "t_hit_p25": 2.0,
        "t_hit_median": 4.0,
        "t_hit_p75": 7.0,
        "mdd_p25": -0.9403,
        "mdd_median": -0.3691,
        "mdd_p75": -0.0809
      },
      "24": {
        "n_total": 2705,
        "n_hit": 1743,
        "p_hit": 0.644362,
        "t_hit_p25": 2.0,
        "t_hit_median": 5.0,
        "t_hit_p75": 10.5,
        "mdd_p25": -1.09405,
        "mdd_median": -0.4696,
        "mdd_p75": -0.129
      },
      "36": {
        "n_total": 2705,
        "n_hit": 1964,
        "p_hit": 0.726063,
        "t_hit_p25": 3.0,
        "t_hit_median": 6.0,
        "t_hit_p75": 15.0,
        "mdd_p25": -1.312825,
        "mdd_median": -0.5342,
        "mdd_p75": -0.16065000000000002
      },
      "48": {
        "n_total": 2705,
        "n_hit": 2066,
        "p_hit": 0.763771,
        "t_hit_p25": 3.0,
        "t_hit_median": 7.0,
        "t_hit_p75": 17.0,
        "mdd_p25": -1.372,
        "mdd_median": -0.5510999999999999,
        "mdd_p75": -0.172425
      },
      "60": {
        "n_total": 2705,
        "n_hit": 2143,
        "p_hit": 0.792237,
        "t_hit_p25": 3.0,
        "t_hit_median": 7.0,
        "t_hit_p75": 19.0,
        "mdd_p25": -1.47345,
        "mdd_median": -0.5862,
        "mdd_p75": -0.18514999999999998
      },
      "72": {
        "n_total": 2705,
        "n_hit": 2208,
        "p_hit": 0.816266,
        "t_hit_p25": 3.0,
        "t_hit_median": 8.0,
        "t_hit_p75": 21.0,
        "mdd_p25": -1.5768250000000001,
        "mdd_median": -0.6161,
        "mdd_p75": -0.195375
      },
      "84": {
        "n_total": 2705,
        "n_hit": 2266,
        "p_hit": 0.837708,
        "t_hit_p25": 3.0,
        "t_hit_median": 8.0,
        "t_hit_p75": 23.0,
        "mdd_p25": -1.6826,
        "mdd_median": -0.6469499999999999,
        "mdd_p75": -0.208875
      },
      "96": {
        "n_total": 2705,
        "n_hit": 2303,
        "p_hit": 0.851386,
        "t_hit_p25": 3.0,
        "t_hit_median": 8.0,
        "t_hit_p75": 24.0,
        "mdd_p25": -1.7539,
        "mdd_median": -0.6749,
        "mdd_p75": -0.2188
      }
    },
    "2.0": {
      "12": {
        "n_total": 2705,
        "n_hit": 679,
        "p_hit": 0.251017,
        "t_hit_p25": 3.0,
        "t_hit_median": 5.0,
        "t_hit_p75": 9.0,
        "mdd_p25": -0.9754499999999999,
        "mdd_median": -0.4168,
        "mdd_p75": -0.1077
      },
      "24": {
        "n_total": 2705,
        "n_hit": 1096,
        "p_hit": 0.405176,
        "t_hit_p25": 4.0,
        "t_hit_median": 9.0,
        "t_hit_p75": 16.0,
        "mdd_p25": -1.27225,
        "mdd_median": -0.58065,
        "mdd_p75": -0.18105000000000002
      },
      "36": {
        "n_total": 2705,
        "n_hit": 1389,
        "p_hit": 0.513494,
        "t_hit_p25": 5.0,
        "t_hit_median": 13.0,
        "t_hit_p75": 23.0,
        "mdd_p25": -1.4668,
        "mdd_median": -0.6772,
        "mdd_p75": -0.2263
      },
      "48": {
        "n_total": 2705,
        "n_hit": 1578,
        "p_hit": 0.583364,
        "t_hit_p25": 6.0,
        "t_hit_median": 15.0,
        "t_hit_p75": 28.0,
        "mdd_p25": -1.5582,
        "mdd_median": -0.7314,
        "mdd_p75": -0.2698
      },
      "60": {
        "n_total": 2705,
        "n_hit": 1705,
        "p_hit": 0.630314,
        "t_hit_p25": 7.0,
        "t_hit_median": 17.0,
        "t_hit_p75": 32.0,
        "mdd_p25": -1.6171,
        "mdd_median": -0.8007,
        "mdd_p75": -0.2893
      },
      "72": {
        "n_total": 2705,
        "n_hit": 1816,
        "p_hit": 0.671349,
        "t_hit_p25": 7.0,
        "t_hit_median": 18.0,
        "t_hit_p75": 35.0,
        "mdd_p25": -1.764025,
        "mdd_median": -0.88575,
        "mdd_p75": -0.3128
      },
      "84": {
        "n_total": 2705,
        "n_hit": 1897,
        "p_hit": 0.701294,
        "t_hit_p25": 8.0,
        "t_hit_median": 20.0,
        "t_hit_p75": 39.0,
        "mdd_p25": -1.9188,
        "mdd_median": -0.9492,
        "mdd_p75": -0.3373
      },
      "96": {
        "n_total": 2705,
        "n_hit": 1972,
        "p_hit": 0.72902,
        "t_hit_p25": 8.0,
        "t_hit_median": 21.0,
        "t_hit_p75": 42.0,
        "mdd_p25": -2.1270499999999997,
        "mdd_median": -0.991,
        "mdd_p75": -0.34885
      }
    },
    "3.0": {
      "12": {
        "n_total": 2705,
        "n_hit": 367,
        "p_hit": 0.135675,
        "t_hit_p25": 3.0,
        "t_hit_median": 6.0,
        "t_hit_p75": 9.0,
        "mdd_p25": -0.95035,
        "mdd_median": -0.3885,
        "mdd_p75": -0.1077
      },
      "24": {
        "n_total": 2705,
        "n_hit": 635,
        "p_hit": 0.23475,
        "t_hit_p25": 5.0,
        "t_hit_median": 10.0,
        "t_hit_p75": 17.0,
        "mdd_p25": -1.3197,
        "mdd_median": -0.5509,
        "mdd_p75": -0.1616
      },
      "36": {
        "n_total": 2705,
        "n_hit": 898,
        "p_hit": 0.331978,
        "t_hit_p25": 7.0,
        "t_hit_median": 16.0,
        "t_hit_p75": 26.0,
        "mdd_p25": -1.5871749999999998,
        "mdd_median": -0.6745,
        "mdd_p75": -0.207775
      },
      "48": {
        "n_total": 2705,
        "n_hit": 1113,
        "p_hit": 0.41146,
        "t_hit_p25": 9.0,
        "t_hit_median": 21.0,
        "t_hit_p75": 33.0,
        "mdd_p25": -1.7019,
        "mdd_median": -0.7982,
        "mdd_p75": -0.2725
      },