{
  "schema": "baseline_probs_v1",
  "source_labels": "data/labels/labels_v1.csv",
  "n_rows_labels": 3162,
  "thresholds": [
    0.5,
    1.0,
    2.0,
    3.0,
    5.0
  ],
  "horizons": [
    12,
    24,
    36,
    48,
    60,
    72,
    84,
    96
  ],
  "results": {
    "0.5": {
      "12": {
        "n_total": 3162,
        "n_hit": 2240,
        "p_hit": 0.708412,
        "t_hit_p25": 1.0,
        "t_hit_median": 2.0,
        "t_hit_p75": 4.0,
        "mdd_p25": -0.727525,
        "mdd_median": -0.29535,
        "mdd_p75": -0.04945000000000001
      },
      "24": {
        "n_total": 3162,
        "n_hit": 2544,
        "p_hit": 0.804554,
        "t_hit_p25": 1.0,
        "t_hit_median": 3.0,
        "t_hit_p75": 7.0,
        "mdd_p25": -0.915125,
        "mdd_median": -0.36265000000000003,
        "mdd_p75": -0.07897499999999999
      },
      "36": {
        "n_total": 3162,
        "n_hit": 2689,
        "p_hit": 0.850411,
        "t_hit_p25": 1.0,
        "t_hit_median": 3.0,
        "t_hit_p75": 8.0,
        "mdd_p25": -1.0106,
        "mdd_median": -0.4055,
        "mdd_p75": -0.0927
      },
      "48": {
        "n_total": 3162,
        "n_hit": 2752,
        "p_hit": 0.870335,
        "t_hit_p25": 1.0,
        "t_hit_median": 3.0,
        "t_hit_p75": 9.0,
        "mdd_p25": -1.108925,
        "mdd_median": -0.42115,
        "mdd_p75": -0.100825
      },
      "60": {
        "n_total": 3162,
        "n_hit": 2783,
        "p_hit": 0.880139,
        "t_hit_p25": 1.0,
        "t_hit_median": 3.0,
        "t_hit_p75": 9.0,
        "mdd_p25": -1.1498499999999998,
        "mdd_median": -0.429,
        "mdd_p75": -0.10305
      },
      "72": {
        "n_total": 3162,
        "n_hit": 2827,
        "p_hit": 0.894054,
        "t_hit_p25": 1.0,
        "t_hit_median": 3.0,
        "t_hit_p75": 10.0,
        "mdd_p25": -1.20925,
        "mdd_median": -0.4411,
        "mdd_p75": -0.1057
      },
      "84": {
        "n_total": 3162,
        "n_hit": 2870,
        "p_hit": 0.907653,
        "t_hit_p25": 1.0,
        "t_hit_median": 3.0,
        "t_hit_p75": 10.0,
        "mdd_p25": -1.28405,
        "mdd_median": -0.45589999999999997,
        "mdd_p75": -0.10935
      },
      "96": {
        "n_total": 3162,
        "n_hit": 2900,
        "p_hit": 0.917141,
        "t_hit_p25": 1.0,
        "t_hit_median": 3.0,
        "t_hit_p75": 11.0,
        "mdd_p25": -1.33765,
        "mdd_median": -0.47004999999999997,
        "mdd_p75": -0.1132
      }
    },
    "1.0": {
      "12": {
        "n_total": 3162,
        "n_hit": 1635,
        "p_hit": 0.517078,
        "t_hit_p25": 2.0,
        "t_hit_median": 4.0,
        "t_hit_p75": 7.0,
        "mdd_p25": -0.9331499999999999,
        "mdd_median": -0.3609,
        "mdd_p75": -0.0776
      },
      "24": {
        "n_total": 3162,
        "n_hit": 2059,
        "p_hit": 0.65117,
        "t_hit_p25": 2.0,
        "t_hit_median": 5.0,
        "t_hit_p75": 11.0,
        "mdd_p25": -1.10985,
        "mdd_median": -0.4696,
        "mdd_p75": -0.1264
      },
      "36": {
        "n_total": 3162,
        "n_hit": 2303,
        "p_hit": 0.728336,
        "t_hit_p25": 3.0,
        "t_hit_median": 6.0,
        "t_hit_p75": 15.0,
        "mdd_p25": -1.33115,
        "mdd_median": -0.5372,
        "mdd_p75": -0.15585
      },
      "48": {
        "n_total": 3162,
        "n_hit": 2421,
        "p_hit": 0.765655,
        "t_hit_p25": 3.0,
        "t_hit_median": 7.0,
        "t_hit_p75": 17.0,
        "mdd_p25": -1.3966,
        "mdd_median": -0.5576,
        "mdd_p75": -0.1701
      },
      "60": {
        "n_total": 3162,
        "n_hit": 2506,
        "p_hit": 0.792536,
        "t_hit_p25": 3.0,
        "t_hit_median": 7.0,
        "t_hit_p75": 18.0,
        "mdd_p25": -1.497625,
        "mdd_median": -0.5977,
        "mdd_p75": -0.17724999999999996
      },
      "72": {
        "n_total": 3162,
        "n_hit": 2579,
        "p_hit": 0.815623,
        "t_hit_p25": 3.0,
        "t_hit_median": 8.0,
        "t_hit_p75": 20.0,
        "mdd_p25": -1.5913499999999998,
        "mdd_median": -0.6227,
        "mdd_p75": -0.1883
      },
      "84": {
        "n_total": 3162,
        "n_hit": 2639,
        "p_hit": 0.834598,
        "t_hit_p25": 3.0,
        "t_hit_median": 8.0,
        "t_hit_p75": 22.0,
        "mdd_p25": -1.6869,
        "mdd_median": -0.6633,
        "mdd_p75": -0.19640000000000002
      },
      "96": {
        "n_total": 3162,
        "n_hit": 2678,
        "p_hit": 0.846932,
        "t_hit_p25": 3.0,
        "t_hit_median": 8.0,
        "t_hit_p75": 23.0,
        "mdd_p25": -1.7573750000000001,
        "mdd_median": -0.6824,
        "mdd_p75": -0.20452499999999998
      }
    },
    "2.0": {
      "12": {
        "n_total": 3162,
        "n_hit": 778,
        "p_hit": 0.246047,
        "t_hit_p25": 3.0,
        "t_hit_median": 5.0,
        "t_hit_p75": 9.0,
        "mdd_p25": -0.9593499999999999,
        "mdd_median": -0.39705,
        "mdd_p75": -0.07725
      },
      "24": {
        "n_total": 3162,
        "n_hit": 1272,
        "p_hit": 0.402277,
        "t_hit_p25": 4.0,
        "t_hit_median": 9.0,
        "t_hit_p75": 16.0,
        "mdd_p25": -1.24865,
        "mdd_median": -0.5649,
        "mdd_p75": -0.1723
      },
      "36": {
        "n_total": 3162,
        "n_hit": 1607,
        "p_hit": 0.508223,
        "t_hit_p25": 5.0,
        "t_hit_median": 13.0,
        "t_hit_p75": 23.0,
        "mdd_p25": -1.45195,
        "mdd_median": -0.6795,
        "mdd_p75": -0.21255000000000002
      },
      "48": {
        "n_total": 3162,
        "n_hit": 1830,
        "p_hit": 0.578748,
        "t_hit_p25": 6.0,
        "t_hit_median": 15.5,
        "t_hit_p75": 28.0,
        "mdd_p25": -1.580725,
        "mdd_median": -0.7625500000000001,
        "mdd_p75": -0.2597
      },
      "60": {
        "n_total": 3162,
        "n_hit": 1977,
        "p_hit": 0.625237,
        "t_hit_p25": 7.0,
        "t_hit_median": 17.0,
        "t_hit_p75": 32.0,
        "mdd_p25": -1.6617,
        "mdd_median": -0.8185,
        "mdd_p75": -0.2831
      },
      "72": {
        "n_total": 3162,
        "n_hit": 2107,
        "p_hit": 0.66635,
        "t_hit_p25": 7.0,
        "t_hit_median": 18.0,
        "t_hit_p75": 35.5,
        "mdd_p25": -1.8180999999999998,
        "mdd_median": -0.9084,
        "mdd_p75": -0.3116
      },
      "84": {
        "n_total": 3162,
        "n_hit": 2195,
        "p_hit": 0.694181,
        "t_hit_p25": 8.0,
        "t_hit_median": 19.0,
        "t_hit_p75": 39.0,
        "mdd_p25": -1.97215,
        "mdd_median": -0.9662,
        "mdd_p75": -0.3316
      },
      "96": {
        "n_total": 3162,
        "n_hit": 2276,
        "p_hit": 0.719798,
        "t_hit_p25": 8.0,
        "t_hit_median": 21.0,
        "t_hit_p75": 41.0,
        "mdd_p25": -2.1073,
        "mdd_median": -1.0041,
        "mdd_p75": -0.347225
      }
    },
    "3.0": {
      "12": {
        "n_total": 3162,
        "n_hit": 414,
        "p_hit": 0.13093,
        "t_hit_p25": 3.0,
        "t_hit_median": 6.0,
        "t_hit_p75": 9.0,
        "mdd_p25": -0.924075,
        "mdd_median": -0.36175,
        "mdd_p75": -0.08165
      },
      "24": {
        "n_total": 3162,
        "n_hit": 741,
        "p_hit": 0.234345,
        "t_hit_p25": 5.0,
        "t_hit_median": 11.0,
        "t_hit_p75": 17.0,
        "mdd_p25": -1.3223,
        "mdd_median": -0.5535,
        "mdd_p75": -0.1559
      },
      "36": {
        "n_total": 3162,
        "n_hit": 1042,
        "p_hit": 0.329538,
        "t_hit_p25": 7.0,
        "t_hit_median": 16.0,
        "t_hit_p75": 26.0,
        "mdd_p25": -1.584825,
        "mdd_median": -0.6857,
        "mdd_p75": -0.20700000000000002
      },
      "48": {
        "n_total": 3162,
        "n_hit": 1286,
        "p_hit": 0.406705,
        "t_hit_p25": 9.0,
        "t_hit_median": 21.0,
        "t_hit_p75": 33.0,
        "mdd_p25": -1.7156,
        "mdd_median": -0.81955,