{
  "schema": "baseline_probs_v1",
  "source_labels": "data/labels/labels_v1.csv",
  "n_rows_labels": 217,
  "thresholds": [
    0.5,
    1.0,
    2.0,
    3.0,
    5.0
  ],
  "horizons": [
    12,
    24,
    36,
    48,
    60,
    72,
    84,
    96
  ],
  "results": {
    "0.5": {
      "12": {
        "n_total": 217,
        "n_hit": 167,
        "p_hit": 0.769585,
        "t_hit_p25": 1.0,
        "t_hit_median": 2.0,
        "t_hit_p75": 5.0,
        "mdd_p25": -0.84825,
        "mdd_median": -0.3284,
        "mdd_p75": -0.08335000000000001
      },
      "24": {
        "n_total": 217,
        "n_hit": 191,
        "p_hit": 0.880184,
        "t_hit_p25": 1.0,
        "t_hit_median": 3.0,
        "t_hit_p75": 7.0,
        "mdd_p25": -1.0664,
        "mdd_median": -0.4638,
        "mdd_p75": -0.1148
      },
      "36": {
        "n_total": 217,
        "n_hit": 202,
        "p_hit": 0.930876,
        "t_hit_p25": 1.0,
        "t_hit_median": 3.0,
        "t_hit_p75": 9.0,
        "mdd_p25": -1.0167,
        "mdd_median": -0.49545,
        "mdd_p75": -0.125425
      },
      "48": {
        "n_total": 217,
        "n_hit": 202,
        "p_hit": 0.930876,
        "t_hit_p25": 1.0,
        "t_hit_median": 3.0,
        "t_hit_p75": 9.0,
        "mdd_p25": -1.0167,
        "mdd_median": -0.49545,
        "mdd_p75": -0.125425
      },
      "60": {
        "n_total": 217,
        "n_hit": 207,
        "p_hit": 0.953917,
        "t_hit_p25": 1.0,
        "t_hit_median": 3.0,
        "t_hit_p75": 10.0,
        "mdd_p25": -1.1019999999999999,
        "mdd_median": -0.5066,
        "mdd_p75": -0.12835000000000002
      },
      "72": {
        "n_total": 217,
        "n_hit": 212,
        "p_hit": 0.976959,
        "t_hit_p25": 1.0,
        "t_hit_median": 4.0,
        "t_hit_p75": 11.0,
        "mdd_p25": -1.249525,
        "mdd_median": -0.52525,
        "mdd_p75": -0.13765
      },
      "84": {
        "n_total": 217,
        "n_hit": 212,
        "p_hit": 0.976959,
        "t_hit_p25": 1.0,
        "t_hit_median": 4.0,
        "t_hit_p75": 11.0,
        "mdd_p25": -1.249525,
        "mdd_median": -0.52525,
        "mdd_p75": -0.13765
      },
      "96": {
        "n_total": 217,
        "n_hit": 212,
        "p_hit": 0.976959,
        "t_hit_p25": 1.0,
        "t_hit_median": 4.0,
        "t_hit_p75": 11.0,
        "mdd_p25": -1.249525,
        "mdd_median": -0.52525,
        "mdd_p75": -0.13765
      }
    },
    "1.0": {
      "12": {
        "n_total": 217,
        "n_hit": 132,
        "p_hit": 0.608295,
        "t_hit_p25": 3.0,
        "t_hit_median": 5.0,
        "t_hit_p75": 7.0,
        "mdd_p25": -0.9877499999999999,
        "mdd_median": -0.3498,
        "mdd_p75": -0.098875
      },
      "24": {
        "n_total": 217,
        "n_hit": 161,
        "p_hit": 0.741935,
        "t_hit_p25": 3.0,
        "t_hit_median": 6.0,
        "t_hit_p75": 10.0,
        "mdd_p25": -1.3713,
        "mdd_median": -0.4923,
        "mdd_p75": -0.1442
      },
      "36": {
        "n_total": 217,
        "n_hit": 175,
        "p_hit": 0.806452,
        "t_hit_p25": 3.0,
        "t_hit_median": 6.0,
        "t_hit_p75": 12.0,
        "mdd_p25": -1.56345,
        "mdd_median": -0.5418,
        "mdd_p75": -0.1661
      },
      "48": {
        "n_total": 217,
        "n_hit": 186,
        "p_hit": 0.857143,
        "t_hit_p25": 3.25,
        "t_hit_median": 6.5,
        "t_hit_p75": 15.75,
        "mdd_p25": -1.54575,
        "mdd_median": -0.61055,
        "mdd_p75": -0.17302499999999998
      },
      "60": {
        "n_total": 217,
        "n_hit": 193,
        "p_hit": 0.889401,
        "t_hit_p25": 4.0,
        "t_hit_median": 7.0,
        "t_hit_p75": 18.0,
        "mdd_p25": -1.5681,
        "mdd_median": -0.6772,
        "mdd_p75": -0.191
      },
      "72": {
        "n_total": 217,
        "n_hit": 199,
        "p_hit": 0.917051,
        "t_hit_p25": 4.0,
        "t_hit_median": 7.0,
        "t_hit_p75": 19.0,
        "mdd_p25": -1.61995,
        "mdd_median": -0.7065,
        "mdd_p75": -0.20145
      },
      "84": {
        "n_total": 217,
        "n_hit": 200,
        "p_hit": 0.921659,
        "t_hit_p25": 4.0,
        "t_hit_median": 7.0,
        "t_hit_p75": 19.25,
        "mdd_p25": -1.630125,
        "mdd_median": -0.71045,
        "mdd_p75": -0.204475
      },
      "96": {
        "n_total": 217,
        "n_hit": 200,
        "p_hit": 0.921659,
        "t_hit_p25": 4.0,
        "t_hit_median": 7.0,
        "t_hit_p75": 19.25,
        "mdd_p25": -1.630125,
        "mdd_median": -0.71045,
        "mdd_p75": -0.204475
      }
    },
    "2.0": {
      "12": {
        "n_total": 217,
        "n_hit": 58,
        "p_hit": 0.267281,
        "t_hit_p25": 4.0,
        "t_hit_median": 6.0,
        "t_hit_p75": 9.0,
        "mdd_p25": -1.280275,
        "mdd_median": -0.41225,
        "mdd_p75": -0.180025
      },
      "24": {
        "n_total": 217,
        "n_hit": 97,
        "p_hit": 0.447005,
        "t_hit_p25": 6.0,
        "t_hit_median": 10.0,
        "t_hit_p75": 17.0,
        "mdd_p25": -1.4668,
        "mdd_median": -0.8025,
        "mdd_p75": -0.2933
      },
      "36": {
        "n_total": 217,
        "n_hit": 120,
        "p_hit": 0.552995,
        "t_hit_p25": 6.75,
        "t_hit_median": 13.0,
        "t_hit_p75": 21.0,
        "mdd_p25": -1.466925,
        "mdd_median": -0.95535,
        "mdd_p75": -0.372975
      },
      "48": {
        "n_total": 217,
        "n_hit": 137,
        "p_hit": 0.631336,
        "t_hit_p25": 8.0,
        "t_hit_median": 16.0,
        "t_hit_p75": 28.0,
        "mdd_p25": -1.4601,
        "mdd_median": -1.0037,
        "mdd_p75": -0.4383
      },
      "60": {
        "n_total": 217,
        "n_hit": 150,
        "p_hit": 0.691244,
        "t_hit_p25": 8.0,
        "t_hit_median": 17.5,
        "t_hit_p75": 32.75,
        "mdd_p25": -1.4606999999999999,
        "mdd_median": -1.03775,
        "mdd_p75": -0.5135000000000001
      },
      "72": {
        "n_total": 217,
        "n_hit": 154,
        "p_hit": 0.709677,
        "t_hit_p25": 8.0,
        "t_hit_median": 18.0,
        "t_hit_p75": 34.0,
        "mdd_p25": -1.4671750000000001,
        "mdd_median": -1.06905,
        "mdd_p75": -0.53635
      },
      "84": {
        "n_total": 217,
        "n_hit": 163,
        "p_hit": 0.751152,
        "t_hit_p25": 9.0,
        "t_hit_median": 20.0,
        "t_hit_p75": 37.5,
        "mdd_p25": -1.5884,
        "mdd_median": -1.1517,
        "mdd_p75": -0.5540499999999999
      },
      "96": {
        "n_total": 217,
        "n_hit": 168,
        "p_hit": 0.774194,
        "t_hit_p25": 9.0,
        "t_hit_median": 20.0,
        "t_hit_p75": 40.0,
        "mdd_p25": -1.618525,
        "mdd_median": -1.18245,
        "mdd_p75": -0.5889500000000001
      }
    },
    "3.0": {
      "12": {
        "n_total": 217,
        "n_hit": 35,
        "p_hit": 0.16129,
        "t_hit_p25": 5.0,
        "t_hit_median": 8.0,
        "t_hit_p75": 10.0,
        "mdd_p25": -1.3489499999999999,
        "mdd_median": -0.4383,
        "mdd_p75": -0.18364999999999998
      },
      "24": {
        "n_total": 217,
        "n_hit": 52,
        "p_hit": 0.239631,
        "t_hit_p25": 6.0,
        "t_hit_median": 10.0,
        "t_hit_p75": 16.25,
        "mdd_p25": -1.4018,
        "mdd_median": -0.5026,
        "mdd_p75": -0.204475
      },
      "36": {
        "n_total": 217,
        "n_hit": 69,
        "p_hit": 0.317972,
        "t_hit_p25": 8.0,
        "t_hit_median": 12.0,
        "t_hit_p75": 24.0,
        "mdd_p25": -1.3997,
        "mdd_median": -0.8025,
        "mdd_p75": -0.2933
      },
      "48": {
        "n_total": 217,
        "n_hit": 81,
        "p_hit": 0.373272,
        "t_hit_p25": 9.0,
        "t_hit_median": 18.0,
        "t_hit_p75": 32.0,
        "mdd_p25": -1.3359,
        "mdd_median": -0.9492,
        "mdd_p75": -0.3594
      },
      "60": {
        "n_total": 217,
        "n_hit": 93,