{
  "schema": "baseline_probs_v1",
  "source_labels": "data/labels/labels_v1.csv",
  "n_rows_labels": 1601,
  "thresholds": [
    0.5,
    1.0,
    2.0,
    3.0,
    5.0
  ],
  "horizons": [
    12,
    24,
    36,
    48,
    60,
    72,
    84,
    96
  ],
  "results": {
    "0.5": {
      "12": {
        "n_total": 1601,
        "n_hit": 1137,
        "p_hit": 0.710181,
        "t_hit_p25": 1.0,
        "t_hit_median": 2.0,
        "t_hit_p75": 5.0,
        "mdd_p25": -0.8379,
        "mdd_median": -0.3,
        "mdd_p75": -0.0545
      },
      "24": {
        "n_total": 1601,
        "n_hit": 1286,
        "p_hit": 0.803248,
        "t_hit_p25": 1.0,
        "t_hit_median": 3.0,
        "t_hit_p75": 7.0,
        "mdd_p25": -0.9767,
        "mdd_median": -0.3754,
        "mdd_p75": -0.08435000000000001
      },
      "36": {
        "n_total": 1601,
        "n_hit": 1348,
        "p_hit": 0.841974,
        "t_hit_p25": 1.0,
        "t_hit_median": 3.0,
        "t_hit_p75": 8.0,
        "mdd_p25": -1.0623500000000001,
        "mdd_median": -0.4096,
        "mdd_p75": -0.097675
      },
      "48": {
        "n_total": 1601,
        "n_hit": 1366,
        "p_hit": 0.853217,
        "t_hit_p25": 1.0,
        "t_hit_median": 3.0,
        "t_hit_p75": 8.0,
        "mdd_p25": -1.1098750000000002,
        "mdd_median": -0.41765,
        "mdd_p75": -0.10177499999999999
      },
      "60": {
        "n_total": 1601,
        "n_hit": 1380,
        "p_hit": 0.861961,
        "t_hit_p25": 1.0,
        "t_hit_median": 3.0,
        "t_hit_p75": 8.0,
        "mdd_p25": -1.1497249999999999,
        "mdd_median": -0.4259,
        "mdd_p75": -0.1033
      },
      "72": {
        "n_total": 1601,
        "n_hit": 1409,
        "p_hit": 0.880075,
        "t_hit_p25": 1.0,
        "t_hit_median": 3.0,
        "t_hit_p75": 9.0,
        "mdd_p25": -1.2421,
        "mdd_median": -0.4433,
        "mdd_p75": -0.1057
      },
      "84": {
        "n_total": 1601,
        "n_hit": 1436,
        "p_hit": 0.896939,
        "t_hit_p25": 1.0,
        "t_hit_median": 3.0,
        "t_hit_p75": 10.0,
        "mdd_p25": -1.31405,
        "mdd_median": -0.4668,
        "mdd_p75": -0.10995
      },
      "96": {
        "n_total": 1601,
        "n_hit": 1455,
        "p_hit": 0.908807,
        "t_hit_p25": 1.0,
        "t_hit_median": 3.0,
        "t_hit_p75": 10.0,
        "mdd_p25": -1.35615,
        "mdd_median": -0.4747,
        "mdd_p75": -0.11645
      }
    },
    "1.0": {
      "12": {
        "n_total": 1601,
        "n_hit": 845,
        "p_hit": 0.527795,
        "t_hit_p25": 2.0,
        "t_hit_median": 4.0,
        "t_hit_p75": 7.0,
        "mdd_p25": -1.0143,
        "mdd_median": -0.402,
        "mdd_p75": -0.0809
      },
      "24": {
        "n_total": 1601,
        "n_hit": 1030,
        "p_hit": 0.643348,
        "t_hit_p25": 2.0,
        "t_hit_median": 5.0,
        "t_hit_p75": 10.0,
        "mdd_p25": -1.1789749999999999,
        "mdd_median": -0.4759,
        "mdd_p75": -0.11852499999999999
      },
      "36": {
        "n_total": 1601,
        "n_hit": 1146,
        "p_hit": 0.715803,
        "t_hit_p25": 2.0,
        "t_hit_median": 6.0,
        "t_hit_p75": 13.0,
        "mdd_p25": -1.3389499999999999,
        "mdd_median": -0.5143,
        "mdd_p75": -0.14852500000000002
      },
      "48": {
        "n_total": 1601,
        "n_hit": 1191,
        "p_hit": 0.74391,
        "t_hit_p25": 2.0,
        "t_hit_median": 6.0,
        "t_hit_p75": 15.0,
        "mdd_p25": -1.3533,
        "mdd_median": -0.5345,
        "mdd_p75": -0.15855
      },
      "60": {
        "n_total": 1601,
        "n_hit": 1238,
        "p_hit": 0.773267,
        "t_hit_p25": 3.0,
        "t_hit_median": 7.0,
        "t_hit_p75": 17.0,
        "mdd_p25": -1.4113499999999999,
        "mdd_median": -0.55305,
        "mdd_p75": -0.1656
      },
      "72": {
        "n_total": 1601,
        "n_hit": 1287,
        "p_hit": 0.803873,
        "t_hit_p25": 3.0,
        "t_hit_median": 7.0,
        "t_hit_p75": 19.0,
        "mdd_p25": -1.56345,
        "mdd_median": -0.5955,
        "mdd_p75": -0.17215
      },
      "84": {
        "n_total": 1601,
        "n_hit": 1321,
        "p_hit": 0.825109,
        "t_hit_p25": 3.0,
        "t_hit_median": 7.0,
        "t_hit_p75": 21.0,
        "mdd_p25": -1.6617,
        "mdd_median": -0.6178,
        "mdd_p75": -0.1783
      },
      "96": {
        "n_total": 1601,
        "n_hit": 1341,
        "p_hit": 0.837601,
        "t_hit_p25": 3.0,
        "t_hit_median": 7.0,
        "t_hit_p75": 22.0,
        "mdd_p25": -1.7197,
        "mdd_median": -0.635,
        "mdd_p75": -0.1844
      }
    },
    "2.0": {
      "12": {
        "n_total": 1601,
        "n_hit": 431,
        "p_hit": 0.269207,
        "t_hit_p25": 2.0,
        "t_hit_median": 5.0,
        "t_hit_p75": 8.0,
        "mdd_p25": -1.0958,
        "mdd_median": -0.4322,
        "mdd_p75": -0.1169
      },
      "24": {
        "n_total": 1601,
        "n_hit": 653,
        "p_hit": 0.40787,
        "t_hit_p25": 4.0,
        "t_hit_median": 8.0,
        "t_hit_p75": 15.0,
        "mdd_p25": -1.3315,
        "mdd_median": -0.5846,
        "mdd_p75": -0.1724
      },
      "36": {
        "n_total": 1601,
        "n_hit": 796,
        "p_hit": 0.497189,
        "t_hit_p25": 4.75,
        "t_hit_median": 11.0,
        "t_hit_p75": 21.0,
        "mdd_p25": -1.462375,
        "mdd_median": -0.6115,
        "mdd_p75": -0.18295
      },
      "48": {
        "n_total": 1601,
        "n_hit": 902,
        "p_hit": 0.563398,
        "t_hit_p25": 5.0,
        "t_hit_median": 13.0,
        "t_hit_p75": 27.0,
        "mdd_p25": -1.498075,
        "mdd_median": -0.6327499999999999,
        "mdd_p75": -0.2207
      },
      "60": {
        "n_total": 1601,
        "n_hit": 971,
        "p_hit": 0.606496,
        "t_hit_p25": 6.0,
        "t_hit_median": 15.0,
        "t_hit_p75": 31.0,
        "mdd_p25": -1.5436,
        "mdd_median": -0.6831,
        "mdd_p75": -0.247
      },
      "72": {
        "n_total": 1601,
        "n_hit": 1041,
        "p_hit": 0.650219,
        "t_hit_p25": 6.0,
        "t_hit_median": 17.0,
        "t_hit_p75": 35.0,
        "mdd_p25": -1.666,
        "mdd_median": -0.8118,
        "mdd_p75": -0.2731
      },
      "84": {
        "n_total": 1601,
        "n_hit": 1084,
        "p_hit": 0.677077,
        "t_hit_p25": 6.0,
        "t_hit_median": 18.0,
        "t_hit_p75": 38.0,
        "mdd_p25": -1.8188499999999999,
        "mdd_median": -0.8823,
        "mdd_p75": -0.283775
      },
      "96": {
        "n_total": 1601,
        "n_hit": 1121,
        "p_hit": 0.700187,
        "t_hit_p25": 7.0,
        "t_hit_median": 19.0,
        "t_hit_p75": 41.0,
        "mdd_p25": -1.97,
        "mdd_median": -0.9492,
        "mdd_p75": -0.3
      }
    },
    "3.0": {
      "12": {
        "n_total": 1601,
        "n_hit": 241,
        "p_hit": 0.150531,
        "t_hit_p25": 3.0,
        "t_hit_median": 5.0,
        "t_hit_p75": 8.0,
        "mdd_p25": -1.0609,
        "mdd_median": -0.4653,
        "mdd_p75": -0.1442
      },
      "24": {
        "n_total": 1601,
        "n_hit": 380,
        "p_hit": 0.237352,
        "t_hit_p25": 4.0,
        "t_hit_median": 9.0,
        "t_hit_p75": 17.0,
        "mdd_p25": -1.2542499999999999,
        "mdd_median": -0.5374,
        "mdd_p75": -0.15535
      },
      "36": {
        "n_total": 1601,
        "n_hit": 514,
        "p_hit": 0.321049,
        "t_hit_p25": 6.0,
        "t_hit_median": 14.0,
        "t_hit_p75": 25.0,
        "mdd_p25": -1.4657,
        "mdd_median": -0.6010500000000001,
        "mdd_p75": -0.193225
      },
      "48": {
        "n_total": 1601,
        "n_hit": 623,
        "p_hit": 0.389132,
        "t_hit_p25": 7.0,
        "t_hit_median": 19.0,
        "t_hit_p75": 32.0,
        "mdd_p25": -1.58765,
        "mdd_median": -0.66,
        "mdd_p75": -0.2462
      },
      "60": {
        "n_total": 1601,