{
  "schema": "baseline_probs_v1",
  "source_labels": "data/labels/labels_v1.csv",
  "n_rows_labels": 2488,
  "thresholds": [
    0.5,
    1.0,
    2.0,
    3.0,
    5.0
  ],
  "horizons": [
    12,
    24,
    36,
    48,
    60,
    72,
    84,
    96
  ],
  "results": {
    "0.5": {
      "12": {
        "n_total": 2488,
        "n_hit": 1787,
        "p_hit": 0.718248,
        "t_hit_p25": 1.0,
        "t_hit_median": 2.0,
        "t_hit_p75": 4.0,
        "mdd_p25": -0.7409,
        "mdd_median": -0.2991,
        "mdd_p75": -0.05185
      },
      "24": {
        "n_total": 2488,
        "n_hit": 2015,
        "p_hit": 0.809887,
        "t_hit_p25": 1.0,
        "t_hit_median": 3.0,
        "t_hit_p75": 6.0,
        "mdd_p25": -0.92235,
        "mdd_median": -0.3651,
        "mdd_p75": -0.08245
      },
      "36": {
        "n_total": 2488,
        "n_hit": 2128,
        "p_hit": 0.855305,
        "t_hit_p25": 1.0,
        "t_hit_median": 3.0,
        "t_hit_p75": 8.0,
        "mdd_p25": -0.997925,
        "mdd_median": -0.4096,
        "mdd_p75": -0.09809999999999999
      },
      "48": {
        "n_total": 2488,
        "n_hit": 2173,
        "p_hit": 0.873392,
        "t_hit_p25": 1.0,
        "t_hit_median": 3.0,
        "t_hit_p75": 8.0,
        "mdd_p25": -1.078,
        "mdd_median": -0.4198,
        "mdd_p75": -0.1035
      },
      "60": {
        "n_total": 2488,
        "n_hit": 2196,
        "p_hit": 0.882637,
        "t_hit_p25": 1.0,
        "t_hit_median": 3.0,
        "t_hit_p75": 9.0,
        "mdd_p25": -1.1452499999999999,
        "mdd_median": -0.4279,
        "mdd_p75": -0.10567499999999999
      },
      "72": {
        "n_total": 2488,
        "n_hit": 2235,
        "p_hit": 0.898312,
        "t_hit_p25": 1.0,
        "t_hit_median": 3.0,
        "t_hit_p75": 9.0,
        "mdd_p25": -1.2012,
        "mdd_median": -0.4427,
        "mdd_p75": -0.1095
      },
      "84": {
        "n_total": 2488,
        "n_hit": 2276,
        "p_hit": 0.914791,
        "t_hit_p25": 1.0,
        "t_hit_median": 3.0,
        "t_hit_p75": 10.0,
        "mdd_p25": -1.29705,
        "mdd_median": -0.46645000000000003,
        "mdd_p75": -0.11647500000000001
      },
      "96": {
        "n_total": 2488,
        "n_hit": 2300,
        "p_hit": 0.924437,
        "t_hit_p25": 1.0,
        "t_hit_median": 3.0,
        "t_hit_p75": 10.0,
        "mdd_p25": -1.3415499999999998,
        "mdd_median": -0.47425,
        "mdd_p75": -0.11767499999999999
      }
    },
    "1.0": {
      "12": {
        "n_total": 2488,
        "n_hit": 1322,
        "p_hit": 0.53135,
        "t_hit_p25": 2.0,
        "t_hit_median": 4.0,
        "t_hit_p75": 7.0,
        "mdd_p25": -0.9758749999999999,
        "mdd_median": -0.3806,
        "mdd_p75": -0.08145
      },
      "24": {
        "n_total": 2488,
        "n_hit": 1623,
        "p_hit": 0.652331,
        "t_hit_p25": 2.0,
        "t_hit_median": 5.0,
        "t_hit_p75": 10.0,
        "mdd_p25": -1.1427,
        "mdd_median": -0.4791,
        "mdd_p75": -0.13325
      },
      "36": {
        "n_total": 2488,
        "n_hit": 1824,
        "p_hit": 0.733119,
        "t_hit_p25": 2.0,
        "t_hit_median": 6.0,
        "t_hit_p75": 14.0,
        "mdd_p25": -1.34265,
        "mdd_median": -0.5392,
        "mdd_p75": -0.1623
      },
      "48": {
        "n_total": 2488,
        "n_hit": 1924,
        "p_hit": 0.773312,
        "t_hit_p25": 3.0,
        "t_hit_median": 7.0,
        "t_hit_p75": 17.0,
        "mdd_p25": -1.4025750000000001,
        "mdd_median": -0.5702,
        "mdd_p75": -0.174975
      },
      "60": {
        "n_total": 2488,
        "n_hit": 2000,
        "p_hit": 0.803859,
        "t_hit_p25": 3.0,
        "t_hit_median": 7.0,
        "t_hit_p75": 18.0,
        "mdd_p25": -1.5410249999999999,
        "mdd_median": -0.6033,
        "mdd_p75": -0.1884
      },
      "72": {
        "n_total": 2488,
        "n_hit": 2065,
        "p_hit": 0.829984,
        "t_hit_p25": 3.0,
        "t_hit_median": 7.0,
        "t_hit_p75": 21.0,
        "mdd_p25": -1.6473,
        "mdd_median": -0.6366,
        "mdd_p75": -0.2017
      },
      "84": {
        "n_total": 2488,
        "n_hit": 2120,
        "p_hit": 0.85209,
        "t_hit_p25": 3.0,
        "t_hit_median": 8.0,
        "t_hit_p75": 23.0,
        "mdd_p25": -1.7486,
        "mdd_median": -0.6785,
        "mdd_p75": -0.21555000000000002
      },
      "96": {
        "n_total": 2488,
        "n_hit": 2154,
        "p_hit": 0.865756,
        "t_hit_p25": 3.0,
        "t_hit_median": 8.0,
        "t_hit_p75": 24.0,
        "mdd_p25": -1.821425,
        "mdd_median": -0.6991499999999999,
        "mdd_p75": -0.22412500000000002
      }
    },
    "2.0": {
      "12": {
        "n_total": 2488,
        "n_hit": 656,
        "p_hit": 0.263666,
        "t_hit_p25": 3.0,
        "t_hit_median": 5.0,
        "t_hit_p75": 8.25,
        "mdd_p25": -0.990225,
        "mdd_median": -0.4137,
        "mdd_p75": -0.103775
      },
      "24": {
        "n_total": 2488,
        "n_hit": 1044,
        "p_hit": 0.419614,
        "t_hit_p25": 4.0,
        "t_hit_median": 9.0,
        "t_hit_p75": 16.0,
        "mdd_p25": -1.323525,
        "mdd_median": -0.5828,
        "mdd_p75": -0.18295
      },
      "36": {
        "n_total": 2488,
        "n_hit": 1304,
        "p_hit": 0.524116,
        "t_hit_p25": 5.0,
        "t_hit_median": 12.0,
        "t_hit_p75": 22.0,
        "mdd_p25": -1.5471,
        "mdd_median": -0.6991499999999999,
        "mdd_p75": -0.225775
      },
      "48": {
        "n_total": 2488,
        "n_hit": 1479,
        "p_hit": 0.594453,
        "t_hit_p25": 6.0,
        "t_hit_median": 15.0,
        "t_hit_p75": 27.0,
        "mdd_p25": -1.6186500000000001,
        "mdd_median": -0.7918,
        "mdd_p75": -0.2677
      },
      "60": {
        "n_total": 2488,
        "n_hit": 1600,
        "p_hit": 0.643087,
        "t_hit_p25": 6.0,
        "t_hit_median": 16.0,
        "t_hit_p75": 32.0,
        "mdd_p25": -1.683,
        "mdd_median": -0.85225,
        "mdd_p75": -0.28595000000000004
      },
      "72": {
        "n_total": 2488,
        "n_hit": 1710,
        "p_hit": 0.687299,
        "t_hit_p25": 7.0,
        "t_hit_median": 18.0,
        "t_hit_p75": 35.0,
        "mdd_p25": -1.852975,
        "mdd_median": -0.9445,
        "mdd_p75": -0.31279999999999997
      },
      "84": {
        "n_total": 2488,
        "n_hit": 1790,
        "p_hit": 0.719453,
        "t_hit_p25": 7.0,
        "t_hit_median": 19.0,
        "t_hit_p75": 39.0,
        "mdd_p25": -2.04605,
        "mdd_median": -0.9934,
        "mdd_p75": -0.3403
      },
      "96": {
        "n_total": 2488,
        "n_hit": 1861,
        "p_hit": 0.74799,
        "t_hit_p25": 8.0,
        "t_hit_median": 20.0,
        "t_hit_p75": 42.0,
        "mdd_p25": -2.1921,
        "mdd_median": -1.0607,
        "mdd_p75": -0.3525
      }
    },
    "3.0": {
      "12": {
        "n_total": 2488,
        "n_hit": 365,
        "p_hit": 0.146704,
        "t_hit_p25": 3.0,
        "t_hit_median": 6.0,
        "t_hit_p75": 9.0,
        "mdd_p25": -0.9599,
        "mdd_median": -0.3885,
        "mdd_p75": -0.1092
      },
      "24": {
        "n_total": 2488,
        "n_hit": 628,
        "p_hit": 0.252412,
        "t_hit_p25": 5.0,
        "t_hit_median": 10.0,
        "t_hit_p75": 17.0,
        "mdd_p25": -1.325275,
        "mdd_median": -0.5561,
        "mdd_p75": -0.16899999999999998
      },
      "36": {
        "n_total": 2488,
        "n_hit": 882,
        "p_hit": 0.354502,
        "t_hit_p25": 7.0,
        "t_hit_median": 16.0,
        "t_hit_p75": 26.0,
        "mdd_p25": -1.6081750000000001,
        "mdd_median": -0.68325,
        "mdd_p75": -0.218225
      },
      "48": {
        "n_total": 2488,
        "n_hit": 1079,
        "p_hit": 0.433682,
        "t_hit_p25": 9.0,
        "t_hit_median": 21.0,
        "t_hit_p75": 32.5,
        "mdd_p25": -1.7377500000000001,