{
  "schema": "baseline_probs_v1",
  "source_labels": "data/labels/labels_v1.csv",
  "n_rows_labels": 1449,
  "thresholds": [
    0.5,
    1.0,
    2.0,
    3.0,
    5.0
  ],
  "horizons": [
    12,
    24,
    36,
    48,
    60,
    72,
    84,
    96
  ],
  "results": {
    "0.5": {
      "12": {
        "n_total": 1449,
        "n_hit": 1021,
        "p_hit": 0.704624,
        "t_hit_p25": 1.0,
        "t_hit_median": 2.0,
        "t_hit_p75": 5.0,
        "mdd_p25": -0.8118,
        "mdd_median": -0.2812,
        "mdd_p75": -0.0527
      },
      "24": {
        "n_total": 1449,
        "n_hit": 1163,
        "p_hit": 0.802622,
        "t_hit_p25": 1.0,
        "t_hit_median": 3.0,
        "t_hit_p75": 7.0,
        "mdd_p25": -0.9718,
        "mdd_median": -0.3684,
        "mdd_p75": -0.08315
      },
      "36": {
        "n_total": 1449,
        "n_hit": 1217,
        "p_hit": 0.83989,
        "t_hit_p25": 1.0,
        "t_hit_median": 3.0,
        "t_hit_p75": 8.0,
        "mdd_p25": -1.0084,
        "mdd_median": -0.3954,
        "mdd_p75": -0.0941
      },
      "48": {
        "n_total": 1449,
        "n_hit": 1229,
        "p_hit": 0.848171,
        "t_hit_p25": 1.0,
        "t_hit_median": 3.0,
        "t_hit_p75": 8.0,
        "mdd_p25": -1.0637,
        "mdd_median": -0.4058,
        "mdd_p75": -0.0966
      },
      "60": {
        "n_total": 1449,
        "n_hit": 1243,
        "p_hit": 0.857833,
        "t_hit_p25": 1.0,
        "t_hit_median": 3.0,
        "t_hit_p75": 9.0,
        "mdd_p25": -1.10955,
        "mdd_median": -0.4142,
        "mdd_p75": -0.10095000000000001
      },
      "72": {
        "n_total": 1449,
        "n_hit": 1272,
        "p_hit": 0.877847,
        "t_hit_p25": 1.0,
        "t_hit_median": 3.0,
        "t_hit_p75": 10.0,
        "mdd_p25": -1.194175,
        "mdd_median": -0.43384999999999996,
        "mdd_p75": -0.10425000000000001
      },
      "84": {
        "n_total": 1449,
        "n_hit": 1299,
        "p_hit": 0.89648,
        "t_hit_p25": 1.0,
        "t_hit_median": 3.0,
        "t_hit_p75": 10.0,
        "mdd_p25": -1.2835,
        "mdd_median": -0.4485,
        "mdd_p75": -0.10645
      },
      "96": {
        "n_total": 1449,
        "n_hit": 1315,
        "p_hit": 0.907522,
        "t_hit_p25": 1.0,
        "t_hit_median": 3.0,
        "t_hit_p75": 11.0,
        "mdd_p25": -1.3416,
        "mdd_median": -0.4685,
        "mdd_p75": -0.1094
      }
    },
    "1.0": {
      "12": {
        "n_total": 1449,
        "n_hit": 758,
        "p_hit": 0.523119,
        "t_hit_p25": 2.0,
        "t_hit_median": 4.0,
        "t_hit_p75": 7.0,
        "mdd_p25": -0.999125,
        "mdd_median": -0.38134999999999997,
        "mdd_p75": -0.07944999999999999
      },
      "24": {
        "n_total": 1449,
        "n_hit": 932,
        "p_hit": 0.643202,
        "t_hit_p25": 2.0,
        "t_hit_median": 5.0,
        "t_hit_p75": 10.0,
        "mdd_p25": -1.1363750000000001,
        "mdd_median": -0.4693,
        "mdd_p75": -0.11767499999999999
      },
      "36": {
        "n_total": 1449,
        "n_hit": 1032,
        "p_hit": 0.712215,
        "t_hit_p25": 2.0,
        "t_hit_median": 6.0,
        "t_hit_p75": 13.0,
        "mdd_p25": -1.260225,
        "mdd_median": -0.48975,
        "mdd_p75": -0.14535
      },
      "48": {
        "n_total": 1449,
        "n_hit": 1071,
        "p_hit": 0.73913,
        "t_hit_p25": 3.0,
        "t_hit_median": 6.0,
        "t_hit_p75": 15.0,
        "mdd_p25": -1.27175,
        "mdd_median": -0.5013,
        "mdd_p75": -0.1558
      },
      "60": {
        "n_total": 1449,
        "n_hit": 1111,
        "p_hit": 0.766736,
        "t_hit_p25": 3.0,
        "t_hit_median": 7.0,
        "t_hit_p75": 17.0,
        "mdd_p25": -1.3533,
        "mdd_median": -0.5372,
        "mdd_p75": -0.1611
      },
      "72": {
        "n_total": 1449,
        "n_hit": 1159,
        "p_hit": 0.799862,
        "t_hit_p25": 3.0,
        "t_hit_median": 7.0,
        "t_hit_p75": 19.0,
        "mdd_p25": -1.4605000000000001,
        "mdd_median": -0.5723,
        "mdd_p75": -0.16999999999999998
      },
      "84": {
        "n_total": 1449,
        "n_hit": 1191,
        "p_hit": 0.821946,
        "t_hit_p25": 3.0,
        "t_hit_median": 7.0,
        "t_hit_p75": 21.0,
        "mdd_p25": -1.5587499999999999,
        "mdd_median": -0.5949,
        "mdd_p75": -0.173
      },
      "96": {
        "n_total": 1449,
        "n_hit": 1210,
        "p_hit": 0.835059,
        "t_hit_p25": 3.0,
        "t_hit_median": 8.0,
        "t_hit_p75": 22.0,
        "mdd_p25": -1.6275,
        "mdd_median": -0.6025499999999999,
        "mdd_p75": -0.17670000000000002
      }
    },
    "2.0": {
      "12": {
        "n_total": 1449,
        "n_hit": 372,
        "p_hit": 0.256729,
        "t_hit_p25": 3.0,
        "t_hit_median": 5.0,
        "t_hit_p75": 8.0,
        "mdd_p25": -1.032675,
        "mdd_median": -0.41225,
        "mdd_p75": -0.12735000000000002
      },
      "24": {
        "n_total": 1449,
        "n_hit": 578,
        "p_hit": 0.398896,
        "t_hit_p25": 4.0,
        "t_hit_median": 9.0,
        "t_hit_p75": 16.0,
        "mdd_p25": -1.24895,
        "mdd_median": -0.5627,
        "mdd_p75": -0.172025
      },
      "36": {
        "n_total": 1449,
        "n_hit": 701,
        "p_hit": 0.483782,
        "t_hit_p25": 5.0,
        "t_hit_median": 11.0,
        "t_hit_p75": 21.0,
        "mdd_p25": -1.3262,
        "mdd_median": -0.5798,
        "mdd_p75": -0.176
      },
      "48": {
        "n_total": 1449,
        "n_hit": 797,
        "p_hit": 0.550035,
        "t_hit_p25": 6.0,
        "t_hit_median": 14.0,
        "t_hit_p75": 27.0,
        "mdd_p25": -1.3584,
        "mdd_median": -0.5938,
        "mdd_p75": -0.2073
      },
      "60": {
        "n_total": 1449,
        "n_hit": 863,
        "p_hit": 0.595583,
        "t_hit_p25": 6.0,
        "t_hit_median": 16.0,
        "t_hit_p75": 31.0,
        "mdd_p25": -1.3997,
        "mdd_median": -0.6178,
        "mdd_p75": -0.23509999999999998
      },
      "72": {
        "n_total": 1449,
        "n_hit": 925,
        "p_hit": 0.638371,
        "t_hit_p25": 7.0,
        "t_hit_median": 17.0,
        "t_hit_p75": 36.0,
        "mdd_p25": -1.5155,
        "mdd_median": -0.7164,
        "mdd_p75": -0.2637
      },
      "84": {
        "n_total": 1449,
        "n_hit": 965,
        "p_hit": 0.665977,
        "t_hit_p25": 7.0,
        "t_hit_median": 18.0,
        "t_hit_p75": 40.0,
        "mdd_p25": -1.616,
        "mdd_median": -0.7918,
        "mdd_p75": -0.2731
      },
      "96": {
        "n_total": 1449,
        "n_hit": 1002,
        "p_hit": 0.691511,
        "t_hit_p25": 7.0,
        "t_hit_median": 19.0,
        "t_hit_p75": 43.0,
        "mdd_p25": -1.7297,
        "mdd_median": -0.85595,
        "mdd_p75": -0.283325
      }
    },
    "3.0": {
      "12": {
        "n_total": 1449,
        "n_hit": 192,
        "p_hit": 0.132505,
        "t_hit_p25": 3.0,
        "t_hit_median": 5.0,
        "t_hit_p75": 9.0,
        "mdd_p25": -0.9318500000000001,
        "mdd_median": -0.4068,
        "mdd_p75": -0.14435
      },
      "24": {
        "n_total": 1449,
        "n_hit": 314,
        "p_hit": 0.216701,
        "t_hit_p25": 5.0,
        "t_hit_median": 10.0,
        "t_hit_p75": 17.0,
        "mdd_p25": -1.116225,
        "mdd_median": -0.47215,
        "mdd_p75": -0.14982499999999999
      },
      "36": {
        "n_total": 1449,
        "n_hit": 424,
        "p_hit": 0.292616,
        "t_hit_p25": 6.0,
        "t_hit_median": 15.0,
        "t_hit_p75": 25.0,
        "mdd_p25": -1.2132,
        "mdd_median": -0.54285,
        "mdd_p75": -0.16947500000000001
      },
      "48": {
        "n_total": 1449,
        "n_hit": 522,
        "p_hit": 0.360248,
        "t_hit_p25": 7.0,
        "t_hit_median": 20.0,
        "t_hit_p75": 33.0,
        "mdd_p25": -1.309825,
        "mdd_median": -0.57805,