{
  "schema": "baseline_probs_v1",
  "source_labels": "data/labels/labels_v1.csv",
  "n_rows_labels": 654,
  "thresholds": [
    0.5,
    1.0,
    2.0,
    3.0,
    5.0
  ],
  "horizons": [
    12,
    24,
    36,
    48,
    60,
    72,
    84,
    96
  ],
  "results": {
    "0.5": {
      "12": {
        "n_total": 654,
        "n_hit": 477,
        "p_hit": 0.729358,
        "t_hit_p25": 1.0,
        "t_hit_median": 3.0,
        "t_hit_p75": 6.0,
        "mdd_p25": -0.6305,
        "mdd_median": -0.247,
        "mdd_p75": -0.0565
      },
      "24": {
        "n_total": 654,
        "n_hit": 567,
        "p_hit": 0.866972,
        "t_hit_p25": 2.0,
        "t_hit_median": 4.0,
        "t_hit_p75": 9.0,
        "mdd_p25": -0.8125,
        "mdd_median": -0.335,
        "mdd_p75": -0.0948
      },
      "36": {
        "n_total": 654,
        "n_hit": 599,
        "p_hit": 0.915902,
        "t_hit_p25": 2.0,
        "t_hit_median": 4.0,
        "t_hit_p75": 10.0,
        "mdd_p25": -0.8323499999999999,
        "mdd_median": -0.3684,
        "mdd_p75": -0.10455
      },
      "48": {
        "n_total": 654,
        "n_hit": 603,
        "p_hit": 0.922018,
        "t_hit_p25": 2.0,
        "t_hit_median": 5.0,
        "t_hit_p75": 11.0,
        "mdd_p25": -0.8400000000000001,
        "mdd_median": -0.3728,
        "mdd_p75": -0.1052
      },
      "60": {
        "n_total": 654,
        "n_hit": 610,
        "p_hit": 0.932722,
        "t_hit_p25": 2.0,
        "t_hit_median": 5.0,
        "t_hit_p75": 11.0,
        "mdd_p25": -0.8651249999999999,
        "mdd_median": -0.3786,
        "mdd_p75": -0.1057
      },
      "72": {
        "n_total": 654,
        "n_hit": 622,
        "p_hit": 0.95107,
        "t_hit_p25": 2.0,
        "t_hit_median": 5.0,
        "t_hit_p75": 12.0,
        "mdd_p25": -0.9359999999999999,
        "mdd_median": -0.38980000000000004,
        "mdd_p75": -0.107875
      },
      "84": {
        "n_total": 654,
        "n_hit": 622,
        "p_hit": 0.95107,
        "t_hit_p25": 2.0,
        "t_hit_median": 5.0,
        "t_hit_p75": 12.0,
        "mdd_p25": -0.9359999999999999,
        "mdd_median": -0.38980000000000004,
        "mdd_p75": -0.107875
      },
      "96": {
        "n_total": 654,
        "n_hit": 625,
        "p_hit": 0.955657,
        "t_hit_p25": 2.0,
        "t_hit_median": 5.0,
        "t_hit_p75": 12.0,
        "mdd_p25": -0.9448,
        "mdd_median": -0.3908,
        "mdd_p75": -0.1087
      }
    },
    "1.0": {
      "12": {
        "n_total": 654,
        "n_hit": 342,
        "p_hit": 0.522936,
        "t_hit_p25": 3.0,
        "t_hit_median": 5.0,
        "t_hit_p75": 7.75,
        "mdd_p25": -0.673725,
        "mdd_median": -0.27115,
        "mdd_p75": -0.06835
      },
      "24": {
        "n_total": 654,
        "n_hit": 455,
        "p_hit": 0.695719,
        "t_hit_p25": 3.0,
        "t_hit_median": 7.0,
        "t_hit_p75": 12.0,
        "mdd_p25": -0.8666499999999999,
        "mdd_median": -0.383,
        "mdd_p75": -0.1038
      },
      "36": {
        "n_total": 654,
        "n_hit": 523,
        "p_hit": 0.799694,
        "t_hit_p25": 4.0,
        "t_hit_median": 8.0,
        "t_hit_p75": 17.5,
        "mdd_p25": -0.99495,
        "mdd_median": -0.4298,
        "mdd_p75": -0.1306
      },
      "48": {
        "n_total": 654,
        "n_hit": 555,
        "p_hit": 0.848624,
        "t_hit_p25": 4.0,
        "t_hit_median": 9.0,
        "t_hit_p75": 19.5,
        "mdd_p25": -1.0622,
        "mdd_median": -0.4448,
        "mdd_p75": -0.14479999999999998
      },
      "60": {
        "n_total": 654,
        "n_hit": 570,
        "p_hit": 0.87156,
        "t_hit_p25": 4.0,
        "t_hit_median": 9.0,
        "t_hit_p75": 21.0,
        "mdd_p25": -1.146575,
        "mdd_median": -0.46455,
        "mdd_p75": -0.15410000000000001
      },
      "72": {
        "n_total": 654,
        "n_hit": 589,
        "p_hit": 0.900612,
        "t_hit_p25": 4.0,
        "t_hit_median": 9.0,
        "t_hit_p75": 22.0,
        "mdd_p25": -1.2181,
        "mdd_median": -0.4754,
        "mdd_p75": -0.1619
      },
      "84": {
        "n_total": 654,
        "n_hit": 594,
        "p_hit": 0.908257,
        "t_hit_p25": 4.0,
        "t_hit_median": 10.0,
        "t_hit_p75": 23.0,
        "mdd_p25": -1.23325,
        "mdd_median": -0.47895,
        "mdd_p75": -0.1656
      },
      "96": {
        "n_total": 654,
        "n_hit": 600,
        "p_hit": 0.917431,
        "t_hit_p25": 4.0,
        "t_hit_median": 10.0,
        "t_hit_p75": 23.25,
        "mdd_p25": -1.2646,
        "mdd_median": -0.48405,
        "mdd_p75": -0.1683
      }
    },
    "2.0": {
      "12": {
        "n_total": 654,
        "n_hit": 160,
        "p_hit": 0.244648,
        "t_hit_p25": 4.0,
        "t_hit_median": 7.0,
        "t_hit_p75": 9.0,
        "mdd_p25": -0.62915,
        "mdd_median": -0.33065,
        "mdd_p75": -0.07455
      },
      "24": {
        "n_total": 654,
        "n_hit": 284,
        "p_hit": 0.434251,
        "t_hit_p25": 6.0,
        "t_hit_median": 11.0,
        "t_hit_p75": 17.0,
        "mdd_p25": -0.8391,
        "mdd_median": -0.4457,
        "mdd_p75": -0.1419
      },
      "36": {
        "n_total": 654,
        "n_hit": 364,
        "p_hit": 0.556575,
        "t_hit_p25": 7.0,
        "t_hit_median": 15.0,
        "t_hit_p75": 23.0,
        "mdd_p25": -0.929875,
        "mdd_median": -0.443,
        "mdd_p75": -0.15489999999999998
      },
      "48": {
        "n_total": 654,
        "n_hit": 434,
        "p_hit": 0.663609,
        "t_hit_p25": 9.0,
        "t_hit_median": 17.0,
        "t_hit_p75": 31.0,
        "mdd_p25": -0.99705,
        "mdd_median": -0.47665,
        "mdd_p75": -0.181
      },
      "60": {
        "n_total": 654,
        "n_hit": 482,
        "p_hit": 0.737003,
        "t_hit_p25": 9.0,
        "t_hit_median": 19.0,
        "t_hit_p75": 36.0,
        "mdd_p25": -1.10995,
        "mdd_median": -0.5025499999999999,
        "mdd_p75": -0.20932499999999998
      },
      "72": {
        "n_total": 654,
        "n_hit": 510,
        "p_hit": 0.779817,
        "t_hit_p25": 10.0,
        "t_hit_median": 21.0,
        "t_hit_p75": 41.0,
        "mdd_p25": -1.2052,
        "mdd_median": -0.5481,
        "mdd_p75": -0.23632499999999998
      },
      "84": {
        "n_total": 654,
        "n_hit": 523,
        "p_hit": 0.799694,
        "t_hit_p25": 10.0,
        "t_hit_median": 21.0,
        "t_hit_p75": 42.0,
        "mdd_p25": -1.2569,
        "mdd_median": -0.5708,
        "mdd_p75": -0.24359999999999998
      },
      "96": {
        "n_total": 654,
        "n_hit": 535,
        "p_hit": 0.818043,
        "t_hit_p25": 10.0,
        "t_hit_median": 22.0,
        "t_hit_p75": 43.0,
        "mdd_p25": -1.30255,
        "mdd_median": -0.5846,
        "mdd_p75": -0.247
      }
    },
    "3.0": {
      "12": {
        "n_total": 654,
        "n_hit": 75,
        "p_hit": 0.114679,
        "t_hit_p25": 5.0,
        "t_hit_median": 7.0,
        "t_hit_p75": 10.0,
        "mdd_p25": -0.6958,
        "mdd_median": -0.3339,
        "mdd_p75": -0.13845000000000002
      },
      "24": {
        "n_total": 654,
        "n_hit": 141,
        "p_hit": 0.215596,
        "t_hit_p25": 7.0,
        "t_hit_median": 12.0,
        "t_hit_p75": 19.0,
        "mdd_p25": -0.6217,
        "mdd_median": -0.3339,
        "mdd_p75": -0.1132
      },
      "36": {
        "n_total": 654,
        "n_hit": 218,
        "p_hit": 0.333333,
        "t_hit_p25": 10.0,
        "t_hit_median": 19.0,
        "t_hit_p75": 29.0,
        "mdd_p25": -0.7329,
        "mdd_median": -0.3775,
        "mdd_p75": -0.13045
      },
      "48": {
        "n_total": 654,
        "n_hit": 288,
        "p_hit": 0.440367,
        "t_hit_p25": 12.0,
        "t_hit_median": 25.0,
        "t_hit_p75": 36.0,
        "mdd_p25": -0.9266000000000001,
        "mdd_median": -0.4619,
        "mdd_p75": -0.175425
      },