{
  "schema": "baseline_probs_v1",
  "source_labels": "data/labels/labels_v1.csv",
  "n_rows_labels": 2079,
  "thresholds": [
    0.5,
    1.0,
    2.0,
    3.0,
    5.0
  ],
  "horizons": [
    12,
    24,
    36,
    48,
    60,
    72,
    84,
    96
  ],
  "results": {
    "0.5": {
      "12": {
        "n_total": 2079,
        "n_hit": 1501,
        "p_hit": 0.721982,
        "t_hit_p25": 1.0,
        "t_hit_median": 2.0,
        "t_hit_p75": 4.0,
        "mdd_p25": -0.8289,
        "mdd_median": -0.3184,
        "mdd_p75": -0.0611
      },
      "24": {
        "n_total": 2079,
        "n_hit": 1687,
        "p_hit": 0.811448,
        "t_hit_p25": 1.0,
        "t_hit_median": 3.0,
        "t_hit_p75": 6.0,
        "mdd_p25": -0.9612499999999999,
        "mdd_median": -0.3859,
        "mdd_p75": -0.09225
      },
      "36": {
        "n_total": 2079,
        "n_hit": 1773,
        "p_hit": 0.852814,
        "t_hit_p25": 1.0,
        "t_hit_median": 3.0,
        "t_hit_p75": 7.0,
        "mdd_p25": -1.0609,
        "mdd_median": -0.4163,
        "mdd_p75": -0.1041
      },
      "48": {
        "n_total": 2079,
        "n_hit": 1807,
        "p_hit": 0.869168,
        "t_hit_p25": 1.0,
        "t_hit_median": 3.0,
        "t_hit_p75": 8.0,
        "mdd_p25": -1.14805,
        "mdd_median": -0.4317,
        "mdd_p75": -0.1071
      },
      "60": {
        "n_total": 2079,
        "n_hit": 1824,
        "p_hit": 0.877345,
        "t_hit_p25": 1.0,
        "t_hit_median": 3.0,
        "t_hit_p75": 8.0,
        "mdd_p25": -1.174725,
        "mdd_median": -0.43895,
        "mdd_p75": -0.10965
      },
      "72": {
        "n_total": 2079,
        "n_hit": 1856,
        "p_hit": 0.892737,
        "t_hit_p25": 1.0,
        "t_hit_median": 3.0,
        "t_hit_p75": 9.0,
        "mdd_p25": -1.2533750000000001,
        "mdd_median": -0.45985,
        "mdd_p75": -0.11647500000000001
      },
      "84": {
        "n_total": 2079,
        "n_hit": 1886,
        "p_hit": 0.907167,
        "t_hit_p25": 1.0,
        "t_hit_median": 3.0,
        "t_hit_p75": 9.0,
        "mdd_p25": -1.336325,
        "mdd_median": -0.47425,
        "mdd_p75": -0.118325
      },
      "96": {
        "n_total": 2079,
        "n_hit": 1907,
        "p_hit": 0.917268,
        "t_hit_p25": 1.0,
        "t_hit_median": 3.0,
        "t_hit_p75": 10.0,
        "mdd_p25": -1.36505,
        "mdd_median": -0.4826,
        "mdd_p75": -0.12129999999999999
      }
    },
    "1.0": {
      "12": {
        "n_total": 2079,
        "n_hit": 1111,
        "p_hit": 0.534392,
        "t_hit_p25": 2.0,
        "t_hit_median": 4.0,
        "t_hit_p75": 7.0,
        "mdd_p25": -1.0579999999999998,
        "mdd_median": -0.4153,
        "mdd_p75": -0.09845
      },
      "24": {
        "n_total": 2079,
        "n_hit": 1354,
        "p_hit": 0.651275,
        "t_hit_p25": 2.0,
        "t_hit_median": 5.0,
        "t_hit_p75": 10.0,
        "mdd_p25": -1.245975,
        "mdd_median": -0.5065500000000001,
        "mdd_p75": -0.13622499999999998
      },
      "36": {
        "n_total": 2079,
        "n_hit": 1507,
        "p_hit": 0.724868,
        "t_hit_p25": 2.0,
        "t_hit_median": 6.0,
        "t_hit_p75": 13.0,
        "mdd_p25": -1.3882,
        "mdd_median": -0.5513,
        "mdd_p75": -0.16194999999999998
      },
      "48": {
        "n_total": 2079,
        "n_hit": 1582,
        "p_hit": 0.760943,
        "t_hit_p25": 2.0,
        "t_hit_median": 6.0,
        "t_hit_p75": 16.0,
        "mdd_p25": -1.474725,
        "mdd_median": -0.5850500000000001,
        "mdd_p75": -0.171925
      },
      "60": {
        "n_total": 2079,
        "n_hit": 1649,
        "p_hit": 0.79317,
        "t_hit_p25": 3.0,
        "t_hit_median": 7.0,
        "t_hit_p75": 18.0,
        "mdd_p25": -1.5891,
        "mdd_median": -0.6207,
        "mdd_p75": -0.1844
      },
      "72": {
        "n_total": 2079,
        "n_hit": 1704,
        "p_hit": 0.819625,
        "t_hit_p25": 3.0,
        "t_hit_median": 7.0,
        "t_hit_p75": 20.0,
        "mdd_p25": -1.7120250000000001,
        "mdd_median": -0.6732,
        "mdd_p75": -0.1966
      },
      "84": {
        "n_total": 2079,
        "n_hit": 1743,
        "p_hit": 0.838384,
        "t_hit_p25": 3.0,
        "t_hit_median": 7.0,
        "t_hit_p75": 21.0,
        "mdd_p25": -1.8065,
        "mdd_median": -0.7025,
        "mdd_p75": -0.2074
      },
      "96": {
        "n_total": 2079,
        "n_hit": 1768,
        "p_hit": 0.850409,
        "t_hit_p25": 3.0,
        "t_hit_median": 7.0,
        "t_hit_p75": 23.0,
        "mdd_p25": -1.870775,
        "mdd_median": -0.72325,
        "mdd_p75": -0.217125
      }
    },
    "2.0": {
      "12": {
        "n_total": 2079,
        "n_hit": 563,
        "p_hit": 0.270803,
        "t_hit_p25": 3.0,
        "t_hit_median": 5.0,
        "t_hit_p75": 8.0,
        "mdd_p25": -1.08555,
        "mdd_median": -0.4492,
        "mdd_p75": -0.1176
      },
      "24": {
        "n_total": 2079,
        "n_hit": 868,
        "p_hit": 0.417508,
        "t_hit_p25": 4.0,
        "t_hit_median": 9.0,
        "t_hit_p75": 16.0,
        "mdd_p25": -1.4002249999999998,
        "mdd_median": -0.6115,
        "mdd_p75": -0.18415
      },
      "36": {
        "n_total": 2079,
        "n_hit": 1058,
        "p_hit": 0.508899,
        "t_hit_p25": 5.0,
        "t_hit_median": 11.0,
        "t_hit_p75": 21.0,
        "mdd_p25": -1.589575,
        "mdd_median": -0.7112499999999999,
        "mdd_p75": -0.213525
      },
      "48": {
        "n_total": 2079,
        "n_hit": 1188,
        "p_hit": 0.571429,
        "t_hit_p25": 5.0,
        "t_hit_median": 14.0,
        "t_hit_p75": 26.0,
        "mdd_p25": -1.660725,
        "mdd_median": -0.7702500000000001,
        "mdd_p75": -0.24955
      },
      "60": {
        "n_total": 2079,
        "n_hit": 1288,
        "p_hit": 0.619529,
        "t_hit_p25": 6.0,
        "t_hit_median": 15.0,
        "t_hit_p75": 30.0,
        "mdd_p25": -1.7156,
        "mdd_median": -0.8532,
        "mdd_p75": -0.27385000000000004
      },
      "72": {
        "n_total": 2079,
        "n_hit": 1380,
        "p_hit": 0.663781,
        "t_hit_p25": 6.0,
        "t_hit_median": 17.0,
        "t_hit_p75": 35.0,
        "mdd_p25": -1.9101249999999999,
        "mdd_median": -0.9537,
        "mdd_p75": -0.30255000000000004
      },
      "84": {
        "n_total": 2079,
        "n_hit": 1437,
        "p_hit": 0.691198,
        "t_hit_p25": 7.0,
        "t_hit_median": 18.0,
        "t_hit_p75": 38.0,
        "mdd_p25": -2.1314,
        "mdd_median": -0.9971,
        "mdd_p75": -0.3184
      },
      "96": {
        "n_total": 2079,
        "n_hit": 1493,
        "p_hit": 0.718134,
        "t_hit_p25": 7.0,
        "t_hit_median": 19.0,
        "t_hit_p75": 42.0,
        "mdd_p25": -2.2397,
        "mdd_median": -1.0677,
        "mdd_p75": -0.3406
      }
    },
    "3.0": {
      "12": {
        "n_total": 2079,
        "n_hit": 310,
        "p_hit": 0.14911,
        "t_hit_p25": 3.0,
        "t_hit_median": 6.0,
        "t_hit_p75": 9.0,
        "mdd_p25": -0.993925,
        "mdd_median": -0.4426,
        "mdd_p75": -0.1378
      },
      "24": {
        "n_total": 2079,
        "n_hit": 519,
        "p_hit": 0.249639,
        "t_hit_p25": 5.0,
        "t_hit_median": 10.0,
        "t_hit_p75": 17.0,
        "mdd_p25": -1.41435,
        "mdd_median": -0.5996,
        "mdd_p75": -0.1797
      },
      "36": {
        "n_total": 2079,
        "n_hit": 700,
        "p_hit": 0.3367,
        "t_hit_p25": 6.0,
        "t_hit_median": 15.0,
        "t_hit_p75": 25.0,
        "mdd_p25": -1.6693999999999998,
        "mdd_median": -0.69355,
        "mdd_p75": -0.20915
      },
      "48": {
        "n_total": 2079,
        "n_hit": 843,
        "p_hit": 0.405483,
        "t_hit_p25": 8.0,
        "t_hit_median": 19.0,
        "t_hit_p75": 31.5,
        "mdd_p25": -1.8149,
        "mdd_median": -0.8118,