{
  "schema": "baseline_probs_v1",
  "source_labels": "data/labels/labels_v1.csv",
  "n_rows_labels": 451,
  "thresholds": [
    0.5,
    1.0,
    2.0,
    3.0,
    5.0
  ],
  "horizons": [
    12,
    24,
    36,
    48,
    60,
    72,
    84,
    96
  ],
  "results": {
    "0.5": {
      "12": {
        "n_total": 451,
        "n_hit": 329,
        "p_hit": 0.72949,
        "t_hit_p25": 2.0,
        "t_hit_median": 3.0,
        "t_hit_p75": 6.0,
        "mdd_p25": -0.5798,
        "mdd_median": -0.2448,
        "mdd_p75": -0.0599
      },
      "24": {
        "n_total": 451,
        "n_hit": 400,
        "p_hit": 0.886918,
        "t_hit_p25": 2.0,
        "t_hit_median": 4.0,
        "t_hit_p75": 10.0,
        "mdd_p25": -0.6847,
        "mdd_median": -0.33314999999999995,
        "mdd_p75": -0.10065
      },
      "36": {
        "n_total": 451,
        "n_hit": 421,
        "p_hit": 0.933481,
        "t_hit_p25": 2.0,
        "t_hit_median": 5.0,
        "t_hit_p75": 11.0,
        "mdd_p25": -0.7304,
        "mdd_median": -0.3594,
        "mdd_p75": -0.1063
      },
      "48": {
        "n_total": 451,
        "n_hit": 422,
        "p_hit": 0.935698,
        "t_hit_p25": 2.0,
        "t_hit_median": 5.0,
        "t_hit_p75": 11.0,
        "mdd_p25": -0.730625,
        "mdd_median": -0.36295,
        "mdd_p75": -0.10690000000000001
      },
      "60": {
        "n_total": 451,
        "n_hit": 428,
        "p_hit": 0.949002,
        "t_hit_p25": 2.0,
        "t_hit_median": 5.0,
        "t_hit_p75": 12.0,
        "mdd_p25": -0.785275,
        "mdd_median": -0.37060000000000004,
        "mdd_p75": -0.109525
      },
      "72": {
        "n_total": 451,
        "n_hit": 440,
        "p_hit": 0.97561,
        "t_hit_p25": 2.0,
        "t_hit_median": 5.0,
        "t_hit_p75": 13.0,
        "mdd_p25": -0.85,
        "mdd_median": -0.38745,
        "mdd_p75": -0.1173
      },
      "84": {
        "n_total": 451,
        "n_hit": 440,
        "p_hit": 0.97561,
        "t_hit_p25": 2.0,
        "t_hit_median": 5.0,
        "t_hit_p75": 13.0,
        "mdd_p25": -0.85,
        "mdd_median": -0.38745,
        "mdd_p75": -0.1173
      },
      "96": {
        "n_total": 451,
        "n_hit": 442,
        "p_hit": 0.980044,
        "t_hit_p25": 2.0,
        "t_hit_median": 5.0,
        "t_hit_p75": 13.0,
        "mdd_p25": -0.863275,
        "mdd_median": -0.38980000000000004,
        "mdd_p75": -0.11762500000000001
      }
    },
    "1.0": {
      "12": {
        "n_total": 451,
        "n_hit": 233,
        "p_hit": 0.51663,
        "t_hit_p25": 3.0,
        "t_hit_median": 5.0,
        "t_hit_p75": 8.0,
        "mdd_p25": -0.6178,
        "mdd_median": -0.2629,
        "mdd_p75": -0.0746
      },
      "24": {
        "n_total": 451,
        "n_hit": 328,
        "p_hit": 0.727273,
        "t_hit_p25": 4.0,
        "t_hit_median": 7.0,
        "t_hit_p75": 14.0,
        "mdd_p25": -0.8347249999999999,
        "mdd_median": -0.397,
        "mdd_p75": -0.111475
      },
      "36": {
        "n_total": 451,
        "n_hit": 378,
        "p_hit": 0.838137,
        "t_hit_p25": 4.0,
        "t_hit_median": 9.0,
        "t_hit_p75": 18.0,
        "mdd_p25": -0.9973,
        "mdd_median": -0.44155,
        "mdd_p75": -0.1363
      },
      "48": {
        "n_total": 451,
        "n_hit": 400,
        "p_hit": 0.886918,
        "t_hit_p25": 4.0,
        "t_hit_median": 9.5,
        "t_hit_p75": 20.0,
        "mdd_p25": -1.1092499999999998,
        "mdd_median": -0.45640000000000003,
        "mdd_p75": -0.155275
      },
      "60": {
        "n_total": 451,
        "n_hit": 412,
        "p_hit": 0.913525,
        "t_hit_p25": 4.75,
        "t_hit_median": 10.0,
        "t_hit_p75": 21.0,
        "mdd_p25": -1.1759,
        "mdd_median": -0.4693,
        "mdd_p75": -0.161775
      },
      "72": {
        "n_total": 451,
        "n_hit": 427,
        "p_hit": 0.946785,
        "t_hit_p25": 5.0,
        "t_hit_median": 11.0,
        "t_hit_p75": 22.5,
        "mdd_p25": -1.2394500000000002,
        "mdd_median": -0.4791,
        "mdd_p75": -0.16935
      },
      "84": {
        "n_total": 451,
        "n_hit": 428,
        "p_hit": 0.949002,
        "t_hit_p25": 5.0,
        "t_hit_median": 11.0,
        "t_hit_p75": 23.0,
        "mdd_p25": -1.2496749999999999,
        "mdd_median": -0.48045000000000004,
        "mdd_p75": -0.16947500000000001
      },
      "96": {
        "n_total": 451,
        "n_hit": 428,
        "p_hit": 0.949002,
        "t_hit_p25": 5.0,
        "t_hit_median": 11.0,
        "t_hit_p75": 23.0,
        "mdd_p25": -1.2496749999999999,
        "mdd_median": -0.48045000000000004,
        "mdd_p75": -0.16947500000000001
      }
    },
    "2.0": {
      "12": {
        "n_total": 451,
        "n_hit": 112,
        "p_hit": 0.248337,
        "t_hit_p25": 5.0,
        "t_hit_median": 7.0,
        "t_hit_p75": 10.0,
        "mdd_p25": -0.6325,
        "mdd_median": -0.38665,
        "mdd_p75": -0.151325
      },
      "24": {
        "n_total": 451,
        "n_hit": 208,
        "p_hit": 0.461197,
        "t_hit_p25": 7.0,
        "t_hit_median": 12.0,
        "t_hit_p75": 17.0,
        "mdd_p25": -0.929875,
        "mdd_median": -0.5206500000000001,
        "mdd_p75": -0.17617500000000003
      },
      "36": {
        "n_total": 451,
        "n_hit": 269,
        "p_hit": 0.596452,
        "t_hit_p25": 8.0,
        "t_hit_median": 15.0,
        "t_hit_p75": 23.0,
        "mdd_p25": -0.9575,
        "mdd_median": -0.4791,
        "mdd_p75": -0.1749
      },
      "48": {
        "n_total": 451,
        "n_hit": 317,
        "p_hit": 0.702882,
        "t_hit_p25": 9.0,
        "t_hit_median": 17.0,
        "t_hit_p75": 31.0,
        "mdd_p25": -1.0037,
        "mdd_median": -0.5071,
        "mdd_p75": -0.2074
      },
      "60": {
        "n_total": 451,
        "n_hit": 355,
        "p_hit": 0.78714,
        "t_hit_p25": 10.0,
        "t_hit_median": 20.0,
        "t_hit_p75": 36.0,
        "mdd_p25": -1.1350500000000001,
        "mdd_median": -0.5434,
        "mdd_p75": -0.242
      },
      "72": {
        "n_total": 451,
        "n_hit": 378,
        "p_hit": 0.838137,
        "t_hit_p25": 11.0,
        "t_hit_median": 21.0,
        "t_hit_p75": 41.0,
        "mdd_p25": -1.2183249999999999,
        "mdd_median": -0.5822,
        "mdd_p75": -0.262325
      },
      "84": {
        "n_total": 451,
        "n_hit": 388,
        "p_hit": 0.86031,
        "t_hit_p25": 11.0,
        "t_hit_median": 21.5,
        "t_hit_p75": 43.0,
        "mdd_p25": -1.270425,
        "mdd_median": -0.59465,
        "mdd_p75": -0.26555
      },
      "96": {
        "n_total": 451,
        "n_hit": 395,
        "p_hit": 0.875831,
        "t_hit_p25": 11.0,
        "t_hit_median": 23.0,
        "t_hit_p75": 44.0,
        "mdd_p25": -1.30555,
        "mdd_median": -0.6004,
        "mdd_p75": -0.27125
      }
    },
    "3.0": {
      "12": {
        "n_total": 451,
        "n_hit": 62,
        "p_hit": 0.137472,
        "t_hit_p25": 5.0,
        "t_hit_median": 8.0,
        "t_hit_p75": 10.0,
        "mdd_p25": -0.8750249999999999,
        "mdd_median": -0.36175,
        "mdd_p75": -0.15825
      },
      "24": {
        "n_total": 451,
        "n_hit": 109,
        "p_hit": 0.241685,
        "t_hit_p25": 7.0,
        "t_hit_median": 11.0,
        "t_hit_p75": 18.0,
        "mdd_p25": -0.7065,
        "mdd_median": -0.3775,
        "mdd_p75": -0.1327
      },
      "36": {
        "n_total": 451,
        "n_hit": 178,
        "p_hit": 0.394678,
        "t_hit_p25": 10.0,
        "t_hit_median": 20.0,
        "t_hit_p75": 30.0,
        "mdd_p25": -0.7820999999999999,
        "mdd_median": -0.40754999999999997,
        "mdd_p75": -0.1373
      },
      "48": {
        "n_total": 451,
        "n_hit": 239,
        "p_hit": 0.529933,
        "t_hit_p25": 12.0,
        "t_hit_median": 27.0,
        "t_hit_p75": 37.0,
        "mdd_p25": -0.8602,