{
  "schema": "baseline_probs_v1",
  "source_labels": "data/labels/labels_v1.csv",
  "n_rows_labels": 530,
  "thresholds": [
    0.5,
    1.0,
    2.0,
    3.0,
    5.0
  ],
  "horizons": [
    12,
    24,
    36,
    48,
    60,
    72,
    84,
    96
  ],
  "results": {
    "0.5": {
      "12": {
        "n_total": 530,
        "n_hit": 384,
        "p_hit": 0.724528,
        "t_hit_p25": 1.0,
        "t_hit_median": 3.0,
        "t_hit_p75": 6.0,
        "mdd_p25": -0.6095250000000001,
        "mdd_median": -0.242,
        "mdd_p75": -0.054075
      },
      "24": {
        "n_total": 530,
        "n_hit": 461,
        "p_hit": 0.869811,
        "t_hit_p25": 2.0,
        "t_hit_median": 4.0,
        "t_hit_p75": 9.0,
        "mdd_p25": -0.8118,
        "mdd_median": -0.3339,
        "mdd_p75": -0.0913
      },
      "36": {
        "n_total": 530,
        "n_hit": 482,
        "p_hit": 0.909434,
        "t_hit_p25": 2.0,
        "t_hit_median": 4.0,
        "t_hit_p75": 10.0,
        "mdd_p25": -0.8263,
        "mdd_median": -0.3594,
        "mdd_p75": -0.102525
      },
      "48": {
        "n_total": 530,
        "n_hit": 483,
        "p_hit": 0.911321,
        "t_hit_p25": 2.0,
        "t_hit_median": 4.0,
        "t_hit_p75": 10.0,
        "mdd_p25": -0.8298,
        "mdd_median": -0.3594,
        "mdd_p75": -0.10305
      },
      "60": {
        "n_total": 530,
        "n_hit": 489,
        "p_hit": 0.922642,
        "t_hit_p25": 2.0,
        "t_hit_median": 4.0,
        "t_hit_p75": 11.0,
        "mdd_p25": -0.8557,
        "mdd_median": -0.3684,
        "mdd_p75": -0.1043
      },
      "72": {
        "n_total": 530,
        "n_hit": 501,
        "p_hit": 0.945283,
        "t_hit_p25": 2.0,
        "t_hit_median": 5.0,
        "t_hit_p75": 12.0,
        "mdd_p25": -0.9343,
        "mdd_median": -0.3859,
        "mdd_p75": -0.1063
      },
      "84": {
        "n_total": 530,
        "n_hit": 501,
        "p_hit": 0.945283,
        "t_hit_p25": 2.0,
        "t_hit_median": 5.0,
        "t_hit_p75": 12.0,
        "mdd_p25": -0.9343,
        "mdd_median": -0.3859,
        "mdd_p75": -0.1063
      },
      "96": {
        "n_total": 530,
        "n_hit": 504,
        "p_hit": 0.950943,
        "t_hit_p25": 2.0,
        "t_hit_median": 5.0,
        "t_hit_p75": 12.0,
        "mdd_p25": -0.93715,
        "mdd_median": -0.38980000000000004,
        "mdd_p75": -0.1081
      }
    },
    "1.0": {
      "12": {
        "n_total": 530,
        "n_hit": 269,
        "p_hit": 0.507547,
        "t_hit_p25": 2.0,
        "t_hit_median": 5.0,
        "t_hit_p75": 7.0,
        "mdd_p25": -0.6287,
        "mdd_median": -0.247,
        "mdd_p75": -0.0678
      },
      "24": {
        "n_total": 530,
        "n_hit": 369,
        "p_hit": 0.696226,
        "t_hit_p25": 3.0,
        "t_hit_median": 7.0,
        "t_hit_p75": 14.0,
        "mdd_p25": -0.8631,
        "mdd_median": -0.3797,
        "mdd_p75": -0.1041
      },
      "36": {
        "n_total": 530,
        "n_hit": 419,
        "p_hit": 0.790566,
        "t_hit_p25": 4.0,
        "t_hit_median": 8.0,
        "t_hit_p75": 17.0,
        "mdd_p25": -0.9953,
        "mdd_median": -0.426,
        "mdd_p75": -0.129
      },
      "48": {
        "n_total": 530,
        "n_hit": 441,
        "p_hit": 0.832075,
        "t_hit_p25": 4.0,
        "t_hit_median": 9.0,
        "t_hit_p75": 19.0,
        "mdd_p25": -1.0666,
        "mdd_median": -0.4477,
        "mdd_p75": -0.1402
      },
      "60": {
        "n_total": 530,
        "n_hit": 453,
        "p_hit": 0.854717,
        "t_hit_p25": 4.0,
        "t_hit_median": 9.0,
        "t_hit_p75": 20.0,
        "mdd_p25": -1.1408,
        "mdd_median": -0.4653,
        "mdd_p75": -0.1452
      },
      "72": {
        "n_total": 530,
        "n_hit": 471,
        "p_hit": 0.888679,
        "t_hit_p25": 4.0,
        "t_hit_median": 10.0,
        "t_hit_p75": 21.0,
        "mdd_p25": -1.2182499999999998,
        "mdd_median": -0.4788,
        "mdd_p75": -0.15555
      },
      "84": {
        "n_total": 530,
        "n_hit": 476,
        "p_hit": 0.898113,
        "t_hit_p25": 4.0,
        "t_hit_median": 10.0,
        "t_hit_p75": 22.0,
        "mdd_p25": -1.2496749999999999,
        "mdd_median": -0.48285,
        "mdd_p75": -0.157675
      },
      "96": {
        "n_total": 530,
        "n_hit": 482,
        "p_hit": 0.909434,
        "t_hit_p25": 4.0,
        "t_hit_median": 10.0,
        "t_hit_p75": 22.75,
        "mdd_p25": -1.2943,
        "mdd_median": -0.48975,
        "mdd_p75": -0.16152499999999997
      }
    },
    "2.0": {
      "12": {
        "n_total": 530,
        "n_hit": 130,
        "p_hit": 0.245283,
        "t_hit_p25": 4.0,
        "t_hit_median": 7.0,
        "t_hit_p75": 9.0,
        "mdd_p25": -0.6238750000000001,
        "mdd_median": -0.34425,
        "mdd_p75": -0.114
      },
      "24": {
        "n_total": 530,
        "n_hit": 231,
        "p_hit": 0.435849,
        "t_hit_p25": 6.0,
        "t_hit_median": 11.0,
        "t_hit_p75": 17.0,
        "mdd_p25": -0.86365,
        "mdd_median": -0.4983,
        "mdd_p75": -0.1622
      },
      "36": {
        "n_total": 530,
        "n_hit": 292,
        "p_hit": 0.550943,
        "t_hit_p25": 7.0,
        "t_hit_median": 14.0,
        "t_hit_p75": 22.0,
        "mdd_p25": -0.9459,
        "mdd_median": -0.4619,
        "mdd_p75": -0.1618
      },
      "48": {
        "n_total": 530,
        "n_hit": 340,
        "p_hit": 0.641509,
        "t_hit_p25": 8.0,
        "t_hit_median": 17.0,
        "t_hit_p75": 30.0,
        "mdd_p25": -0.9847,
        "mdd_median": -0.49005,
        "mdd_p75": -0.1814
      },
      "60": {
        "n_total": 530,
        "n_hit": 378,
        "p_hit": 0.713208,
        "t_hit_p25": 9.0,
        "t_hit_median": 18.0,
        "t_hit_p75": 35.0,
        "mdd_p25": -1.08805,
        "mdd_median": -0.5206500000000001,
        "mdd_p75": -0.207425
      },
      "72": {
        "n_total": 530,
        "n_hit": 401,
        "p_hit": 0.756604,
        "t_hit_p25": 10.0,
        "t_hit_median": 20.0,
        "t_hit_p75": 40.0,
        "mdd_p25": -1.1906,
        "mdd_median": -0.5593,
        "mdd_p75": -0.231
      },
      "84": {
        "n_total": 530,
        "n_hit": 414,
        "p_hit": 0.781132,
        "t_hit_p25": 10.0,
        "t_hit_median": 20.0,
        "t_hit_p75": 42.0,
        "mdd_p25": -1.2313749999999999,
        "mdd_median": -0.5850500000000001,
        "mdd_p75": -0.2434
      },
      "96": {
        "n_total": 530,
        "n_hit": 424,
        "p_hit": 0.8,
        "t_hit_p25": 10.0,
        "t_hit_median": 21.0,
        "t_hit_p75": 44.0,
        "mdd_p25": -1.2727,
        "mdd_median": -0.5972,
        "mdd_p75": -0.24659999999999999
      }
    },
    "3.0": {
      "12": {
        "n_total": 530,
        "n_hit": 62,
        "p_hit": 0.116981,
        "t_hit_p25": 5.0,
        "t_hit_median": 8.0,
        "t_hit_p75": 10.0,
        "mdd_p25": -0.8750249999999999,
        "mdd_median": -0.36175,
        "mdd_p75": -0.15825
      },
      "24": {
        "n_total": 530,
        "n_hit": 113,
        "p_hit": 0.213208,
        "t_hit_p25": 7.0,
        "t_hit_median": 11.0,
        "t_hit_p75": 19.0,
        "mdd_p25": -0.7065,
        "mdd_median": -0.3775,
        "mdd_p75": -0.1297
      },
      "36": {
        "n_total": 530,
        "n_hit": 182,
        "p_hit": 0.343396,
        "t_hit_p25": 10.0,
        "t_hit_median": 20.0,
        "t_hit_p75": 29.75,
        "mdd_p25": -0.7793249999999999,
        "mdd_median": -0.40754999999999997,
        "mdd_p75": -0.1341
      },
      "48": {
        "n_total": 530,
        "n_hit": 243,
        "p_hit": 0.458491,
        "t_hit_p25": 12.0,
        "t_hit_median": 27.0,
        "t_hit_p75": 36.5,
        "mdd_p25": -0.85595,
        "mdd_median": -0.4543,
        "mdd_p75": -0.18664999999999998
      },
      "60": {
        "n_total": 530,
        "n_hit": 287,