{
  "schema": "baseline_probs_v1",
  "source_labels": "data/labels/labels_v1.csv",
  "n_rows_labels": 1373,
  "thresholds": [
    0.5,
    1.0,
    2.0,
    3.0,
    5.0
  ],
  "horizons": [
    12,
    24,
    36,
    48,
    60,
    72,
    84,
    96
  ],
  "results": {
    "0.5": {
      "12": {
        "n_total": 1373,
        "n_hit": 965,
        "p_hit": 0.70284,
        "t_hit_p25": 1.0,
        "t_hit_median": 2.0,
        "t_hit_p75": 5.0,
        "mdd_p25": -0.8194,
        "mdd_median": -0.2805,
        "mdd_p75": -0.0528
      },
      "24": {
        "n_total": 1373,
        "n_hit": 1106,
        "p_hit": 0.805535,
        "t_hit_p25": 1.0,
        "t_hit_median": 3.0,
        "t_hit_p75": 7.0,
        "mdd_p25": -0.973225,
        "mdd_median": -0.36819999999999997,
        "mdd_p75": -0.0832
      },
      "36": {
        "n_total": 1373,
        "n_hit": 1154,
        "p_hit": 0.840495,
        "t_hit_p25": 1.0,
        "t_hit_median": 3.0,
        "t_hit_p75": 8.0,
        "mdd_p25": -1.002075,
        "mdd_median": -0.39,
        "mdd_p75": -0.09305000000000001
      },
      "48": {
        "n_total": 1373,
        "n_hit": 1164,
        "p_hit": 0.847779,
        "t_hit_p25": 1.0,
        "t_hit_median": 3.0,
        "t_hit_p75": 9.0,
        "mdd_p25": -1.043275,
        "mdd_median": -0.4003,
        "mdd_p75": -0.09522499999999999
      },
      "60": {
        "n_total": 1373,
        "n_hit": 1178,
        "p_hit": 0.857975,
        "t_hit_p25": 1.0,
        "t_hit_median": 3.0,
        "t_hit_p75": 9.0,
        "mdd_p25": -1.08595,
        "mdd_median": -0.41005,
        "mdd_p75": -0.10067499999999999
      },
      "72": {
        "n_total": 1373,
        "n_hit": 1202,
        "p_hit": 0.875455,
        "t_hit_p25": 1.0,
        "t_hit_median": 3.0,
        "t_hit_p75": 10.0,
        "mdd_p25": -1.1649,
        "mdd_median": -0.42505000000000004,
        "mdd_p75": -0.10289999999999999
      },
      "84": {
        "n_total": 1373,
        "n_hit": 1228,
        "p_hit": 0.894392,
        "t_hit_p25": 1.0,
        "t_hit_median": 3.0,
        "t_hit_p75": 10.0,
        "mdd_p25": -1.2524000000000002,
        "mdd_median": -0.44205,
        "mdd_p75": -0.10567499999999999
      },
      "96": {
        "n_total": 1373,
        "n_hit": 1244,
        "p_hit": 0.906045,
        "t_hit_p25": 1.0,
        "t_hit_median": 3.0,
        "t_hit_p75": 11.0,
        "mdd_p25": -1.2999749999999999,
        "mdd_median": -0.4533,
        "mdd_p75": -0.10735
      }
    },
    "1.0": {
      "12": {
        "n_total": 1373,
        "n_hit": 712,
        "p_hit": 0.518572,
        "t_hit_p25": 2.0,
        "t_hit_median": 4.0,
        "t_hit_p75": 7.0,
        "mdd_p25": -0.9956,
        "mdd_median": -0.37295,
        "mdd_p75": -0.0789
      },
      "24": {
        "n_total": 1373,
        "n_hit": 885,
        "p_hit": 0.644574,
        "t_hit_p25": 2.0,
        "t_hit_median": 5.0,
        "t_hit_p75": 10.0,
        "mdd_p25": -1.1293,
        "mdd_median": -0.4665,
        "mdd_p75": -0.1176
      },
      "36": {
        "n_total": 1373,
        "n_hit": 977,
        "p_hit": 0.71158,
        "t_hit_p25": 3.0,
        "t_hit_median": 6.0,
        "t_hit_p75": 14.0,
        "mdd_p25": -1.2181,
        "mdd_median": -0.4798,
        "mdd_p75": -0.1445
      },
      "48": {
        "n_total": 1373,
        "n_hit": 1013,
        "p_hit": 0.7378,
        "t_hit_p25": 3.0,
        "t_hit_median": 7.0,
        "t_hit_p75": 15.0,
        "mdd_p25": -1.2462,
        "mdd_median": -0.4848,
        "mdd_p75": -0.1558
      },
      "60": {
        "n_total": 1373,
        "n_hit": 1053,
        "p_hit": 0.766934,
        "t_hit_p25": 3.0,
        "t_hit_median": 7.0,
        "t_hit_p75": 17.0,
        "mdd_p25": -1.337,
        "mdd_median": -0.5227,
        "mdd_p75": -0.1608
      },
      "72": {
        "n_total": 1373,
        "n_hit": 1092,
        "p_hit": 0.795339,
        "t_hit_p25": 3.0,
        "t_hit_median": 7.0,
        "t_hit_p75": 19.0,
        "mdd_p25": -1.4002249999999998,
        "mdd_median": -0.5516,
        "mdd_p75": -0.16947500000000001
      },
      "84": {
        "n_total": 1373,
        "n_hit": 1123,
        "p_hit": 0.817917,
        "t_hit_p25": 3.0,
        "t_hit_median": 8.0,
        "t_hit_p75": 20.5,
        "mdd_p25": -1.53205,
        "mdd_median": -0.5846,
        "mdd_p75": -0.17215
      },
      "96": {
        "n_total": 1373,
        "n_hit": 1142,
        "p_hit": 0.831755,
        "t_hit_p25": 3.0,
        "t_hit_median": 8.0,
        "t_hit_p75": 21.0,
        "mdd_p25": -1.5822500000000002,
        "mdd_median": -0.5957,
        "mdd_p75": -0.17554999999999998
      }
    },
    "2.0": {
      "12": {
        "n_total": 1373,
        "n_hit": 340,
        "p_hit": 0.247633,
        "t_hit_p25": 3.0,
        "t_hit_median": 5.0,
        "t_hit_p75": 9.0,
        "mdd_p25": -1.0827,
        "mdd_median": -0.40785,
        "mdd_p75": -0.12455000000000001
      },
      "24": {
        "n_total": 1373,
        "n_hit": 544,
        "p_hit": 0.396213,
        "t_hit_p25": 4.0,
        "t_hit_median": 9.0,
        "t_hit_p75": 16.0,
        "mdd_p25": -1.2530000000000001,
        "mdd_median": -0.57155,
        "mdd_p75": -0.172475
      },
      "36": {
        "n_total": 1373,
        "n_hit": 660,
        "p_hit": 0.480699,
        "t_hit_p25": 5.0,
        "t_hit_median": 12.0,
        "t_hit_p75": 21.0,
        "mdd_p25": -1.307475,
        "mdd_median": -0.5744,
        "mdd_p75": -0.17572500000000002
      },
      "48": {
        "n_total": 1373,
        "n_hit": 754,
        "p_hit": 0.549162,
        "t_hit_p25": 6.0,
        "t_hit_median": 15.0,
        "t_hit_p75": 27.0,
        "mdd_p25": -1.340525,
        "mdd_median": -0.58585,
        "mdd_p75": -0.20617500000000002
      },
      "60": {
        "n_total": 1373,
        "n_hit": 818,
        "p_hit": 0.595776,
        "t_hit_p25": 6.25,
        "t_hit_median": 16.0,
        "t_hit_p75": 32.0,
        "mdd_p25": -1.3904249999999998,
        "mdd_median": -0.60675,
        "mdd_p75": -0.2348
      },
      "72": {
        "n_total": 1373,
        "n_hit": 870,
        "p_hit": 0.633649,
        "t_hit_p25": 7.0,
        "t_hit_median": 17.0,
        "t_hit_p75": 36.0,
        "mdd_p25": -1.473,
        "mdd_median": -0.70335,
        "mdd_p75": -0.258575
      },
      "84": {
        "n_total": 1373,
        "n_hit": 909,
        "p_hit": 0.662054,
        "t_hit_p25": 7.0,
        "t_hit_median": 18.0,
        "t_hit_p75": 40.0,
        "mdd_p25": -1.5815,
        "mdd_median": -0.7737,
        "mdd_p75": -0.2725
      },
      "96": {
        "n_total": 1373,
        "n_hit": 939,
        "p_hit": 0.683904,
        "t_hit_p25": 8.0,
        "t_hit_median": 19.0,
        "t_hit_p75": 42.0,
        "mdd_p25": -1.6507999999999998,
        "mdd_median": -0.8412,
        "mdd_p75": -0.278
      }
    },
    "3.0": {
      "12": {
        "n_total": 1373,
        "n_hit": 168,
        "p_hit": 0.12236,
        "t_hit_p25": 3.0,
        "t_hit_median": 5.5,
        "t_hit_p75": 9.0,
        "mdd_p25": -0.9993749999999999,
        "mdd_median": -0.42374999999999996,
        "mdd_p75": -0.144475
      },
      "24": {
        "n_total": 1373,
        "n_hit": 283,
        "p_hit": 0.206118,
        "t_hit_p25": 5.0,
        "t_hit_median": 10.0,
        "t_hit_p75": 17.5,
        "mdd_p25": -1.10615,
        "mdd_median": -0.4653,
        "mdd_p75": -0.1467
      },
      "36": {
        "n_total": 1373,
        "n_hit": 387,
        "p_hit": 0.281865,
        "t_hit_p25": 6.0,
        "t_hit_median": 16.0,
        "t_hit_p75": 25.0,
        "mdd_p25": -1.1640000000000001,
        "mdd_median": -0.5351,
        "mdd_p75": -0.16935
      },
      "48": {
        "n_total": 1373,
        "n_hit": 481,
        "p_hit": 0.350328,
        "t_hit_p25": 8.0,
        "t_hit_median": 21.0,
        "t_hit_p75": 33.0,