{
  "schema": "baseline_probs_v1",
  "source_labels": "data/labels/labels_v1.csv",
  "n_rows_labels": 571,
  "thresholds": [
    0.5,
    1.0,
    2.0,
    3.0,
    5.0
  ],
  "horizons": [
    12,
    24,
    36,
    48,
    60,
    72,
    84,
    96
  ],
  "results": {
    "0.5": {
      "12": {
        "n_total": 571,
        "n_hit": 402,
        "p_hit": 0.704028,
        "t_hit_p25": 1.0,
        "t_hit_median": 3.0,
        "t_hit_p75": 6.0,
        "mdd_p25": -0.619975,
        "mdd_median": -0.244,
        "mdd_p75": -0.057350000000000005
      },
      "24": {
        "n_total": 571,
        "n_hit": 491,
        "p_hit": 0.859895,
        "t_hit_p25": 2.0,
        "t_hit_median": 4.0,
        "t_hit_p75": 10.0,
        "mdd_p25": -0.8052999999999999,
        "mdd_median": -0.352,
        "mdd_p75": -0.10145
      },
      "36": {
        "n_total": 571,
        "n_hit": 519,
        "p_hit": 0.908932,
        "t_hit_p25": 2.0,
        "t_hit_median": 5.0,
        "t_hit_p75": 11.5,
        "mdd_p25": -0.8125,
        "mdd_median": -0.3775,
        "mdd_p75": -0.10750000000000001
      },
      "48": {
        "n_total": 571,
        "n_hit": 523,
        "p_hit": 0.915937,
        "t_hit_p25": 2.0,
        "t_hit_median": 5.0,
        "t_hit_p75": 12.0,
        "mdd_p25": -0.8237,
        "mdd_median": -0.3797,
        "mdd_p75": -0.10925
      },
      "60": {
        "n_total": 571,
        "n_hit": 530,
        "p_hit": 0.928196,
        "t_hit_p25": 2.0,
        "t_hit_median": 5.0,
        "t_hit_p75": 12.0,
        "mdd_p25": -0.846475,
        "mdd_median": -0.38780000000000003,
        "mdd_p75": -0.112675
      },
      "72": {
        "n_total": 571,
        "n_hit": 542,
        "p_hit": 0.949212,
        "t_hit_p25": 2.0,
        "t_hit_median": 5.0,
        "t_hit_p75": 13.0,
        "mdd_p25": -0.931225,
        "mdd_median": -0.4065,
        "mdd_p75": -0.11762500000000001
      },
      "84": {
        "n_total": 571,
        "n_hit": 542,
        "p_hit": 0.949212,
        "t_hit_p25": 2.0,
        "t_hit_median": 5.0,
        "t_hit_p75": 13.0,
        "mdd_p25": -0.931225,
        "mdd_median": -0.4065,
        "mdd_p75": -0.11762500000000001
      },
      "96": {
        "n_total": 571,
        "n_hit": 545,
        "p_hit": 0.954466,
        "t_hit_p25": 2.0,
        "t_hit_median": 5.0,
        "t_hit_p75": 13.0,
        "mdd_p25": -0.9357,
        "mdd_median": -0.4098,
        "mdd_p75": -0.1177
      }
    },
    "1.0": {
      "12": {
        "n_total": 571,
        "n_hit": 276,
        "p_hit": 0.483363,
        "t_hit_p25": 2.0,
        "t_hit_median": 5.0,
        "t_hit_p75": 7.0,
        "mdd_p25": -0.6543,
        "mdd_median": -0.26770000000000005,
        "mdd_p75": -0.07345
      },
      "24": {
        "n_total": 571,
        "n_hit": 386,
        "p_hit": 0.676007,
        "t_hit_p25": 4.0,
        "t_hit_median": 7.0,
        "t_hit_p75": 14.0,
        "mdd_p25": -0.868425,
        "mdd_median": -0.41100000000000003,
        "mdd_p75": -0.10585
      },
      "36": {
        "n_total": 571,
        "n_hit": 448,
        "p_hit": 0.784588,
        "t_hit_p25": 4.0,
        "t_hit_median": 8.0,
        "t_hit_p75": 18.0,
        "mdd_p25": -0.98315,
        "mdd_median": -0.4405,
        "mdd_p75": -0.13470000000000001
      },
      "48": {
        "n_total": 571,
        "n_hit": 478,
        "p_hit": 0.837128,
        "t_hit_p25": 4.0,
        "t_hit_median": 9.0,
        "t_hit_p75": 20.75,
        "mdd_p25": -1.0044,
        "mdd_median": -0.4481,
        "mdd_p75": -0.15410000000000001
      },
      "60": {
        "n_total": 571,
        "n_hit": 493,
        "p_hit": 0.863398,
        "t_hit_p25": 4.0,
        "t_hit_median": 10.0,
        "t_hit_p75": 21.0,
        "mdd_p25": -1.1102,
        "mdd_median": -0.469,
        "mdd_p75": -0.1614
      },
      "72": {
        "n_total": 571,
        "n_hit": 512,
        "p_hit": 0.896673,
        "t_hit_p25": 4.0,
        "t_hit_median": 11.0,
        "t_hit_p75": 24.0,
        "mdd_p25": -1.1986750000000002,
        "mdd_median": -0.47895,
        "mdd_p75": -0.16947500000000001
      },
      "84": {
        "n_total": 571,
        "n_hit": 517,
        "p_hit": 0.905429,
        "t_hit_p25": 4.0,
        "t_hit_median": 11.0,
        "t_hit_p75": 25.0,
        "mdd_p25": -1.2184,
        "mdd_median": -0.4839,
        "mdd_p75": -0.1707
      },
      "96": {
        "n_total": 571,
        "n_hit": 523,
        "p_hit": 0.915937,
        "t_hit_p25": 4.0,
        "t_hit_median": 11.0,
        "t_hit_p75": 25.0,
        "mdd_p25": -1.2582,
        "mdd_median": -0.4923,
        "mdd_p75": -0.17145
      }
    },
    "2.0": {
      "12": {
        "n_total": 571,
        "n_hit": 131,
        "p_hit": 0.229422,
        "t_hit_p25": 4.0,
        "t_hit_median": 7.0,
        "t_hit_p75": 9.0,
        "mdd_p25": -0.6295999999999999,
        "mdd_median": -0.3483,
        "mdd_p75": -0.1148
      },
      "24": {
        "n_total": 571,
        "n_hit": 233,
        "p_hit": 0.408056,
        "t_hit_p25": 6.0,
        "t_hit_median": 11.0,
        "t_hit_p75": 17.0,
        "mdd_p25": -0.8631,
        "mdd_median": -0.4983,
        "mdd_p75": -0.1553
      },
      "36": {
        "n_total": 571,
        "n_hit": 305,
        "p_hit": 0.534151,
        "t_hit_p25": 8.0,
        "t_hit_median": 15.0,
        "t_hit_p75": 23.0,
        "mdd_p25": -0.8755,
        "mdd_median": -0.4543,
        "mdd_p75": -0.1638
      },
      "48": {
        "n_total": 571,
        "n_hit": 365,
        "p_hit": 0.639229,
        "t_hit_p25": 9.0,
        "t_hit_median": 18.0,
        "t_hit_p75": 32.0,
        "mdd_p25": -0.9724,
        "mdd_median": -0.4749,
        "mdd_p75": -0.1925
      },
      "60": {
        "n_total": 571,
        "n_hit": 409,
        "p_hit": 0.716287,
        "t_hit_p25": 10.0,
        "t_hit_median": 20.0,
        "t_hit_p75": 37.0,
        "mdd_p25": -0.9924,
        "mdd_median": -0.4952,
        "mdd_p75": -0.2228
      },
      "72": {
        "n_total": 571,
        "n_hit": 437,
        "p_hit": 0.765324,
        "t_hit_p25": 10.0,
        "t_hit_median": 21.0,
        "t_hit_p75": 42.0,
        "mdd_p25": -1.1628,
        "mdd_median": -0.5477,
        "mdd_p75": -0.244
      },
      "84": {
        "n_total": 571,
        "n_hit": 450,
        "p_hit": 0.788091,
        "t_hit_p25": 11.0,
        "t_hit_median": 23.0,
        "t_hit_p75": 43.75,
        "mdd_p25": -1.1951749999999999,
        "mdd_median": -0.57165,
        "mdd_p75": -0.25987499999999997
      },
      "96": {
        "n_total": 571,
        "n_hit": 462,
        "p_hit": 0.809107,
        "t_hit_p25": 11.0,
        "t_hit_median": 24.0,
        "t_hit_p75": 45.0,
        "mdd_p25": -1.2315,
        "mdd_median": -0.5850500000000001,
        "mdd_p75": -0.26545
      }
    },
    "3.0": {
      "12": {
        "n_total": 571,
        "n_hit": 62,
        "p_hit": 0.108581,
        "t_hit_p25": 5.0,
        "t_hit_median": 8.0,
        "t_hit_p75": 10.0,
        "mdd_p25": -0.8750249999999999,
        "mdd_median": -0.36175,
        "mdd_p75": -0.15825
      },
      "24": {
        "n_total": 571,
        "n_hit": 113,
        "p_hit": 0.197898,
        "t_hit_p25": 7.0,
        "t_hit_median": 11.0,
        "t_hit_p75": 19.0,
        "mdd_p25": -0.7065,
        "mdd_median": -0.3775,
        "mdd_p75": -0.1297
      },
      "36": {
        "n_total": 571,
        "n_hit": 182,
        "p_hit": 0.318739,
        "t_hit_p25": 10.0,
        "t_hit_median": 20.0,
        "t_hit_p75": 29.75,
        "mdd_p25": -0.7793249999999999,
        "mdd_median": -0.40754999999999997,
        "mdd_p75": -0.1341
      },
      "48": {
        "n_total": 571,
        "n_hit": 243,
        "p_hit": 0.425569,
        "t_hit_p25": 12.0,
        "t_hit_median": 27.0,
        "t_hit_p75": 36.5,
        "mdd_p25": -0.85595,
        "mdd_median": -0.4543,