{
  "schema": "baseline_probs_v1",
  "source_labels": "data/labels/labels_v1.csv",
  "n_rows_labels": 2671,
  "thresholds": [
    0.5,
    1.0,
    2.0,
    3.0,
    5.0
  ],
  "horizons": [
    12,
    24,
    36,
    48,
    60,
    72,
    84,
    96
  ],
  "results": {
    "0.5": {
      "12": {
        "n_total": 2671,
        "n_hit": 1892,
        "p_hit": 0.708349,
        "t_hit_p25": 1.0,
        "t_hit_median": 2.0,
        "t_hit_p75": 4.0,
        "mdd_p25": -0.7221249999999999,
        "mdd_median": -0.29125,
        "mdd_p75": -0.050825
      },
      "24": {
        "n_total": 2671,
        "n_hit": 2151,
        "p_hit": 0.805316,
        "t_hit_p25": 1.0,
        "t_hit_median": 3.0,
        "t_hit_p75": 7.0,
        "mdd_p25": -0.9063,
        "mdd_median": -0.3584,
        "mdd_p75": -0.08085
      },
      "36": {
        "n_total": 2671,
        "n_hit": 2280,
        "p_hit": 0.853613,
        "t_hit_p25": 1.0,
        "t_hit_median": 3.0,
        "t_hit_p75": 8.0,
        "mdd_p25": -0.998775,
        "mdd_median": -0.40565,
        "mdd_p75": -0.097525
      },
      "48": {
        "n_total": 2671,
        "n_hit": 2325,
        "p_hit": 0.870461,
        "t_hit_p25": 1.0,
        "t_hit_median": 3.0,
        "t_hit_p75": 9.0,
        "mdd_p25": -1.078,
        "mdd_median": -0.4181,
        "mdd_p75": -0.1027
      },
      "60": {
        "n_total": 2671,
        "n_hit": 2348,
        "p_hit": 0.879072,
        "t_hit_p25": 1.0,
        "t_hit_median": 3.0,
        "t_hit_p75": 9.0,
        "mdd_p25": -1.1354250000000001,
        "mdd_median": -0.42605,
        "mdd_p75": -0.10417499999999999
      },
      "72": {
        "n_total": 2671,
        "n_hit": 2387,
        "p_hit": 0.893673,
        "t_hit_p25": 1.0,
        "t_hit_median": 3.0,
        "t_hit_p75": 10.0,
        "mdd_p25": -1.1851500000000001,
        "mdd_median": -0.4404,
        "mdd_p75": -0.10815
      },
      "84": {
        "n_total": 2671,
        "n_hit": 2430,
        "p_hit": 0.909772,
        "t_hit_p25": 1.0,
        "t_hit_median": 3.0,
        "t_hit_p75": 10.0,
        "mdd_p25": -1.2718,
        "mdd_median": -0.45594999999999997,
        "mdd_p75": -0.112675
      },
      "96": {
        "n_total": 2671,
        "n_hit": 2459,
        "p_hit": 0.920629,
        "t_hit_p25": 1.0,
        "t_hit_median": 3.0,
        "t_hit_p75": 11.0,
        "mdd_p25": -1.3317999999999999,
        "mdd_median": -0.4718,
        "mdd_p75": -0.1166
      }
    },
    "1.0": {
      "12": {
        "n_total": 2671,
        "n_hit": 1396,
        "p_hit": 0.522651,
        "t_hit_p25": 2.0,
        "t_hit_median": 4.0,
        "t_hit_p75": 7.0,
        "mdd_p25": -0.951625,
        "mdd_median": -0.36875,
        "mdd_p75": -0.08035
      },
      "24": {
        "n_total": 2671,
        "n_hit": 1735,
        "p_hit": 0.649569,
        "t_hit_p25": 2.0,
        "t_hit_median": 5.0,
        "t_hit_p75": 10.0,
        "mdd_p25": -1.0986,
        "mdd_median": -0.4726,
        "mdd_p75": -0.129
      },
      "36": {
        "n_total": 2671,
        "n_hit": 1956,
        "p_hit": 0.73231,
        "t_hit_p25": 3.0,
        "t_hit_median": 6.0,
        "t_hit_p75": 15.0,
        "mdd_p25": -1.322525,
        "mdd_median": -0.53485,
        "mdd_p75": -0.16065000000000002
      },
      "48": {
        "n_total": 2671,
        "n_hit": 2058,
        "p_hit": 0.770498,
        "t_hit_p25": 3.0,
        "t_hit_median": 7.0,
        "t_hit_p75": 17.0,
        "mdd_p25": -1.377425,
        "mdd_median": -0.5527,
        "mdd_p75": -0.172425
      },
      "60": {
        "n_total": 2671,
        "n_hit": 2135,
        "p_hit": 0.799326,
        "t_hit_p25": 3.0,
        "t_hit_median": 7.0,
        "t_hit_p75": 19.0,
        "mdd_p25": -1.4751,
        "mdd_median": -0.5911,
        "mdd_p75": -0.18514999999999998
      },
      "72": {
        "n_total": 2671,
        "n_hit": 2200,
        "p_hit": 0.823662,
        "t_hit_p25": 3.0,
        "t_hit_median": 8.0,
        "t_hit_p75": 21.0,
        "mdd_p25": -1.58175,
        "mdd_median": -0.6167499999999999,
        "mdd_p75": -0.195375
      },
      "84": {
        "n_total": 2671,
        "n_hit": 2258,
        "p_hit": 0.845376,
        "t_hit_p25": 3.0,
        "t_hit_median": 8.0,
        "t_hit_p75": 23.0,
        "mdd_p25": -1.685775,
        "mdd_median": -0.6529,
        "mdd_p75": -0.208875
      },
      "96": {
        "n_total": 2671,
        "n_hit": 2295,
        "p_hit": 0.859229,
        "t_hit_p25": 3.0,
        "t_hit_median": 8.0,
        "t_hit_p75": 24.0,
        "mdd_p25": -1.7563499999999999,
        "mdd_median": -0.6772,
        "mdd_p75": -0.2188
      }
    },
    "2.0": {
      "12": {
        "n_total": 2671,
        "n_hit": 677,
        "p_hit": 0.253463,
        "t_hit_p25": 3.0,
        "t_hit_median": 5.0,
        "t_hit_p75": 9.0,
        "mdd_p25": -0.9763,
        "mdd_median": -0.4168,
        "mdd_p75": -0.1092
      },
      "24": {
        "n_total": 2671,
        "n_hit": 1094,
        "p_hit": 0.409584,
        "t_hit_p25": 4.0,
        "t_hit_median": 9.0,
        "t_hit_p75": 16.0,
        "mdd_p25": -1.27315,
        "mdd_median": -0.58065,
        "mdd_p75": -0.18205000000000002
      },
      "36": {
        "n_total": 2671,
        "n_hit": 1387,
        "p_hit": 0.519281,
        "t_hit_p25": 5.0,
        "t_hit_median": 13.0,
        "t_hit_p75": 23.0,
        "mdd_p25": -1.4668,
        "mdd_median": -0.6772,
        "mdd_p75": -0.2286
      },
      "48": {
        "n_total": 2671,
        "n_hit": 1576,
        "p_hit": 0.590041,
        "t_hit_p25": 6.0,
        "t_hit_median": 15.0,
        "t_hit_p75": 28.0,
        "mdd_p25": -1.559875,
        "mdd_median": -0.7314,
        "mdd_p75": -0.2698
      },
      "60": {
        "n_total": 2671,
        "n_hit": 1703,
        "p_hit": 0.637589,
        "t_hit_p25": 7.0,
        "t_hit_median": 17.0,
        "t_hit_p75": 32.0,
        "mdd_p25": -1.6174,
        "mdd_median": -0.8007,
        "mdd_p75": -0.29055
      },
      "72": {
        "n_total": 2671,
        "n_hit": 1814,
        "p_hit": 0.679146,
        "t_hit_p25": 7.0,
        "t_hit_median": 18.0,
        "t_hit_p75": 35.0,
        "mdd_p25": -1.771275,
        "mdd_median": -0.88695,
        "mdd_p75": -0.31305000000000005
      },
      "84": {
        "n_total": 2671,
        "n_hit": 1895,
        "p_hit": 0.709472,
        "t_hit_p25": 8.0,
        "t_hit_median": 20.0,
        "t_hit_p75": 39.0,
        "mdd_p25": -1.9300000000000002,
        "mdd_median": -0.9512,
        "mdd_p75": -0.3378
      },
      "96": {
        "n_total": 2671,
        "n_hit": 1970,
        "p_hit": 0.737551,
        "t_hit_p25": 8.0,
        "t_hit_median": 21.0,
        "t_hit_p75": 42.0,
        "mdd_p25": -2.12995,
        "mdd_median": -0.9918499999999999,
        "mdd_p75": -0.34909999999999997
      }
    },
    "3.0": {
      "12": {
        "n_total": 2671,
        "n_hit": 367,
        "p_hit": 0.137402,
        "t_hit_p25": 3.0,
        "t_hit_median": 6.0,
        "t_hit_p75": 9.0,
        "mdd_p25": -0.95035,
        "mdd_median": -0.3885,
        "mdd_p75": -0.1077
      },
      "24": {
        "n_total": 2671,
        "n_hit": 634,
        "p_hit": 0.237364,
        "t_hit_p25": 5.0,
        "t_hit_median": 10.0,
        "t_hit_p75": 17.0,
        "mdd_p25": -1.321,
        "mdd_median": -0.55165,
        "mdd_p75": -0.163375
      },
      "36": {
        "n_total": 2671,
        "n_hit": 897,
        "p_hit": 0.335829,
        "t_hit_p25": 7.0,
        "t_hit_median": 16.0,
        "t_hit_p75": 26.0,
        "mdd_p25": -1.5877,
        "mdd_median": -0.6748,
        "mdd_p75": -0.2086
      },
      "48": {
        "n_total": 2671,
        "n_hit": 1112,
        "p_hit": 0.416323,
        "t_hit_p25": 9.0,
        "t_hit_median": 21.0,
        "t_hit_p75": 33.0,
        "mdd_p25": -1.7022249999999999,
        "mdd_median": -0.7985,