{
  "schema": "baseline_probs_v1",
  "source_labels": "data/labels/labels_v1.csv",
  "n_rows_labels": 3218,
  "thresholds": [
    0.5,
    1.0,
    2.0,
    3.0,
    5.0
  ],
  "horizons": [
    12,
    24,
    36,
    48,
    60,
    72,
    84,
    96
  ],
  "results": {
    "0.5": {
      "12": {
        "n_total": 3218,
        "n_hit": 2273,
        "p_hit": 0.706339,
        "t_hit_p25": 1.0,
        "t_hit_median": 2.0,
        "t_hit_p75": 5.0,
        "mdd_p25": -0.7271,
        "mdd_median": -0.2933,
        "mdd_p75": -0.0489
      },
      "24": {
        "n_total": 3218,
        "n_hit": 2585,
        "p_hit": 0.803294,
        "t_hit_p25": 1.0,
        "t_hit_median": 3.0,
        "t_hit_p75": 7.0,
        "mdd_p25": -0.9084,
        "mdd_median": -0.3596,
        "mdd_p75": -0.0788
      },
      "36": {
        "n_total": 3218,
        "n_hit": 2730,
        "p_hit": 0.848353,
        "t_hit_p25": 1.0,
        "t_hit_median": 3.0,
        "t_hit_p75": 8.0,
        "mdd_p25": -1.0046750000000002,
        "mdd_median": -0.4031,
        "mdd_p75": -0.09175
      },
      "48": {
        "n_total": 3218,
        "n_hit": 2794,
        "p_hit": 0.868241,
        "t_hit_p25": 1.0,
        "t_hit_median": 3.0,
        "t_hit_p75": 9.0,
        "mdd_p25": -1.10145,
        "mdd_median": -0.41945,
        "mdd_p75": -0.09867499999999998
      },
      "60": {
        "n_total": 3218,
        "n_hit": 2826,
        "p_hit": 0.878185,
        "t_hit_p25": 1.0,
        "t_hit_median": 3.0,
        "t_hit_p75": 9.0,
        "mdd_p25": -1.148325,
        "mdd_median": -0.42735,
        "mdd_p75": -0.102725
      },
      "72": {
        "n_total": 3218,
        "n_hit": 2870,
        "p_hit": 0.891858,
        "t_hit_p25": 1.0,
        "t_hit_median": 3.0,
        "t_hit_p75": 10.0,
        "mdd_p25": -1.19915,
        "mdd_median": -0.44015000000000004,
        "mdd_p75": -0.105375
      },
      "84": {
        "n_total": 3218,
        "n_hit": 2916,
        "p_hit": 0.906153,
        "t_hit_p25": 1.0,
        "t_hit_median": 3.0,
        "t_hit_p75": 10.0,
        "mdd_p25": -1.27385,
        "mdd_median": -0.4529,
        "mdd_p75": -0.108975
      },
      "96": {
        "n_total": 3218,
        "n_hit": 2947,
        "p_hit": 0.915786,
        "t_hit_p25": 1.0,
        "t_hit_median": 3.0,
        "t_hit_p75": 11.0,
        "mdd_p25": -1.3330000000000002,
        "mdd_median": -0.469,
        "mdd_p75": -0.11285
      }
    },
    "1.0": {
      "12": {
        "n_total": 3218,
        "n_hit": 1656,
        "p_hit": 0.514605,
        "t_hit_p25": 2.0,
        "t_hit_median": 4.0,
        "t_hit_p75": 7.0,
        "mdd_p25": -0.932975,
        "mdd_median": -0.36024999999999996,
        "mdd_p75": -0.077025
      },
      "24": {
        "n_total": 3218,
        "n_hit": 2093,
        "p_hit": 0.650404,
        "t_hit_p25": 2.0,
        "t_hit_median": 5.0,
        "t_hit_p75": 11.0,
        "mdd_p25": -1.1089,
        "mdd_median": -0.469,
        "mdd_p75": -0.125
      },
      "36": {
        "n_total": 3218,
        "n_hit": 2342,
        "p_hit": 0.727781,
        "t_hit_p25": 3.0,
        "t_hit_median": 6.0,
        "t_hit_p75": 15.0,
        "mdd_p25": -1.326,
        "mdd_median": -0.53455,
        "mdd_p75": -0.1558
      },
      "48": {
        "n_total": 3218,
        "n_hit": 2461,
        "p_hit": 0.764761,
        "t_hit_p25": 3.0,
        "t_hit_median": 7.0,
        "t_hit_p75": 17.0,
        "mdd_p25": -1.3916,
        "mdd_median": -0.5542,
        "mdd_p75": -0.1696
      },
      "60": {
        "n_total": 3218,
        "n_hit": 2546,
        "p_hit": 0.791175,
        "t_hit_p25": 3.0,
        "t_hit_median": 7.0,
        "t_hit_p75": 18.0,
        "mdd_p25": -1.4840250000000001,
        "mdd_median": -0.5951500000000001,
        "mdd_p75": -0.17665000000000003
      },
      "72": {
        "n_total": 3218,
        "n_hit": 2619,
        "p_hit": 0.81386,
        "t_hit_p25": 3.0,
        "t_hit_median": 8.0,
        "t_hit_p75": 20.0,
        "mdd_p25": -1.5838,
        "mdd_median": -0.619,
        "mdd_p75": -0.1877
      },
      "84": {
        "n_total": 3218,
        "n_hit": 2680,
        "p_hit": 0.832815,
        "t_hit_p25": 3.0,
        "t_hit_median": 8.0,
        "t_hit_p75": 22.0,
        "mdd_p25": -1.683,
        "mdd_median": -0.65665,
        "mdd_p75": -0.195475
      },
      "96": {
        "n_total": 3218,
        "n_hit": 2723,
        "p_hit": 0.846178,
        "t_hit_p25": 3.0,
        "t_hit_median": 8.0,
        "t_hit_p75": 23.0,
        "mdd_p25": -1.7539,
        "mdd_median": -0.6795,
        "mdd_p75": -0.20425
      }
    },
    "2.0": {
      "12": {
        "n_total": 3218,
        "n_hit": 784,
        "p_hit": 0.24363,
        "t_hit_p25": 3.0,
        "t_hit_median": 5.0,
        "t_hit_p75": 9.0,
        "mdd_p25": -0.9604249999999999,
        "mdd_median": -0.39705,
        "mdd_p75": -0.080325
      },
      "24": {
        "n_total": 3218,
        "n_hit": 1283,
        "p_hit": 0.398695,
        "t_hit_p25": 4.0,
        "t_hit_median": 9.0,
        "t_hit_p75": 16.0,
        "mdd_p25": -1.2488000000000001,
        "mdd_median": -0.5615,
        "mdd_p75": -0.1722
      },
      "36": {
        "n_total": 3218,
        "n_hit": 1631,
        "p_hit": 0.506837,
        "t_hit_p25": 5.0,
        "t_hit_median": 13.0,
        "t_hit_p75": 23.0,
        "mdd_p25": -1.4503499999999998,
        "mdd_median": -0.6792,
        "mdd_p75": -0.20805
      },
      "48": {
        "n_total": 3218,
        "n_hit": 1867,
        "p_hit": 0.580174,
        "t_hit_p25": 6.0,
        "t_hit_median": 16.0,
        "t_hit_p75": 28.0,
        "mdd_p25": -1.5680999999999998,
        "mdd_median": -0.7627,
        "mdd_p75": -0.25839999999999996
      },
      "60": {
        "n_total": 3218,
        "n_hit": 2016,
        "p_hit": 0.626476,
        "t_hit_p25": 7.0,
        "t_hit_median": 17.0,
        "t_hit_p75": 32.0,
        "mdd_p25": -1.644175,
        "mdd_median": -0.8176,
        "mdd_p75": -0.282
      },
      "72": {
        "n_total": 3218,
        "n_hit": 2147,
        "p_hit": 0.667185,
        "t_hit_p25": 7.0,
        "t_hit_median": 19.0,
        "t_hit_p75": 36.0,
        "mdd_p25": -1.80525,
        "mdd_median": -0.9049,
        "mdd_p75": -0.3096
      },
      "84": {
        "n_total": 3218,
        "n_hit": 2235,
        "p_hit": 0.694531,
        "t_hit_p25": 8.0,
        "t_hit_median": 20.0,
        "t_hit_p75": 39.0,
        "mdd_p25": -1.9438499999999999,
        "mdd_median": -0.962,
        "mdd_p75": -0.3291
      },
      "96": {
        "n_total": 3218,
        "n_hit": 2320,
        "p_hit": 0.720945,
        "t_hit_p25": 8.0,
        "t_hit_median": 21.0,
        "t_hit_p75": 41.0,
        "mdd_p25": -2.07935,
        "mdd_median": -1.00285,
        "mdd_p75": -0.34575
      }
    },
    "3.0": {
      "12": {
        "n_total": 3218,
        "n_hit": 419,
        "p_hit": 0.130205,
        "t_hit_p25": 3.0,
        "t_hit_median": 6.0,
        "t_hit_p75": 9.0,
        "mdd_p25": -0.92355,
        "mdd_median": -0.3594,
        "mdd_p75": -0.08510000000000001
      },
      "24": {
        "n_total": 3218,
        "n_hit": 747,
        "p_hit": 0.232132,
        "t_hit_p25": 5.0,
        "t_hit_median": 11.0,
        "t_hit_p75": 17.0,
        "mdd_p25": -1.3117,
        "mdd_median": -0.5524,
        "mdd_p75": -0.15595
      },
      "36": {
        "n_total": 3218,
        "n_hit": 1051,
        "p_hit": 0.3266,
        "t_hit_p25": 7.0,
        "t_hit_median": 16.0,
        "t_hit_p75": 26.0,
        "mdd_p25": -1.57555,
        "mdd_median": -0.6845,
        "mdd_p75": -0.2071
      },
      "48": {
        "n_total": 3218,
        "n_hit": 1307,
        "p_hit": 0.406153,
        "t_hit_p25": 9.0,
        "t_hit_median": 21.0,
        "t_hit_p75": 33.0,
        "mdd_p25": -1.70615,
        "mdd_median": -0.822,
        "mdd_p75": -0.2733
      },