{
  "schema": "baseline_probs_v1",
  "source_labels": "data/labels/labels_v1.csv",
  "n_rows_labels": 2421,
  "thresholds": [
    0.5,
    1.0,
    2.0,
    3.0,
    5.0
  ],
  "horizons": [
    12,
    24,
    36,
    48,
    60,
    72,
    84,
    96
  ],
  "results": {
    "0.5": {
      "12": {
        "n_total": 2421,
        "n_hit": 1730,
        "p_hit": 0.714581,
        "t_hit_p25": 1.0,
        "t_hit_median": 2.0,
        "t_hit_p75": 4.0,
        "mdd_p25": -0.7782250000000001,
        "mdd_median": -0.30305000000000004,
        "mdd_p75": -0.0547
      },
      "24": {
        "n_total": 2421,
        "n_hit": 1957,
        "p_hit": 0.808344,
        "t_hit_p25": 1.0,
        "t_hit_median": 3.0,
        "t_hit_p75": 6.0,
        "mdd_p25": -0.9298,
        "mdd_median": -0.3709,
        "mdd_p75": -0.0869
      },
      "36": {
        "n_total": 2421,
        "n_hit": 2068,
        "p_hit": 0.854192,
        "t_hit_p25": 1.0,
        "t_hit_median": 3.0,
        "t_hit_p75": 8.0,
        "mdd_p25": -1.0153750000000001,
        "mdd_median": -0.41475,
        "mdd_p75": -0.101925
      },
      "48": {
        "n_total": 2421,
        "n_hit": 2108,
        "p_hit": 0.870715,
        "t_hit_p25": 1.0,
        "t_hit_median": 3.0,
        "t_hit_p75": 8.0,
        "mdd_p25": -1.105975,
        "mdd_median": -0.4279,
        "mdd_p75": -0.1054
      },
      "60": {
        "n_total": 2421,
        "n_hit": 2131,
        "p_hit": 0.880215,
        "t_hit_p25": 1.0,
        "t_hit_median": 3.0,
        "t_hit_p75": 9.0,
        "mdd_p25": -1.1498499999999998,
        "mdd_median": -0.4385,
        "mdd_p75": -0.10815
      },
      "72": {
        "n_total": 2421,
        "n_hit": 2170,
        "p_hit": 0.896324,
        "t_hit_p25": 1.0,
        "t_hit_median": 3.0,
        "t_hit_p75": 10.0,
        "mdd_p25": -1.240425,
        "mdd_median": -0.45594999999999997,
        "mdd_p75": -0.112675
      },
      "84": {
        "n_total": 2421,
        "n_hit": 2211,
        "p_hit": 0.913259,
        "t_hit_p25": 1.0,
        "t_hit_median": 3.0,
        "t_hit_p75": 10.0,
        "mdd_p25": -1.3255,
        "mdd_median": -0.4749,
        "mdd_p75": -0.11765
      },
      "96": {
        "n_total": 2421,
        "n_hit": 2235,
        "p_hit": 0.923172,
        "t_hit_p25": 1.0,
        "t_hit_median": 3.0,
        "t_hit_p75": 11.0,
        "mdd_p25": -1.35395,
        "mdd_median": -0.4842,
        "mdd_p75": -0.12065
      }
    },
    "1.0": {
      "12": {
        "n_total": 2421,
        "n_hit": 1281,
        "p_hit": 0.52912,
        "t_hit_p25": 2.0,
        "t_hit_median": 4.0,
        "t_hit_p75": 7.0,
        "mdd_p25": -0.9944,
        "mdd_median": -0.4025,
        "mdd_p75": -0.0816
      },
      "24": {
        "n_total": 2421,
        "n_hit": 1574,
        "p_hit": 0.650145,
        "t_hit_p25": 2.0,
        "t_hit_median": 5.0,
        "t_hit_p75": 10.0,
        "mdd_p25": -1.1597,
        "mdd_median": -0.49095,
        "mdd_p75": -0.1339
      },
      "36": {
        "n_total": 2421,
        "n_hit": 1766,
        "p_hit": 0.729451,
        "t_hit_p25": 2.0,
        "t_hit_median": 6.0,
        "t_hit_p75": 14.0,
        "mdd_p25": -1.358625,
        "mdd_median": -0.5434,
        "mdd_p75": -0.16315
      },
      "48": {
        "n_total": 2421,
        "n_hit": 1861,
        "p_hit": 0.768691,
        "t_hit_p25": 3.0,
        "t_hit_median": 6.0,
        "t_hit_p75": 16.0,
        "mdd_p25": -1.424,
        "mdd_median": -0.5782,
        "mdd_p75": -0.175
      },
      "60": {
        "n_total": 2421,
        "n_hit": 1937,
        "p_hit": 0.800083,
        "t_hit_p25": 3.0,
        "t_hit_median": 7.0,
        "t_hit_p75": 18.0,
        "mdd_p25": -1.5634,
        "mdd_median": -0.6136,
        "mdd_p75": -0.1897
      },
      "72": {
        "n_total": 2421,
        "n_hit": 2002,
        "p_hit": 0.826931,
        "t_hit_p25": 3.0,
        "t_hit_median": 7.0,
        "t_hit_p75": 20.75,
        "mdd_p25": -1.6651749999999998,
        "mdd_median": -0.6574,
        "mdd_p75": -0.20417500000000002
      },
      "84": {
        "n_total": 2421,
        "n_hit": 2057,
        "p_hit": 0.849649,
        "t_hit_p25": 3.0,
        "t_hit_median": 8.0,
        "t_hit_p75": 23.0,
        "mdd_p25": -1.7768,
        "mdd_median": -0.6956,
        "mdd_p75": -0.218
      },
      "96": {
        "n_total": 2421,
        "n_hit": 2091,
        "p_hit": 0.863693,
        "t_hit_p25": 3.0,
        "t_hit_median": 8.0,
        "t_hit_p75": 24.0,
        "mdd_p25": -1.84735,
        "mdd_median": -0.7144,
        "mdd_p75": -0.2246
      }
    },
    "2.0": {
      "12": {
        "n_total": 2421,
        "n_hit": 640,
        "p_hit": 0.264354,
        "t_hit_p25": 3.0,
        "t_hit_median": 5.0,
        "t_hit_p75": 8.0,
        "mdd_p25": -0.9945,
        "mdd_median": -0.41675,
        "mdd_p75": -0.10447499999999998
      },
      "24": {
        "n_total": 2421,
        "n_hit": 1011,
        "p_hit": 0.417596,
        "t_hit_p25": 4.0,
        "t_hit_median": 9.0,
        "t_hit_p75": 16.0,
        "mdd_p25": -1.34065,
        "mdd_median": -0.5981,
        "mdd_p75": -0.18705
      },
      "36": {
        "n_total": 2421,
        "n_hit": 1258,
        "p_hit": 0.51962,
        "t_hit_p25": 5.0,
        "t_hit_median": 12.0,
        "t_hit_p75": 22.0,
        "mdd_p25": -1.5774,
        "mdd_median": -0.7201,
        "mdd_p75": -0.23435
      },
      "48": {
        "n_total": 2421,
        "n_hit": 1430,
        "p_hit": 0.590665,
        "t_hit_p25": 6.0,
        "t_hit_median": 15.0,
        "t_hit_p75": 27.0,
        "mdd_p25": -1.6489500000000001,
        "mdd_median": -0.8095000000000001,
        "mdd_p75": -0.27235
      },
      "60": {
        "n_total": 2421,
        "n_hit": 1548,
        "p_hit": 0.639405,
        "t_hit_p25": 6.0,
        "t_hit_median": 16.0,
        "t_hit_p75": 32.0,
        "mdd_p25": -1.7050500000000002,
        "mdd_median": -0.86965,
        "mdd_p75": -0.29555
      },
      "72": {
        "n_total": 2421,
        "n_hit": 1658,
        "p_hit": 0.684841,
        "t_hit_p25": 7.0,
        "t_hit_median": 18.0,
        "t_hit_p75": 36.0,
        "mdd_p25": -1.9052499999999999,
        "mdd_median": -0.96695,
        "mdd_p75": -0.32335
      },
      "84": {
        "n_total": 2421,
        "n_hit": 1738,
        "p_hit": 0.717885,
        "t_hit_p25": 7.0,
        "t_hit_median": 19.0,
        "t_hit_p75": 39.75,
        "mdd_p25": -2.132975,
        "mdd_median": -1.0141499999999999,
        "mdd_p75": -0.348325
      },
      "96": {
        "n_total": 2421,
        "n_hit": 1809,
        "p_hit": 0.747212,
        "t_hit_p25": 8.0,
        "t_hit_median": 21.0,
        "t_hit_p75": 43.0,
        "mdd_p25": -2.2523,
        "mdd_median": -1.0987,
        "mdd_p75": -0.3692
      }
    },
    "3.0": {
      "12": {
        "n_total": 2421,
        "n_hit": 364,
        "p_hit": 0.150351,
        "t_hit_p25": 3.0,
        "t_hit_median": 6.0,
        "t_hit_p75": 9.0,
        "mdd_p25": -0.960575,
        "mdd_median": -0.39339999999999997,
        "mdd_p75": -0.11220000000000001
      },
      "24": {
        "n_total": 2421,
        "n_hit": 617,
        "p_hit": 0.254853,
        "t_hit_p25": 5.0,
        "t_hit_median": 10.0,
        "t_hit_p75": 17.0,
        "mdd_p25": -1.3396,
        "mdd_median": -0.5798,
        "mdd_p75": -0.172
      },
      "36": {
        "n_total": 2421,
        "n_hit": 865,
        "p_hit": 0.35729,
        "t_hit_p25": 7.0,
        "t_hit_median": 16.0,
        "t_hit_p75": 26.0,
        "mdd_p25": -1.6228,
        "mdd_median": -0.702,
        "mdd_p75": -0.22
      },
      "48": {
        "n_total": 2421,
        "n_hit": 1055,
        "p_hit": 0.43577,
        "t_hit_p25": 9.0,
        "t_hit_median": 20.0,
        "t_hit_p75": 32.0,
        "mdd_p25": -1.75665,
        "mdd_median": -0.8626,