{
  "schema": "baseline_probs_v1",
  "source_labels": "data/labels/labels_v1.csv",
  "n_rows_labels": 887,
  "thresholds": [
    0.5,
    1.0,
    2.0,
    3.0,
    5.0
  ],
  "horizons": [
    12,
    24,
    36,
    48,
    60,
    72,
    84,
    96
  ],
  "results": {
    "0.5": {
      "12": {
        "n_total": 887,
        "n_hit": 599,
        "p_hit": 0.67531,
        "t_hit_p25": 1.0,
        "t_hit_median": 3.0,
        "t_hit_p75": 6.0,
        "mdd_p25": -0.6295999999999999,
        "mdd_median": -0.2448,
        "mdd_p75": -0.05365
      },
      "24": {
        "n_total": 887,
        "n_hit": 710,
        "p_hit": 0.800451,
        "t_hit_p25": 2.0,
        "t_hit_median": 4.0,
        "t_hit_p75": 9.0,
        "mdd_p25": -0.795075,
        "mdd_median": -0.3238,
        "mdd_p75": -0.090025
      },
      "36": {
        "n_total": 887,
        "n_hit": 752,
        "p_hit": 0.847802,
        "t_hit_p25": 2.0,
        "t_hit_median": 4.0,
        "t_hit_p75": 10.0,
        "mdd_p25": -0.8417749999999999,
        "mdd_median": -0.3577,
        "mdd_p75": -0.09977499999999999
      },
      "48": {
        "n_total": 887,
        "n_hit": 762,
        "p_hit": 0.859076,
        "t_hit_p25": 2.0,
        "t_hit_median": 4.0,
        "t_hit_p75": 10.0,
        "mdd_p25": -0.88035,
        "mdd_median": -0.36819999999999997,
        "mdd_p75": -0.102375
      },
      "60": {
        "n_total": 887,
        "n_hit": 776,
        "p_hit": 0.874859,
        "t_hit_p25": 2.0,
        "t_hit_median": 5.0,
        "t_hit_p75": 11.0,
        "mdd_p25": -0.9517,
        "mdd_median": -0.3786,
        "mdd_p75": -0.104675
      },
      "72": {
        "n_total": 887,
        "n_hit": 798,
        "p_hit": 0.899662,
        "t_hit_p25": 2.0,
        "t_hit_median": 5.0,
        "t_hit_p75": 12.0,
        "mdd_p25": -1.0616,
        "mdd_median": -0.3943,
        "mdd_p75": -0.10685
      },
      "84": {
        "n_total": 887,
        "n_hit": 814,
        "p_hit": 0.9177,
        "t_hit_p25": 2.0,
        "t_hit_median": 5.0,
        "t_hit_p75": 13.0,
        "mdd_p25": -1.166575,
        "mdd_median": -0.41295000000000004,
        "mdd_p75": -0.11122499999999999
      },
      "96": {
        "n_total": 887,
        "n_hit": 820,
        "p_hit": 0.924464,
        "t_hit_p25": 2.0,
        "t_hit_median": 5.0,
        "t_hit_p75": 14.0,
        "mdd_p25": -1.1806249999999998,
        "mdd_median": -0.42264999999999997,
        "mdd_p75": -0.113025
      }
    },
    "1.0": {
      "12": {
        "n_total": 887,
        "n_hit": 419,
        "p_hit": 0.472379,
        "t_hit_p25": 3.0,
        "t_hit_median": 5.0,
        "t_hit_p75": 8.0,
        "mdd_p25": -0.7437,
        "mdd_median": -0.2629,
        "mdd_p75": -0.0678
      },
      "24": {
        "n_total": 887,
        "n_hit": 560,
        "p_hit": 0.631342,
        "t_hit_p25": 3.75,
        "t_hit_median": 7.0,
        "t_hit_p75": 13.0,
        "mdd_p25": -0.9323499999999999,
        "mdd_median": -0.3786,
        "mdd_p75": -0.101725
      },
      "36": {
        "n_total": 887,
        "n_hit": 641,
        "p_hit": 0.722661,
        "t_hit_p25": 4.0,
        "t_hit_median": 8.0,
        "t_hit_p75": 18.0,
        "mdd_p25": -1.0637,
        "mdd_median": -0.4298,
        "mdd_p75": -0.128
      },
      "48": {
        "n_total": 887,
        "n_hit": 676,
        "p_hit": 0.76212,
        "t_hit_p25": 4.0,
        "t_hit_median": 8.5,
        "t_hit_p75": 19.0,
        "mdd_p25": -1.1131250000000001,
        "mdd_median": -0.4457,
        "mdd_p75": -0.14185
      },
      "60": {
        "n_total": 887,
        "n_hit": 712,
        "p_hit": 0.802706,
        "t_hit_p25": 4.0,
        "t_hit_median": 9.0,
        "t_hit_p75": 21.25,
        "mdd_p25": -1.23255,
        "mdd_median": -0.47514999999999996,
        "mdd_p75": -0.155675
      },
      "72": {
        "n_total": 887,
        "n_hit": 743,
        "p_hit": 0.837655,
        "t_hit_p25": 4.0,
        "t_hit_median": 10.0,
        "t_hit_p75": 24.0,
        "mdd_p25": -1.35065,
        "mdd_median": -0.5066,
        "mdd_p75": -0.16355
      },
      "84": {
        "n_total": 887,
        "n_hit": 764,
        "p_hit": 0.86133,
        "t_hit_p25": 5.0,
        "t_hit_median": 10.0,
        "t_hit_p75": 26.0,
        "mdd_p25": -1.39805,
        "mdd_median": -0.5422499999999999,
        "mdd_p75": -0.169975
      },
      "96": {
        "n_total": 887,
        "n_hit": 775,
        "p_hit": 0.873732,
        "t_hit_p25": 5.0,
        "t_hit_median": 11.0,
        "t_hit_p75": 27.0,
        "mdd_p25": -1.4776,
        "mdd_median": -0.5454,
        "mdd_p75": -0.17135
      }
    },
    "2.0": {
      "12": {
        "n_total": 887,
        "n_hit": 188,
        "p_hit": 0.21195,
        "t_hit_p25": 4.0,
        "t_hit_median": 6.0,
        "t_hit_p75": 9.0,
        "mdd_p25": -0.716025,
        "mdd_median": -0.35014999999999996,
        "mdd_p75": -0.094875
      },
      "24": {
        "n_total": 887,
        "n_hit": 331,
        "p_hit": 0.373168,
        "t_hit_p25": 6.0,
        "t_hit_median": 11.0,
        "t_hit_p75": 17.0,
        "mdd_p25": -1.0234,
        "mdd_median": -0.5066,
        "mdd_p75": -0.16199999999999998
      },
      "36": {
        "n_total": 887,
        "n_hit": 421,
        "p_hit": 0.474634,
        "t_hit_p25": 7.0,
        "t_hit_median": 14.0,
        "t_hit_p75": 23.0,
        "mdd_p25": -1.014,
        "mdd_median": -0.4696,
        "mdd_p75": -0.1577
      },
      "48": {
        "n_total": 887,
        "n_hit": 503,
        "p_hit": 0.56708,
        "t_hit_p25": 8.0,
        "t_hit_median": 17.0,
        "t_hit_p75": 31.0,
        "mdd_p25": -1.1661000000000001,
        "mdd_median": -0.4818,
        "mdd_p75": -0.17745
      },
      "60": {
        "n_total": 887,
        "n_hit": 563,
        "p_hit": 0.634724,
        "t_hit_p25": 9.0,
        "t_hit_median": 19.0,
        "t_hit_p75": 37.0,
        "mdd_p25": -1.2488000000000001,
        "mdd_median": -0.5429,
        "mdd_p75": -0.20745
      },
      "72": {
        "n_total": 887,
        "n_hit": 606,
        "p_hit": 0.683202,
        "t_hit_p25": 10.0,
        "t_hit_median": 21.0,
        "t_hit_p75": 42.0,
        "mdd_p25": -1.3211249999999999,
        "mdd_median": -0.58585,
        "mdd_p75": -0.23885
      },
      "84": {
        "n_total": 887,
        "n_hit": 631,
        "p_hit": 0.711387,
        "t_hit_p25": 10.0,
        "t_hit_median": 23.0,
        "t_hit_p75": 44.0,
        "mdd_p25": -1.3970500000000001,
        "mdd_median": -0.6094,
        "mdd_p75": -0.2515
      },
      "96": {
        "n_total": 887,
        "n_hit": 653,
        "p_hit": 0.736189,
        "t_hit_p25": 10.0,
        "t_hit_median": 24.0,
        "t_hit_p75": 46.0,
        "mdd_p25": -1.4749,
        "mdd_median": -0.6502,
        "mdd_p75": -0.2654
      }
    },
    "3.0": {
      "12": {
        "n_total": 887,
        "n_hit": 87,
        "p_hit": 0.098083,
        "t_hit_p25": 4.5,
        "t_hit_median": 7.0,
        "t_hit_p75": 10.0,
        "mdd_p25": -0.85395,
        "mdd_median": -0.3339,
        "mdd_p75": -0.13845000000000002
      },
      "24": {
        "n_total": 887,
        "n_hit": 159,
        "p_hit": 0.179256,
        "t_hit_p25": 7.0,
        "t_hit_median": 11.0,
        "t_hit_p75": 18.5,
        "mdd_p25": -0.7073,
        "mdd_median": -0.3402,
        "mdd_p75": -0.1148
      },
      "36": {
        "n_total": 887,
        "n_hit": 241,
        "p_hit": 0.271702,
        "t_hit_p25": 10.0,
        "t_hit_median": 19.0,
        "t_hit_p75": 29.0,
        "mdd_p25": -0.8185,
        "mdd_median": -0.4117,
        "mdd_p75": -0.1338
      },
      "48": {
        "n_total": 887,
        "n_hit": 314,
        "p_hit": 0.354002,
        "t_hit_p25": 11.0,
        "t_hit_median": 24.0,
        "t_hit_p75": 35.75,
        "mdd_p25": -0.9700000000000001,
        "mdd_median": -0.4723,