{
  "schema": "baseline_probs_v1",
  "source_labels": "data/labels/labels_v1.csv",
  "n_rows_labels": 3059,
  "thresholds": [
    0.5,
    1.0,
    2.0,
    3.0,
    5.0
  ],
  "horizons": [
    12,
    24,
    36,
    48,
    60,
    72,
    84,
    96
  ],
  "results": {
    "0.5": {
      "12": {
        "n_total": 3059,
        "n_hit": 2167,
        "p_hit": 0.708401,
        "t_hit_p25": 1.0,
        "t_hit_median": 2.0,
        "t_hit_p75": 4.0,
        "mdd_p25": -0.7443,
        "mdd_median": -0.2962,
        "mdd_p75": -0.0505
      },
      "24": {
        "n_total": 3059,
        "n_hit": 2459,
        "p_hit": 0.803857,
        "t_hit_p25": 1.0,
        "t_hit_median": 3.0,
        "t_hit_p75": 7.0,
        "mdd_p25": -0.92415,
        "mdd_median": -0.3665,
        "mdd_p75": -0.07965
      },
      "36": {
        "n_total": 3059,
        "n_hit": 2602,
        "p_hit": 0.850605,
        "t_hit_p25": 1.0,
        "t_hit_median": 3.0,
        "t_hit_p75": 8.0,
        "mdd_p25": -1.019725,
        "mdd_median": -0.4104,
        "mdd_p75": -0.094625
      },
      "48": {
        "n_total": 3059,
        "n_hit": 2659,
        "p_hit": 0.869238,
        "t_hit_p25": 1.0,
        "t_hit_median": 3.0,
        "t_hit_p75": 9.0,
        "mdd_p25": -1.1164,
        "mdd_median": -0.4258,
        "mdd_p75": -0.10185
      },
      "60": {
        "n_total": 3059,
        "n_hit": 2687,
        "p_hit": 0.878392,
        "t_hit_p25": 1.0,
        "t_hit_median": 3.0,
        "t_hit_p75": 9.0,
        "mdd_p25": -1.15105,
        "mdd_median": -0.4355,
        "mdd_p75": -0.1038
      },
      "72": {
        "n_total": 3059,
        "n_hit": 2726,
        "p_hit": 0.891141,
        "t_hit_p25": 1.0,
        "t_hit_median": 3.0,
        "t_hit_p75": 10.0,
        "mdd_p25": -1.204875,
        "mdd_median": -0.44615,
        "mdd_p75": -0.10585
      },
      "84": {
        "n_total": 3059,
        "n_hit": 2769,
        "p_hit": 0.905198,
        "t_hit_p25": 1.0,
        "t_hit_median": 3.0,
        "t_hit_p75": 10.0,
        "mdd_p25": -1.2746,
        "mdd_median": -0.4638,
        "mdd_p75": -0.11
      },
      "96": {
        "n_total": 3059,
        "n_hit": 2798,
        "p_hit": 0.914678,
        "t_hit_p25": 1.0,
        "t_hit_median": 3.0,
        "t_hit_p75": 11.0,
        "mdd_p25": -1.33335,
        "mdd_median": -0.4737,
        "mdd_p75": -0.1149
      }
    },
    "1.0": {
      "12": {
        "n_total": 3059,
        "n_hit": 1576,
        "p_hit": 0.515201,
        "t_hit_p25": 2.0,
        "t_hit_median": 4.0,
        "t_hit_p75": 7.0,
        "mdd_p25": -0.953225,
        "mdd_median": -0.3684,
        "mdd_p75": -0.078075
      },
      "24": {
        "n_total": 3059,
        "n_hit": 1981,
        "p_hit": 0.647597,
        "t_hit_p25": 2.0,
        "t_hit_median": 5.0,
        "t_hit_p75": 11.0,
        "mdd_p25": -1.1293,
        "mdd_median": -0.4764,
        "mdd_p75": -0.128
      },
      "36": {
        "n_total": 3059,
        "n_hit": 2221,
        "p_hit": 0.726054,
        "t_hit_p25": 3.0,
        "t_hit_median": 6.0,
        "t_hit_p75": 15.0,
        "mdd_p25": -1.3396,
        "mdd_median": -0.5416,
        "mdd_p75": -0.1589
      },
      "48": {
        "n_total": 3059,
        "n_hit": 2332,
        "p_hit": 0.762341,
        "t_hit_p25": 3.0,
        "t_hit_median": 7.0,
        "t_hit_p75": 17.0,
        "mdd_p25": -1.3977,
        "mdd_median": -0.5638,
        "mdd_p75": -0.17185
      },
      "60": {
        "n_total": 3059,
        "n_hit": 2413,
        "p_hit": 0.78882,
        "t_hit_p25": 3.0,
        "t_hit_median": 7.0,
        "t_hit_p75": 18.0,
        "mdd_p25": -1.4987,
        "mdd_median": -0.5999,
        "mdd_p75": -0.1808
      },
      "72": {
        "n_total": 3059,
        "n_hit": 2479,
        "p_hit": 0.810396,
        "t_hit_p25": 3.0,
        "t_hit_median": 8.0,
        "t_hit_p75": 20.0,
        "mdd_p25": -1.58865,
        "mdd_median": -0.6234,
        "mdd_p75": -0.19165
      },
      "84": {
        "n_total": 3059,
        "n_hit": 2539,
        "p_hit": 0.83001,
        "t_hit_p25": 3.0,
        "t_hit_median": 8.0,
        "t_hit_p75": 21.0,
        "mdd_p25": -1.68595,
        "mdd_median": -0.6662,
        "mdd_p75": -0.2033
      },
      "96": {
        "n_total": 3059,
        "n_hit": 2577,
        "p_hit": 0.842432,
        "t_hit_p25": 3.0,
        "t_hit_median": 8.0,
        "t_hit_p75": 23.0,
        "mdd_p25": -1.756,
        "mdd_median": -0.6842,
        "mdd_p75": -0.2097
      }
    },
    "2.0": {
      "12": {
        "n_total": 3059,
        "n_hit": 754,
        "p_hit": 0.246486,
        "t_hit_p25": 3.0,
        "t_hit_median": 5.0,
        "t_hit_p75": 8.75,
        "mdd_p25": -0.972025,
        "mdd_median": -0.4044,
        "mdd_p75": -0.0813
      },
      "24": {
        "n_total": 3059,
        "n_hit": 1229,
        "p_hit": 0.401765,
        "t_hit_p25": 4.0,
        "t_hit_median": 9.0,
        "t_hit_p75": 16.0,
        "mdd_p25": -1.2718,
        "mdd_median": -0.578,
        "mdd_p75": -0.1735
      },
      "36": {
        "n_total": 3059,
        "n_hit": 1550,
        "p_hit": 0.506702,
        "t_hit_p25": 5.0,
        "t_hit_median": 13.0,
        "t_hit_p75": 23.0,
        "mdd_p25": -1.4616500000000001,
        "mdd_median": -0.68135,
        "mdd_p75": -0.218225
      },
      "48": {
        "n_total": 3059,
        "n_hit": 1762,
        "p_hit": 0.576005,
        "t_hit_p25": 6.0,
        "t_hit_median": 15.0,
        "t_hit_p75": 27.0,
        "mdd_p25": -1.5724749999999998,
        "mdd_median": -0.76405,
        "mdd_p75": -0.263475
      },
      "60": {
        "n_total": 3059,
        "n_hit": 1900,
        "p_hit": 0.621118,
        "t_hit_p25": 7.0,
        "t_hit_median": 17.0,
        "t_hit_p75": 32.0,
        "mdd_p25": -1.630925,
        "mdd_median": -0.8176,
        "mdd_p75": -0.283825
      },
      "72": {
        "n_total": 3059,
        "n_hit": 2021,
        "p_hit": 0.660673,
        "t_hit_p25": 7.0,
        "t_hit_median": 18.0,
        "t_hit_p75": 35.0,
        "mdd_p25": -1.7926,
        "mdd_median": -0.9036,
        "mdd_p75": -0.312
      },
      "84": {
        "n_total": 3059,
        "n_hit": 2104,
        "p_hit": 0.687806,
        "t_hit_p25": 8.0,
        "t_hit_median": 19.0,
        "t_hit_p75": 38.0,
        "mdd_p25": -1.91235,
        "mdd_median": -0.9576,
        "mdd_p75": -0.33042499999999997
      },
      "96": {
        "n_total": 3059,
        "n_hit": 2180,
        "p_hit": 0.712651,
        "t_hit_p25": 8.0,
        "t_hit_median": 20.0,
        "t_hit_p75": 41.0,
        "mdd_p25": -2.0488,
        "mdd_median": -0.9975499999999999,
        "mdd_p75": -0.3454
      }
    },
    "3.0": {
      "12": {
        "n_total": 3059,
        "n_hit": 405,
        "p_hit": 0.132396,
        "t_hit_p25": 3.0,
        "t_hit_median": 6.0,
        "t_hit_p75": 9.0,
        "mdd_p25": -0.9293,
        "mdd_median": -0.3594,
        "mdd_p75": -0.0816
      },
      "24": {
        "n_total": 3059,
        "n_hit": 717,
        "p_hit": 0.23439,
        "t_hit_p25": 5.0,
        "t_hit_median": 11.0,
        "t_hit_p75": 17.0,
        "mdd_p25": -1.3323,
        "mdd_median": -0.5535,
        "mdd_p75": -0.1559
      },
      "36": {
        "n_total": 3059,
        "n_hit": 1007,
        "p_hit": 0.329193,
        "t_hit_p25": 7.0,
        "t_hit_median": 16.0,
        "t_hit_p75": 26.0,
        "mdd_p25": -1.58665,
        "mdd_median": -0.6845,
        "mdd_p75": -0.20735
      },
      "48": {
        "n_total": 3059,
        "n_hit": 1235,
        "p_hit": 0.403727,
        "t_hit_p25": 9.0,
        "t_hit_median": 21.0,
        "t_hit_p75": 33.0,
        "mdd_p25": -1.6976499999999999,
        "mdd_median": -0.8129,
        "mdd_p75": -0.27149999999999996
      },
      "60": {
        "n_total": 3059,
        "n_hit": 1410,
        "p_hit": 0.460935,