{
  "schema": "baseline_probs_v1",
  "source_labels": "data/labels/labels_v1.csv",
  "n_rows_labels": 2504,
  "thresholds": [
    0.5,
    1.0,
    2.0,
    3.0,
    5.0
  ],
  "horizons": [
    12,
    24,
    36,
    48,
    60,
    72,
    84,
    96
  ],
  "results": {
    "0.5": {
      "12": {
        "n_total": 2504,
        "n_hit": 1800,
        "p_hit": 0.71885,
        "t_hit_p25": 1.0,
        "t_hit_median": 2.0,
        "t_hit_p75": 4.0,
        "mdd_p25": -0.732175,
        "mdd_median": -0.2959,
        "mdd_p75": -0.0515
      },
      "24": {
        "n_total": 2504,
        "n_hit": 2030,
        "p_hit": 0.810703,
        "t_hit_p25": 1.0,
        "t_hit_median": 3.0,
        "t_hit_p75": 6.0,
        "mdd_p25": -0.91305,
        "mdd_median": -0.35719999999999996,
        "mdd_p75": -0.08165
      },
      "36": {
        "n_total": 2504,
        "n_hit": 2144,
        "p_hit": 0.85623,
        "t_hit_p25": 1.0,
        "t_hit_median": 3.0,
        "t_hit_p75": 8.0,
        "mdd_p25": -0.9945,
        "mdd_median": -0.40265,
        "mdd_p75": -0.09775
      },
      "48": {
        "n_total": 2504,
        "n_hit": 2189,
        "p_hit": 0.874201,
        "t_hit_p25": 1.0,
        "t_hit_median": 3.0,
        "t_hit_p75": 8.0,
        "mdd_p25": -1.0685,
        "mdd_median": -0.4163,
        "mdd_p75": -0.1028
      },
      "60": {
        "n_total": 2504,
        "n_hit": 2212,
        "p_hit": 0.883387,
        "t_hit_p25": 1.0,
        "t_hit_median": 3.0,
        "t_hit_p75": 9.0,
        "mdd_p25": -1.130325,
        "mdd_median": -0.42275,
        "mdd_p75": -0.10475000000000001
      },
      "72": {
        "n_total": 2504,
        "n_hit": 2251,
        "p_hit": 0.898962,
        "t_hit_p25": 1.0,
        "t_hit_median": 3.0,
        "t_hit_p75": 9.5,
        "mdd_p25": -1.18665,
        "mdd_median": -0.4388,
        "mdd_p75": -0.10894999999999999
      },
      "84": {
        "n_total": 2504,
        "n_hit": 2292,
        "p_hit": 0.915335,
        "t_hit_p25": 1.0,
        "t_hit_median": 3.0,
        "t_hit_p75": 10.0,
        "mdd_p25": -1.28295,
        "mdd_median": -0.45594999999999997,
        "mdd_p75": -0.114475
      },
      "96": {
        "n_total": 2504,
        "n_hit": 2316,
        "p_hit": 0.92492,
        "t_hit_p25": 1.0,
        "t_hit_median": 3.0,
        "t_hit_p75": 10.0,
        "mdd_p25": -1.33385,
        "mdd_median": -0.46965,
        "mdd_p75": -0.116825
      }
    },
    "1.0": {
      "12": {
        "n_total": 2504,
        "n_hit": 1330,
        "p_hit": 0.53115,
        "t_hit_p25": 2.0,
        "t_hit_median": 4.0,
        "t_hit_p75": 7.0,
        "mdd_p25": -0.973825,
        "mdd_median": -0.3775,
        "mdd_p75": -0.08145
      },
      "24": {
        "n_total": 2504,
        "n_hit": 1638,
        "p_hit": 0.654153,
        "t_hit_p25": 2.0,
        "t_hit_median": 5.0,
        "t_hit_p75": 10.0,
        "mdd_p25": -1.1285500000000002,
        "mdd_median": -0.4732,
        "mdd_p75": -0.1291
      },
      "36": {
        "n_total": 2504,
        "n_hit": 1840,
        "p_hit": 0.734824,
        "t_hit_p25": 3.0,
        "t_hit_median": 6.0,
        "t_hit_p75": 14.0,
        "mdd_p25": -1.334975,
        "mdd_median": -0.53575,
        "mdd_p75": -0.15905
      },
      "48": {
        "n_total": 2504,
        "n_hit": 1940,
        "p_hit": 0.77476,
        "t_hit_p25": 3.0,
        "t_hit_median": 7.0,
        "t_hit_p75": 17.0,
        "mdd_p25": -1.3975,
        "mdd_median": -0.55845,
        "mdd_p75": -0.1719
      },
      "60": {
        "n_total": 2504,
        "n_hit": 2016,
        "p_hit": 0.805112,
        "t_hit_p25": 3.0,
        "t_hit_median": 7.0,
        "t_hit_p75": 18.0,
        "mdd_p25": -1.5328249999999999,
        "mdd_median": -0.599,
        "mdd_p75": -0.18415
      },
      "72": {
        "n_total": 2504,
        "n_hit": 2081,
        "p_hit": 0.83107,
        "t_hit_p25": 3.0,
        "t_hit_median": 7.0,
        "t_hit_p75": 21.0,
        "mdd_p25": -1.6354,
        "mdd_median": -0.6264,
        "mdd_p75": -0.1949
      },
      "84": {
        "n_total": 2504,
        "n_hit": 2136,
        "p_hit": 0.853035,
        "t_hit_p25": 3.0,
        "t_hit_median": 8.0,
        "t_hit_p75": 23.0,
        "mdd_p25": -1.7313500000000002,
        "mdd_median": -0.6698999999999999,
        "mdd_p75": -0.206925
      },
      "96": {
        "n_total": 2504,
        "n_hit": 2170,
        "p_hit": 0.866613,
        "t_hit_p25": 3.0,
        "t_hit_median": 8.0,
        "t_hit_p75": 24.0,
        "mdd_p25": -1.815175,
        "mdd_median": -0.69245,
        "mdd_p75": -0.216225
      }
    },
    "2.0": {
      "12": {
        "n_total": 2504,
        "n_hit": 656,
        "p_hit": 0.261981,
        "t_hit_p25": 3.0,
        "t_hit_median": 5.0,
        "t_hit_p75": 8.25,
        "mdd_p25": -0.990225,
        "mdd_median": -0.4137,
        "mdd_p75": -0.103775
      },
      "24": {
        "n_total": 2504,
        "n_hit": 1048,
        "p_hit": 0.41853,
        "t_hit_p25": 4.0,
        "t_hit_median": 9.0,
        "t_hit_p75": 16.0,
        "mdd_p25": -1.322525,
        "mdd_median": -0.58005,
        "mdd_p75": -0.178175
      },
      "36": {
        "n_total": 2504,
        "n_hit": 1316,
        "p_hit": 0.525559,
        "t_hit_p25": 5.0,
        "t_hit_median": 13.0,
        "t_hit_p75": 22.0,
        "mdd_p25": -1.540675,
        "mdd_median": -0.68325,
        "mdd_p75": -0.219925
      },
      "48": {
        "n_total": 2504,
        "n_hit": 1494,
        "p_hit": 0.596645,
        "t_hit_p25": 6.0,
        "t_hit_median": 15.0,
        "t_hit_p75": 27.0,
        "mdd_p25": -1.61145,
        "mdd_median": -0.7665,
        "mdd_p75": -0.263475
      },
      "60": {
        "n_total": 2504,
        "n_hit": 1616,
        "p_hit": 0.645367,
        "t_hit_p25": 6.0,
        "t_hit_median": 16.0,
        "t_hit_p75": 32.0,
        "mdd_p25": -1.668825,
        "mdd_median": -0.8384,
        "mdd_p75": -0.28005
      },
      "72": {
        "n_total": 2504,
        "n_hit": 1726,
        "p_hit": 0.689297,
        "t_hit_p25": 7.0,
        "t_hit_median": 18.0,
        "t_hit_p75": 35.75,
        "mdd_p25": -1.834875,
        "mdd_median": -0.93225,
        "mdd_p75": -0.30765
      },
      "84": {
        "n_total": 2504,
        "n_hit": 1806,
        "p_hit": 0.721246,
        "t_hit_p25": 7.0,
        "t_hit_median": 19.5,
        "t_hit_p75": 39.0,
        "mdd_p25": -2.024025,
        "mdd_median": -0.9843999999999999,
        "mdd_p75": -0.329675
      },
      "96": {
        "n_total": 2504,
        "n_hit": 1877,
        "p_hit": 0.749601,
        "t_hit_p25": 8.0,
        "t_hit_median": 21.0,
        "t_hit_p75": 42.0,
        "mdd_p25": -2.1794,
        "mdd_median": -1.0514,
        "mdd_p75": -0.3477
      }
    },
    "3.0": {
      "12": {
        "n_total": 2504,
        "n_hit": 365,
        "p_hit": 0.145767,
        "t_hit_p25": 3.0,
        "t_hit_median": 6.0,
        "t_hit_p75": 9.0,
        "mdd_p25": -0.9599,
        "mdd_median": -0.3885,
        "mdd_p75": -0.1092
      },
      "24": {
        "n_total": 2504,
        "n_hit": 628,
        "p_hit": 0.250799,
        "t_hit_p25": 5.0,
        "t_hit_median": 10.0,
        "t_hit_p75": 17.0,
        "mdd_p25": -1.325275,
        "mdd_median": -0.5561,
        "mdd_p75": -0.16899999999999998
      },
      "36": {
        "n_total": 2504,
        "n_hit": 886,
        "p_hit": 0.353834,
        "t_hit_p25": 7.0,
        "t_hit_median": 16.0,
        "t_hit_p75": 26.0,
        "mdd_p25": -1.6003749999999999,
        "mdd_median": -0.67975,
        "mdd_p75": -0.219175
      },
      "48": {
        "n_total": 2504,
        "n_hit": 1090,
        "p_hit": 0.435304,
        "t_hit_p25": 9.0,
        "t_hit_median": 21.0,
        "t_hit_p75": 33.0,
        "mdd_p25": -1.7156,
        "mdd_median": -0.8109,
        "mdd_p75": -0.27649999999999997
      },