{
  "schema": "baseline_probs_v1",
  "source_labels": "data/labels/labels_v1.csv",
  "n_rows_labels": 2141,
  "thresholds": [
    0.5,
    1.0,
    2.0,
    3.0,
    5.0
  ],
  "horizons": [
    12,
    24,
    36,
    48,
    60,
    72,
    84,
    96
  ],
  "results": {
    "0.5": {
      "12": {
        "n_total": 2141,
        "n_hit": 1547,
        "p_hit": 0.72256,
        "t_hit_p25": 1.0,
        "t_hit_median": 2.0,
        "t_hit_p75": 4.0,
        "mdd_p25": -0.8198000000000001,
        "mdd_median": -0.3173,
        "mdd_p75": -0.062299999999999994
      },
      "24": {
        "n_total": 2141,
        "n_hit": 1743,
        "p_hit": 0.814106,
        "t_hit_p25": 1.0,
        "t_hit_median": 3.0,
        "t_hit_p75": 6.0,
        "mdd_p25": -0.9555,
        "mdd_median": -0.3797,
        "mdd_p75": -0.09340000000000001
      },
      "36": {
        "n_total": 2141,
        "n_hit": 1834,
        "p_hit": 0.856609,
        "t_hit_p25": 1.0,
        "t_hit_median": 3.0,
        "t_hit_p75": 8.0,
        "mdd_p25": -1.0608499999999998,
        "mdd_median": -0.41535,
        "mdd_p75": -0.10464999999999999
      },
      "48": {
        "n_total": 2141,
        "n_hit": 1869,
        "p_hit": 0.872957,
        "t_hit_p25": 1.0,
        "t_hit_median": 3.0,
        "t_hit_p75": 8.0,
        "mdd_p25": -1.1476,
        "mdd_median": -0.4281,
        "mdd_p75": -0.109
      },
      "60": {
        "n_total": 2141,
        "n_hit": 1886,
        "p_hit": 0.880897,
        "t_hit_p25": 1.0,
        "t_hit_median": 3.0,
        "t_hit_p75": 8.0,
        "mdd_p25": -1.169225,
        "mdd_median": -0.4384,
        "mdd_p75": -0.11102499999999998
      },
      "72": {
        "n_total": 2141,
        "n_hit": 1918,
        "p_hit": 0.895843,
        "t_hit_p25": 1.0,
        "t_hit_median": 3.0,
        "t_hit_p75": 9.0,
        "mdd_p25": -1.251125,
        "mdd_median": -0.4492,
        "mdd_p75": -0.116975
      },
      "84": {
        "n_total": 2141,
        "n_hit": 1948,
        "p_hit": 0.909855,
        "t_hit_p25": 1.0,
        "t_hit_median": 3.0,
        "t_hit_p75": 10.0,
        "mdd_p25": -1.33205,
        "mdd_median": -0.47004999999999997,
        "mdd_p75": -0.120125
      },
      "96": {
        "n_total": 2141,
        "n_hit": 1969,
        "p_hit": 0.919664,
        "t_hit_p25": 1.0,
        "t_hit_median": 3.0,
        "t_hit_p75": 10.0,
        "mdd_p25": -1.3625,
        "mdd_median": -0.4784,
        "mdd_p75": -0.122
      }
    },
    "1.0": {
      "12": {
        "n_total": 2141,
        "n_hit": 1144,
        "p_hit": 0.53433,
        "t_hit_p25": 2.0,
        "t_hit_median": 4.0,
        "t_hit_p75": 7.0,
        "mdd_p25": -1.0089000000000001,
        "mdd_median": -0.41245,
        "mdd_p75": -0.098775
      },
      "24": {
        "n_total": 2141,
        "n_hit": 1402,
        "p_hit": 0.654834,
        "t_hit_p25": 2.0,
        "t_hit_median": 5.0,
        "t_hit_p75": 10.0,
        "mdd_p25": -1.21965,
        "mdd_median": -0.49845,
        "mdd_p75": -0.13937500000000003
      },
      "36": {
        "n_total": 2141,
        "n_hit": 1568,
        "p_hit": 0.732368,
        "t_hit_p25": 2.0,
        "t_hit_median": 6.0,
        "t_hit_p75": 14.0,
        "mdd_p25": -1.395475,
        "mdd_median": -0.54835,
        "mdd_p75": -0.1669
      },
      "48": {
        "n_total": 2141,
        "n_hit": 1644,
        "p_hit": 0.767865,
        "t_hit_p25": 3.0,
        "t_hit_median": 6.0,
        "t_hit_p75": 16.0,
        "mdd_p25": -1.484275,
        "mdd_median": -0.58065,
        "mdd_p75": -0.17527500000000001
      },
      "60": {
        "n_total": 2141,
        "n_hit": 1711,
        "p_hit": 0.799159,
        "t_hit_p25": 3.0,
        "t_hit_median": 7.0,
        "t_hit_p75": 18.0,
        "mdd_p25": -1.5996000000000001,
        "mdd_median": -0.6163,
        "mdd_p75": -0.19035000000000002
      },
      "72": {
        "n_total": 2141,
        "n_hit": 1766,
        "p_hit": 0.824848,
        "t_hit_p25": 3.0,
        "t_hit_median": 7.0,
        "t_hit_p75": 20.0,
        "mdd_p25": -1.712875,
        "mdd_median": -0.66785,
        "mdd_p75": -0.20452499999999998
      },
      "84": {
        "n_total": 2141,
        "n_hit": 1805,
        "p_hit": 0.843064,
        "t_hit_p25": 3.0,
        "t_hit_median": 7.0,
        "t_hit_p75": 21.0,
        "mdd_p25": -1.8072,
        "mdd_median": -0.6961,
        "mdd_p75": -0.2178
      },
      "96": {
        "n_total": 2141,
        "n_hit": 1830,
        "p_hit": 0.854741,
        "t_hit_p25": 3.0,
        "t_hit_median": 8.0,
        "t_hit_p75": 23.0,
        "mdd_p25": -1.872925,
        "mdd_median": -0.7164,
        "mdd_p75": -0.22412500000000002
      }
    },
    "2.0": {
      "12": {
        "n_total": 2141,
        "n_hit": 575,
        "p_hit": 0.268566,
        "t_hit_p25": 3.0,
        "t_hit_median": 5.0,
        "t_hit_p75": 8.0,
        "mdd_p25": -1.0511,
        "mdd_median": -0.4456,
        "mdd_p75": -0.1197
      },
      "24": {
        "n_total": 2141,
        "n_hit": 891,
        "p_hit": 0.416161,
        "t_hit_p25": 4.0,
        "t_hit_median": 9.0,
        "t_hit_p75": 16.0,
        "mdd_p25": -1.40495,
        "mdd_median": -0.6161,
        "mdd_p75": -0.1889
      },
      "36": {
        "n_total": 2141,
        "n_hit": 1103,
        "p_hit": 0.51518,
        "t_hit_p25": 5.0,
        "t_hit_median": 12.0,
        "t_hit_p75": 21.0,
        "mdd_p25": -1.6311,
        "mdd_median": -0.7505,
        "mdd_p75": -0.2339
      },
      "48": {
        "n_total": 2141,
        "n_hit": 1248,
        "p_hit": 0.582905,
        "t_hit_p25": 5.0,
        "t_hit_median": 14.0,
        "t_hit_p75": 27.0,
        "mdd_p25": -1.6873,
        "mdd_median": -0.83545,
        "mdd_p75": -0.26875
      },
      "60": {
        "n_total": 2141,
        "n_hit": 1350,
        "p_hit": 0.630546,
        "t_hit_p25": 6.0,
        "t_hit_median": 16.0,
        "t_hit_p75": 31.0,
        "mdd_p25": -1.753175,
        "mdd_median": -0.9039999999999999,
        "mdd_p75": -0.28315
      },
      "72": {
        "n_total": 2141,
        "n_hit": 1442,
        "p_hit": 0.673517,
        "t_hit_p25": 6.0,
        "t_hit_median": 17.0,
        "t_hit_p75": 35.0,
        "mdd_p25": -1.960675,
        "mdd_median": -0.97915,
        "mdd_p75": -0.31427499999999997
      },
      "84": {
        "n_total": 2141,
        "n_hit": 1499,
        "p_hit": 0.70014,
        "t_hit_p25": 7.0,
        "t_hit_median": 18.0,
        "t_hit_p75": 38.0,
        "mdd_p25": -2.1454,
        "mdd_median": -1.0413,
        "mdd_p75": -0.3378
      },
      "96": {
        "n_total": 2141,
        "n_hit": 1555,
        "p_hit": 0.726296,
        "t_hit_p25": 7.0,
        "t_hit_median": 19.0,
        "t_hit_p75": 41.0,
        "mdd_p25": -2.2414,
        "mdd_median": -1.1229,
        "mdd_p75": -0.35315
      }
    },
    "3.0": {
      "12": {
        "n_total": 2141,
        "n_hit": 321,
        "p_hit": 0.14993,
        "t_hit_p25": 3.0,
        "t_hit_median": 6.0,
        "t_hit_p75": 9.0,
        "mdd_p25": -0.9906,
        "mdd_median": -0.4383,
        "mdd_p75": -0.1414
      },
      "24": {
        "n_total": 2141,
        "n_hit": 540,
        "p_hit": 0.252219,
        "t_hit_p25": 5.0,
        "t_hit_median": 10.0,
        "t_hit_p75": 17.0,
        "mdd_p25": -1.4216250000000001,
        "mdd_median": -0.60015,
        "mdd_p75": -0.191575
      },
      "36": {
        "n_total": 2141,
        "n_hit": 744,
        "p_hit": 0.347501,
        "t_hit_p25": 7.0,
        "t_hit_median": 15.0,
        "t_hit_p75": 26.0,
        "mdd_p25": -1.7120250000000001,
        "mdd_median": -0.7496499999999999,
        "mdd_p75": -0.2426
      },
      "48": {
        "n_total": 2141,
        "n_hit": 903,
        "p_hit": 0.421766,
        "t_hit_p25": 8.0,
        "t_hit_median": 20.0,
        "t_hit_p75": 32.0,
        "mdd_p25": -1.87395,