{
  "schema": "baseline_probs_v1",
  "source_labels": "data/labels/labels_v1.csv",
  "n_rows_labels": 2888,
  "thresholds": [
    0.5,
    1.0,
    2.0,
    3.0,
    5.0
  ],
  "horizons": [
    12,
    24,
    36,
    48,
    60,
    72,
    84,
    96
  ],
  "results": {
    "0.5": {
      "12": {
        "n_total": 2888,
        "n_hit": 2031,
        "p_hit": 0.703255,
        "t_hit_p25": 1.0,
        "t_hit_median": 2.0,
        "t_hit_p75": 4.0,
        "mdd_p25": -0.7295,
        "mdd_median": -0.293,
        "mdd_p75": -0.048799999999999996
      },
      "24": {
        "n_total": 2888,
        "n_hit": 2308,
        "p_hit": 0.799169,
        "t_hit_p25": 1.0,
        "t_hit_median": 3.0,
        "t_hit_p75": 7.0,
        "mdd_p25": -0.922275,
        "mdd_median": -0.36315,
        "mdd_p75": -0.078875
      },
      "36": {
        "n_total": 2888,
        "n_hit": 2446,
        "p_hit": 0.846953,
        "t_hit_p25": 1.0,
        "t_hit_median": 3.0,
        "t_hit_p75": 8.0,
        "mdd_p25": -1.016925,
        "mdd_median": -0.40975,
        "mdd_p75": -0.09534999999999999
      },
      "48": {
        "n_total": 2888,
        "n_hit": 2499,
        "p_hit": 0.865305,
        "t_hit_p25": 1.0,
        "t_hit_median": 3.0,
        "t_hit_p75": 9.0,
        "mdd_p25": -1.1242999999999999,
        "mdd_median": -0.4234,
        "mdd_p75": -0.10185
      },
      "60": {
        "n_total": 2888,
        "n_hit": 2524,
        "p_hit": 0.873961,
        "t_hit_p25": 1.0,
        "t_hit_median": 3.0,
        "t_hit_p75": 9.0,
        "mdd_p25": -1.1497249999999999,
        "mdd_median": -0.431,
        "mdd_p75": -0.103425
      },
      "72": {
        "n_total": 2888,
        "n_hit": 2563,
        "p_hit": 0.887465,
        "t_hit_p25": 1.0,
        "t_hit_median": 3.0,
        "t_hit_p75": 10.0,
        "mdd_p25": -1.2055,
        "mdd_median": -0.4456,
        "mdd_p75": -0.10600000000000001
      },
      "84": {
        "n_total": 2888,
        "n_hit": 2606,
        "p_hit": 0.902355,
        "t_hit_p25": 1.0,
        "t_hit_median": 3.0,
        "t_hit_p75": 10.0,
        "mdd_p25": -1.28135,
        "mdd_median": -0.46265,
        "mdd_p75": -0.1102
      },
      "96": {
        "n_total": 2888,
        "n_hit": 2635,
        "p_hit": 0.912396,
        "t_hit_p25": 1.0,
        "t_hit_median": 3.0,
        "t_hit_p75": 11.0,
        "mdd_p25": -1.3382999999999998,
        "mdd_median": -0.4736,
        "mdd_p75": -0.11495
      }
    },
    "1.0": {
      "12": {
        "n_total": 2888,
        "n_hit": 1473,
        "p_hit": 0.510042,
        "t_hit_p25": 2.0,
        "t_hit_median": 4.0,
        "t_hit_p75": 7.0,
        "mdd_p25": -0.9542,
        "mdd_median": -0.3691,
        "mdd_p75": -0.0788
      },
      "24": {
        "n_total": 2888,
        "n_hit": 1850,
        "p_hit": 0.640582,
        "t_hit_p25": 2.0,
        "t_hit_median": 5.0,
        "t_hit_p75": 11.0,
        "mdd_p25": -1.12535,
        "mdd_median": -0.4748,
        "mdd_p75": -0.127475
      },
      "36": {
        "n_total": 2888,
        "n_hit": 2077,
        "p_hit": 0.719183,
        "t_hit_p25": 3.0,
        "t_hit_median": 6.0,
        "t_hit_p75": 15.0,
        "mdd_p25": -1.3308,
        "mdd_median": -0.5375,
        "mdd_p75": -0.1588
      },
      "48": {
        "n_total": 2888,
        "n_hit": 2183,
        "p_hit": 0.755886,
        "t_hit_p25": 3.0,
        "t_hit_median": 7.0,
        "t_hit_p75": 17.0,
        "mdd_p25": -1.3886,
        "mdd_median": -0.556,
        "mdd_p75": -0.171
      },
      "60": {
        "n_total": 2888,
        "n_hit": 2262,
        "p_hit": 0.783241,
        "t_hit_p25": 3.0,
        "t_hit_median": 7.0,
        "t_hit_p75": 18.0,
        "mdd_p25": -1.4938,
        "mdd_median": -0.5957,
        "mdd_p75": -0.181275
      },
      "72": {
        "n_total": 2888,
        "n_hit": 2327,
        "p_hit": 0.805748,
        "t_hit_p25": 3.0,
        "t_hit_median": 8.0,
        "t_hit_p75": 20.0,
        "mdd_p25": -1.58865,
        "mdd_median": -0.6197,
        "mdd_p75": -0.19235000000000002
      },
      "84": {
        "n_total": 2888,
        "n_hit": 2385,
        "p_hit": 0.825831,
        "t_hit_p25": 3.0,
        "t_hit_median": 8.0,
        "t_hit_p75": 22.0,
        "mdd_p25": -1.6872,
        "mdd_median": -0.6584,
        "mdd_p75": -0.2044
      },
      "96": {
        "n_total": 2888,
        "n_hit": 2422,
        "p_hit": 0.838643,
        "t_hit_p25": 3.0,
        "t_hit_median": 8.0,
        "t_hit_p75": 23.0,
        "mdd_p25": -1.7573750000000001,
        "mdd_median": -0.6801999999999999,
        "mdd_p75": -0.21325
      }
    },
    "2.0": {
      "12": {
        "n_total": 2888,
        "n_hit": 709,
        "p_hit": 0.245499,
        "t_hit_p25": 3.0,
        "t_hit_median": 5.0,
        "t_hit_p75": 9.0,
        "mdd_p25": -0.9742,
        "mdd_median": -0.4153,
        "mdd_p75": -0.1009
      },
      "24": {
        "n_total": 2888,
        "n_hit": 1146,
        "p_hit": 0.396814,
        "t_hit_p25": 4.0,
        "t_hit_median": 9.0,
        "t_hit_p75": 16.0,
        "mdd_p25": -1.27705,
        "mdd_median": -0.58005,
        "mdd_p75": -0.17524999999999996
      },
      "36": {
        "n_total": 2888,
        "n_hit": 1449,
        "p_hit": 0.501731,
        "t_hit_p25": 5.0,
        "t_hit_median": 13.0,
        "t_hit_p75": 23.0,
        "mdd_p25": -1.4753,
        "mdd_median": -0.6796,
        "mdd_p75": -0.22
      },
      "48": {
        "n_total": 2888,
        "n_hit": 1641,
        "p_hit": 0.568213,
        "t_hit_p25": 6.0,
        "t_hit_median": 15.0,
        "t_hit_p75": 27.0,
        "mdd_p25": -1.5675,
        "mdd_median": -0.7382,
        "mdd_p75": -0.265
      },
      "60": {
        "n_total": 2888,
        "n_hit": 1769,
        "p_hit": 0.612535,
        "t_hit_p25": 7.0,
        "t_hit_median": 16.0,
        "t_hit_p75": 31.0,
        "mdd_p25": -1.6228,
        "mdd_median": -0.8032,
        "mdd_p75": -0.2833
      },
      "72": {
        "n_total": 2888,
        "n_hit": 1882,
        "p_hit": 0.651662,
        "t_hit_p25": 7.0,
        "t_hit_median": 18.0,
        "t_hit_p75": 35.0,
        "mdd_p25": -1.782625,
        "mdd_median": -0.88965,
        "mdd_p75": -0.3114
      },
      "84": {
        "n_total": 2888,
        "n_hit": 1963,
        "p_hit": 0.679709,
        "t_hit_p25": 8.0,
        "t_hit_median": 19.0,
        "t_hit_p75": 38.0,
        "mdd_p25": -1.9300000000000002,
        "mdd_median": -0.9512,
        "mdd_p75": -0.3291
      },
      "96": {
        "n_total": 2888,
        "n_hit": 2038,
        "p_hit": 0.705679,
        "t_hit_p25": 8.0,
        "t_hit_median": 21.0,
        "t_hit_p75": 41.0,
        "mdd_p25": -2.101075,
        "mdd_median": -0.991,
        "mdd_p75": -0.346275
      }
    },
    "3.0": {
      "12": {
        "n_total": 2888,
        "n_hit": 385,
        "p_hit": 0.13331,
        "t_hit_p25": 3.0,
        "t_hit_median": 6.0,
        "t_hit_p75": 9.0,
        "mdd_p25": -0.9293,
        "mdd_median": -0.3775,
        "mdd_p75": -0.1001
      },
      "24": {
        "n_total": 2888,
        "n_hit": 668,
        "p_hit": 0.231302,
        "t_hit_p25": 5.0,
        "t_hit_median": 10.0,
        "t_hit_p75": 17.0,
        "mdd_p25": -1.334125,
        "mdd_median": -0.55165,
        "mdd_p75": -0.158075
      },
      "36": {
        "n_total": 2888,
        "n_hit": 937,
        "p_hit": 0.324446,
        "t_hit_p25": 7.0,
        "t_hit_median": 16.0,
        "t_hit_p75": 26.0,
        "mdd_p25": -1.6095,
        "mdd_median": -0.6767,
        "mdd_p75": -0.2073
      },
      "48": {
        "n_total": 2888,
        "n_hit": 1155,
        "p_hit": 0.399931,
        "t_hit_p25": 9.0,
        "t_hit_median": 21.0,
        "t_hit_p75": 33.0,
        "mdd_p25": -1.71445,
        "mdd_median": -0.8025,
        "mdd_p75": -0.27149999999999996
      },