{
  "schema": "baseline_probs_v1",
  "source_labels": "data/labels/labels_v1.csv",
  "n_rows_labels": 1958,
  "thresholds": [
    0.5,
    1.0,
    2.0,
    3.0,
    5.0
  ],
  "horizons": [
    12,
    24,
    36,
    48,
    60,
    72,
    84,
    96
  ],
  "results": {
    "0.5": {
      "12": {
        "n_total": 1958,
        "n_hit": 1403,
        "p_hit": 0.716547,
        "t_hit_p25": 1.0,
        "t_hit_median": 2.0,
        "t_hit_p75": 4.0,
        "mdd_p25": -0.79945,
        "mdd_median": -0.3049,
        "mdd_p75": -0.05785
      },
      "24": {
        "n_total": 1958,
        "n_hit": 1579,
        "p_hit": 0.806435,
        "t_hit_p25": 1.0,
        "t_hit_median": 2.0,
        "t_hit_p75": 6.0,
        "mdd_p25": -0.9554,
        "mdd_median": -0.373,
        "mdd_p75": -0.09045
      },
      "36": {
        "n_total": 1958,
        "n_hit": 1655,
        "p_hit": 0.84525,
        "t_hit_p25": 1.0,
        "t_hit_median": 3.0,
        "t_hit_p75": 7.0,
        "mdd_p25": -1.04755,
        "mdd_median": -0.4096,
        "mdd_p75": -0.10185
      },
      "48": {
        "n_total": 1958,
        "n_hit": 1689,
        "p_hit": 0.862615,
        "t_hit_p25": 1.0,
        "t_hit_median": 3.0,
        "t_hit_p75": 8.0,
        "mdd_p25": -1.1402,
        "mdd_median": -0.421,
        "mdd_p75": -0.1048
      },
      "60": {
        "n_total": 1958,
        "n_hit": 1706,
        "p_hit": 0.871297,
        "t_hit_p25": 1.0,
        "t_hit_median": 3.0,
        "t_hit_p75": 8.0,
        "mdd_p25": -1.168225,
        "mdd_median": -0.42745,
        "mdd_p75": -0.106375
      },
      "72": {
        "n_total": 1958,
        "n_hit": 1737,
        "p_hit": 0.88713,
        "t_hit_p25": 1.0,
        "t_hit_median": 3.0,
        "t_hit_p75": 9.0,
        "mdd_p25": -1.2472,
        "mdd_median": -0.4433,
        "mdd_p75": -0.1108
      },
      "84": {
        "n_total": 1958,
        "n_hit": 1767,
        "p_hit": 0.902451,
        "t_hit_p25": 1.0,
        "t_hit_median": 3.0,
        "t_hit_p75": 10.0,
        "mdd_p25": -1.3289,
        "mdd_median": -0.4664,
        "mdd_p75": -0.1169
      },
      "96": {
        "n_total": 1958,
        "n_hit": 1788,
        "p_hit": 0.913177,
        "t_hit_p25": 1.0,
        "t_hit_median": 3.0,
        "t_hit_p75": 10.0,
        "mdd_p25": -1.362675,
        "mdd_median": -0.47425,
        "mdd_p75": -0.118
      }
    },
    "1.0": {
      "12": {
        "n_total": 1958,
        "n_hit": 1031,
        "p_hit": 0.526558,
        "t_hit_p25": 2.0,
        "t_hit_median": 4.0,
        "t_hit_p75": 7.0,
        "mdd_p25": -0.99895,
        "mdd_median": -0.3893,
        "mdd_p75": -0.08315
      },
      "24": {
        "n_total": 1958,
        "n_hit": 1260,
        "p_hit": 0.643514,
        "t_hit_p25": 2.0,
        "t_hit_median": 5.0,
        "t_hit_p75": 10.0,
        "mdd_p25": -1.19835,
        "mdd_median": -0.47945000000000004,
        "mdd_p75": -0.1297
      },
      "36": {
        "n_total": 1958,
        "n_hit": 1399,
        "p_hit": 0.714505,
        "t_hit_p25": 2.0,
        "t_hit_median": 6.0,
        "t_hit_p75": 13.0,
        "mdd_p25": -1.36505,
        "mdd_median": -0.5372,
        "mdd_p75": -0.1558
      },
      "48": {
        "n_total": 1958,
        "n_hit": 1471,
        "p_hit": 0.751277,
        "t_hit_p25": 2.0,
        "t_hit_median": 6.0,
        "t_hit_p75": 16.0,
        "mdd_p25": -1.42435,
        "mdd_median": -0.5535,
        "mdd_p75": -0.1679
      },
      "60": {
        "n_total": 1958,
        "n_hit": 1536,
        "p_hit": 0.784474,
        "t_hit_p25": 3.0,
        "t_hit_median": 7.0,
        "t_hit_p75": 18.0,
        "mdd_p25": -1.56765,
        "mdd_median": -0.599,
        "mdd_p75": -0.174875
      },
      "72": {
        "n_total": 1958,
        "n_hit": 1590,
        "p_hit": 0.812053,
        "t_hit_p25": 3.0,
        "t_hit_median": 7.0,
        "t_hit_p75": 20.0,
        "mdd_p25": -1.687725,
        "mdd_median": -0.6327499999999999,
        "mdd_p75": -0.186425
      },
      "84": {
        "n_total": 1958,
        "n_hit": 1628,
        "p_hit": 0.831461,
        "t_hit_p25": 3.0,
        "t_hit_median": 7.0,
        "t_hit_p75": 22.0,
        "mdd_p25": -1.7945250000000001,
        "mdd_median": -0.67485,
        "mdd_p75": -0.19502499999999998
      },
      "96": {
        "n_total": 1958,
        "n_hit": 1652,
        "p_hit": 0.843718,
        "t_hit_p25": 3.0,
        "t_hit_median": 7.0,
        "t_hit_p75": 23.0,
        "mdd_p25": -1.837725,
        "mdd_median": -0.69435,
        "mdd_p75": -0.20432499999999998
      }
    },
    "2.0": {
      "12": {
        "n_total": 1958,
        "n_hit": 522,
        "p_hit": 0.266599,
        "t_hit_p25": 3.0,
        "t_hit_median": 5.0,
        "t_hit_p75": 8.0,
        "mdd_p25": -1.07665,
        "mdd_median": -0.43935,
        "mdd_p75": -0.11674999999999999
      },
      "24": {
        "n_total": 1958,
        "n_hit": 816,
        "p_hit": 0.416752,
        "t_hit_p25": 4.0,
        "t_hit_median": 9.0,
        "t_hit_p75": 16.0,
        "mdd_p25": -1.3726749999999999,
        "mdd_median": -0.5961000000000001,
        "mdd_p75": -0.17572500000000002
      },
      "36": {
        "n_total": 1958,
        "n_hit": 990,
        "p_hit": 0.505618,
        "t_hit_p25": 5.0,
        "t_hit_median": 11.0,
        "t_hit_p75": 21.0,
        "mdd_p25": -1.5493000000000001,
        "mdd_median": -0.6711,
        "mdd_p75": -0.20417500000000002
      },
      "48": {
        "n_total": 1958,
        "n_hit": 1113,
        "p_hit": 0.568437,
        "t_hit_p25": 5.0,
        "t_hit_median": 14.0,
        "t_hit_p75": 26.0,
        "mdd_p25": -1.5877,
        "mdd_median": -0.7144,
        "mdd_p75": -0.2382
      },
      "60": {
        "n_total": 1958,
        "n_hit": 1203,
        "p_hit": 0.614402,
        "t_hit_p25": 6.0,
        "t_hit_median": 15.0,
        "t_hit_p75": 30.0,
        "mdd_p25": -1.6597,
        "mdd_median": -0.7887,
        "mdd_p75": -0.2655
      },
      "72": {
        "n_total": 1958,
        "n_hit": 1287,
        "p_hit": 0.657303,
        "t_hit_p25": 6.0,
        "t_hit_median": 17.0,
        "t_hit_p75": 35.0,
        "mdd_p25": -1.8289,
        "mdd_median": -0.9053,
        "mdd_p75": -0.28364999999999996
      },
      "84": {
        "n_total": 1958,
        "n_hit": 1337,
        "p_hit": 0.68284,
        "t_hit_p25": 7.0,
        "t_hit_median": 17.0,
        "t_hit_p75": 38.0,
        "mdd_p25": -2.0005,
        "mdd_median": -0.9626,
        "mdd_p75": -0.3038
      },
      "96": {
        "n_total": 1958,
        "n_hit": 1383,
        "p_hit": 0.706333,
        "t_hit_p25": 7.0,
        "t_hit_median": 18.0,
        "t_hit_p75": 41.0,
        "mdd_p25": -2.1881500000000003,
        "mdd_median": -0.9997,
        "mdd_p75": -0.31835
      }
    },
    "3.0": {
      "12": {
        "n_total": 1958,
        "n_hit": 296,
        "p_hit": 0.151175,
        "t_hit_p25": 3.0,
        "t_hit_median": 6.0,
        "t_hit_p75": 9.0,
        "mdd_p25": -0.990225,
        "mdd_median": -0.43525,
        "mdd_p75": -0.135025
      },
      "24": {
        "n_total": 1958,
        "n_hit": 486,
        "p_hit": 0.248212,
        "t_hit_p25": 5.0,
        "t_hit_median": 10.0,
        "t_hit_p75": 17.0,
        "mdd_p25": -1.337575,
        "mdd_median": -0.5540499999999999,
        "mdd_p75": -0.1688
      },
      "36": {
        "n_total": 1958,
        "n_hit": 660,
        "p_hit": 0.337079,
        "t_hit_p25": 6.0,
        "t_hit_median": 15.0,
        "t_hit_p75": 25.0,
        "mdd_p25": -1.5838,
        "mdd_median": -0.6444,
        "mdd_p75": -0.20370000000000002
      },
      "48": {
        "n_total": 1958,
        "n_hit": 784,
        "p_hit": 0.400409,
        "t_hit_p25": 7.0,
        "t_hit_median": 19.0,
        "t_hit_p75": 31.0,
        "mdd_p25": -1.660725,
        "mdd_median": -0.7226,