{
  "schema": "baseline_probs_v1",
  "source_labels": "data/labels/labels_v1.csv",
  "n_rows_labels": 3199,
  "thresholds": [
    0.5,
    1.0,
    2.0,
    3.0,
    5.0
  ],
  "horizons": [
    12,
    24,
    36,
    48,
    60,
    72,
    84,
    96
  ],
  "results": {
    "0.5": {
      "12": {
        "n_total": 3199,
        "n_hit": 2257,
        "p_hit": 0.705533,
        "t_hit_p25": 1.0,
        "t_hit_median": 2.0,
        "t_hit_p75": 5.0,
        "mdd_p25": -0.7282,
        "mdd_median": -0.2957,
        "mdd_p75": -0.0492
      },
      "24": {
        "n_total": 3199,
        "n_hit": 2566,
        "p_hit": 0.802126,
        "t_hit_p25": 1.0,
        "t_hit_median": 3.0,
        "t_hit_p75": 7.0,
        "mdd_p25": -0.9086249999999999,
        "mdd_median": -0.3629,
        "mdd_p75": -0.078925
      },
      "36": {
        "n_total": 3199,
        "n_hit": 2711,
        "p_hit": 0.847452,
        "t_hit_p25": 1.0,
        "t_hit_median": 3.0,
        "t_hit_p75": 8.0,
        "mdd_p25": -1.0070000000000001,
        "mdd_median": -0.4055,
        "mdd_p75": -0.0925
      },
      "48": {
        "n_total": 3199,
        "n_hit": 2775,
        "p_hit": 0.867459,
        "t_hit_p25": 1.0,
        "t_hit_median": 3.0,
        "t_hit_p75": 9.0,
        "mdd_p25": -1.1069499999999999,
        "mdd_median": -0.4212,
        "mdd_p75": -0.10075
      },
      "60": {
        "n_total": 3199,
        "n_hit": 2807,
        "p_hit": 0.877462,
        "t_hit_p25": 1.0,
        "t_hit_median": 3.0,
        "t_hit_p75": 9.0,
        "mdd_p25": -1.1498499999999998,
        "mdd_median": -0.429,
        "mdd_p75": -0.10305
      },
      "72": {
        "n_total": 3199,
        "n_hit": 2851,
        "p_hit": 0.891216,
        "t_hit_p25": 1.0,
        "t_hit_median": 3.0,
        "t_hit_p75": 10.0,
        "mdd_p25": -1.2055,
        "mdd_median": -0.4411,
        "mdd_p75": -0.1057
      },
      "84": {
        "n_total": 3199,
        "n_hit": 2897,
        "p_hit": 0.905595,
        "t_hit_p25": 1.0,
        "t_hit_median": 3.0,
        "t_hit_p75": 10.0,
        "mdd_p25": -1.2869,
        "mdd_median": -0.4574,
        "mdd_p75": -0.1098
      },
      "96": {
        "n_total": 3199,
        "n_hit": 2928,
        "p_hit": 0.915286,
        "t_hit_p25": 1.0,
        "t_hit_median": 3.0,
        "t_hit_p75": 11.0,
        "mdd_p25": -1.3415499999999998,
        "mdd_median": -0.47175,
        "mdd_p75": -0.114475
      }
    },
    "1.0": {
      "12": {
        "n_total": 3199,
        "n_hit": 1646,
        "p_hit": 0.514536,
        "t_hit_p25": 2.0,
        "t_hit_median": 4.0,
        "t_hit_p75": 7.0,
        "mdd_p25": -0.93865,
        "mdd_median": -0.36305,
        "mdd_p75": -0.07755
      },
      "24": {
        "n_total": 3199,
        "n_hit": 2078,
        "p_hit": 0.649578,
        "t_hit_p25": 2.0,
        "t_hit_median": 5.0,
        "t_hit_p75": 11.0,
        "mdd_p25": -1.110025,
        "mdd_median": -0.46955,
        "mdd_p75": -0.125725
      },
      "36": {
        "n_total": 3199,
        "n_hit": 2323,
        "p_hit": 0.726164,
        "t_hit_p25": 3.0,
        "t_hit_median": 6.0,
        "t_hit_p75": 15.0,
        "mdd_p25": -1.3306499999999999,
        "mdd_median": -0.5346,
        "mdd_p75": -0.1558
      },
      "48": {
        "n_total": 3199,
        "n_hit": 2442,
        "p_hit": 0.763364,
        "t_hit_p25": 3.0,
        "t_hit_median": 7.0,
        "t_hit_p75": 17.0,
        "mdd_p25": -1.396225,
        "mdd_median": -0.5544,
        "mdd_p75": -0.16995000000000002
      },
      "60": {
        "n_total": 3199,
        "n_hit": 2527,
        "p_hit": 0.789934,
        "t_hit_p25": 3.0,
        "t_hit_median": 7.0,
        "t_hit_p75": 18.0,
        "mdd_p25": -1.4865499999999998,
        "mdd_median": -0.5955,
        "mdd_p75": -0.1769
      },
      "72": {
        "n_total": 3199,
        "n_hit": 2600,
        "p_hit": 0.812754,
        "t_hit_p25": 3.0,
        "t_hit_median": 8.0,
        "t_hit_p75": 20.0,
        "mdd_p25": -1.588425,
        "mdd_median": -0.6211500000000001,
        "mdd_p75": -0.188
      },
      "84": {
        "n_total": 3199,
        "n_hit": 2661,
        "p_hit": 0.831822,
        "t_hit_p25": 3.0,
        "t_hit_median": 8.0,
        "t_hit_p75": 22.0,
        "mdd_p25": -1.6853,
        "mdd_median": -0.6597,
        "mdd_p75": -0.1958
      },
      "96": {
        "n_total": 3199,
        "n_hit": 2704,
        "p_hit": 0.845264,
        "t_hit_p25": 3.0,
        "t_hit_median": 8.0,
        "t_hit_p75": 23.0,
        "mdd_p25": -1.760975,
        "mdd_median": -0.6801999999999999,
        "mdd_p75": -0.204775
      }
    },
    "2.0": {
      "12": {
        "n_total": 3199,
        "n_hit": 784,
        "p_hit": 0.245077,
        "t_hit_p25": 3.0,
        "t_hit_median": 5.0,
        "t_hit_p75": 9.0,
        "mdd_p25": -0.9604249999999999,
        "mdd_median": -0.39705,
        "mdd_p75": -0.080325
      },
      "24": {
        "n_total": 3199,
        "n_hit": 1278,
        "p_hit": 0.3995,
        "t_hit_p25": 4.0,
        "t_hit_median": 9.0,
        "t_hit_p75": 16.0,
        "mdd_p25": -1.24795,
        "mdd_median": -0.5615,
        "mdd_p75": -0.172425
      },
      "36": {
        "n_total": 3199,
        "n_hit": 1618,
        "p_hit": 0.505783,
        "t_hit_p25": 5.0,
        "t_hit_median": 13.0,
        "t_hit_p75": 23.0,
        "mdd_p25": -1.4502499999999998,
        "mdd_median": -0.6770499999999999,
        "mdd_p75": -0.208875
      },
      "48": {
        "n_total": 3199,
        "n_hit": 1848,
        "p_hit": 0.577681,
        "t_hit_p25": 6.0,
        "t_hit_median": 16.0,
        "t_hit_p75": 28.0,
        "mdd_p25": -1.5731249999999999,
        "mdd_median": -0.7564,
        "mdd_p75": -0.25802499999999995
      },
      "60": {
        "n_total": 3199,
        "n_hit": 1997,
        "p_hit": 0.624258,
        "t_hit_p25": 7.0,
        "t_hit_median": 17.0,
        "t_hit_p75": 32.0,
        "mdd_p25": -1.6495,
        "mdd_median": -0.8156,
        "mdd_p75": -0.2805
      },
      "72": {
        "n_total": 3199,
        "n_hit": 2128,
        "p_hit": 0.665208,
        "t_hit_p25": 7.0,
        "t_hit_median": 18.0,
        "t_hit_p75": 36.0,
        "mdd_p25": -1.813225,
        "mdd_median": -0.90425,
        "mdd_p75": -0.30835
      },
      "84": {
        "n_total": 3199,
        "n_hit": 2216,
        "p_hit": 0.692716,
        "t_hit_p25": 8.0,
        "t_hit_median": 20.0,
        "t_hit_p75": 39.0,
        "mdd_p25": -1.963725,
        "mdd_median": -0.9588,
        "mdd_p75": -0.32865000000000005
      },
      "96": {
        "n_total": 3199,
        "n_hit": 2301,
        "p_hit": 0.719287,
        "t_hit_p25": 8.0,
        "t_hit_median": 21.0,
        "t_hit_p75": 42.0,
        "mdd_p25": -2.1014,
        "mdd_median": -1.0025,
        "mdd_p75": -0.3456
      }
    },
    "3.0": {
      "12": {
        "n_total": 3199,
        "n_hit": 419,
        "p_hit": 0.130978,
        "t_hit_p25": 3.0,
        "t_hit_median": 6.0,
        "t_hit_p75": 9.0,
        "mdd_p25": -0.92355,
        "mdd_median": -0.3594,
        "mdd_p75": -0.08510000000000001
      },
      "24": {
        "n_total": 3199,
        "n_hit": 746,
        "p_hit": 0.233198,
        "t_hit_p25": 5.0,
        "t_hit_median": 11.0,
        "t_hit_p75": 17.0,
        "mdd_p25": -1.3144,
        "mdd_median": -0.5520499999999999,
        "mdd_p75": -0.155925
      },
      "36": {
        "n_total": 3199,
        "n_hit": 1048,
        "p_hit": 0.327602,
        "t_hit_p25": 7.0,
        "t_hit_median": 16.0,
        "t_hit_p75": 26.0,
        "mdd_p25": -1.579425,
        "mdd_median": -0.6838,
        "mdd_p75": -0.206625
      },
      "48": {
        "n_total": 3199,
        "n_hit": 1292,
        "p_hit": 0.403876,
        "t_hit_p25": 9.0,
        "t_hit_median": 21.0,
        "t_hit_p75": 33.0,
        "mdd_p25": -1.713875,