{
  "schema": "baseline_probs_v1",
  "source_labels": "data/labels/labels_v1.csv",
  "n_rows_labels": 1220,
  "thresholds": [
    0.5,
    1.0,
    2.0,
    3.0,
    5.0
  ],
  "horizons": [
    12,
    24,
    36,
    48,
    60,
    72,
    84,
    96
  ],
  "results": {
    "0.5": {
      "12": {
        "n_total": 1220,
        "n_hit": 859,
        "p_hit": 0.704098,
        "t_hit_p25": 1.0,
        "t_hit_median": 2.0,
        "t_hit_p75": 5.0,
        "mdd_p25": -0.8373999999999999,
        "mdd_median": -0.2918,
        "mdd_p75": -0.06465
      },
      "24": {
        "n_total": 1220,
        "n_hit": 986,
        "p_hit": 0.808197,
        "t_hit_p25": 1.0,
        "t_hit_median": 3.0,
        "t_hit_p75": 7.0,
        "mdd_p25": -0.9721000000000001,
        "mdd_median": -0.37315,
        "mdd_p75": -0.09305000000000001
      },
      "36": {
        "n_total": 1220,
        "n_hit": 1033,
        "p_hit": 0.846721,
        "t_hit_p25": 1.0,
        "t_hit_median": 3.0,
        "t_hit_p75": 9.0,
        "mdd_p25": -0.9993,
        "mdd_median": -0.4034,
        "mdd_p75": -0.1035
      },
      "48": {
        "n_total": 1220,
        "n_hit": 1043,
        "p_hit": 0.854918,
        "t_hit_p25": 1.0,
        "t_hit_median": 3.0,
        "t_hit_p75": 9.0,
        "mdd_p25": -1.01735,
        "mdd_median": -0.4103,
        "mdd_p75": -0.10445
      },
      "60": {
        "n_total": 1220,
        "n_hit": 1057,
        "p_hit": 0.866393,
        "t_hit_p25": 1.0,
        "t_hit_median": 3.0,
        "t_hit_p75": 9.0,
        "mdd_p25": -1.078,
        "mdd_median": -0.4191,
        "mdd_p75": -0.1057
      },
      "72": {
        "n_total": 1220,
        "n_hit": 1079,
        "p_hit": 0.884426,
        "t_hit_p25": 1.0,
        "t_hit_median": 3.0,
        "t_hit_p75": 10.0,
        "mdd_p25": -1.16775,
        "mdd_median": -0.4389,
        "mdd_p75": -0.10885
      },
      "84": {
        "n_total": 1220,
        "n_hit": 1097,
        "p_hit": 0.89918,
        "t_hit_p25": 1.0,
        "t_hit_median": 4.0,
        "t_hit_p75": 10.0,
        "mdd_p25": -1.2421,
        "mdd_median": -0.4485,
        "mdd_p75": -0.1132
      },
      "96": {
        "n_total": 1220,
        "n_hit": 1103,
        "p_hit": 0.904098,
        "t_hit_p25": 1.0,
        "t_hit_median": 4.0,
        "t_hit_p75": 11.0,
        "mdd_p25": -1.2528000000000001,
        "mdd_median": -0.4582,
        "mdd_p75": -0.11645
      }
    },
    "1.0": {
      "12": {
        "n_total": 1220,
        "n_hit": 628,
        "p_hit": 0.514754,
        "t_hit_p25": 2.0,
        "t_hit_median": 4.0,
        "t_hit_p75": 7.0,
        "mdd_p25": -0.9862,
        "mdd_median": -0.37295,
        "mdd_p75": -0.083175
      },
      "24": {
        "n_total": 1220,
        "n_hit": 792,
        "p_hit": 0.64918,
        "t_hit_p25": 2.0,
        "t_hit_median": 5.0,
        "t_hit_p75": 11.0,
        "mdd_p25": -1.1102250000000002,
        "mdd_median": -0.4678,
        "mdd_p75": -0.124
      },
      "36": {
        "n_total": 1220,
        "n_hit": 878,
        "p_hit": 0.719672,
        "t_hit_p25": 3.0,
        "t_hit_median": 6.0,
        "t_hit_p75": 14.0,
        "mdd_p25": -1.1973250000000002,
        "mdd_median": -0.47945000000000004,
        "mdd_p75": -0.145875
      },
      "48": {
        "n_total": 1220,
        "n_hit": 914,
        "p_hit": 0.74918,
        "t_hit_p25": 3.0,
        "t_hit_median": 7.0,
        "t_hit_p75": 16.0,
        "mdd_p25": -1.2247,
        "mdd_median": -0.48450000000000004,
        "mdd_p75": -0.15785
      },
      "60": {
        "n_total": 1220,
        "n_hit": 951,
        "p_hit": 0.779508,
        "t_hit_p25": 3.0,
        "t_hit_median": 7.0,
        "t_hit_p75": 18.0,
        "mdd_p25": -1.3378999999999999,
        "mdd_median": -0.5194,
        "mdd_p75": -0.16299999999999998
      },
      "72": {
        "n_total": 1220,
        "n_hit": 985,
        "p_hit": 0.807377,
        "t_hit_p25": 3.0,
        "t_hit_median": 8.0,
        "t_hit_p75": 20.0,
        "mdd_p25": -1.4112,
        "mdd_median": -0.5477,
        "mdd_p75": -0.1707
      },
      "84": {
        "n_total": 1220,
        "n_hit": 1007,
        "p_hit": 0.82541,
        "t_hit_p25": 3.0,
        "t_hit_median": 8.0,
        "t_hit_p75": 21.0,
        "mdd_p25": -1.50475,
        "mdd_median": -0.5725,
        "mdd_p75": -0.17245
      },
      "96": {
        "n_total": 1220,
        "n_hit": 1018,
        "p_hit": 0.834426,
        "t_hit_p25": 3.0,
        "t_hit_median": 8.0,
        "t_hit_p75": 21.0,
        "mdd_p25": -1.551375,
        "mdd_median": -0.58175,
        "mdd_p75": -0.175025
      }
    },
    "2.0": {
      "12": {
        "n_total": 1220,
        "n_hit": 318,
        "p_hit": 0.260656,
        "t_hit_p25": 3.0,
        "t_hit_median": 5.0,
        "t_hit_p75": 8.0,
        "mdd_p25": -1.085775,
        "mdd_median": -0.4408,
        "mdd_p75": -0.144425
      },
      "24": {
        "n_total": 1220,
        "n_hit": 502,
        "p_hit": 0.411475,
        "t_hit_p25": 4.0,
        "t_hit_median": 9.0,
        "t_hit_p75": 16.0,
        "mdd_p25": -1.270025,
        "mdd_median": -0.57805,
        "mdd_p75": -0.17615
      },
      "36": {
        "n_total": 1220,
        "n_hit": 607,
        "p_hit": 0.497541,
        "t_hit_p25": 5.0,
        "t_hit_median": 11.0,
        "t_hit_p75": 20.0,
        "mdd_p25": -1.30545,
        "mdd_median": -0.5708,
        "mdd_p75": -0.1763
      },
      "48": {
        "n_total": 1220,
        "n_hit": 691,
        "p_hit": 0.566393,
        "t_hit_p25": 6.0,
        "t_hit_median": 14.0,
        "t_hit_p75": 27.0,
        "mdd_p25": -1.32385,
        "mdd_median": -0.5725,
        "mdd_p75": -0.20465
      },
      "60": {
        "n_total": 1220,
        "n_hit": 754,
        "p_hit": 0.618033,
        "t_hit_p25": 6.0,
        "t_hit_median": 16.0,
        "t_hit_p75": 32.0,
        "mdd_p25": -1.378375,
        "mdd_median": -0.5961000000000001,
        "mdd_p75": -0.231825
      },
      "72": {
        "n_total": 1220,
        "n_hit": 803,
        "p_hit": 0.658197,
        "t_hit_p25": 7.0,
        "t_hit_median": 17.0,
        "t_hit_p75": 36.0,
        "mdd_p25": -1.46385,
        "mdd_median": -0.668,
        "mdd_p75": -0.25715
      },
      "84": {
        "n_total": 1220,
        "n_hit": 834,
        "p_hit": 0.683607,
        "t_hit_p25": 7.0,
        "t_hit_median": 18.0,
        "t_hit_p75": 40.0,
        "mdd_p25": -1.5475999999999999,
        "mdd_median": -0.7305999999999999,
        "mdd_p75": -0.2698
      },
      "96": {
        "n_total": 1220,
        "n_hit": 856,
        "p_hit": 0.701639,
        "t_hit_p25": 7.0,
        "t_hit_median": 19.0,
        "t_hit_p75": 42.0,
        "mdd_p25": -1.5886500000000001,
        "mdd_median": -0.7858499999999999,
        "mdd_p75": -0.27415
      }
    },
    "3.0": {
      "12": {
        "n_total": 1220,
        "n_hit": 166,
        "p_hit": 0.136066,
        "t_hit_p25": 3.0,
        "t_hit_median": 5.0,
        "t_hit_p75": 9.0,
        "mdd_p25": -1.008525,
        "mdd_median": -0.43525,
        "mdd_p75": -0.1456
      },
      "24": {
        "n_total": 1220,
        "n_hit": 269,
        "p_hit": 0.220492,
        "t_hit_p25": 4.0,
        "t_hit_median": 10.0,
        "t_hit_p75": 17.0,
        "mdd_p25": -1.0851,
        "mdd_median": -0.4653,
        "mdd_p75": -0.1445
      },
      "36": {
        "n_total": 1220,
        "n_hit": 370,
        "p_hit": 0.303279,
        "t_hit_p25": 6.0,
        "t_hit_median": 15.0,
        "t_hit_p75": 26.0,
        "mdd_p25": -1.138925,
        "mdd_median": -0.5317000000000001,
        "mdd_p75": -0.16972500000000001
      },
      "48": {
        "n_total": 1220,
        "n_hit": 454,
        "p_hit": 0.372131,
        "t_hit_p25": 8.0,
        "t_hit_median": 20.0,
        "t_hit_p75": 33.0,
        "mdd_p25": -1.215125,
        "mdd_median": -0.55295,