{
  "schema": "baseline_probs_v1",
  "source_labels": "data/labels/labels_v1.csv",
  "n_rows_labels": 1951,
  "thresholds": [
    0.5,
    1.0,
    2.0,
    3.0,
    5.0
  ],
  "horizons": [
    12,
    24,
    36,
    48,
    60,
    72,
    84,
    96
  ],
  "results": {
    "0.5": {
      "12": {
        "n_total": 1951,
        "n_hit": 1398,
        "p_hit": 0.716556,
        "t_hit_p25": 1.0,
        "t_hit_median": 2.0,
        "t_hit_p75": 4.0,
        "mdd_p25": -0.80025,
        "mdd_median": -0.30610000000000004,
        "mdd_p75": -0.057525
      },
      "24": {
        "n_total": 1951,
        "n_hit": 1572,
        "p_hit": 0.805741,
        "t_hit_p25": 1.0,
        "t_hit_median": 2.0,
        "t_hit_p75": 6.0,
        "mdd_p25": -0.9581,
        "mdd_median": -0.37315,
        "mdd_p75": -0.08925
      },
      "36": {
        "n_total": 1951,
        "n_hit": 1648,
        "p_hit": 0.844695,
        "t_hit_p25": 1.0,
        "t_hit_median": 3.0,
        "t_hit_p75": 7.0,
        "mdd_p25": -1.057125,
        "mdd_median": -0.4096,
        "mdd_p75": -0.101525
      },
      "48": {
        "n_total": 1951,
        "n_hit": 1682,
        "p_hit": 0.862122,
        "t_hit_p25": 1.0,
        "t_hit_median": 3.0,
        "t_hit_p75": 8.0,
        "mdd_p25": -1.14755,
        "mdd_median": -0.42145,
        "mdd_p75": -0.10464999999999999
      },
      "60": {
        "n_total": 1951,
        "n_hit": 1699,
        "p_hit": 0.870835,
        "t_hit_p25": 1.0,
        "t_hit_median": 3.0,
        "t_hit_p75": 8.0,
        "mdd_p25": -1.17115,
        "mdd_median": -0.4281,
        "mdd_p75": -0.10600000000000001
      },
      "72": {
        "n_total": 1951,
        "n_hit": 1730,
        "p_hit": 0.886725,
        "t_hit_p25": 1.0,
        "t_hit_median": 3.0,
        "t_hit_p75": 9.0,
        "mdd_p25": -1.251125,
        "mdd_median": -0.44615,
        "mdd_p75": -0.1102
      },
      "84": {
        "n_total": 1951,
        "n_hit": 1760,
        "p_hit": 0.902101,
        "t_hit_p25": 1.0,
        "t_hit_median": 3.0,
        "t_hit_p75": 10.0,
        "mdd_p25": -1.334975,
        "mdd_median": -0.4668,
        "mdd_p75": -0.116575
      },
      "96": {
        "n_total": 1951,
        "n_hit": 1781,
        "p_hit": 0.912865,
        "t_hit_p25": 1.0,
        "t_hit_median": 3.0,
        "t_hit_p75": 10.0,
        "mdd_p25": -1.3669,
        "mdd_median": -0.4749,
        "mdd_p75": -0.118
      }
    },
    "1.0": {
      "12": {
        "n_total": 1951,
        "n_hit": 1027,
        "p_hit": 0.526397,
        "t_hit_p25": 2.0,
        "t_hit_median": 4.0,
        "t_hit_p75": 7.0,
        "mdd_p25": -0.99935,
        "mdd_median": -0.3935,
        "mdd_p75": -0.08315
      },
      "24": {
        "n_total": 1951,
        "n_hit": 1253,
        "p_hit": 0.642235,
        "t_hit_p25": 2.0,
        "t_hit_median": 5.0,
        "t_hit_p75": 10.0,
        "mdd_p25": -1.2022,
        "mdd_median": -0.4818,
        "mdd_p75": -0.1288
      },
      "36": {
        "n_total": 1951,
        "n_hit": 1392,
        "p_hit": 0.71348,
        "t_hit_p25": 2.0,
        "t_hit_median": 6.0,
        "t_hit_p75": 13.0,
        "mdd_p25": -1.3710749999999998,
        "mdd_median": -0.53735,
        "mdd_p75": -0.155675
      },
      "48": {
        "n_total": 1951,
        "n_hit": 1464,
        "p_hit": 0.750384,
        "t_hit_p25": 2.0,
        "t_hit_median": 6.0,
        "t_hit_p75": 16.0,
        "mdd_p25": -1.427675,
        "mdd_median": -0.5569500000000001,
        "mdd_p75": -0.1669
      },
      "60": {
        "n_total": 1951,
        "n_hit": 1529,
        "p_hit": 0.783701,
        "t_hit_p25": 3.0,
        "t_hit_median": 7.0,
        "t_hit_p75": 18.0,
        "mdd_p25": -1.5744,
        "mdd_median": -0.5999,
        "mdd_p75": -0.1748
      },
      "72": {
        "n_total": 1951,
        "n_hit": 1583,
        "p_hit": 0.811379,
        "t_hit_p25": 3.0,
        "t_hit_median": 7.0,
        "t_hit_p75": 20.0,
        "mdd_p25": -1.6904499999999998,
        "mdd_median": -0.6385,
        "mdd_p75": -0.1855
      },
      "84": {
        "n_total": 1951,
        "n_hit": 1621,
        "p_hit": 0.830856,
        "t_hit_p25": 3.0,
        "t_hit_median": 7.0,
        "t_hit_p75": 22.0,
        "mdd_p25": -1.8043,
        "mdd_median": -0.6767,
        "mdd_p75": -0.1939
      },
      "96": {
        "n_total": 1951,
        "n_hit": 1645,
        "p_hit": 0.843157,
        "t_hit_p25": 3.0,
        "t_hit_median": 7.0,
        "t_hit_p75": 23.0,
        "mdd_p25": -1.8504,
        "mdd_median": -0.6975,
        "mdd_p75": -0.2041
      }
    },
    "2.0": {
      "12": {
        "n_total": 1951,
        "n_hit": 522,
        "p_hit": 0.267555,
        "t_hit_p25": 3.0,
        "t_hit_median": 5.0,
        "t_hit_p75": 8.0,
        "mdd_p25": -1.07665,
        "mdd_median": -0.43935,
        "mdd_p75": -0.11674999999999999
      },
      "24": {
        "n_total": 1951,
        "n_hit": 809,
        "p_hit": 0.414659,
        "t_hit_p25": 4.0,
        "t_hit_median": 9.0,
        "t_hit_p75": 16.0,
        "mdd_p25": -1.3828,
        "mdd_median": -0.5981,
        "mdd_p75": -0.1749
      },
      "36": {
        "n_total": 1951,
        "n_hit": 983,
        "p_hit": 0.503844,
        "t_hit_p25": 5.0,
        "t_hit_median": 11.0,
        "t_hit_p75": 21.0,
        "mdd_p25": -1.5538500000000002,
        "mdd_median": -0.6748,
        "mdd_p75": -0.2033
      },
      "48": {
        "n_total": 1951,
        "n_hit": 1106,
        "p_hit": 0.566889,
        "t_hit_p25": 5.0,
        "t_hit_median": 14.0,
        "t_hit_p75": 26.0,
        "mdd_p25": -1.588425,
        "mdd_median": -0.71645,
        "mdd_p75": -0.236775
      },
      "60": {
        "n_total": 1951,
        "n_hit": 1196,
        "p_hit": 0.613019,
        "t_hit_p25": 6.0,
        "t_hit_median": 15.0,
        "t_hit_p75": 30.0,
        "mdd_p25": -1.662775,
        "mdd_median": -0.7985,
        "mdd_p75": -0.26555
      },
      "72": {
        "n_total": 1951,
        "n_hit": 1280,
        "p_hit": 0.656074,
        "t_hit_p25": 6.0,
        "t_hit_median": 17.0,
        "t_hit_p75": 35.0,
        "mdd_p25": -1.831875,
        "mdd_median": -0.9196,
        "mdd_p75": -0.28985
      },
      "84": {
        "n_total": 1951,
        "n_hit": 1330,
        "p_hit": 0.681702,
        "t_hit_p25": 7.0,
        "t_hit_median": 17.0,
        "t_hit_p75": 38.0,
        "mdd_p25": -2.016325,
        "mdd_median": -0.9718,
        "mdd_p75": -0.304675
      },
      "96": {
        "n_total": 1951,
        "n_hit": 1376,
        "p_hit": 0.705279,
        "t_hit_p25": 7.0,
        "t_hit_median": 18.0,
        "t_hit_p75": 41.0,
        "mdd_p25": -2.1992000000000003,
        "mdd_median": -1.00345,
        "mdd_p75": -0.31855
      }
    },
    "3.0": {
      "12": {
        "n_total": 1951,
        "n_hit": 296,
        "p_hit": 0.151717,
        "t_hit_p25": 3.0,
        "t_hit_median": 6.0,
        "t_hit_p75": 9.0,
        "mdd_p25": -0.990225,
        "mdd_median": -0.43525,
        "mdd_p75": -0.135025
      },
      "24": {
        "n_total": 1951,
        "n_hit": 486,
        "p_hit": 0.249103,
        "t_hit_p25": 5.0,
        "t_hit_median": 10.0,
        "t_hit_p75": 17.0,
        "mdd_p25": -1.337575,
        "mdd_median": -0.5540499999999999,
        "mdd_p75": -0.1688
      },
      "36": {
        "n_total": 1951,
        "n_hit": 660,
        "p_hit": 0.338288,
        "t_hit_p25": 6.0,
        "t_hit_median": 15.0,
        "t_hit_p75": 25.0,
        "mdd_p25": -1.5838,
        "mdd_median": -0.6444,
        "mdd_p75": -0.20370000000000002
      },
      "48": {
        "n_total": 1951,
        "n_hit": 784,
        "p_hit": 0.401845,
        "t_hit_p25": 7.0,
        "t_hit_median": 19.0,
        "t_hit_p75": 31.0,
        "mdd_p25": -1.660725,
        "mdd_median": -0.7226,
        "mdd_p75": -0.24839999999999998
      },