{
  "schema": "baseline_probs_v1",
  "source_labels": "data/labels/labels_v1.csv",
  "n_rows_labels": 2941,
  "thresholds": [
    0.5,
    1.0,
    2.0,
    3.0,
    5.0
  ],
  "horizons": [
    12,
    24,
    36,
    48,
    60,
    72,
    84,
    96
  ],
  "results": {
    "0.5": {
      "12": {
        "n_total": 2941,
        "n_hit": 2073,
        "p_hit": 0.704862,
        "t_hit_p25": 1.0,
        "t_hit_median": 2.0,
        "t_hit_p75": 4.0,
        "mdd_p25": -0.736,
        "mdd_median": -0.293,
        "mdd_p75": -0.0495
      },
      "24": {
        "n_total": 2941,
        "n_hit": 2355,
        "p_hit": 0.800748,
        "t_hit_p25": 1.0,
        "t_hit_median": 3.0,
        "t_hit_p75": 7.0,
        "mdd_p25": -0.92235,
        "mdd_median": -0.3625,
        "mdd_p75": -0.07894999999999999
      },
      "36": {
        "n_total": 2941,
        "n_hit": 2494,
        "p_hit": 0.848011,
        "t_hit_p25": 1.0,
        "t_hit_median": 3.0,
        "t_hit_p75": 8.0,
        "mdd_p25": -1.016925,
        "mdd_median": -0.40965,
        "mdd_p75": -0.093125
      },
      "48": {
        "n_total": 2941,
        "n_hit": 2547,
        "p_hit": 0.866032,
        "t_hit_p25": 1.0,
        "t_hit_median": 3.0,
        "t_hit_p75": 9.0,
        "mdd_p25": -1.1164,
        "mdd_median": -0.4228,
        "mdd_p75": -0.10075
      },
      "60": {
        "n_total": 2941,
        "n_hit": 2574,
        "p_hit": 0.875213,
        "t_hit_p25": 1.0,
        "t_hit_median": 3.0,
        "t_hit_p75": 9.0,
        "mdd_p25": -1.149975,
        "mdd_median": -0.431,
        "mdd_p75": -0.102825
      },
      "72": {
        "n_total": 2941,
        "n_hit": 2613,
        "p_hit": 0.888473,
        "t_hit_p25": 1.0,
        "t_hit_median": 3.0,
        "t_hit_p75": 10.0,
        "mdd_p25": -1.2057,
        "mdd_median": -0.4433,
        "mdd_p75": -0.1057
      },
      "84": {
        "n_total": 2941,
        "n_hit": 2656,
        "p_hit": 0.903094,
        "t_hit_p25": 1.0,
        "t_hit_median": 3.0,
        "t_hit_p75": 10.0,
        "mdd_p25": -1.28295,
        "mdd_median": -0.46130000000000004,
        "mdd_p75": -0.10915
      },
      "96": {
        "n_total": 2941,
        "n_hit": 2685,
        "p_hit": 0.912955,
        "t_hit_p25": 1.0,
        "t_hit_median": 3.0,
        "t_hit_p75": 11.0,
        "mdd_p25": -1.3396,
        "mdd_median": -0.4728,
        "mdd_p75": -0.1132
      }
    },
    "1.0": {
      "12": {
        "n_total": 2941,
        "n_hit": 1503,
        "p_hit": 0.511051,
        "t_hit_p25": 2.0,
        "t_hit_median": 4.0,
        "t_hit_p75": 7.0,
        "mdd_p25": -0.94085,
        "mdd_median": -0.3684,
        "mdd_p75": -0.0789
      },
      "24": {
        "n_total": 2941,
        "n_hit": 1888,
        "p_hit": 0.641959,
        "t_hit_p25": 2.0,
        "t_hit_median": 5.0,
        "t_hit_p75": 11.0,
        "mdd_p25": -1.120775,
        "mdd_median": -0.47425,
        "mdd_p75": -0.12735000000000002
      },
      "36": {
        "n_total": 2941,
        "n_hit": 2118,
        "p_hit": 0.720163,
        "t_hit_p25": 3.0,
        "t_hit_median": 6.0,
        "t_hit_p75": 15.0,
        "mdd_p25": -1.330725,
        "mdd_median": -0.53735,
        "mdd_p75": -0.15842499999999998
      },
      "48": {
        "n_total": 2941,
        "n_hit": 2224,
        "p_hit": 0.756205,
        "t_hit_p25": 3.0,
        "t_hit_median": 7.0,
        "t_hit_p75": 17.0,
        "mdd_p25": -1.383625,
        "mdd_median": -0.55385,
        "mdd_p75": -0.171
      },
      "60": {
        "n_total": 2941,
        "n_hit": 2303,
        "p_hit": 0.783067,
        "t_hit_p25": 3.0,
        "t_hit_median": 7.0,
        "t_hit_p75": 18.0,
        "mdd_p25": -1.47925,
        "mdd_median": -0.5949,
        "mdd_p75": -0.1785
      },
      "72": {
        "n_total": 2941,
        "n_hit": 2369,
        "p_hit": 0.805508,
        "t_hit_p25": 3.0,
        "t_hit_median": 8.0,
        "t_hit_p75": 20.0,
        "mdd_p25": -1.58,
        "mdd_median": -0.6188,
        "mdd_p75": -0.1908
      },
      "84": {
        "n_total": 2941,
        "n_hit": 2429,
        "p_hit": 0.82591,
        "t_hit_p25": 3.0,
        "t_hit_median": 8.0,
        "t_hit_p75": 22.0,
        "mdd_p25": -1.6833,
        "mdd_median": -0.6536,
        "mdd_p75": -0.2016
      },
      "96": {
        "n_total": 2941,
        "n_hit": 2467,
        "p_hit": 0.83883,
        "t_hit_p25": 3.0,
        "t_hit_median": 8.0,
        "t_hit_p75": 23.0,
        "mdd_p25": -1.7539,
        "mdd_median": -0.6798,
        "mdd_p75": -0.2074
      }
    },
    "2.0": {
      "12": {
        "n_total": 2941,
        "n_hit": 721,
        "p_hit": 0.245155,
        "t_hit_p25": 3.0,
        "t_hit_median": 5.0,
        "t_hit_p75": 9.0,
        "mdd_p25": -0.9724,
        "mdd_median": -0.4132,
        "mdd_p75": -0.1001
      },
      "24": {
        "n_total": 2941,
        "n_hit": 1165,
        "p_hit": 0.396124,
        "t_hit_p25": 4.0,
        "t_hit_median": 9.0,
        "t_hit_p75": 16.0,
        "mdd_p25": -1.2736,
        "mdd_median": -0.5798,
        "mdd_p75": -0.175
      },
      "36": {
        "n_total": 2941,
        "n_hit": 1473,
        "p_hit": 0.50085,
        "t_hit_p25": 5.0,
        "t_hit_median": 13.0,
        "t_hit_p75": 23.0,
        "mdd_p25": -1.4619,
        "mdd_median": -0.6798,
        "mdd_p75": -0.2189
      },
      "48": {
        "n_total": 2941,
        "n_hit": 1670,
        "p_hit": 0.567834,
        "t_hit_p25": 6.0,
        "t_hit_median": 15.0,
        "t_hit_p75": 27.0,
        "mdd_p25": -1.556525,
        "mdd_median": -0.7479,
        "mdd_p75": -0.263475
      },
      "60": {
        "n_total": 2941,
        "n_hit": 1802,
        "p_hit": 0.612717,
        "t_hit_p25": 7.0,
        "t_hit_median": 16.5,
        "t_hit_p75": 31.75,
        "mdd_p25": -1.6134499999999998,
        "mdd_median": -0.80605,
        "mdd_p75": -0.28315
      },
      "72": {
        "n_total": 2941,
        "n_hit": 1918,
        "p_hit": 0.652159,
        "t_hit_p25": 7.0,
        "t_hit_median": 18.0,
        "t_hit_p75": 35.0,
        "mdd_p25": -1.7569750000000002,
        "mdd_median": -0.88965,
        "mdd_p75": -0.3114
      },
      "84": {
        "n_total": 2941,
        "n_hit": 2000,
        "p_hit": 0.680041,
        "t_hit_p25": 7.75,
        "t_hit_median": 19.0,
        "t_hit_p75": 38.0,
        "mdd_p25": -1.9114,
        "mdd_median": -0.94945,
        "mdd_p75": -0.3292
      },
      "96": {
        "n_total": 2941,
        "n_hit": 2076,
        "p_hit": 0.705882,
        "t_hit_p25": 8.0,
        "t_hit_median": 21.0,
        "t_hit_p75": 41.0,
        "mdd_p25": -2.0562,
        "mdd_median": -0.99065,
        "mdd_p75": -0.347225
      }
    },
    "3.0": {
      "12": {
        "n_total": 2941,
        "n_hit": 392,
        "p_hit": 0.133288,
        "t_hit_p25": 3.0,
        "t_hit_median": 6.0,
        "t_hit_p75": 9.0,
        "mdd_p25": -0.925775,
        "mdd_median": -0.36624999999999996,
        "mdd_p75": -0.1031
      },
      "24": {
        "n_total": 2941,
        "n_hit": 680,
        "p_hit": 0.231214,
        "t_hit_p25": 5.0,
        "t_hit_median": 10.0,
        "t_hit_p75": 17.0,
        "mdd_p25": -1.334125,
        "mdd_median": -0.5512999999999999,
        "mdd_p75": -0.158075
      },
      "36": {
        "n_total": 2941,
        "n_hit": 957,
        "p_hit": 0.3254,
        "t_hit_p25": 7.0,
        "t_hit_median": 16.0,
        "t_hit_p75": 26.0,
        "mdd_p25": -1.5856,
        "mdd_median": -0.6769,
        "mdd_p75": -0.2069
      },
      "48": {
        "n_total": 2941,
        "n_hit": 1179,
        "p_hit": 0.400884,
        "t_hit_p25": 9.0,
        "t_hit_median": 21.0,
        "t_hit_p75": 33.0,
        "mdd_p25": -1.69325,
        "mdd_median": -0.803,
        "mdd_p75": -0.2703
      },
      "60": {
        "n_total": 2941,
        "n_hit": 1344,