{
  "schema": "baseline_probs_v1",
  "source_labels": "data/labels/labels_v1.csv",
  "n_rows_labels": 3104,
  "thresholds": [
    0.5,
    1.0,
    2.0,
    3.0,
    5.0
  ],
  "horizons": [
    12,
    24,
    36,
    48,
    60,
    72,
    84,
    96
  ],
  "results": {
    "0.5": {
      "12": {
        "n_total": 3104,
        "n_hit": 2196,
        "p_hit": 0.707474,
        "t_hit_p25": 1.0,
        "t_hit_median": 2.0,
        "t_hit_p75": 4.0,
        "mdd_p25": -0.7376750000000001,
        "mdd_median": -0.2959,
        "mdd_p75": -0.049949999999999994
      },
      "24": {
        "n_total": 3104,
        "n_hit": 2495,
        "p_hit": 0.803802,
        "t_hit_p25": 1.0,
        "t_hit_median": 3.0,
        "t_hit_p75": 7.0,
        "mdd_p25": -0.9248000000000001,
        "mdd_median": -0.3667,
        "mdd_p75": -0.07965
      },
      "36": {
        "n_total": 3104,
        "n_hit": 2639,
        "p_hit": 0.850193,
        "t_hit_p25": 1.0,
        "t_hit_median": 3.0,
        "t_hit_p75": 8.0,
        "mdd_p25": -1.02545,
        "mdd_median": -0.4097,
        "mdd_p75": -0.09345
      },
      "48": {
        "n_total": 3104,
        "n_hit": 2698,
        "p_hit": 0.869201,
        "t_hit_p25": 1.0,
        "t_hit_median": 3.0,
        "t_hit_p75": 9.0,
        "mdd_p25": -1.126225,
        "mdd_median": -0.42455,
        "mdd_p75": -0.10117500000000001
      },
      "60": {
        "n_total": 3104,
        "n_hit": 2729,
        "p_hit": 0.879188,
        "t_hit_p25": 1.0,
        "t_hit_median": 3.0,
        "t_hit_p75": 9.0,
        "mdd_p25": -1.1584,
        "mdd_median": -0.4355,
        "mdd_p75": -0.1035
      },
      "72": {
        "n_total": 3104,
        "n_hit": 2769,
        "p_hit": 0.892075,
        "t_hit_p25": 1.0,
        "t_hit_median": 3.0,
        "t_hit_p75": 10.0,
        "mdd_p25": -1.2235,
        "mdd_median": -0.4467,
        "mdd_p75": -0.1057
      },
      "84": {
        "n_total": 3104,
        "n_hit": 2812,
        "p_hit": 0.905928,
        "t_hit_p25": 1.0,
        "t_hit_median": 3.0,
        "t_hit_p75": 10.0,
        "mdd_p25": -1.2947250000000001,
        "mdd_median": -0.46455,
        "mdd_p75": -0.10995
      },
      "96": {
        "n_total": 3104,
        "n_hit": 2842,
        "p_hit": 0.915593,
        "t_hit_p25": 1.0,
        "t_hit_median": 3.0,
        "t_hit_p75": 11.0,
        "mdd_p25": -1.342375,
        "mdd_median": -0.47425,
        "mdd_p75": -0.1149
      }
    },
    "1.0": {
      "12": {
        "n_total": 3104,
        "n_hit": 1603,
        "p_hit": 0.51643,
        "t_hit_p25": 2.0,
        "t_hit_median": 4.0,
        "t_hit_p75": 7.0,
        "mdd_p25": -0.9520500000000001,
        "mdd_median": -0.3675,
        "mdd_p75": -0.078
      },
      "24": {
        "n_total": 3104,
        "n_hit": 2015,
        "p_hit": 0.649162,
        "t_hit_p25": 2.0,
        "t_hit_median": 5.0,
        "t_hit_p75": 11.0,
        "mdd_p25": -1.1313499999999999,
        "mdd_median": -0.4749,
        "mdd_p75": -0.12755
      },
      "36": {
        "n_total": 3104,
        "n_hit": 2255,
        "p_hit": 0.726482,
        "t_hit_p25": 3.0,
        "t_hit_median": 6.0,
        "t_hit_p75": 15.0,
        "mdd_p25": -1.34055,
        "mdd_median": -0.5397,
        "mdd_p75": -0.15855
      },
      "48": {
        "n_total": 3104,
        "n_hit": 2369,
        "p_hit": 0.763209,
        "t_hit_p25": 3.0,
        "t_hit_median": 7.0,
        "t_hit_p75": 17.0,
        "mdd_p25": -1.3997,
        "mdd_median": -0.5619,
        "mdd_p75": -0.1717
      },
      "60": {
        "n_total": 3104,
        "n_hit": 2454,
        "p_hit": 0.790593,
        "t_hit_p25": 3.0,
        "t_hit_median": 7.0,
        "t_hit_p75": 18.0,
        "mdd_p25": -1.507125,
        "mdd_median": -0.6005,
        "mdd_p75": -0.18057499999999999
      },
      "72": {
        "n_total": 3104,
        "n_hit": 2521,
        "p_hit": 0.812178,
        "t_hit_p25": 3.0,
        "t_hit_median": 8.0,
        "t_hit_p75": 20.0,
        "mdd_p25": -1.5932,
        "mdd_median": -0.6287,
        "mdd_p75": -0.191
      },
      "84": {
        "n_total": 3104,
        "n_hit": 2581,
        "p_hit": 0.831508,
        "t_hit_p25": 3.0,
        "t_hit_median": 8.0,
        "t_hit_p75": 21.0,
        "mdd_p25": -1.6879,
        "mdd_median": -0.668,
        "mdd_p75": -0.2016
      },
      "96": {
        "n_total": 3104,
        "n_hit": 2620,
        "p_hit": 0.844072,
        "t_hit_p25": 3.0,
        "t_hit_median": 8.0,
        "t_hit_p75": 23.0,
        "mdd_p25": -1.762,
        "mdd_median": -0.6853,
        "mdd_p75": -0.20745
      }
    },
    "2.0": {
      "12": {
        "n_total": 3104,
        "n_hit": 767,
        "p_hit": 0.247101,
        "t_hit_p25": 3.0,
        "t_hit_median": 5.0,
        "t_hit_p75": 8.5,
        "mdd_p25": -0.96515,
        "mdd_median": -0.3985,
        "mdd_p75": -0.0774
      },
      "24": {
        "n_total": 3104,
        "n_hit": 1247,
        "p_hit": 0.40174,
        "t_hit_p25": 4.0,
        "t_hit_median": 9.0,
        "t_hit_p75": 16.0,
        "mdd_p25": -1.27125,
        "mdd_median": -0.5722,
        "mdd_p75": -0.17245
      },
      "36": {
        "n_total": 3104,
        "n_hit": 1576,
        "p_hit": 0.507732,
        "t_hit_p25": 5.0,
        "t_hit_median": 13.0,
        "t_hit_p75": 23.0,
        "mdd_p25": -1.46115,
        "mdd_median": -0.6801999999999999,
        "mdd_p75": -0.215475
      },
      "48": {
        "n_total": 3104,
        "n_hit": 1792,
        "p_hit": 0.57732,
        "t_hit_p25": 6.0,
        "t_hit_median": 15.0,
        "t_hit_p75": 27.25,
        "mdd_p25": -1.5754000000000001,
        "mdd_median": -0.7657499999999999,
        "mdd_p75": -0.26115
      },
      "60": {
        "n_total": 3104,
        "n_hit": 1935,
        "p_hit": 0.623389,
        "t_hit_p25": 7.0,
        "t_hit_median": 17.0,
        "t_hit_p75": 32.0,
        "mdd_p25": -1.6465999999999998,
        "mdd_median": -0.8206,
        "mdd_p75": -0.2832
      },
      "72": {
        "n_total": 3104,
        "n_hit": 2057,
        "p_hit": 0.662693,
        "t_hit_p25": 7.0,
        "t_hit_median": 18.0,
        "t_hit_p75": 35.0,
        "mdd_p25": -1.8047,
        "mdd_median": -0.9073,
        "mdd_p75": -0.3112
      },
      "84": {
        "n_total": 3104,
        "n_hit": 2140,
        "p_hit": 0.689433,
        "t_hit_p25": 8.0,
        "t_hit_median": 19.0,
        "t_hit_p75": 38.0,
        "mdd_p25": -1.9387,
        "mdd_median": -0.9622999999999999,
        "mdd_p75": -0.3292
      },
      "96": {
        "n_total": 3104,
        "n_hit": 2218,
        "p_hit": 0.714562,
        "t_hit_p25": 8.0,
        "t_hit_median": 21.0,
        "t_hit_p75": 41.0,
        "mdd_p25": -2.0555499999999998,
        "mdd_median": -1.0011,
        "mdd_p75": -0.345
      }
    },
    "3.0": {
      "12": {
        "n_total": 3104,
        "n_hit": 407,
        "p_hit": 0.131121,
        "t_hit_p25": 3.0,
        "t_hit_median": 6.0,
        "t_hit_p75": 9.0,
        "mdd_p25": -0.9350499999999999,
        "mdd_median": -0.3641,
        "mdd_p75": -0.0817
      },
      "24": {
        "n_total": 3104,
        "n_hit": 720,
        "p_hit": 0.231959,
        "t_hit_p25": 5.0,
        "t_hit_median": 11.0,
        "t_hit_p75": 17.0,
        "mdd_p25": -1.34035,
        "mdd_median": -0.5540499999999999,
        "mdd_p75": -0.155975
      },
      "36": {
        "n_total": 3104,
        "n_hit": 1018,
        "p_hit": 0.327964,
        "t_hit_p25": 7.0,
        "t_hit_median": 16.0,
        "t_hit_p75": 26.0,
        "mdd_p25": -1.5887250000000002,
        "mdd_median": -0.6927,
        "mdd_p75": -0.207425
      },
      "48": {
        "n_total": 3104,
        "n_hit": 1253,
        "p_hit": 0.403673,
        "t_hit_p25": 9.0,
        "t_hit_median": 21.0,
        "t_hit_p75": 33.0,
        "mdd_p25": -1.7133,
        "mdd_median": -0.822,