target_pct,horizon_h,n_total,n_hit,p_hit,t_hit_p25,t_hit_median,t_hit_p75,mdd_p25,mdd_median,mdd_p75
0.5,12,100,75,0.75,1.0,2.0,3.5,-0.69455,-0.3284,-0.13345
0.5,24,100,89,0.89,1.0,2.0,5.0,-0.8658,-0.4638,-0.1719
0.5,36,100,99,0.99,1.0,3.0,10.5,-0.84735,-0.5343,-0.19035
0.5,48,100,99,0.99,1.0,3.0,10.5,-0.84735,-0.5343,-0.19035
0.5,60,100,100,1.0,1.0,3.0,12.25,-0.87065,-0.53695,-0.190675
0.5,72,100,100,1.0,1.0,3.0,12.25,-0.87065,-0.53695,-0.190675
0.5,84,100,100,1.0,1.0,3.0,12.25,-0.87065,-0.53695,-0.190675
0.5,96,100,100,1.0,1.0,3.0,12.25,-0.87065,-0.53695,-0.190675
1.0,12,100,66,0.66,2.0,4.0,7.0,-1.00515,-0.44155,-0.178925
1.0,24,100,84,0.84,3.0,5.0,11.0,-1.415,-0.5423,-0.241875
1.0,36,100,86,0.86,3.0,5.5,11.75,-1.4456,-0.54815,-0.243625
1.0,48,100,95,0.95,3.0,6.0,16.5,-1.39565,-0.6772,-0.25325
1.0,60,100,100,1.0,3.0,7.0,19.0,-1.415,-0.71045,-0.26925
1.0,72,100,100,1.0,3.0,7.0,19.0,-1.415,-0.71045,-0.26925
1.0,84,100,100,1.0,3.0,7.0,19.0,-1.415,-0.71045,-0.26925
1.0,96,100,100,1.0,3.0,7.0,19.0,-1.415,-0.71045,-0.26925
2.0,12,100,41,0.41,4.0,6.0,9.0,-1.3916,-0.4383,-0.1954
2.0,24,100,61,0.61,6.0,9.0,15.0,-1.7133,-0.6004,-0.2228
2.0,36,100,76,0.76,6.0,10.0,22.25,-1.75645,-0.9776,-0.31405
2.0,48,100,86,0.86,7.0,14.5,28.75,-1.6552,-1.2103,-0.363925
2.0,60,100,97,0.97,8.0,17.0,33.0,-1.6121,-1.1896,-0.4383
2.0,72,100,98,0.98,8.0,17.5,33.75,-1.606,-1.17065,-0.439925
2.0,84,100,100,1.0,8.0,18.0,34.25,-1.618525,-1.1959,-0.443175
2.0,96,100,100,1.0,8.0,18.0,34.25,-1.618525,-1.1959,-0.443175
3.0,12,100,31,0.31,5.0,7.0,10.0,-1.39565,-0.5428,-0.20145
3.0,24,100,43,0.43,6.0,10.0,14.5,-1.5088,-0.5546,-0.20145
3.0,36,100,51,0.51,6.0,10.0,20.0,-1.512,-0.7144,-0.2451
3.0,48,100,58,0.58,7.0,11.0,24.75,-1.4657,-0.96015,-0.294225
3.0,60,100,70,0.7,8.25,17.5,42.75,-1.3997,-1.01425,-0.439925
3.0,72,100,81,0.81,9.0,22.0,52.0,-1.3916,-0.9924,-0.4682
3.0,84,100,84,0.84,9.75,23.5,54.0,-1.4018,-1.0674,-0.46895
3.0,96,100,85,0.85,10.0,24.0,54.0,-1.4081,-1.0987,-0.4692
5.0,12,100,14,0.14,8.0,10.0,10.0,-0.550825,-0.3032,-0.139175
5.0,24,100,23,0.23,9.5,10.0,15.5,-0.69185,-0.3775,-0.1148
5.0,36,100,26,0.26,10.0,11.5,17.75,-1.369375,-0.4938,-0.139175
5.0,48,100,27,0.27,10.0,12.0,18.5,-1.62685,-0.5428,-0.16195
5.0,60,100,27,0.27,10.0,12.0,18.5,-1.62685,-0.5428,-0.16195
5.0,72,100,27,0.27,10.0,12.0,18.5,-1.62685,-0.5428,-0.16195
5.0,84,100,30,0.3,10.0,13.5,21.75,-1.369375,-0.4938,-0.1808
5.0,96,100,30,0.3,10.0,13.5,21.75,-1.369375,-0.4938,-0.1808
