{
  "schema": "baseline_probs_v1",
  "source_labels": "data/labels/labels_v1.csv",
  "n_rows_labels": 124,
  "thresholds": [
    0.5,
    1.0,
    2.0,
    3.0,
    5.0
  ],
  "horizons": [
    12,
    24,
    36,
    48,
    60,
    72,
    84,
    96
  ],
  "results": {
    "0.5": {
      "12": {
        "n_total": 124,
        "n_hit": 95,
        "p_hit": 0.766129,
        "t_hit_p25": 1.0,
        "t_hit_median": 2.0,
        "t_hit_p75": 4.0,
        "mdd_p25": -0.6684,
        "mdd_median": -0.2725,
        "mdd_p75": -0.0864
      },
      "24": {
        "n_total": 124,
        "n_hit": 113,
        "p_hit": 0.91129,
        "t_hit_p25": 1.0,
        "t_hit_median": 3.0,
        "t_hit_p75": 6.0,
        "mdd_p25": -0.8132,
        "mdd_median": -0.4103,
        "mdd_p75": -0.1164
      },
      "36": {
        "n_total": 124,
        "n_hit": 123,
        "p_hit": 0.991935,
        "t_hit_p25": 1.0,
        "t_hit_median": 3.0,
        "t_hit_p75": 11.0,
        "mdd_p25": -0.8007,
        "mdd_median": -0.4738,
        "mdd_p75": -0.1351
      },
      "48": {
        "n_total": 124,
        "n_hit": 123,
        "p_hit": 0.991935,
        "t_hit_p25": 1.0,
        "t_hit_median": 3.0,
        "t_hit_p75": 11.0,
        "mdd_p25": -0.8007,
        "mdd_median": -0.4738,
        "mdd_p75": -0.1351
      },
      "60": {
        "n_total": 124,
        "n_hit": 124,
        "p_hit": 1.0,
        "t_hit_p25": 1.0,
        "t_hit_median": 3.0,
        "t_hit_p75": 11.25,
        "mdd_p25": -0.817125,
        "mdd_median": -0.479,
        "mdd_p75": -0.13765
      },
      "72": {
        "n_total": 124,
        "n_hit": 124,
        "p_hit": 1.0,
        "t_hit_p25": 1.0,
        "t_hit_median": 3.0,
        "t_hit_p75": 11.25,
        "mdd_p25": -0.817125,
        "mdd_median": -0.479,
        "mdd_p75": -0.13765
      },
      "84": {
        "n_total": 124,
        "n_hit": 124,
        "p_hit": 1.0,
        "t_hit_p25": 1.0,
        "t_hit_median": 3.0,
        "t_hit_p75": 11.25,
        "mdd_p25": -0.817125,
        "mdd_median": -0.479,
        "mdd_p75": -0.13765
      },
      "96": {
        "n_total": 124,
        "n_hit": 124,
        "p_hit": 1.0,
        "t_hit_p25": 1.0,
        "t_hit_median": 3.0,
        "t_hit_p75": 11.25,
        "mdd_p25": -0.817125,
        "mdd_median": -0.479,
        "mdd_p75": -0.13765
      }
    },
    "1.0": {
      "12": {
        "n_total": 124,
        "n_hit": 83,
        "p_hit": 0.669355,
        "t_hit_p25": 3.0,
        "t_hit_median": 5.0,
        "t_hit_p75": 7.0,
        "mdd_p25": -0.88335,
        "mdd_median": -0.3279,
        "mdd_p75": -0.10865
      },
      "24": {
        "n_total": 124,
        "n_hit": 106,
        "p_hit": 0.854839,
        "t_hit_p25": 3.25,
        "t_hit_median": 6.0,
        "t_hit_p75": 11.75,
        "mdd_p25": -1.3820999999999999,
        "mdd_median": -0.48405,
        "mdd_p75": -0.172025
      },
      "36": {
        "n_total": 124,
        "n_hit": 110,
        "p_hit": 0.887097,
        "t_hit_p25": 4.0,
        "t_hit_median": 6.0,
        "t_hit_p75": 12.0,
        "mdd_p25": -1.3820999999999999,
        "mdd_median": -0.49540000000000006,
        "mdd_p75": -0.17302499999999998
      },
      "48": {
        "n_total": 124,
        "n_hit": 119,
        "p_hit": 0.959677,
        "t_hit_p25": 4.0,
        "t_hit_median": 7.0,
        "t_hit_p75": 15.0,
        "mdd_p25": -1.36285,
        "mdd_median": -0.5428,
        "mdd_p75": -0.19319999999999998
      },
      "60": {
        "n_total": 124,
        "n_hit": 124,
        "p_hit": 1.0,
        "t_hit_p25": 4.0,
        "t_hit_median": 7.0,
        "t_hit_p75": 16.25,
        "mdd_p25": -1.3769750000000003,
        "mdd_median": -0.5775,
        "mdd_p75": -0.204475
      },
      "72": {
        "n_total": 124,
        "n_hit": 124,
        "p_hit": 1.0,
        "t_hit_p25": 4.0,
        "t_hit_median": 7.0,
        "t_hit_p75": 16.25,
        "mdd_p25": -1.3769750000000003,
        "mdd_median": -0.5775,
        "mdd_p75": -0.204475
      },
      "84": {
        "n_total": 124,
        "n_hit": 124,
        "p_hit": 1.0,
        "t_hit_p25": 4.0,
        "t_hit_median": 7.0,
        "t_hit_p75": 16.25,
        "mdd_p25": -1.3769750000000003,
        "mdd_median": -0.5775,
        "mdd_p75": -0.204475
      },
      "96": {
        "n_total": 124,
        "n_hit": 124,
        "p_hit": 1.0,
        "t_hit_p25": 4.0,
        "t_hit_median": 7.0,
        "t_hit_p75": 16.25,
        "mdd_p25": -1.3769750000000003,
        "mdd_median": -0.5775,
        "mdd_p75": -0.204475
      }
    },
    "2.0": {
      "12": {
        "n_total": 124,
        "n_hit": 46,
        "p_hit": 0.370968,
        "t_hit_p25": 5.0,
        "t_hit_median": 7.0,
        "t_hit_p75": 9.0,
        "mdd_p25": -1.339375,
        "mdd_median": -0.38485,
        "mdd_p75": -0.180025
      },
      "24": {
        "n_total": 124,
        "n_hit": 80,
        "p_hit": 0.645161,
        "t_hit_p25": 6.0,
        "t_hit_median": 10.0,
        "t_hit_p75": 18.0,
        "mdd_p25": -1.6336,
        "mdd_median": -0.8527,
        "mdd_p75": -0.26612500000000006
      },
      "36": {
        "n_total": 124,
        "n_hit": 100,
        "p_hit": 0.806452,
        "t_hit_p25": 8.0,
        "t_hit_median": 14.5,
        "t_hit_p75": 21.25,
        "mdd_p25": -1.6336,
        "mdd_median": -0.9742999999999999,
        "mdd_p75": -0.351775
      },
      "48": {
        "n_total": 124,
        "n_hit": 110,
        "p_hit": 0.887097,
        "t_hit_p25": 8.0,
        "t_hit_median": 16.0,
        "t_hit_p75": 25.75,
        "mdd_p25": -1.57995,
        "mdd_median": -1.00885,
        "mdd_p75": -0.4173
      },
      "60": {
        "n_total": 124,
        "n_hit": 121,
        "p_hit": 0.975806,
        "t_hit_p25": 9.0,
        "t_hit_median": 18.0,
        "t_hit_p75": 30.0,
        "mdd_p25": -1.5429,
        "mdd_median": -1.0361,
        "mdd_p75": -0.5342
      },
      "72": {
        "n_total": 124,
        "n_hit": 122,
        "p_hit": 0.983871,
        "t_hit_p25": 9.0,
        "t_hit_median": 18.0,
        "t_hit_p75": 30.75,
        "mdd_p25": -1.533825,
        "mdd_median": -1.0265499999999999,
        "mdd_p75": -0.53635
      },
      "84": {
        "n_total": 124,
        "n_hit": 124,
        "p_hit": 1.0,
        "t_hit_p25": 9.0,
        "t_hit_median": 18.5,
        "t_hit_p75": 31.25,
        "mdd_p25": -1.56445,
        "mdd_median": -1.0674000000000001,
        "mdd_p75": -0.54065
      },
      "96": {
        "n_total": 124,
        "n_hit": 124,
        "p_hit": 1.0,
        "t_hit_p25": 9.0,
        "t_hit_median": 18.5,
        "t_hit_p75": 31.25,
        "mdd_p25": -1.56445,
        "mdd_median": -1.0674000000000001,
        "mdd_p75": -0.54065
      }
    },
    "3.0": {
      "12": {
        "n_total": 124,
        "n_hit": 34,
        "p_hit": 0.274194,
        "t_hit_p25": 5.0,
        "t_hit_median": 8.0,
        "t_hit_p75": 10.0,
        "mdd_p25": -1.370275,
        "mdd_median": -0.44155,
        "mdd_p75": -0.17777500000000002
      },
      "24": {
        "n_total": 124,
        "n_hit": 48,
        "p_hit": 0.387097,
        "t_hit_p25": 6.0,
        "t_hit_median": 10.0,
        "t_hit_p75": 15.25,
        "mdd_p25": -1.4213,
        "mdd_median": -0.5481499999999999,
        "mdd_p75": -0.189525
      },
      "36": {
        "n_total": 124,
        "n_hit": 65,
        "p_hit": 0.524194,
        "t_hit_p25": 8.0,
        "t_hit_median": 11.0,
        "t_hit_p75": 25.0,
        "mdd_p25": -1.3997,
        "mdd_median": -0.8642,
        "mdd_p75": -0.2725
      },
      "48": {
        "n_total": 124,
        "n_hit": 77,
        "p_hit": 0.620968,
        "t_hit_p25": 9.0,
        "t_hit_median": 18.0,
        "t_hit_p75": 32.0,
        "mdd_p25": -1.3916,
        "mdd_median": -0.9532,
        "mdd_p75": -0.3594
      },
      "60": {
        "n_total": 124,
        "n_hit": 89,