{
  "schema": "baseline_probs_v1",
  "source_labels": "data/labels/labels_v1.csv",
  "n_rows_labels": 2512,
  "thresholds": [
    0.5,
    1.0,
    2.0,
    3.0,
    5.0
  ],
  "horizons": [
    12,
    24,
    36,
    48,
    60,
    72,
    84,
    96
  ],
  "results": {
    "0.5": {
      "12": {
        "n_total": 2512,
        "n_hit": 1805,
        "p_hit": 0.718551,
        "t_hit_p25": 1.0,
        "t_hit_median": 2.0,
        "t_hit_p75": 4.0,
        "mdd_p25": -0.7304,
        "mdd_median": -0.2944,
        "mdd_p75": -0.0513
      },
      "24": {
        "n_total": 2512,
        "n_hit": 2038,
        "p_hit": 0.811306,
        "t_hit_p25": 1.0,
        "t_hit_median": 3.0,
        "t_hit_p75": 6.0,
        "mdd_p25": -0.91305,
        "mdd_median": -0.35619999999999996,
        "mdd_p75": -0.080925
      },
      "36": {
        "n_total": 2512,
        "n_hit": 2152,
        "p_hit": 0.856688,
        "t_hit_p25": 1.0,
        "t_hit_median": 3.0,
        "t_hit_p75": 8.0,
        "mdd_p25": -0.9945,
        "mdd_median": -0.4011,
        "mdd_p75": -0.096525
      },
      "48": {
        "n_total": 2512,
        "n_hit": 2197,
        "p_hit": 0.874602,
        "t_hit_p25": 1.0,
        "t_hit_median": 3.0,
        "t_hit_p75": 8.0,
        "mdd_p25": -1.0685,
        "mdd_median": -0.4157,
        "mdd_p75": -0.102
      },
      "60": {
        "n_total": 2512,
        "n_hit": 2220,
        "p_hit": 0.883758,
        "t_hit_p25": 1.0,
        "t_hit_median": 3.0,
        "t_hit_p75": 9.0,
        "mdd_p25": -1.130325,
        "mdd_median": -0.42225,
        "mdd_p75": -0.10395
      },
      "72": {
        "n_total": 2512,
        "n_hit": 2259,
        "p_hit": 0.899283,
        "t_hit_p25": 1.0,
        "t_hit_median": 3.0,
        "t_hit_p75": 10.0,
        "mdd_p25": -1.1851500000000001,
        "mdd_median": -0.4385,
        "mdd_p75": -0.10815
      },
      "84": {
        "n_total": 2512,
        "n_hit": 2300,
        "p_hit": 0.915605,
        "t_hit_p25": 1.0,
        "t_hit_median": 3.0,
        "t_hit_p75": 10.0,
        "mdd_p25": -1.2755,
        "mdd_median": -0.4537,
        "mdd_p75": -0.11230000000000001
      },
      "96": {
        "n_total": 2512,
        "n_hit": 2324,
        "p_hit": 0.925159,
        "t_hit_p25": 1.0,
        "t_hit_median": 3.0,
        "t_hit_p75": 10.25,
        "mdd_p25": -1.33155,
        "mdd_median": -0.4693,
        "mdd_p75": -0.11647500000000001
      }
    },
    "1.0": {
      "12": {
        "n_total": 2512,
        "n_hit": 1335,
        "p_hit": 0.531449,
        "t_hit_p25": 2.0,
        "t_hit_median": 4.0,
        "t_hit_p75": 7.0,
        "mdd_p25": -0.97255,
        "mdd_median": -0.3691,
        "mdd_p75": -0.0789
      },
      "24": {
        "n_total": 2512,
        "n_hit": 1645,
        "p_hit": 0.654857,
        "t_hit_p25": 2.0,
        "t_hit_median": 5.0,
        "t_hit_p75": 10.0,
        "mdd_p25": -1.1263,
        "mdd_median": -0.4704,
        "mdd_p75": -0.1274
      },
      "36": {
        "n_total": 2512,
        "n_hit": 1848,
        "p_hit": 0.735669,
        "t_hit_p25": 3.0,
        "t_hit_median": 6.0,
        "t_hit_p75": 14.0,
        "mdd_p25": -1.3337750000000002,
        "mdd_median": -0.5347999999999999,
        "mdd_p75": -0.158675
      },
      "48": {
        "n_total": 2512,
        "n_hit": 1948,
        "p_hit": 0.775478,
        "t_hit_p25": 3.0,
        "t_hit_median": 7.0,
        "t_hit_p75": 17.0,
        "mdd_p25": -1.395475,
        "mdd_median": -0.5561,
        "mdd_p75": -0.171
      },
      "60": {
        "n_total": 2512,
        "n_hit": 2024,
        "p_hit": 0.805732,
        "t_hit_p25": 3.0,
        "t_hit_median": 7.0,
        "t_hit_p75": 18.0,
        "mdd_p25": -1.5294,
        "mdd_median": -0.59825,
        "mdd_p75": -0.1807
      },
      "72": {
        "n_total": 2512,
        "n_hit": 2089,
        "p_hit": 0.831608,
        "t_hit_p25": 3.0,
        "t_hit_median": 7.0,
        "t_hit_p75": 21.0,
        "mdd_p25": -1.6331,
        "mdd_median": -0.6227,
        "mdd_p75": -0.1922
      },
      "84": {
        "n_total": 2512,
        "n_hit": 2144,
        "p_hit": 0.853503,
        "t_hit_p25": 3.0,
        "t_hit_median": 8.0,
        "t_hit_p75": 23.0,
        "mdd_p25": -1.7239499999999999,
        "mdd_median": -0.6681,
        "mdd_p75": -0.20432499999999998
      },
      "96": {
        "n_total": 2512,
        "n_hit": 2178,
        "p_hit": 0.867038,
        "t_hit_p25": 3.0,
        "t_hit_median": 8.0,
        "t_hit_p75": 24.0,
        "mdd_p25": -1.8075,
        "mdd_median": -0.68995,
        "mdd_p75": -0.213975
      }
    },
    "2.0": {
      "12": {
        "n_total": 2512,
        "n_hit": 656,
        "p_hit": 0.261146,
        "t_hit_p25": 3.0,
        "t_hit_median": 5.0,
        "t_hit_p75": 8.25,
        "mdd_p25": -0.990225,
        "mdd_median": -0.4137,
        "mdd_p75": -0.103775
      },
      "24": {
        "n_total": 2512,
        "n_hit": 1051,
        "p_hit": 0.418392,
        "t_hit_p25": 4.0,
        "t_hit_median": 9.0,
        "t_hit_p75": 16.0,
        "mdd_p25": -1.3197,
        "mdd_median": -0.578,
        "mdd_p75": -0.1755
      },
      "36": {
        "n_total": 2512,
        "n_hit": 1324,
        "p_hit": 0.52707,
        "t_hit_p25": 5.0,
        "t_hit_median": 13.0,
        "t_hit_p75": 23.0,
        "mdd_p25": -1.5371,
        "mdd_median": -0.6818,
        "mdd_p75": -0.2195
      },
      "48": {
        "n_total": 2512,
        "n_hit": 1502,
        "p_hit": 0.59793,
        "t_hit_p25": 6.0,
        "t_hit_median": 15.0,
        "t_hit_p75": 27.75,
        "mdd_p25": -1.6018999999999999,
        "mdd_median": -0.76275,
        "mdd_p75": -0.261825
      },
      "60": {
        "n_total": 2512,
        "n_hit": 1624,
        "p_hit": 0.646497,
        "t_hit_p25": 7.0,
        "t_hit_median": 16.5,
        "t_hit_p75": 32.0,
        "mdd_p25": -1.663525,
        "mdd_median": -0.83545,
        "mdd_p75": -0.2786
      },
      "72": {
        "n_total": 2512,
        "n_hit": 1734,
        "p_hit": 0.690287,
        "t_hit_p25": 7.0,
        "t_hit_median": 18.0,
        "t_hit_p75": 35.0,
        "mdd_p25": -1.8314,
        "mdd_median": -0.9279,
        "mdd_p75": -0.30647500000000005
      },
      "84": {
        "n_total": 2512,
        "n_hit": 1814,
        "p_hit": 0.722134,
        "t_hit_p25": 7.0,
        "t_hit_median": 20.0,
        "t_hit_p75": 39.0,
        "mdd_p25": -2.013025,
        "mdd_median": -0.9825999999999999,
        "mdd_p75": -0.329
      },
      "96": {
        "n_total": 2512,
        "n_hit": 1885,
        "p_hit": 0.750398,
        "t_hit_p25": 8.0,
        "t_hit_median": 21.0,
        "t_hit_p75": 42.0,
        "mdd_p25": -2.1738,
        "mdd_median": -1.0394,
        "mdd_p75": -0.3458
      }
    },
    "3.0": {
      "12": {
        "n_total": 2512,
        "n_hit": 365,
        "p_hit": 0.145303,
        "t_hit_p25": 3.0,
        "t_hit_median": 6.0,
        "t_hit_p75": 9.0,
        "mdd_p25": -0.9599,
        "mdd_median": -0.3885,
        "mdd_p75": -0.1092
      },
      "24": {
        "n_total": 2512,
        "n_hit": 631,
        "p_hit": 0.251194,
        "t_hit_p25": 5.0,
        "t_hit_median": 10.0,
        "t_hit_p75": 17.0,
        "mdd_p25": -1.32275,
        "mdd_median": -0.5535,
        "mdd_p75": -0.16435
      },
      "36": {
        "n_total": 2512,
        "n_hit": 892,
        "p_hit": 0.355096,
        "t_hit_p25": 7.0,
        "t_hit_median": 16.0,
        "t_hit_p75": 26.0,
        "mdd_p25": -1.5883749999999999,
        "mdd_median": -0.6770499999999999,
        "mdd_p75": -0.2172
      },
      "48": {
        "n_total": 2512,
        "n_hit": 1096,
        "p_hit": 0.436306,
        "t_hit_p25": 9.0,
        "t_hit_median": 21.0,
        "t_hit_p75": 33.0,
        "mdd_p25": -1.713875,
        "mdd_median": -0.8041,
        "mdd_p75": -0.27440000000000003
      },