{
  "schema": "baseline_probs_v1",
  "source_labels": "data/labels/labels_v1.csv",
  "n_rows_labels": 1906,
  "thresholds": [
    0.5,
    1.0,
    2.0,
    3.0,
    5.0
  ],
  "horizons": [
    12,
    24,
    36,
    48,
    60,
    72,
    84,
    96
  ],
  "results": {
    "0.5": {
      "12": {
        "n_total": 1906,
        "n_hit": 1370,
        "p_hit": 0.718783,
        "t_hit_p25": 1.0,
        "t_hit_median": 2.0,
        "t_hit_p75": 4.0,
        "mdd_p25": -0.80025,
        "mdd_median": -0.29874999999999996,
        "mdd_p75": -0.056600000000000004
      },
      "24": {
        "n_total": 1906,
        "n_hit": 1541,
        "p_hit": 0.808499,
        "t_hit_p25": 1.0,
        "t_hit_median": 2.0,
        "t_hit_p75": 6.0,
        "mdd_p25": -0.9626,
        "mdd_median": -0.3692,
        "mdd_p75": -0.0877
      },
      "36": {
        "n_total": 1906,
        "n_hit": 1617,
        "p_hit": 0.848374,
        "t_hit_p25": 1.0,
        "t_hit_median": 3.0,
        "t_hit_p75": 7.0,
        "mdd_p25": -1.0609,
        "mdd_median": -0.4054,
        "mdd_p75": -0.1009
      },
      "48": {
        "n_total": 1906,
        "n_hit": 1651,
        "p_hit": 0.866212,
        "t_hit_p25": 1.0,
        "t_hit_median": 3.0,
        "t_hit_p75": 8.0,
        "mdd_p25": -1.1498499999999998,
        "mdd_median": -0.4181,
        "mdd_p75": -0.1042
      },
      "60": {
        "n_total": 1906,
        "n_hit": 1668,
        "p_hit": 0.875131,
        "t_hit_p25": 1.0,
        "t_hit_median": 3.0,
        "t_hit_p75": 8.0,
        "mdd_p25": -1.1821000000000002,
        "mdd_median": -0.42605,
        "mdd_p75": -0.10567499999999999
      },
      "72": {
        "n_total": 1906,
        "n_hit": 1697,
        "p_hit": 0.890346,
        "t_hit_p25": 1.0,
        "t_hit_median": 3.0,
        "t_hit_p75": 9.0,
        "mdd_p25": -1.2536,
        "mdd_median": -0.4404,
        "mdd_p75": -0.1092
      },
      "84": {
        "n_total": 1906,
        "n_hit": 1725,
        "p_hit": 0.905037,
        "t_hit_p25": 1.0,
        "t_hit_median": 3.0,
        "t_hit_p75": 10.0,
        "mdd_p25": -1.337,
        "mdd_median": -0.4638,
        "mdd_p75": -0.1164
      },
      "96": {
        "n_total": 1906,
        "n_hit": 1744,
        "p_hit": 0.915005,
        "t_hit_p25": 1.0,
        "t_hit_median": 3.0,
        "t_hit_p75": 10.0,
        "mdd_p25": -1.364125,
        "mdd_median": -0.4732,
        "mdd_p75": -0.11767499999999999
      }
    },
    "1.0": {
      "12": {
        "n_total": 1906,
        "n_hit": 1014,
        "p_hit": 0.532004,
        "t_hit_p25": 2.0,
        "t_hit_median": 4.0,
        "t_hit_p75": 7.0,
        "mdd_p25": -0.9996250000000001,
        "mdd_median": -0.39054999999999995,
        "mdd_p75": -0.084125
      },
      "24": {
        "n_total": 1906,
        "n_hit": 1238,
        "p_hit": 0.649528,
        "t_hit_p25": 2.0,
        "t_hit_median": 5.0,
        "t_hit_p75": 10.0,
        "mdd_p25": -1.21965,
        "mdd_median": -0.48405,
        "mdd_p75": -0.1291
      },
      "36": {
        "n_total": 1906,
        "n_hit": 1375,
        "p_hit": 0.721406,
        "t_hit_p25": 2.0,
        "t_hit_median": 6.0,
        "t_hit_p75": 13.0,
        "mdd_p25": -1.3771499999999999,
        "mdd_median": -0.5375,
        "mdd_p75": -0.15555
      },
      "48": {
        "n_total": 1906,
        "n_hit": 1447,
        "p_hit": 0.759182,
        "t_hit_p25": 2.0,
        "t_hit_median": 6.0,
        "t_hit_p75": 16.0,
        "mdd_p25": -1.4377,
        "mdd_median": -0.5593,
        "mdd_p75": -0.16670000000000001
      },
      "60": {
        "n_total": 1906,
        "n_hit": 1512,
        "p_hit": 0.793284,
        "t_hit_p25": 3.0,
        "t_hit_median": 7.0,
        "t_hit_p75": 18.0,
        "mdd_p25": -1.58315,
        "mdd_median": -0.6011,
        "mdd_p75": -0.174475
      },
      "72": {
        "n_total": 1906,
        "n_hit": 1564,
        "p_hit": 0.820567,
        "t_hit_p25": 3.0,
        "t_hit_median": 7.0,
        "t_hit_p75": 20.0,
        "mdd_p25": -1.69965,
        "mdd_median": -0.6425,
        "mdd_p75": -0.18485
      },
      "84": {
        "n_total": 1906,
        "n_hit": 1600,
        "p_hit": 0.839454,
        "t_hit_p25": 3.0,
        "t_hit_median": 7.0,
        "t_hit_p75": 22.0,
        "mdd_p25": -1.8049749999999998,
        "mdd_median": -0.6785,
        "mdd_p75": -0.192425
      },
      "96": {
        "n_total": 1906,
        "n_hit": 1620,
        "p_hit": 0.849948,
        "t_hit_p25": 3.0,
        "t_hit_median": 7.0,
        "t_hit_p75": 23.0,
        "mdd_p25": -1.837725,
        "mdd_median": -0.6966,
        "mdd_p75": -0.199675
      }
    },
    "2.0": {
      "12": {
        "n_total": 1906,
        "n_hit": 518,
        "p_hit": 0.271773,
        "t_hit_p25": 3.0,
        "t_hit_median": 5.0,
        "t_hit_p75": 8.0,
        "mdd_p25": -1.0843,
        "mdd_median": -0.43935,
        "mdd_p75": -0.1174
      },
      "24": {
        "n_total": 1906,
        "n_hit": 800,
        "p_hit": 0.419727,
        "t_hit_p25": 4.0,
        "t_hit_median": 9.0,
        "t_hit_p75": 16.0,
        "mdd_p25": -1.383625,
        "mdd_median": -0.59825,
        "mdd_p75": -0.17454999999999998
      },
      "36": {
        "n_total": 1906,
        "n_hit": 971,
        "p_hit": 0.509444,
        "t_hit_p25": 5.0,
        "t_hit_median": 11.0,
        "t_hit_p75": 21.0,
        "mdd_p25": -1.5577,
        "mdd_median": -0.6767,
        "mdd_p75": -0.19895000000000002
      },
      "48": {
        "n_total": 1906,
        "n_hit": 1094,
        "p_hit": 0.573977,
        "t_hit_p25": 5.0,
        "t_hit_median": 14.0,
        "t_hit_p75": 26.0,
        "mdd_p25": -1.5890499999999999,
        "mdd_median": -0.7179,
        "mdd_p75": -0.23585
      },
      "60": {
        "n_total": 1906,
        "n_hit": 1184,
        "p_hit": 0.621196,
        "t_hit_p25": 6.0,
        "t_hit_median": 15.0,
        "t_hit_p75": 31.0,
        "mdd_p25": -1.668825,
        "mdd_median": -0.79975,
        "mdd_p75": -0.2654
      },
      "72": {
        "n_total": 1906,
        "n_hit": 1268,
        "p_hit": 0.665268,
        "t_hit_p25": 6.0,
        "t_hit_median": 17.0,
        "t_hit_p75": 35.0,
        "mdd_p25": -1.8493249999999999,
        "mdd_median": -0.92235,
        "mdd_p75": -0.283825
      },
      "84": {
        "n_total": 1906,
        "n_hit": 1317,
        "p_hit": 0.690976,
        "t_hit_p25": 7.0,
        "t_hit_median": 17.0,
        "t_hit_p75": 38.0,
        "mdd_p25": -2.0408,
        "mdd_median": -0.9727,
        "mdd_p75": -0.3038
      },
      "96": {
        "n_total": 1906,
        "n_hit": 1362,
        "p_hit": 0.714586,
        "t_hit_p25": 7.0,
        "t_hit_median": 18.0,
        "t_hit_p75": 41.0,
        "mdd_p25": -2.21345,
        "mdd_median": -1.0041,
        "mdd_p75": -0.318325
      }
    },
    "3.0": {
      "12": {
        "n_total": 1906,
        "n_hit": 296,
        "p_hit": 0.155299,
        "t_hit_p25": 3.0,
        "t_hit_median": 6.0,
        "t_hit_p75": 9.0,
        "mdd_p25": -0.990225,
        "mdd_median": -0.43525,
        "mdd_p75": -0.135025
      },
      "24": {
        "n_total": 1906,
        "n_hit": 484,
        "p_hit": 0.253935,
        "t_hit_p25": 5.0,
        "t_hit_median": 9.5,
        "t_hit_p75": 17.0,
        "mdd_p25": -1.34235,
        "mdd_median": -0.5540499999999999,
        "mdd_p75": -0.1681
      },
      "36": {
        "n_total": 1906,
        "n_hit": 658,
        "p_hit": 0.345226,
        "t_hit_p25": 6.0,
        "t_hit_median": 15.0,
        "t_hit_p75": 25.0,
        "mdd_p25": -1.5863999999999998,
        "mdd_median": -0.6537,
        "mdd_p75": -0.20290000000000002
      },
      "48": {
        "n_total": 1906,
        "n_hit": 782,
        "p_hit": 0.410283,
        "t_hit_p25": 7.0,
        "t_hit_median": 19.0,
        "t_hit_p75": 31.0,
        "mdd_p25": -1.661375,