{
  "schema": "baseline_probs_v1",
  "source_labels": "data/labels/labels_v1.csv",
  "n_rows_labels": 1618,
  "thresholds": [
    0.5,
    1.0,
    2.0,
    3.0,
    5.0
  ],
  "horizons": [
    12,
    24,
    36,
    48,
    60,
    72,
    84,
    96
  ],
  "results": {
    "0.5": {
      "12": {
        "n_total": 1618,
        "n_hit": 1148,
        "p_hit": 0.709518,
        "t_hit_p25": 1.0,
        "t_hit_median": 2.0,
        "t_hit_p75": 5.0,
        "mdd_p25": -0.82935,
        "mdd_median": -0.29710000000000003,
        "mdd_p75": -0.055775
      },
      "24": {
        "n_total": 1618,
        "n_hit": 1297,
        "p_hit": 0.801607,
        "t_hit_p25": 1.0,
        "t_hit_median": 3.0,
        "t_hit_p75": 6.0,
        "mdd_p25": -0.9735,
        "mdd_median": -0.3703,
        "mdd_p75": -0.0869
      },
      "36": {
        "n_total": 1618,
        "n_hit": 1363,
        "p_hit": 0.842398,
        "t_hit_p25": 1.0,
        "t_hit_median": 3.0,
        "t_hit_p75": 8.0,
        "mdd_p25": -1.0628000000000002,
        "mdd_median": -0.4096,
        "mdd_p75": -0.0992
      },
      "48": {
        "n_total": 1618,
        "n_hit": 1383,
        "p_hit": 0.854759,
        "t_hit_p25": 1.0,
        "t_hit_median": 3.0,
        "t_hit_p75": 8.0,
        "mdd_p25": -1.12615,
        "mdd_median": -0.4181,
        "mdd_p75": -0.10205
      },
      "60": {
        "n_total": 1618,
        "n_hit": 1397,
        "p_hit": 0.863412,
        "t_hit_p25": 1.0,
        "t_hit_median": 3.0,
        "t_hit_p75": 8.0,
        "mdd_p25": -1.1531,
        "mdd_median": -0.426,
        "mdd_p75": -0.1041
      },
      "72": {
        "n_total": 1618,
        "n_hit": 1426,
        "p_hit": 0.881335,
        "t_hit_p25": 1.0,
        "t_hit_median": 3.0,
        "t_hit_p75": 9.0,
        "mdd_p25": -1.245975,
        "mdd_median": -0.443,
        "mdd_p75": -0.106375
      },
      "84": {
        "n_total": 1618,
        "n_hit": 1453,
        "p_hit": 0.898022,
        "t_hit_p25": 1.0,
        "t_hit_median": 3.0,
        "t_hit_p75": 10.0,
        "mdd_p25": -1.3245,
        "mdd_median": -0.4665,
        "mdd_p75": -0.1108
      },
      "96": {
        "n_total": 1618,
        "n_hit": 1472,
        "p_hit": 0.909765,
        "t_hit_p25": 1.0,
        "t_hit_median": 3.0,
        "t_hit_p75": 10.0,
        "mdd_p25": -1.3597249999999999,
        "mdd_median": -0.47425,
        "mdd_p75": -0.11647500000000001
      }
    },
    "1.0": {
      "12": {
        "n_total": 1618,
        "n_hit": 846,
        "p_hit": 0.522868,
        "t_hit_p25": 2.0,
        "t_hit_median": 4.0,
        "t_hit_p75": 7.0,
        "mdd_p25": -1.0125,
        "mdd_median": -0.40015,
        "mdd_p75": -0.08107500000000001
      },
      "24": {
        "n_total": 1618,
        "n_hit": 1032,
        "p_hit": 0.637824,
        "t_hit_p25": 2.0,
        "t_hit_median": 5.0,
        "t_hit_p75": 10.0,
        "mdd_p25": -1.1820499999999998,
        "mdd_median": -0.4759,
        "mdd_p75": -0.120175
      },
      "36": {
        "n_total": 1618,
        "n_hit": 1152,
        "p_hit": 0.71199,
        "t_hit_p25": 2.0,
        "t_hit_median": 6.0,
        "t_hit_p75": 13.0,
        "mdd_p25": -1.3438750000000002,
        "mdd_median": -0.52105,
        "mdd_p75": -0.15145
      },
      "48": {
        "n_total": 1618,
        "n_hit": 1206,
        "p_hit": 0.745365,
        "t_hit_p25": 2.0,
        "t_hit_median": 6.0,
        "t_hit_p75": 16.0,
        "mdd_p25": -1.3719000000000001,
        "mdd_median": -0.54065,
        "mdd_p75": -0.159375
      },
      "60": {
        "n_total": 1618,
        "n_hit": 1255,
        "p_hit": 0.775649,
        "t_hit_p25": 3.0,
        "t_hit_median": 7.0,
        "t_hit_p75": 18.0,
        "mdd_p25": -1.4705,
        "mdd_median": -0.5723,
        "mdd_p75": -0.16935
      },
      "72": {
        "n_total": 1618,
        "n_hit": 1304,
        "p_hit": 0.805933,
        "t_hit_p25": 3.0,
        "t_hit_median": 7.0,
        "t_hit_p75": 20.0,
        "mdd_p25": -1.59365,
        "mdd_median": -0.60205,
        "mdd_p75": -0.17527500000000001
      },
      "84": {
        "n_total": 1618,
        "n_hit": 1338,
        "p_hit": 0.826947,
        "t_hit_p25": 3.0,
        "t_hit_median": 7.0,
        "t_hit_p75": 22.0,
        "mdd_p25": -1.70235,
        "mdd_median": -0.62885,
        "mdd_p75": -0.18365
      },
      "96": {
        "n_total": 1618,
        "n_hit": 1358,
        "p_hit": 0.839308,
        "t_hit_p25": 3.0,
        "t_hit_median": 8.0,
        "t_hit_p75": 23.0,
        "mdd_p25": -1.7748249999999999,
        "mdd_median": -0.6609,
        "mdd_p75": -0.19190000000000002
      }
    },
    "2.0": {
      "12": {
        "n_total": 1618,
        "n_hit": 431,
        "p_hit": 0.266378,
        "t_hit_p25": 2.0,
        "t_hit_median": 5.0,
        "t_hit_p75": 8.0,
        "mdd_p25": -1.0958,
        "mdd_median": -0.4322,
        "mdd_p75": -0.1169
      },
      "24": {
        "n_total": 1618,
        "n_hit": 653,
        "p_hit": 0.403585,
        "t_hit_p25": 4.0,
        "t_hit_median": 8.0,
        "t_hit_p75": 15.0,
        "mdd_p25": -1.3315,
        "mdd_median": -0.5846,
        "mdd_p75": -0.1724
      },
      "36": {
        "n_total": 1618,
        "n_hit": 800,
        "p_hit": 0.494438,
        "t_hit_p25": 5.0,
        "t_hit_median": 11.0,
        "t_hit_p75": 21.0,
        "mdd_p25": -1.4781250000000001,
        "mdd_median": -0.61615,
        "mdd_p75": -0.18535000000000001
      },
      "48": {
        "n_total": 1618,
        "n_hit": 912,
        "p_hit": 0.563659,
        "t_hit_p25": 5.0,
        "t_hit_median": 14.0,
        "t_hit_p75": 27.0,
        "mdd_p25": -1.5371,
        "mdd_median": -0.65425,
        "mdd_p75": -0.22410000000000002
      },
      "60": {
        "n_total": 1618,
        "n_hit": 988,
        "p_hit": 0.61063,
        "t_hit_p25": 6.0,
        "t_hit_median": 16.0,
        "t_hit_p75": 32.0,
        "mdd_p25": -1.5876249999999998,
        "mdd_median": -0.7154,
        "mdd_p75": -0.257725
      },
      "72": {
        "n_total": 1618,
        "n_hit": 1058,
        "p_hit": 0.653894,
        "t_hit_p25": 6.0,
        "t_hit_median": 17.0,
        "t_hit_p75": 36.0,
        "mdd_p25": -1.739425,
        "mdd_median": -0.8429500000000001,
        "mdd_p75": -0.27702499999999997
      },
      "84": {
        "n_total": 1618,
        "n_hit": 1101,
        "p_hit": 0.68047,
        "t_hit_p25": 6.0,
        "t_hit_median": 18.0,
        "t_hit_p75": 39.0,
        "mdd_p25": -1.9059,
        "mdd_median": -0.923,
        "mdd_p75": -0.2951
      },
      "96": {
        "n_total": 1618,
        "n_hit": 1138,
        "p_hit": 0.703337,
        "t_hit_p25": 7.0,
        "t_hit_median": 19.0,
        "t_hit_p75": 42.0,
        "mdd_p25": -2.1315250000000003,
        "mdd_median": -0.9698,
        "mdd_p75": -0.304675
      }
    },
    "3.0": {
      "12": {
        "n_total": 1618,
        "n_hit": 241,
        "p_hit": 0.148949,
        "t_hit_p25": 3.0,
        "t_hit_median": 5.0,
        "t_hit_p75": 8.0,
        "mdd_p25": -1.0609,
        "mdd_median": -0.4653,
        "mdd_p75": -0.1442
      },
      "24": {
        "n_total": 1618,
        "n_hit": 380,
        "p_hit": 0.234858,
        "t_hit_p25": 4.0,
        "t_hit_median": 9.0,
        "t_hit_p75": 17.0,
        "mdd_p25": -1.2542499999999999,
        "mdd_median": -0.5374,
        "mdd_p75": -0.15535
      },
      "36": {
        "n_total": 1618,
        "n_hit": 514,
        "p_hit": 0.317676,
        "t_hit_p25": 6.0,
        "t_hit_median": 14.0,
        "t_hit_p75": 25.0,
        "mdd_p25": -1.4657,
        "mdd_median": -0.6010500000000001,
        "mdd_p75": -0.193225
      },
      "48": {
        "n_total": 1618,
        "n_hit": 627,
        "p_hit": 0.387515,
        "t_hit_p25": 7.0,
        "t_hit_median": 19.0,
        "t_hit_p75": 32.0,
        "mdd_p25": -1.6028,