{
  "schema": "baseline_probs_v1",
  "source_labels": "data/labels/labels_v1.csv",
  "n_rows_labels": 2764,
  "thresholds": [
    0.5,
    1.0,
    2.0,
    3.0,
    5.0
  ],
  "horizons": [
    12,
    24,
    36,
    48,
    60,
    72,
    84,
    96
  ],
  "results": {
    "0.5": {
      "12": {
        "n_total": 2764,
        "n_hit": 1944,
        "p_hit": 0.703329,
        "t_hit_p25": 1.0,
        "t_hit_median": 2.0,
        "t_hit_p75": 4.0,
        "mdd_p25": -0.7215750000000001,
        "mdd_median": -0.29125,
        "mdd_p75": -0.050825
      },
      "24": {
        "n_total": 2764,
        "n_hit": 2213,
        "p_hit": 0.800651,
        "t_hit_p25": 1.0,
        "t_hit_median": 3.0,
        "t_hit_p75": 7.0,
        "mdd_p25": -0.9004,
        "mdd_median": -0.3594,
        "mdd_p75": -0.081
      },
      "36": {
        "n_total": 2764,
        "n_hit": 2350,
        "p_hit": 0.850217,
        "t_hit_p25": 1.0,
        "t_hit_median": 3.0,
        "t_hit_p75": 8.0,
        "mdd_p25": -1.0046750000000002,
        "mdd_median": -0.40975,
        "mdd_p75": -0.0979
      },
      "48": {
        "n_total": 2764,
        "n_hit": 2401,
        "p_hit": 0.868669,
        "t_hit_p25": 1.0,
        "t_hit_median": 3.0,
        "t_hit_p75": 9.0,
        "mdd_p25": -1.0998,
        "mdd_median": -0.4228,
        "mdd_p75": -0.1035
      },
      "60": {
        "n_total": 2764,
        "n_hit": 2424,
        "p_hit": 0.87699,
        "t_hit_p25": 1.0,
        "t_hit_median": 3.0,
        "t_hit_p75": 9.0,
        "mdd_p25": -1.147425,
        "mdd_median": -0.43005000000000004,
        "mdd_p75": -0.1054
      },
      "72": {
        "n_total": 2764,
        "n_hit": 2463,
        "p_hit": 0.8911,
        "t_hit_p25": 1.0,
        "t_hit_median": 3.0,
        "t_hit_p75": 10.0,
        "mdd_p25": -1.2011500000000002,
        "mdd_median": -0.4456,
        "mdd_p75": -0.10880000000000001
      },
      "84": {
        "n_total": 2764,
        "n_hit": 2506,
        "p_hit": 0.906657,
        "t_hit_p25": 1.0,
        "t_hit_median": 3.0,
        "t_hit_p75": 11.0,
        "mdd_p25": -1.28135,
        "mdd_median": -0.46455,
        "mdd_p75": -0.113625
      },
      "96": {
        "n_total": 2764,
        "n_hit": 2535,
        "p_hit": 0.917149,
        "t_hit_p25": 1.0,
        "t_hit_median": 3.0,
        "t_hit_p75": 11.0,
        "mdd_p25": -1.3382999999999998,
        "mdd_median": -0.4747,
        "mdd_p75": -0.11705
      }
    },
    "1.0": {
      "12": {
        "n_total": 2764,
        "n_hit": 1421,
        "p_hit": 0.51411,
        "t_hit_p25": 2.0,
        "t_hit_median": 4.0,
        "t_hit_p75": 7.0,
        "mdd_p25": -0.9312,
        "mdd_median": -0.3675,
        "mdd_p75": -0.0809
      },
      "24": {
        "n_total": 2764,
        "n_hit": 1777,
        "p_hit": 0.642909,
        "t_hit_p25": 2.0,
        "t_hit_median": 5.0,
        "t_hit_p75": 11.0,
        "mdd_p25": -1.0944,
        "mdd_median": -0.4704,
        "mdd_p75": -0.1292
      },
      "36": {
        "n_total": 2764,
        "n_hit": 2002,
        "p_hit": 0.724313,
        "t_hit_p25": 3.0,
        "t_hit_median": 6.0,
        "t_hit_p75": 15.0,
        "mdd_p25": -1.315675,
        "mdd_median": -0.53485,
        "mdd_p75": -0.16035
      },
      "48": {
        "n_total": 2764,
        "n_hit": 2107,
        "p_hit": 0.762301,
        "t_hit_p25": 3.0,
        "t_hit_median": 7.0,
        "t_hit_p75": 17.0,
        "mdd_p25": -1.37815,
        "mdd_median": -0.5533,
        "mdd_p75": -0.17245
      },
      "60": {
        "n_total": 2764,
        "n_hit": 2185,
        "p_hit": 0.790521,
        "t_hit_p25": 3.0,
        "t_hit_median": 7.0,
        "t_hit_p75": 19.0,
        "mdd_p25": -1.4803,
        "mdd_median": -0.5938,
        "mdd_p75": -0.1853
      },
      "72": {
        "n_total": 2764,
        "n_hit": 2250,
        "p_hit": 0.814038,
        "t_hit_p25": 3.0,
        "t_hit_median": 8.0,
        "t_hit_p75": 21.0,
        "mdd_p25": -1.5822500000000002,
        "mdd_median": -0.6183000000000001,
        "mdd_p75": -0.19579999999999997
      },
      "84": {
        "n_total": 2764,
        "n_hit": 2308,
        "p_hit": 0.835022,
        "t_hit_p25": 3.0,
        "t_hit_median": 8.0,
        "t_hit_p75": 23.0,
        "mdd_p25": -1.68675,
        "mdd_median": -0.6529,
        "mdd_p75": -0.20745
      },
      "96": {
        "n_total": 2764,
        "n_hit": 2345,
        "p_hit": 0.848408,
        "t_hit_p25": 3.0,
        "t_hit_median": 8.0,
        "t_hit_p75": 24.0,
        "mdd_p25": -1.7567,
        "mdd_median": -0.6772,
        "mdd_p75": -0.218
      }
    },
    "2.0": {
      "12": {
        "n_total": 2764,
        "n_hit": 685,
        "p_hit": 0.247829,
        "t_hit_p25": 3.0,
        "t_hit_median": 5.0,
        "t_hit_p75": 9.0,
        "mdd_p25": -0.9742,
        "mdd_median": -0.4163,
        "mdd_p75": -0.1062
      },
      "24": {
        "n_total": 2764,
        "n_hit": 1113,
        "p_hit": 0.402677,
        "t_hit_p25": 4.0,
        "t_hit_median": 9.0,
        "t_hit_p75": 16.0,
        "mdd_p25": -1.2736,
        "mdd_median": -0.5803,
        "mdd_p75": -0.1787
      },
      "36": {
        "n_total": 2764,
        "n_hit": 1408,
        "p_hit": 0.509407,
        "t_hit_p25": 5.0,
        "t_hit_median": 13.0,
        "t_hit_p75": 23.0,
        "mdd_p25": -1.4668,
        "mdd_median": -0.6768,
        "mdd_p75": -0.22355
      },
      "48": {
        "n_total": 2764,
        "n_hit": 1598,
        "p_hit": 0.578148,
        "t_hit_p25": 6.0,
        "t_hit_median": 15.0,
        "t_hit_p75": 28.0,
        "mdd_p25": -1.5582,
        "mdd_median": -0.7311,
        "mdd_p75": -0.26545
      },
      "60": {
        "n_total": 2764,
        "n_hit": 1725,
        "p_hit": 0.624096,
        "t_hit_p25": 7.0,
        "t_hit_median": 17.0,
        "t_hit_p75": 32.0,
        "mdd_p25": -1.6171,
        "mdd_median": -0.7988,
        "mdd_p75": -0.2854
      },
      "72": {
        "n_total": 2764,
        "n_hit": 1836,
        "p_hit": 0.664255,
        "t_hit_p25": 7.0,
        "t_hit_median": 18.0,
        "t_hit_p75": 35.0,
        "mdd_p25": -1.764025,
        "mdd_median": -0.88455,
        "mdd_p75": -0.312075
      },
      "84": {
        "n_total": 2764,
        "n_hit": 1917,
        "p_hit": 0.69356,
        "t_hit_p25": 8.0,
        "t_hit_median": 20.0,
        "t_hit_p75": 38.0,
        "mdd_p25": -1.9188,
        "mdd_median": -0.9456,
        "mdd_p75": -0.3308
      },
      "96": {
        "n_total": 2764,
        "n_hit": 1992,
        "p_hit": 0.720695,
        "t_hit_p25": 8.0,
        "t_hit_median": 21.0,
        "t_hit_p75": 42.0,
        "mdd_p25": -2.1270499999999997,
        "mdd_median": -0.9903500000000001,
        "mdd_p75": -0.34814999999999996
      }
    },
    "3.0": {
      "12": {
        "n_total": 2764,
        "n_hit": 373,
        "p_hit": 0.134949,
        "t_hit_p25": 3.0,
        "t_hit_median": 6.0,
        "t_hit_p75": 9.0,
        "mdd_p25": -0.9293,
        "mdd_median": -0.3777,
        "mdd_p75": -0.1062
      },
      "24": {
        "n_total": 2764,
        "n_hit": 646,
        "p_hit": 0.233719,
        "t_hit_p25": 5.0,
        "t_hit_median": 10.0,
        "t_hit_p75": 17.0,
        "mdd_p25": -1.3294249999999999,
        "mdd_median": -0.55085,
        "mdd_p75": -0.1612
      },
      "36": {
        "n_total": 2764,
        "n_hit": 909,
        "p_hit": 0.328871,
        "t_hit_p25": 7.0,
        "t_hit_median": 16.0,
        "t_hit_p75": 26.0,
        "mdd_p25": -1.5889,
        "mdd_median": -0.6742,
        "mdd_p75": -0.2074
      },
      "48": {
        "n_total": 2764,
        "n_hit": 1124,
        "p_hit": 0.406657,
        "t_hit_p25": 9.0,
        "t_hit_median": 21.0,
        "t_hit_p75": 33.0,
        "mdd_p25": -1.709725,
        "mdd_median": -0.79705,
        "mdd_p75": -0.2719
      },