{
  "schema": "baseline_probs_v1",
  "source_labels": "data/labels/labels_v1.csv",
  "n_rows_labels": 319,
  "thresholds": [
    0.5,
    1.0,
    2.0,
    3.0,
    5.0
  ],
  "horizons": [
    12,
    24,
    36,
    48,
    60,
    72,
    84,
    96
  ],
  "results": {
    "0.5": {
      "12": {
        "n_total": 319,
        "n_hit": 227,
        "p_hit": 0.711599,
        "t_hit_p25": 1.0,
        "t_hit_median": 3.0,
        "t_hit_p75": 6.0,
        "mdd_p25": -0.67885,
        "mdd_median": -0.3252,
        "mdd_p75": -0.08055
      },
      "24": {
        "n_total": 319,
        "n_hit": 274,
        "p_hit": 0.858934,
        "t_hit_p25": 2.0,
        "t_hit_median": 4.0,
        "t_hit_p75": 10.0,
        "mdd_p25": -0.8263,
        "mdd_median": -0.41225,
        "mdd_p75": -0.11065
      },
      "36": {
        "n_total": 319,
        "n_hit": 290,
        "p_hit": 0.909091,
        "t_hit_p25": 2.0,
        "t_hit_median": 4.0,
        "t_hit_p75": 11.0,
        "mdd_p25": -0.8263,
        "mdd_median": -0.43865,
        "mdd_p75": -0.125425
      },
      "48": {
        "n_total": 319,
        "n_hit": 290,
        "p_hit": 0.909091,
        "t_hit_p25": 2.0,
        "t_hit_median": 4.0,
        "t_hit_p75": 11.0,
        "mdd_p25": -0.8263,
        "mdd_median": -0.43865,
        "mdd_p75": -0.125425
      },
      "60": {
        "n_total": 319,
        "n_hit": 296,
        "p_hit": 0.9279,
        "t_hit_p25": 2.0,
        "t_hit_median": 5.0,
        "t_hit_p75": 12.0,
        "mdd_p25": -0.8706499999999999,
        "mdd_median": -0.45335000000000003,
        "mdd_p75": -0.12707500000000002
      },
      "72": {
        "n_total": 319,
        "n_hit": 308,
        "p_hit": 0.965517,
        "t_hit_p25": 2.0,
        "t_hit_median": 5.0,
        "t_hit_p75": 13.0,
        "mdd_p25": -1.000875,
        "mdd_median": -0.4727,
        "mdd_p75": -0.13795
      },
      "84": {
        "n_total": 319,
        "n_hit": 308,
        "p_hit": 0.965517,
        "t_hit_p25": 2.0,
        "t_hit_median": 5.0,
        "t_hit_p75": 13.0,
        "mdd_p25": -1.000875,
        "mdd_median": -0.4727,
        "mdd_p75": -0.13795
      },
      "96": {
        "n_total": 319,
        "n_hit": 310,
        "p_hit": 0.971787,
        "t_hit_p25": 2.0,
        "t_hit_median": 5.0,
        "t_hit_p75": 13.0,
        "mdd_p25": -1.0167,
        "mdd_median": -0.4733,
        "mdd_p75": -0.14049999999999999
      }
    },
    "1.0": {
      "12": {
        "n_total": 319,
        "n_hit": 158,
        "p_hit": 0.495298,
        "t_hit_p25": 3.0,
        "t_hit_median": 5.0,
        "t_hit_p75": 7.0,
        "mdd_p25": -0.8246249999999999,
        "mdd_median": -0.36845,
        "mdd_p75": -0.088425
      },
      "24": {
        "n_total": 319,
        "n_hit": 213,
        "p_hit": 0.667712,
        "t_hit_p25": 3.0,
        "t_hit_median": 6.0,
        "t_hit_p75": 13.0,
        "mdd_p25": -1.1103,
        "mdd_median": -0.4872,
        "mdd_p75": -0.1442
      },
      "36": {
        "n_total": 319,
        "n_hit": 248,
        "p_hit": 0.777429,
        "t_hit_p25": 4.0,
        "t_hit_median": 7.5,
        "t_hit_p75": 18.25,
        "mdd_p25": -1.2091749999999999,
        "mdd_median": -0.5011,
        "mdd_p75": -0.172275
      },
      "48": {
        "n_total": 319,
        "n_hit": 269,
        "p_hit": 0.84326,
        "t_hit_p25": 4.0,
        "t_hit_median": 9.0,
        "t_hit_p75": 21.0,
        "mdd_p25": -1.27,
        "mdd_median": -0.5071,
        "mdd_p75": -0.2075
      },
      "60": {
        "n_total": 319,
        "n_hit": 280,
        "p_hit": 0.877743,
        "t_hit_p25": 4.0,
        "t_hit_median": 10.0,
        "t_hit_p75": 23.25,
        "mdd_p25": -1.3108499999999998,
        "mdd_median": -0.538,
        "mdd_p75": -0.23295
      },
      "72": {
        "n_total": 319,
        "n_hit": 295,
        "p_hit": 0.924765,
        "t_hit_p25": 5.0,
        "t_hit_median": 11.0,
        "t_hit_p75": 27.0,
        "mdd_p25": -1.4605000000000001,
        "mdd_median": -0.5535,
        "mdd_p75": -0.24405
      },
      "84": {
        "n_total": 319,
        "n_hit": 296,
        "p_hit": 0.9279,
        "t_hit_p25": 5.0,
        "t_hit_median": 11.0,
        "t_hit_p75": 27.0,
        "mdd_p25": -1.462375,
        "mdd_median": -0.5540499999999999,
        "mdd_p75": -0.244475
      },
      "96": {
        "n_total": 319,
        "n_hit": 296,
        "p_hit": 0.9279,
        "t_hit_p25": 5.0,
        "t_hit_median": 11.0,
        "t_hit_p75": 27.0,
        "mdd_p25": -1.462375,
        "mdd_median": -0.5540499999999999,
        "mdd_p75": -0.244475
      }
    },
    "2.0": {
      "12": {
        "n_total": 319,
        "n_hit": 75,
        "p_hit": 0.23511,
        "t_hit_p25": 4.0,
        "t_hit_median": 7.0,
        "t_hit_p75": 9.0,
        "mdd_p25": -0.71765,
        "mdd_median": -0.4142,
        "mdd_p75": -0.17365
      },
      "24": {
        "n_total": 319,
        "n_hit": 133,
        "p_hit": 0.416928,
        "t_hit_p25": 6.0,
        "t_hit_median": 11.0,
        "t_hit_p75": 17.0,
        "mdd_p25": -1.2491,
        "mdd_median": -0.5981,
        "mdd_p75": -0.3289
      },
      "36": {
        "n_total": 319,
        "n_hit": 170,
        "p_hit": 0.532915,
        "t_hit_p25": 8.0,
        "t_hit_median": 15.0,
        "t_hit_p75": 22.0,
        "mdd_p25": -1.241425,
        "mdd_median": -0.6257,
        "mdd_p75": -0.32815
      },
      "48": {
        "n_total": 319,
        "n_hit": 200,
        "p_hit": 0.626959,
        "t_hit_p25": 9.0,
        "t_hit_median": 17.0,
        "t_hit_p75": 31.0,
        "mdd_p25": -1.2819,
        "mdd_median": -0.6614500000000001,
        "mdd_p75": -0.35855000000000004
      },
      "60": {
        "n_total": 319,
        "n_hit": 224,
        "p_hit": 0.702194,
        "t_hit_p25": 9.0,
        "t_hit_median": 19.0,
        "t_hit_p75": 35.0,
        "mdd_p25": -1.2819,
        "mdd_median": -0.6726000000000001,
        "mdd_p75": -0.35855000000000004
      },
      "72": {
        "n_total": 319,
        "n_hit": 246,
        "p_hit": 0.77116,
        "t_hit_p25": 10.0,
        "t_hit_median": 21.0,
        "t_hit_p75": 41.75,
        "mdd_p25": -1.369275,
        "mdd_median": -0.8190999999999999,
        "mdd_p75": -0.37960000000000005
      },
      "84": {
        "n_total": 319,
        "n_hit": 256,
        "p_hit": 0.802508,
        "t_hit_p25": 10.0,
        "t_hit_median": 22.5,
        "t_hit_p75": 44.25,
        "mdd_p25": -1.42035,
        "mdd_median": -0.8522,
        "mdd_p75": -0.3902
      },
      "96": {
        "n_total": 319,
        "n_hit": 263,
        "p_hit": 0.824451,
        "t_hit_p25": 10.5,
        "t_hit_median": 24.0,
        "t_hit_p75": 46.0,
        "mdd_p25": -1.4757500000000001,
        "mdd_median": -0.9249,
        "mdd_p75": -0.40305
      }
    },
    "3.0": {
      "12": {
        "n_total": 319,
        "n_hit": 45,
        "p_hit": 0.141066,
        "t_hit_p25": 5.0,
        "t_hit_median": 8.0,
        "t_hit_p75": 10.0,
        "mdd_p25": -0.9901,
        "mdd_median": -0.3594,
        "mdd_p75": -0.1537
      },
      "24": {
        "n_total": 319,
        "n_hit": 73,
        "p_hit": 0.22884,
        "t_hit_p25": 7.0,
        "t_hit_median": 10.0,
        "t_hit_p75": 17.0,
        "mdd_p25": -0.8118,
        "mdd_median": -0.5066,
        "mdd_p75": -0.2408
      },
      "36": {
        "n_total": 319,
        "n_hit": 103,
        "p_hit": 0.322884,
        "t_hit_p25": 9.0,
        "t_hit_median": 16.0,
        "t_hit_p75": 28.5,
        "mdd_p25": -1.0103499999999999,
        "mdd_median": -0.5508,
        "mdd_p75": -0.242
      },
      "48": {
        "n_total": 319,
        "n_hit": 136,
        "p_hit": 0.426332,
        "t_hit_p25": 10.0,
        "t_hit_median": 21.5,
        "t_hit_p75": 36.0,
        "mdd_p25": -0.9796,
        "mdd_median": -0.54925,