{
  "schema": "baseline_probs_v1",
  "source_labels": "data/labels/labels_v1.csv",
  "n_rows_labels": 2116,
  "thresholds": [
    0.5,
    1.0,
    2.0,
    3.0,
    5.0
  ],
  "horizons": [
    12,
    24,
    36,
    48,
    60,
    72,
    84,
    96
  ],
  "results": {
    "0.5": {
      "12": {
        "n_total": 2116,
        "n_hit": 1527,
        "p_hit": 0.721645,
        "t_hit_p25": 1.0,
        "t_hit_median": 2.0,
        "t_hit_p75": 4.0,
        "mdd_p25": -0.8298,
        "mdd_median": -0.3184,
        "mdd_p75": -0.06284999999999999
      },
      "24": {
        "n_total": 2116,
        "n_hit": 1721,
        "p_hit": 0.813327,
        "t_hit_p25": 1.0,
        "t_hit_median": 3.0,
        "t_hit_p75": 6.0,
        "mdd_p25": -0.9626,
        "mdd_median": -0.3811,
        "mdd_p75": -0.0944
      },
      "36": {
        "n_total": 2116,
        "n_hit": 1810,
        "p_hit": 0.855388,
        "t_hit_p25": 1.0,
        "t_hit_median": 3.0,
        "t_hit_p75": 8.0,
        "mdd_p25": -1.06325,
        "mdd_median": -0.41600000000000004,
        "mdd_p75": -0.10500000000000001
      },
      "48": {
        "n_total": 2116,
        "n_hit": 1844,
        "p_hit": 0.871456,
        "t_hit_p25": 1.0,
        "t_hit_median": 3.0,
        "t_hit_p75": 8.0,
        "mdd_p25": -1.147975,
        "mdd_median": -0.43074999999999997,
        "mdd_p75": -0.10915
      },
      "60": {
        "n_total": 2116,
        "n_hit": 1861,
        "p_hit": 0.87949,
        "t_hit_p25": 1.0,
        "t_hit_median": 3.0,
        "t_hit_p75": 8.0,
        "mdd_p25": -1.1729,
        "mdd_median": -0.4388,
        "mdd_p75": -0.1117
      },
      "72": {
        "n_total": 2116,
        "n_hit": 1893,
        "p_hit": 0.894612,
        "t_hit_p25": 1.0,
        "t_hit_median": 3.0,
        "t_hit_p75": 9.0,
        "mdd_p25": -1.2533,
        "mdd_median": -0.4529,
        "mdd_p75": -0.1176
      },
      "84": {
        "n_total": 2116,
        "n_hit": 1923,
        "p_hit": 0.90879,
        "t_hit_p25": 1.0,
        "t_hit_median": 3.0,
        "t_hit_p75": 10.0,
        "mdd_p25": -1.33565,
        "mdd_median": -0.4718,
        "mdd_p75": -0.12095
      },
      "96": {
        "n_total": 2116,
        "n_hit": 1944,
        "p_hit": 0.918715,
        "t_hit_p25": 1.0,
        "t_hit_median": 3.0,
        "t_hit_p75": 10.0,
        "mdd_p25": -1.364125,
        "mdd_median": -0.47895,
        "mdd_p75": -0.126275
      }
    },
    "1.0": {
      "12": {
        "n_total": 2116,
        "n_hit": 1130,
        "p_hit": 0.534026,
        "t_hit_p25": 2.0,
        "t_hit_median": 4.0,
        "t_hit_p75": 7.0,
        "mdd_p25": -1.0275750000000001,
        "mdd_median": -0.41375,
        "mdd_p75": -0.09812499999999999
      },
      "24": {
        "n_total": 2116,
        "n_hit": 1387,
        "p_hit": 0.655482,
        "t_hit_p25": 2.0,
        "t_hit_median": 5.0,
        "t_hit_p75": 10.0,
        "mdd_p25": -1.22855,
        "mdd_median": -0.5013,
        "mdd_p75": -0.13945000000000002
      },
      "36": {
        "n_total": 2116,
        "n_hit": 1544,
        "p_hit": 0.729679,
        "t_hit_p25": 2.0,
        "t_hit_median": 6.0,
        "t_hit_p75": 14.0,
        "mdd_p25": -1.38715,
        "mdd_median": -0.54655,
        "mdd_p75": -0.16472499999999998
      },
      "48": {
        "n_total": 2116,
        "n_hit": 1619,
        "p_hit": 0.765123,
        "t_hit_p25": 3.0,
        "t_hit_median": 6.0,
        "t_hit_p75": 16.0,
        "mdd_p25": -1.47455,
        "mdd_median": -0.5798,
        "mdd_p75": -0.17415
      },
      "60": {
        "n_total": 2116,
        "n_hit": 1686,
        "p_hit": 0.796786,
        "t_hit_p25": 3.0,
        "t_hit_median": 7.0,
        "t_hit_p75": 18.0,
        "mdd_p25": -1.5870499999999998,
        "mdd_median": -0.61705,
        "mdd_p75": -0.18780000000000002
      },
      "72": {
        "n_total": 2116,
        "n_hit": 1741,
        "p_hit": 0.822779,
        "t_hit_p25": 3.0,
        "t_hit_median": 7.0,
        "t_hit_p75": 20.0,
        "mdd_p25": -1.6983,
        "mdd_median": -0.668,
        "mdd_p75": -0.2025
      },
      "84": {
        "n_total": 2116,
        "n_hit": 1780,
        "p_hit": 0.84121,
        "t_hit_p25": 3.0,
        "t_hit_median": 7.0,
        "t_hit_p75": 21.0,
        "mdd_p25": -1.7945250000000001,
        "mdd_median": -0.6968000000000001,
        "mdd_p75": -0.214525
      },
      "96": {
        "n_total": 2116,
        "n_hit": 1805,
        "p_hit": 0.853025,
        "t_hit_p25": 3.0,
        "t_hit_median": 8.0,
        "t_hit_p75": 22.0,
        "mdd_p25": -1.8441,
        "mdd_median": -0.7164,
        "mdd_p75": -0.22
      }
    },
    "2.0": {
      "12": {
        "n_total": 2116,
        "n_hit": 566,
        "p_hit": 0.267486,
        "t_hit_p25": 3.0,
        "t_hit_median": 5.0,
        "t_hit_p75": 8.0,
        "mdd_p25": -1.0843,
        "mdd_median": -0.44845,
        "mdd_p75": -0.1174
      },
      "24": {
        "n_total": 2116,
        "n_hit": 880,
        "p_hit": 0.415879,
        "t_hit_p25": 4.0,
        "t_hit_median": 9.0,
        "t_hit_p75": 16.0,
        "mdd_p25": -1.4081249999999998,
        "mdd_median": -0.6184000000000001,
        "mdd_p75": -0.187575
      },
      "36": {
        "n_total": 2116,
        "n_hit": 1082,
        "p_hit": 0.511342,
        "t_hit_p25": 5.0,
        "t_hit_median": 12.0,
        "t_hit_p75": 21.0,
        "mdd_p25": -1.6154750000000002,
        "mdd_median": -0.7416,
        "mdd_p75": -0.22305
      },
      "48": {
        "n_total": 2116,
        "n_hit": 1223,
        "p_hit": 0.577977,
        "t_hit_p25": 5.0,
        "t_hit_median": 14.0,
        "t_hit_p75": 26.0,
        "mdd_p25": -1.65425,
        "mdd_median": -0.8185,
        "mdd_p75": -0.2652
      },
      "60": {
        "n_total": 2116,
        "n_hit": 1325,
        "p_hit": 0.626181,
        "t_hit_p25": 6.0,
        "t_hit_median": 16.0,
        "t_hit_p75": 31.0,
        "mdd_p25": -1.7116,
        "mdd_median": -0.8884,
        "mdd_p75": -0.2787
      },
      "72": {
        "n_total": 2116,
        "n_hit": 1417,
        "p_hit": 0.66966,
        "t_hit_p25": 6.0,
        "t_hit_median": 17.0,
        "t_hit_p75": 35.0,
        "mdd_p25": -1.8789,
        "mdd_median": -0.9746,
        "mdd_p75": -0.3112
      },
      "84": {
        "n_total": 2116,
        "n_hit": 1474,
        "p_hit": 0.696597,
        "t_hit_p25": 7.0,
        "t_hit_median": 18.0,
        "t_hit_p75": 38.0,
        "mdd_p25": -2.056075,
        "mdd_median": -1.03295,
        "mdd_p75": -0.3312
      },
      "96": {
        "n_total": 2116,
        "n_hit": 1530,
        "p_hit": 0.723062,
        "t_hit_p25": 7.0,
        "t_hit_median": 19.0,
        "t_hit_p75": 42.0,
        "mdd_p25": -2.19465,
        "mdd_median": -1.10965,
        "mdd_p75": -0.34967499999999996
      }
    },
    "3.0": {
      "12": {
        "n_total": 2116,
        "n_hit": 313,
        "p_hit": 0.147921,
        "t_hit_p25": 3.0,
        "t_hit_median": 6.0,
        "t_hit_p75": 9.0,
        "mdd_p25": -0.9913,
        "mdd_median": -0.4404,
        "mdd_p75": -0.1366
      },
      "24": {
        "n_total": 2116,
        "n_hit": 530,
        "p_hit": 0.250473,
        "t_hit_p25": 5.0,
        "t_hit_median": 10.0,
        "t_hit_p75": 17.0,
        "mdd_p25": -1.4236750000000002,
        "mdd_median": -0.60795,
        "mdd_p75": -0.186925
      },
      "36": {
        "n_total": 2116,
        "n_hit": 724,
        "p_hit": 0.342155,
        "t_hit_p25": 7.0,
        "t_hit_median": 15.0,
        "t_hit_p75": 25.0,
        "mdd_p25": -1.680125,
        "mdd_median": -0.7339,
        "mdd_p75": -0.231075
      },
      "48": {
        "n_total": 2116,
        "n_hit": 878,
        "p_hit": 0.414934,
        "t_hit_p25": 8.0,
        "t_hit_median": 20.0,
        "t_hit_p75": 32.0,
        "mdd_p25": -1.7991000000000001,