{
  "schema": "baseline_probs_v1",
  "source_labels": "data/labels/labels_v1.csv",
  "n_rows_labels": 1023,
  "thresholds": [
    0.5,
    1.0,
    2.0,
    3.0,
    5.0
  ],
  "horizons": [
    12,
    24,
    36,
    48,
    60,
    72,
    84,
    96
  ],
  "results": {
    "0.5": {
      "12": {
        "n_total": 1023,
        "n_hit": 693,
        "p_hit": 0.677419,
        "t_hit_p25": 1.0,
        "t_hit_median": 3.0,
        "t_hit_p75": 6.0,
        "mdd_p25": -0.6596,
        "mdd_median": -0.251,
        "mdd_p75": -0.0501
      },
      "24": {
        "n_total": 1023,
        "n_hit": 809,
        "p_hit": 0.790811,
        "t_hit_p25": 1.0,
        "t_hit_median": 3.0,
        "t_hit_p75": 8.0,
        "mdd_p25": -0.8379,
        "mdd_median": -0.3268,
        "mdd_p75": -0.0809
      },
      "36": {
        "n_total": 1023,
        "n_hit": 851,
        "p_hit": 0.831867,
        "t_hit_p25": 1.0,
        "t_hit_median": 4.0,
        "t_hit_p75": 9.5,
        "mdd_p25": -0.9024,
        "mdd_median": -0.3625,
        "mdd_p75": -0.09190000000000001
      },
      "48": {
        "n_total": 1023,
        "n_hit": 861,
        "p_hit": 0.841642,
        "t_hit_p25": 1.0,
        "t_hit_median": 4.0,
        "t_hit_p75": 10.0,
        "mdd_p25": -0.9343,
        "mdd_median": -0.3692,
        "mdd_p75": -0.0927
      },
      "60": {
        "n_total": 1023,
        "n_hit": 875,
        "p_hit": 0.855327,
        "t_hit_p25": 2.0,
        "t_hit_median": 4.0,
        "t_hit_p75": 10.0,
        "mdd_p25": -0.9825999999999999,
        "mdd_median": -0.3797,
        "mdd_p75": -0.09695000000000001
      },
      "72": {
        "n_total": 1023,
        "n_hit": 897,
        "p_hit": 0.876833,
        "t_hit_p25": 2.0,
        "t_hit_median": 4.0,
        "t_hit_p75": 11.0,
        "mdd_p25": -1.0561,
        "mdd_median": -0.3978,
        "mdd_p75": -0.1027
      },
      "84": {
        "n_total": 1023,
        "n_hit": 913,
        "p_hit": 0.892473,
        "t_hit_p25": 2.0,
        "t_hit_median": 4.0,
        "t_hit_p75": 12.0,
        "mdd_p25": -1.1485,
        "mdd_median": -0.4142,
        "mdd_p75": -0.1048
      },
      "96": {
        "n_total": 1023,
        "n_hit": 919,
        "p_hit": 0.898338,
        "t_hit_p25": 2.0,
        "t_hit_median": 4.0,
        "t_hit_p75": 12.0,
        "mdd_p25": -1.16775,
        "mdd_median": -0.4191,
        "mdd_p75": -0.10565
      }
    },
    "1.0": {
      "12": {
        "n_total": 1023,
        "n_hit": 484,
        "p_hit": 0.473118,
        "t_hit_p25": 2.0,
        "t_hit_median": 5.0,
        "t_hit_p75": 7.0,
        "mdd_p25": -0.79835,
        "mdd_median": -0.2795,
        "mdd_p75": -0.05955
      },
      "24": {
        "n_total": 1023,
        "n_hit": 633,
        "p_hit": 0.618768,
        "t_hit_p25": 3.0,
        "t_hit_median": 6.0,
        "t_hit_p75": 12.0,
        "mdd_p25": -0.9829,
        "mdd_median": -0.4103,
        "mdd_p75": -0.1006
      },
      "36": {
        "n_total": 1023,
        "n_hit": 714,
        "p_hit": 0.697947,
        "t_hit_p25": 3.0,
        "t_hit_median": 7.0,
        "t_hit_p75": 16.0,
        "mdd_p25": -1.06295,
        "mdd_median": -0.4386,
        "mdd_p75": -0.1252
      },
      "48": {
        "n_total": 1023,
        "n_hit": 749,
        "p_hit": 0.73216,
        "t_hit_p25": 4.0,
        "t_hit_median": 8.0,
        "t_hit_p75": 18.0,
        "mdd_p25": -1.1103,
        "mdd_median": -0.4477,
        "mdd_p75": -0.135
      },
      "60": {
        "n_total": 1023,
        "n_hit": 785,
        "p_hit": 0.767351,
        "t_hit_p25": 4.0,
        "t_hit_median": 8.0,
        "t_hit_p75": 20.0,
        "mdd_p25": -1.2322,
        "mdd_median": -0.4749,
        "mdd_p75": -0.1454
      },
      "72": {
        "n_total": 1023,
        "n_hit": 816,
        "p_hit": 0.797654,
        "t_hit_p25": 4.0,
        "t_hit_median": 9.0,
        "t_hit_p75": 22.0,
        "mdd_p25": -1.3415499999999998,
        "mdd_median": -0.50505,
        "mdd_p75": -0.15815
      },
      "84": {
        "n_total": 1023,
        "n_hit": 837,
        "p_hit": 0.818182,
        "t_hit_p25": 4.0,
        "t_hit_median": 9.0,
        "t_hit_p75": 24.0,
        "mdd_p25": -1.3965,
        "mdd_median": -0.5283,
        "mdd_p75": -0.162
      },
      "96": {
        "n_total": 1023,
        "n_hit": 848,
        "p_hit": 0.828935,
        "t_hit_p25": 4.0,
        "t_hit_median": 10.0,
        "t_hit_p75": 25.0,
        "mdd_p25": -1.4603000000000002,
        "mdd_median": -0.54275,
        "mdd_p75": -0.16472499999999998
      }
    },
    "2.0": {
      "12": {
        "n_total": 1023,
        "n_hit": 215,
        "p_hit": 0.210166,
        "t_hit_p25": 3.0,
        "t_hit_median": 6.0,
        "t_hit_p75": 9.0,
        "mdd_p25": -0.7357,
        "mdd_median": -0.3483,
        "mdd_p75": -0.06815
      },
      "24": {
        "n_total": 1023,
        "n_hit": 376,
        "p_hit": 0.367546,
        "t_hit_p25": 5.0,
        "t_hit_median": 10.0,
        "t_hit_p75": 17.0,
        "mdd_p25": -1.07795,
        "mdd_median": -0.51325,
        "mdd_p75": -0.160625
      },
      "36": {
        "n_total": 1023,
        "n_hit": 469,
        "p_hit": 0.458456,
        "t_hit_p25": 6.0,
        "t_hit_median": 14.0,
        "t_hit_p75": 22.0,
        "mdd_p25": -1.0677,
        "mdd_median": -0.4791,
        "mdd_p75": -0.162
      },
      "48": {
        "n_total": 1023,
        "n_hit": 551,
        "p_hit": 0.538612,
        "t_hit_p25": 8.0,
        "t_hit_median": 17.0,
        "t_hit_p75": 30.0,
        "mdd_p25": -1.1839,
        "mdd_median": -0.4986,
        "mdd_p75": -0.17575000000000002
      },
      "60": {
        "n_total": 1023,
        "n_hit": 611,
        "p_hit": 0.597263,
        "t_hit_p25": 8.0,
        "t_hit_median": 18.0,
        "t_hit_p75": 35.0,
        "mdd_p25": -1.2669000000000001,
        "mdd_median": -0.5434,
        "mdd_p75": -0.20735
      },
      "72": {
        "n_total": 1023,
        "n_hit": 654,
        "p_hit": 0.639296,
        "t_hit_p25": 9.0,
        "t_hit_median": 20.0,
        "t_hit_p75": 40.75,
        "mdd_p25": -1.333475,
        "mdd_median": -0.5879000000000001,
        "mdd_p75": -0.23632499999999998
      },
      "84": {
        "n_total": 1023,
        "n_hit": 679,
        "p_hit": 0.663734,
        "t_hit_p25": 9.0,
        "t_hit_median": 21.0,
        "t_hit_p75": 43.0,
        "mdd_p25": -1.3986,
        "mdd_median": -0.6094,
        "mdd_p75": -0.247
      },
      "96": {
        "n_total": 1023,
        "n_hit": 701,
        "p_hit": 0.685239,
        "t_hit_p25": 10.0,
        "t_hit_median": 22.0,
        "t_hit_p75": 45.0,
        "mdd_p25": -1.4803,
        "mdd_median": -0.6502,
        "mdd_p75": -0.2613
      }
    },
    "3.0": {
      "12": {
        "n_total": 1023,
        "n_hit": 105,
        "p_hit": 0.102639,
        "t_hit_p25": 4.0,
        "t_hit_median": 7.0,
        "t_hit_p75": 10.0,
        "mdd_p25": -0.7982,
        "mdd_median": -0.3324,
        "mdd_p75": -0.1164
      },
      "24": {
        "n_total": 1023,
        "n_hit": 188,
        "p_hit": 0.183773,
        "t_hit_p25": 6.0,
        "t_hit_median": 11.0,
        "t_hit_p75": 18.0,
        "mdd_p25": -0.773525,
        "mdd_median": -0.3775,
        "mdd_p75": -0.1173
      },
      "36": {
        "n_total": 1023,
        "n_hit": 278,
        "p_hit": 0.27175,
        "t_hit_p25": 9.0,
        "t_hit_median": 18.0,
        "t_hit_p75": 28.0,
        "mdd_p25": -0.925725,
        "mdd_median": -0.45640000000000003,
        "mdd_p75": -0.14425
      },
      "48": {
        "n_total": 1023,
        "n_hit": 351,
        "p_hit": 0.343109,
        "t_hit_p25": 10.5,
        "t_hit_median": 23.0,
        "t_hit_p75": 34.0,
        "mdd_p25": -0.9906999999999999,
        "mdd_median": -0.4818,
        "mdd_p75": -0.19395
      },
      "60": {
        "n_total": 1023,
        "n_hit": 416,