{
  "schema": "baseline_probs_v1",
  "source_labels": "data/labels/labels_v1.csv",
  "n_rows_labels": 1221,
  "thresholds": [
    0.5,
    1.0,
    2.0,
    3.0,
    5.0
  ],
  "horizons": [
    12,
    24,
    36,
    48,
    60,
    72,
    84,
    96
  ],
  "results": {
    "0.5": {
      "12": {
        "n_total": 1221,
        "n_hit": 860,
        "p_hit": 0.704341,
        "t_hit_p25": 1.0,
        "t_hit_median": 2.0,
        "t_hit_p75": 5.0,
        "mdd_p25": -0.83715,
        "mdd_median": -0.2912,
        "mdd_p75": -0.06334999999999999
      },
      "24": {
        "n_total": 1221,
        "n_hit": 987,
        "p_hit": 0.808354,
        "t_hit_p25": 1.0,
        "t_hit_median": 3.0,
        "t_hit_p75": 7.0,
        "mdd_p25": -0.9718,
        "mdd_median": -0.373,
        "mdd_p75": -0.0925
      },
      "36": {
        "n_total": 1221,
        "n_hit": 1034,
        "p_hit": 0.846847,
        "t_hit_p25": 1.0,
        "t_hit_median": 3.0,
        "t_hit_p75": 9.0,
        "mdd_p25": -0.999125,
        "mdd_median": -0.4031,
        "mdd_p75": -0.10289999999999999
      },
      "48": {
        "n_total": 1221,
        "n_hit": 1044,
        "p_hit": 0.855037,
        "t_hit_p25": 1.0,
        "t_hit_median": 3.0,
        "t_hit_p75": 9.0,
        "mdd_p25": -1.015825,
        "mdd_median": -0.41005,
        "mdd_p75": -0.10425000000000001
      },
      "60": {
        "n_total": 1221,
        "n_hit": 1058,
        "p_hit": 0.866503,
        "t_hit_p25": 1.0,
        "t_hit_median": 3.0,
        "t_hit_p75": 9.0,
        "mdd_p25": -1.077375,
        "mdd_median": -0.41859999999999997,
        "mdd_p75": -0.105625
      },
      "72": {
        "n_total": 1221,
        "n_hit": 1080,
        "p_hit": 0.884521,
        "t_hit_p25": 1.0,
        "t_hit_median": 3.0,
        "t_hit_p75": 10.0,
        "mdd_p25": -1.167275,
        "mdd_median": -0.4386,
        "mdd_p75": -0.108425
      },
      "84": {
        "n_total": 1221,
        "n_hit": 1098,
        "p_hit": 0.899263,
        "t_hit_p25": 1.0,
        "t_hit_median": 4.0,
        "t_hit_p75": 10.0,
        "mdd_p25": -1.240425,
        "mdd_median": -0.44830000000000003,
        "mdd_p75": -0.112675
      },
      "96": {
        "n_total": 1221,
        "n_hit": 1104,
        "p_hit": 0.904177,
        "t_hit_p25": 1.0,
        "t_hit_median": 4.0,
        "t_hit_p75": 11.0,
        "mdd_p25": -1.2524000000000002,
        "mdd_median": -0.4578,
        "mdd_p75": -0.11560000000000001
      }
    },
    "1.0": {
      "12": {
        "n_total": 1221,
        "n_hit": 629,
        "p_hit": 0.515152,
        "t_hit_p25": 2.0,
        "t_hit_median": 4.0,
        "t_hit_p75": 7.0,
        "mdd_p25": -0.9849,
        "mdd_median": -0.3684,
        "mdd_p75": -0.0831
      },
      "24": {
        "n_total": 1221,
        "n_hit": 793,
        "p_hit": 0.649468,
        "t_hit_p25": 2.0,
        "t_hit_median": 5.0,
        "t_hit_p75": 11.0,
        "mdd_p25": -1.1102,
        "mdd_median": -0.4671,
        "mdd_p75": -0.121
      },
      "36": {
        "n_total": 1221,
        "n_hit": 879,
        "p_hit": 0.719902,
        "t_hit_p25": 3.0,
        "t_hit_median": 6.0,
        "t_hit_p75": 14.0,
        "mdd_p25": -1.1971500000000002,
        "mdd_median": -0.4791,
        "mdd_p75": -0.14529999999999998
      },
      "48": {
        "n_total": 1221,
        "n_hit": 915,
        "p_hit": 0.749386,
        "t_hit_p25": 3.0,
        "t_hit_median": 7.0,
        "t_hit_p75": 16.0,
        "mdd_p25": -1.2247,
        "mdd_median": -0.4842,
        "mdd_p75": -0.15675
      },
      "60": {
        "n_total": 1221,
        "n_hit": 952,
        "p_hit": 0.779689,
        "t_hit_p25": 3.0,
        "t_hit_median": 7.0,
        "t_hit_p75": 18.0,
        "mdd_p25": -1.3361,
        "mdd_median": -0.5176000000000001,
        "mdd_p75": -0.1623
      },
      "72": {
        "n_total": 1221,
        "n_hit": 986,
        "p_hit": 0.807535,
        "t_hit_p25": 3.0,
        "t_hit_median": 8.0,
        "t_hit_p75": 20.0,
        "mdd_p25": -1.408325,
        "mdd_median": -0.54655,
        "mdd_p75": -0.17024999999999998
      },
      "84": {
        "n_total": 1221,
        "n_hit": 1008,
        "p_hit": 0.825553,
        "t_hit_p25": 3.0,
        "t_hit_median": 8.0,
        "t_hit_p75": 21.0,
        "mdd_p25": -1.5038249999999997,
        "mdd_median": -0.5724,
        "mdd_p75": -0.172275
      },
      "96": {
        "n_total": 1221,
        "n_hit": 1019,
        "p_hit": 0.834562,
        "t_hit_p25": 3.0,
        "t_hit_median": 8.0,
        "t_hit_p75": 21.0,
        "mdd_p25": -1.55105,
        "mdd_median": -0.5803,
        "mdd_p75": -0.1742
      }
    },
    "2.0": {
      "12": {
        "n_total": 1221,
        "n_hit": 319,
        "p_hit": 0.261261,
        "t_hit_p25": 3.0,
        "t_hit_median": 5.0,
        "t_hit_p75": 8.0,
        "mdd_p25": -1.08555,
        "mdd_median": -0.4383,
        "mdd_p75": -0.14429999999999998
      },
      "24": {
        "n_total": 1221,
        "n_hit": 503,
        "p_hit": 0.411957,
        "t_hit_p25": 4.0,
        "t_hit_median": 9.0,
        "t_hit_p75": 16.0,
        "mdd_p25": -1.26825,
        "mdd_median": -0.5763,
        "mdd_p75": -0.17545
      },
      "36": {
        "n_total": 1221,
        "n_hit": 608,
        "p_hit": 0.497952,
        "t_hit_p25": 5.0,
        "t_hit_median": 11.0,
        "t_hit_p75": 20.0,
        "mdd_p25": -1.305025,
        "mdd_median": -0.5627,
        "mdd_p75": -0.17572500000000002
      },
      "48": {
        "n_total": 1221,
        "n_hit": 692,
        "p_hit": 0.566749,
        "t_hit_p25": 6.0,
        "t_hit_median": 14.0,
        "t_hit_p75": 27.0,
        "mdd_p25": -1.323525,
        "mdd_median": -0.5724,
        "mdd_p75": -0.203925
      },
      "60": {
        "n_total": 1221,
        "n_hit": 755,
        "p_hit": 0.618346,
        "t_hit_p25": 6.0,
        "t_hit_median": 16.0,
        "t_hit_p75": 32.0,
        "mdd_p25": -1.37815,
        "mdd_median": -0.5959,
        "mdd_p75": -0.22794999999999999
      },
      "72": {
        "n_total": 1221,
        "n_hit": 804,
        "p_hit": 0.658477,
        "t_hit_p25": 7.0,
        "t_hit_median": 17.0,
        "t_hit_p75": 36.0,
        "mdd_p25": -1.462375,
        "mdd_median": -0.66505,
        "mdd_p75": -0.2542
      },
      "84": {
        "n_total": 1221,
        "n_hit": 835,
        "p_hit": 0.683866,
        "t_hit_p25": 7.0,
        "t_hit_median": 18.0,
        "t_hit_p75": 40.0,
        "mdd_p25": -1.5465,
        "mdd_median": -0.7269,
        "mdd_p75": -0.2677
      },
      "96": {
        "n_total": 1221,
        "n_hit": 857,
        "p_hit": 0.701884,
        "t_hit_p25": 7.0,
        "t_hit_median": 19.0,
        "t_hit_p75": 42.0,
        "mdd_p25": -1.5885,
        "mdd_median": -0.783,
        "mdd_p75": -0.2731
      }
    },
    "3.0": {
      "12": {
        "n_total": 1221,
        "n_hit": 166,
        "p_hit": 0.135954,
        "t_hit_p25": 3.0,
        "t_hit_median": 5.0,
        "t_hit_p75": 9.0,
        "mdd_p25": -1.008525,
        "mdd_median": -0.43525,
        "mdd_p75": -0.1456
      },
      "24": {
        "n_total": 1221,
        "n_hit": 269,
        "p_hit": 0.220311,
        "t_hit_p25": 4.0,
        "t_hit_median": 10.0,
        "t_hit_p75": 17.0,
        "mdd_p25": -1.0851,
        "mdd_median": -0.4653,
        "mdd_p75": -0.1445
      },
      "36": {
        "n_total": 1221,
        "n_hit": 370,
        "p_hit": 0.30303,
        "t_hit_p25": 6.0,
        "t_hit_median": 15.0,
        "t_hit_p75": 26.0,
        "mdd_p25": -1.138925,
        "mdd_median": -0.5317000000000001,
        "mdd_p75": -0.16972500000000001
      },
      "48": {
        "n_total": 1221,
        "n_hit": 454,
        "p_hit": 0.371826,
        "t_hit_p25": 8.0,
        "t_hit_median": 20.0,
        "t_hit_p75": 33.0,
        "mdd_p25": -1.215125,
        "mdd_median": -0.55295,