{
  "schema": "baseline_probs_v1",
  "source_labels": "data/labels/labels_v1.csv",
  "n_rows_labels": 274,
  "thresholds": [
    0.5,
    1.0,
    2.0,
    3.0,
    5.0
  ],
  "horizons": [
    12,
    24,
    36,
    48,
    60,
    72,
    84,
    96
  ],
  "results": {
    "0.5": {
      "12": {
        "n_total": 274,
        "n_hit": 196,
        "p_hit": 0.715328,
        "t_hit_p25": 1.0,
        "t_hit_median": 3.0,
        "t_hit_p75": 6.0,
        "mdd_p25": -0.717125,
        "mdd_median": -0.2821,
        "mdd_p75": -0.079975
      },
      "24": {
        "n_total": 274,
        "n_hit": 236,
        "p_hit": 0.861314,
        "t_hit_p25": 1.75,
        "t_hit_median": 4.0,
        "t_hit_p75": 10.0,
        "mdd_p25": -0.839475,
        "mdd_median": -0.3786,
        "mdd_p75": -0.105475
      },
      "36": {
        "n_total": 274,
        "n_hit": 251,
        "p_hit": 0.916058,
        "t_hit_p25": 2.0,
        "t_hit_median": 4.0,
        "t_hit_p75": 11.0,
        "mdd_p25": -0.8298,
        "mdd_median": -0.4103,
        "mdd_p75": -0.1148
      },
      "48": {
        "n_total": 274,
        "n_hit": 251,
        "p_hit": 0.916058,
        "t_hit_p25": 2.0,
        "t_hit_median": 4.0,
        "t_hit_p75": 11.0,
        "mdd_p25": -0.8298,
        "mdd_median": -0.4103,
        "mdd_p75": -0.1148
      },
      "60": {
        "n_total": 274,
        "n_hit": 257,
        "p_hit": 0.937956,
        "t_hit_p25": 2.0,
        "t_hit_median": 5.0,
        "t_hit_p75": 12.0,
        "mdd_p25": -0.9298,
        "mdd_median": -0.426,
        "mdd_p75": -0.1212
      },
      "72": {
        "n_total": 274,
        "n_hit": 269,
        "p_hit": 0.981752,
        "t_hit_p25": 2.0,
        "t_hit_median": 5.0,
        "t_hit_p75": 13.0,
        "mdd_p25": -1.0619,
        "mdd_median": -0.4685,
        "mdd_p75": -0.1272
      },
      "84": {
        "n_total": 274,
        "n_hit": 269,
        "p_hit": 0.981752,
        "t_hit_p25": 2.0,
        "t_hit_median": 5.0,
        "t_hit_p75": 13.0,
        "mdd_p25": -1.0619,
        "mdd_median": -0.4685,
        "mdd_p75": -0.1272
      },
      "96": {
        "n_total": 274,
        "n_hit": 269,
        "p_hit": 0.981752,
        "t_hit_p25": 2.0,
        "t_hit_median": 5.0,
        "t_hit_p75": 13.0,
        "mdd_p25": -1.0619,
        "mdd_median": -0.4685,
        "mdd_p75": -0.1272
      }
    },
    "1.0": {
      "12": {
        "n_total": 274,
        "n_hit": 139,
        "p_hit": 0.507299,
        "t_hit_p25": 3.0,
        "t_hit_median": 5.0,
        "t_hit_p75": 7.0,
        "mdd_p25": -0.95685,
        "mdd_median": -0.3797,
        "mdd_p75": -0.10500000000000001
      },
      "24": {
        "n_total": 274,
        "n_hit": 182,
        "p_hit": 0.664234,
        "t_hit_p25": 3.0,
        "t_hit_median": 6.0,
        "t_hit_p75": 12.0,
        "mdd_p25": -1.280275,
        "mdd_median": -0.5011,
        "mdd_p75": -0.14445
      },
      "36": {
        "n_total": 274,
        "n_hit": 211,
        "p_hit": 0.770073,
        "t_hit_p25": 4.0,
        "t_hit_median": 7.0,
        "t_hit_p75": 18.0,
        "mdd_p25": -1.3584,
        "mdd_median": -0.5036,
        "mdd_p75": -0.17215
      },
      "48": {
        "n_total": 274,
        "n_hit": 232,
        "p_hit": 0.846715,
        "t_hit_p25": 4.0,
        "t_hit_median": 8.5,
        "t_hit_p75": 21.0,
        "mdd_p25": -1.3512,
        "mdd_median": -0.51615,
        "mdd_p75": -0.204475
      },
      "60": {
        "n_total": 274,
        "n_hit": 241,
        "p_hit": 0.879562,
        "t_hit_p25": 4.0,
        "t_hit_median": 9.0,
        "t_hit_p75": 24.0,
        "mdd_p25": -1.3713,
        "mdd_median": -0.5418,
        "mdd_p75": -0.231
      },
      "72": {
        "n_total": 274,
        "n_hit": 256,
        "p_hit": 0.934307,
        "t_hit_p25": 5.0,
        "t_hit_median": 10.5,
        "t_hit_p75": 28.0,
        "mdd_p25": -1.573,
        "mdd_median": -0.5569500000000001,
        "mdd_p75": -0.244475
      },
      "84": {
        "n_total": 274,
        "n_hit": 257,
        "p_hit": 0.937956,
        "t_hit_p25": 5.0,
        "t_hit_median": 11.0,
        "t_hit_p75": 28.0,
        "mdd_p25": -1.5877,
        "mdd_median": -0.5593,
        "mdd_p75": -0.2449
      },
      "96": {
        "n_total": 274,
        "n_hit": 257,
        "p_hit": 0.937956,
        "t_hit_p25": 5.0,
        "t_hit_median": 11.0,
        "t_hit_p75": 28.0,
        "mdd_p25": -1.5877,
        "mdd_median": -0.5593,
        "mdd_p75": -0.2449
      }
    },
    "2.0": {
      "12": {
        "n_total": 274,
        "n_hit": 62,
        "p_hit": 0.226277,
        "t_hit_p25": 4.0,
        "t_hit_median": 7.0,
        "t_hit_p75": 9.0,
        "mdd_p25": -1.149175,
        "mdd_median": -0.44155,
        "mdd_p75": -0.198425
      },
      "24": {
        "n_total": 274,
        "n_hit": 112,
        "p_hit": 0.408759,
        "t_hit_p25": 6.0,
        "t_hit_median": 11.0,
        "t_hit_p75": 17.25,
        "mdd_p25": -1.393625,
        "mdd_median": -0.6935,
        "mdd_p75": -0.337375
      },
      "36": {
        "n_total": 274,
        "n_hit": 145,
        "p_hit": 0.529197,
        "t_hit_p25": 8.0,
        "t_hit_median": 15.0,
        "t_hit_p75": 23.0,
        "mdd_p25": -1.3504,
        "mdd_median": -0.8025,
        "mdd_p75": -0.3402
      },
      "48": {
        "n_total": 274,
        "n_hit": 174,
        "p_hit": 0.635036,
        "t_hit_p25": 9.0,
        "t_hit_median": 18.0,
        "t_hit_p75": 31.0,
        "mdd_p25": -1.346775,
        "mdd_median": -0.8190999999999999,
        "mdd_p75": -0.36924999999999997
      },
      "60": {
        "n_total": 274,
        "n_hit": 197,
        "p_hit": 0.718978,
        "t_hit_p25": 10.0,
        "t_hit_median": 21.0,
        "t_hit_p75": 37.0,
        "mdd_p25": -1.3359,
        "mdd_median": -0.8185,
        "mdd_p75": -0.3665
      },
      "72": {
        "n_total": 274,
        "n_hit": 211,
        "p_hit": 0.770073,
        "t_hit_p25": 10.0,
        "t_hit_median": 22.0,
        "t_hit_p75": 41.0,
        "mdd_p25": -1.4325999999999999,
        "mdd_median": -0.9249,
        "mdd_p75": -0.38745
      },
      "84": {
        "n_total": 274,
        "n_hit": 220,
        "p_hit": 0.80292,
        "t_hit_p25": 10.75,
        "t_hit_median": 23.5,
        "t_hit_p75": 43.25,
        "mdd_p25": -1.5156749999999999,
        "mdd_median": -0.9601500000000001,
        "mdd_p75": -0.406675
      },
      "96": {
        "n_total": 274,
        "n_hit": 225,
        "p_hit": 0.821168,
        "t_hit_p25": 11.0,
        "t_hit_median": 25.0,
        "t_hit_p75": 45.0,
        "mdd_p25": -1.5681,
        "mdd_median": -0.9728,
        "mdd_p75": -0.4142
      }
    },
    "3.0": {
      "12": {
        "n_total": 274,
        "n_hit": 38,
        "p_hit": 0.138686,
        "t_hit_p25": 5.0,
        "t_hit_median": 8.5,
        "t_hit_p75": 10.0,
        "mdd_p25": -1.280275,
        "mdd_median": -0.49379999999999996,
        "mdd_p75": -0.198425
      },
      "24": {
        "n_total": 274,
        "n_hit": 66,
        "p_hit": 0.240876,
        "t_hit_p25": 7.25,
        "t_hit_median": 11.0,
        "t_hit_p75": 18.0,
        "mdd_p25": -1.149175,
        "mdd_median": -0.54725,
        "mdd_p75": -0.27770000000000006
      },
      "36": {
        "n_total": 274,
        "n_hit": 94,
        "p_hit": 0.343066,
        "t_hit_p25": 10.0,
        "t_hit_median": 17.0,
        "t_hit_p75": 28.75,
        "mdd_p25": -1.1913,
        "mdd_median": -0.5992500000000001,
        "mdd_p75": -0.277625
      },
      "48": {
        "n_total": 274,
        "n_hit": 118,
        "p_hit": 0.430657,
        "t_hit_p25": 10.0,
        "t_hit_median": 21.0,
        "t_hit_p75": 33.0,
        "mdd_p25": -1.0162499999999999,
        "mdd_median": -0.5992500000000001,
        "mdd_p75": -0.34135
      },
      "60": {
        "n_total": 274,
        "n_hit": 140,