{
  "schema": "baseline_probs_v1",
  "source_labels": "data/labels/labels_v1.csv",
  "n_rows_labels": 701,
  "thresholds": [
    0.5,
    1.0,
    2.0,
    3.0,
    5.0
  ],
  "horizons": [
    12,
    24,
    36,
    48,
    60,
    72,
    84,
    96
  ],
  "results": {
    "0.5": {
      "12": {
        "n_total": 701,
        "n_hit": 503,
        "p_hit": 0.717546,
        "t_hit_p25": 1.0,
        "t_hit_median": 3.0,
        "t_hit_p75": 6.0,
        "mdd_p25": -0.60965,
        "mdd_median": -0.24,
        "mdd_p75": -0.05275
      },
      "24": {
        "n_total": 701,
        "n_hit": 598,
        "p_hit": 0.853067,
        "t_hit_p25": 2.0,
        "t_hit_median": 4.0,
        "t_hit_p75": 9.0,
        "mdd_p25": -0.717975,
        "mdd_median": -0.3199,
        "mdd_p75": -0.08757500000000001
      },
      "36": {
        "n_total": 701,
        "n_hit": 635,
        "p_hit": 0.905849,
        "t_hit_p25": 2.0,
        "t_hit_median": 4.0,
        "t_hit_p75": 10.0,
        "mdd_p25": -0.8125,
        "mdd_median": -0.356,
        "mdd_p75": -0.09695000000000001
      },
      "48": {
        "n_total": 701,
        "n_hit": 642,
        "p_hit": 0.915835,
        "t_hit_p25": 2.0,
        "t_hit_median": 5.0,
        "t_hit_p75": 11.0,
        "mdd_p25": -0.833175,
        "mdd_median": -0.36660000000000004,
        "mdd_p75": -0.10067499999999999
      },
      "60": {
        "n_total": 701,
        "n_hit": 651,
        "p_hit": 0.928673,
        "t_hit_p25": 2.0,
        "t_hit_median": 5.0,
        "t_hit_p75": 11.0,
        "mdd_p25": -0.8644499999999999,
        "mdd_median": -0.3728,
        "mdd_p75": -0.10275
      },
      "72": {
        "n_total": 701,
        "n_hit": 664,
        "p_hit": 0.947218,
        "t_hit_p25": 2.0,
        "t_hit_median": 5.0,
        "t_hit_p75": 12.0,
        "mdd_p25": -0.93715,
        "mdd_median": -0.38375000000000004,
        "mdd_p75": -0.104675
      },
      "84": {
        "n_total": 701,
        "n_hit": 667,
        "p_hit": 0.951498,
        "t_hit_p25": 2.0,
        "t_hit_median": 5.0,
        "t_hit_p75": 12.0,
        "mdd_p25": -0.9586,
        "mdd_median": -0.3859,
        "mdd_p75": -0.1052
      },
      "96": {
        "n_total": 701,
        "n_hit": 670,
        "p_hit": 0.955777,
        "t_hit_p25": 2.0,
        "t_hit_median": 5.0,
        "t_hit_p75": 12.0,
        "mdd_p25": -0.9810749999999999,
        "mdd_median": -0.38715,
        "mdd_p75": -0.105625
      }
    },
    "1.0": {
      "12": {
        "n_total": 701,
        "n_hit": 354,
        "p_hit": 0.504993,
        "t_hit_p25": 3.0,
        "t_hit_median": 5.0,
        "t_hit_p75": 8.0,
        "mdd_p25": -0.65205,
        "mdd_median": -0.247,
        "mdd_p75": -0.062099999999999995
      },
      "24": {
        "n_total": 701,
        "n_hit": 476,
        "p_hit": 0.67903,
        "t_hit_p25": 3.75,
        "t_hit_median": 7.0,
        "t_hit_p75": 13.0,
        "mdd_p25": -0.837275,
        "mdd_median": -0.36175,
        "mdd_p75": -0.09205
      },
      "36": {
        "n_total": 701,
        "n_hit": 546,
        "p_hit": 0.778887,
        "t_hit_p25": 4.0,
        "t_hit_median": 8.0,
        "t_hit_p75": 18.0,
        "mdd_p25": -0.9832,
        "mdd_median": -0.40995000000000004,
        "mdd_p75": -0.11852499999999999
      },
      "48": {
        "n_total": 701,
        "n_hit": 581,
        "p_hit": 0.828816,
        "t_hit_p25": 4.0,
        "t_hit_median": 9.0,
        "t_hit_p75": 20.0,
        "mdd_p25": -1.0071,
        "mdd_median": -0.428,
        "mdd_p75": -0.1338
      },
      "60": {
        "n_total": 701,
        "n_hit": 605,
        "p_hit": 0.863053,
        "t_hit_p25": 4.0,
        "t_hit_median": 9.0,
        "t_hit_p75": 21.0,
        "mdd_p25": -1.1494,
        "mdd_median": -0.4582,
        "mdd_p75": -0.1442
      },
      "72": {
        "n_total": 701,
        "n_hit": 627,
        "p_hit": 0.894437,
        "t_hit_p25": 4.0,
        "t_hit_median": 10.0,
        "t_hit_p75": 23.0,
        "mdd_p25": -1.2182499999999998,
        "mdd_median": -0.4749,
        "mdd_p75": -0.1545
      },
      "84": {
        "n_total": 701,
        "n_hit": 635,
        "p_hit": 0.905849,
        "t_hit_p25": 4.0,
        "t_hit_median": 10.0,
        "t_hit_p75": 24.5,
        "mdd_p25": -1.2565,
        "mdd_median": -0.4791,
        "mdd_p75": -0.15705
      },
      "96": {
        "n_total": 701,
        "n_hit": 641,
        "p_hit": 0.914408,
        "t_hit_p25": 4.0,
        "t_hit_median": 10.0,
        "t_hit_p75": 25.0,
        "mdd_p25": -1.2717,
        "mdd_median": -0.4842,
        "mdd_p75": -0.1614
      }
    },
    "2.0": {
      "12": {
        "n_total": 701,
        "n_hit": 161,
        "p_hit": 0.229672,
        "t_hit_p25": 4.0,
        "t_hit_median": 7.0,
        "t_hit_p75": 9.0,
        "mdd_p25": -0.6287,
        "mdd_median": -0.3289,
        "mdd_p75": -0.0678
      },
      "24": {
        "n_total": 701,
        "n_hit": 285,
        "p_hit": 0.406562,
        "t_hit_p25": 6.0,
        "t_hit_median": 11.0,
        "t_hit_p75": 17.0,
        "mdd_p25": -0.8384,
        "mdd_median": -0.4448,
        "mdd_p75": -0.135
      },
      "36": {
        "n_total": 701,
        "n_hit": 368,
        "p_hit": 0.524964,
        "t_hit_p25": 7.0,
        "t_hit_median": 15.0,
        "t_hit_p75": 23.0,
        "mdd_p25": -0.9033,
        "mdd_median": -0.4369,
        "mdd_p75": -0.14435
      },
      "48": {
        "n_total": 701,
        "n_hit": 450,
        "p_hit": 0.64194,
        "t_hit_p25": 9.0,
        "t_hit_median": 18.0,
        "t_hit_p75": 32.75,
        "mdd_p25": -0.98275,
        "mdd_median": -0.4619,
        "mdd_p75": -0.172425
      },
      "60": {
        "n_total": 701,
        "n_hit": 502,
        "p_hit": 0.71612,
        "t_hit_p25": 10.0,
        "t_hit_median": 20.0,
        "t_hit_p75": 38.0,
        "mdd_p25": -1.1047,
        "mdd_median": -0.48045000000000004,
        "mdd_p75": -0.20297500000000002
      },
      "72": {
        "n_total": 701,
        "n_hit": 536,
        "p_hit": 0.764622,
        "t_hit_p25": 10.0,
        "t_hit_median": 22.0,
        "t_hit_p75": 42.0,
        "mdd_p25": -1.18985,
        "mdd_median": -0.54455,
        "mdd_p75": -0.22355
      },
      "84": {
        "n_total": 701,
        "n_hit": 549,
        "p_hit": 0.783167,
        "t_hit_p25": 10.0,
        "t_hit_median": 23.0,
        "t_hit_p75": 43.0,
        "mdd_p25": -1.2184,
        "mdd_median": -0.5546,
        "mdd_p75": -0.231
      },
      "96": {
        "n_total": 701,
        "n_hit": 561,
        "p_hit": 0.800285,
        "t_hit_p25": 11.0,
        "t_hit_median": 24.0,
        "t_hit_p75": 44.0,
        "mdd_p25": -1.2602,
        "mdd_median": -0.5798,
        "mdd_p75": -0.2408
      }
    },
    "3.0": {
      "12": {
        "n_total": 701,
        "n_hit": 75,
        "p_hit": 0.10699,
        "t_hit_p25": 5.0,
        "t_hit_median": 7.0,
        "t_hit_p75": 10.0,
        "mdd_p25": -0.6958,
        "mdd_median": -0.3339,
        "mdd_p75": -0.13845000000000002
      },
      "24": {
        "n_total": 701,
        "n_hit": 141,
        "p_hit": 0.201141,
        "t_hit_p25": 7.0,
        "t_hit_median": 12.0,
        "t_hit_p75": 19.0,
        "mdd_p25": -0.6217,
        "mdd_median": -0.3339,
        "mdd_p75": -0.1132
      },
      "36": {
        "n_total": 701,
        "n_hit": 218,
        "p_hit": 0.310984,
        "t_hit_p25": 10.0,
        "t_hit_median": 19.0,
        "t_hit_p75": 29.0,
        "mdd_p25": -0.7329,
        "mdd_median": -0.3775,
        "mdd_p75": -0.13045
      },
      "48": {
        "n_total": 701,
        "n_hit": 288,
        "p_hit": 0.410842,
        "t_hit_p25": 12.0,
        "t_hit_median": 25.0,
        "t_hit_p75": 36.0,
        "mdd_p25": -0.9266000000000001,
        "mdd_median": -0.4619,
        "mdd_p75": -0.175425
      },
      "60": {
        "n_total": 701,