{
  "schema": "baseline_probs_v1",
  "source_labels": "data/labels/labels_v1.csv",
  "n_rows_labels": 2435,
  "thresholds": [
    0.5,
    1.0,
    2.0,
    3.0,
    5.0
  ],
  "horizons": [
    12,
    24,
    36,
    48,
    60,
    72,
    84,
    96
  ],
  "results": {
    "0.5": {
      "12": {
        "n_total": 2435,
        "n_hit": 1744,
        "p_hit": 0.716222,
        "t_hit_p25": 1.0,
        "t_hit_median": 2.0,
        "t_hit_p75": 4.0,
        "mdd_p25": -0.76695,
        "mdd_median": -0.30305000000000004,
        "mdd_p75": -0.0556
      },
      "24": {
        "n_total": 2435,
        "n_hit": 1971,
        "p_hit": 0.809446,
        "t_hit_p25": 1.0,
        "t_hit_median": 3.0,
        "t_hit_p75": 6.0,
        "mdd_p25": -0.9273,
        "mdd_median": -0.3693,
        "mdd_p75": -0.0873
      },
      "36": {
        "n_total": 2435,
        "n_hit": 2082,
        "p_hit": 0.855031,
        "t_hit_p25": 1.0,
        "t_hit_median": 3.0,
        "t_hit_p75": 8.0,
        "mdd_p25": -1.00555,
        "mdd_median": -0.41245,
        "mdd_p75": -0.102025
      },
      "48": {
        "n_total": 2435,
        "n_hit": 2122,
        "p_hit": 0.871458,
        "t_hit_p25": 1.0,
        "t_hit_median": 3.0,
        "t_hit_p75": 8.0,
        "mdd_p25": -1.091775,
        "mdd_median": -0.42505000000000004,
        "mdd_p75": -0.105625
      },
      "60": {
        "n_total": 2435,
        "n_hit": 2145,
        "p_hit": 0.880903,
        "t_hit_p25": 1.0,
        "t_hit_median": 3.0,
        "t_hit_p75": 9.0,
        "mdd_p25": -1.1478,
        "mdd_median": -0.4355,
        "mdd_p75": -0.1087
      },
      "72": {
        "n_total": 2435,
        "n_hit": 2184,
        "p_hit": 0.89692,
        "t_hit_p25": 1.0,
        "t_hit_median": 3.0,
        "t_hit_p75": 10.0,
        "mdd_p25": -1.22475,
        "mdd_median": -0.4488,
        "mdd_p75": -0.113025
      },
      "84": {
        "n_total": 2435,
        "n_hit": 2225,
        "p_hit": 0.913758,
        "t_hit_p25": 1.0,
        "t_hit_median": 3.0,
        "t_hit_p75": 10.0,
        "mdd_p25": -1.3114,
        "mdd_median": -0.4726,
        "mdd_p75": -0.1177
      },
      "96": {
        "n_total": 2435,
        "n_hit": 2249,
        "p_hit": 0.923614,
        "t_hit_p25": 1.0,
        "t_hit_median": 3.0,
        "t_hit_p75": 11.0,
        "mdd_p25": -1.3509,
        "mdd_median": -0.4807,
        "mdd_p75": -0.1209
      }
    },
    "1.0": {
      "12": {
        "n_total": 2435,
        "n_hit": 1294,
        "p_hit": 0.531417,
        "t_hit_p25": 2.0,
        "t_hit_median": 4.0,
        "t_hit_p75": 7.0,
        "mdd_p25": -0.990475,
        "mdd_median": -0.39265,
        "mdd_p75": -0.08165
      },
      "24": {
        "n_total": 2435,
        "n_hit": 1588,
        "p_hit": 0.652156,
        "t_hit_p25": 2.0,
        "t_hit_median": 5.0,
        "t_hit_p75": 10.0,
        "mdd_p25": -1.150125,
        "mdd_median": -0.48450000000000004,
        "mdd_p75": -0.13410000000000002
      },
      "36": {
        "n_total": 2435,
        "n_hit": 1780,
        "p_hit": 0.731006,
        "t_hit_p25": 2.0,
        "t_hit_median": 6.0,
        "t_hit_p75": 14.0,
        "mdd_p25": -1.3527749999999998,
        "mdd_median": -0.5417,
        "mdd_p75": -0.16345
      },
      "48": {
        "n_total": 2435,
        "n_hit": 1875,
        "p_hit": 0.770021,
        "t_hit_p25": 3.0,
        "t_hit_median": 6.0,
        "t_hit_p75": 16.0,
        "mdd_p25": -1.4113,
        "mdd_median": -0.5722,
        "mdd_p75": -0.1752
      },
      "60": {
        "n_total": 2435,
        "n_hit": 1951,
        "p_hit": 0.801232,
        "t_hit_p25": 3.0,
        "t_hit_median": 7.0,
        "t_hit_p75": 18.0,
        "mdd_p25": -1.5538500000000002,
        "mdd_median": -0.6041,
        "mdd_p75": -0.19025
      },
      "72": {
        "n_total": 2435,
        "n_hit": 2016,
        "p_hit": 0.827926,
        "t_hit_p25": 3.0,
        "t_hit_median": 7.0,
        "t_hit_p75": 20.0,
        "mdd_p25": -1.6605750000000001,
        "mdd_median": -0.63995,
        "mdd_p75": -0.20370000000000002
      },
      "84": {
        "n_total": 2435,
        "n_hit": 2071,
        "p_hit": 0.850513,
        "t_hit_p25": 3.0,
        "t_hit_median": 8.0,
        "t_hit_p75": 23.0,
        "mdd_p25": -1.759,
        "mdd_median": -0.6826,
        "mdd_p75": -0.21789999999999998
      },
      "96": {
        "n_total": 2435,
        "n_hit": 2105,
        "p_hit": 0.864476,
        "t_hit_p25": 3.0,
        "t_hit_median": 8.0,
        "t_hit_p75": 24.0,
        "mdd_p25": -1.8312,
        "mdd_median": -0.7032,
        "mdd_p75": -0.2243
      }
    },
    "2.0": {
      "12": {
        "n_total": 2435,
        "n_hit": 647,
        "p_hit": 0.265708,
        "t_hit_p25": 3.0,
        "t_hit_median": 5.0,
        "t_hit_p75": 8.0,
        "mdd_p25": -0.991,
        "mdd_median": -0.4153,
        "mdd_p75": -0.10435
      },
      "24": {
        "n_total": 2435,
        "n_hit": 1023,
        "p_hit": 0.420123,
        "t_hit_p25": 4.0,
        "t_hit_median": 9.0,
        "t_hit_p75": 16.0,
        "mdd_p25": -1.3330000000000002,
        "mdd_median": -0.5938,
        "mdd_p75": -0.18705
      },
      "36": {
        "n_total": 2435,
        "n_hit": 1270,
        "p_hit": 0.521561,
        "t_hit_p25": 5.0,
        "t_hit_median": 12.0,
        "t_hit_p75": 22.0,
        "mdd_p25": -1.566525,
        "mdd_median": -0.70645,
        "mdd_p75": -0.23155
      },
      "48": {
        "n_total": 2435,
        "n_hit": 1442,
        "p_hit": 0.592197,
        "t_hit_p25": 6.0,
        "t_hit_median": 15.0,
        "t_hit_p75": 27.0,
        "mdd_p25": -1.643025,
        "mdd_median": -0.8016,
        "mdd_p75": -0.2698
      },
      "60": {
        "n_total": 2435,
        "n_hit": 1560,
        "p_hit": 0.640657,
        "t_hit_p25": 6.0,
        "t_hit_median": 16.0,
        "t_hit_p75": 31.0,
        "mdd_p25": -1.7015250000000002,
        "mdd_median": -0.8563000000000001,
        "mdd_p75": -0.2905
      },
      "72": {
        "n_total": 2435,
        "n_hit": 1670,
        "p_hit": 0.685832,
        "t_hit_p25": 7.0,
        "t_hit_median": 18.0,
        "t_hit_p75": 35.75,
        "mdd_p25": -1.8790499999999999,
        "mdd_median": -0.9555,
        "mdd_p75": -0.31755
      },
      "84": {
        "n_total": 2435,
        "n_hit": 1750,
        "p_hit": 0.718686,
        "t_hit_p25": 7.0,
        "t_hit_median": 19.0,
        "t_hit_p75": 39.0,
        "mdd_p25": -2.101075,
        "mdd_median": -1.0025,
        "mdd_p75": -0.3427
      },
      "96": {
        "n_total": 2435,
        "n_hit": 1821,
        "p_hit": 0.747844,
        "t_hit_p25": 8.0,
        "t_hit_median": 20.0,
        "t_hit_p75": 43.0,
        "mdd_p25": -2.2422,
        "mdd_median": -1.0851,
        "mdd_p75": -0.3594
      }
    },
    "3.0": {
      "12": {
        "n_total": 2435,
        "n_hit": 365,
        "p_hit": 0.149897,
        "t_hit_p25": 3.0,
        "t_hit_median": 6.0,
        "t_hit_p75": 9.0,
        "mdd_p25": -0.9599,
        "mdd_median": -0.3885,
        "mdd_p75": -0.1092
      },
      "24": {
        "n_total": 2435,
        "n_hit": 623,
        "p_hit": 0.255852,
        "t_hit_p25": 5.0,
        "t_hit_median": 10.0,
        "t_hit_p75": 17.0,
        "mdd_p25": -1.3319,
        "mdd_median": -0.56,
        "mdd_p75": -0.17195
      },
      "36": {
        "n_total": 2435,
        "n_hit": 872,
        "p_hit": 0.358111,
        "t_hit_p25": 7.0,
        "t_hit_median": 16.0,
        "t_hit_p75": 26.0,
        "mdd_p25": -1.615225,
        "mdd_median": -0.6857,
        "mdd_p75": -0.219725
      },
      "48": {
        "n_total": 2435,
        "n_hit": 1062,
        "p_hit": 0.43614,
        "t_hit_p25": 9.0,
        "t_hit_median": 20.0,
        "t_hit_p75": 32.0,
        "mdd_p25": -1.7540499999999999,
        "mdd_median": -0.84865,
        "mdd_p75": -0.28115
      },