{
  "schema": "baseline_probs_v1",
  "source_labels": "data/labels/labels_v1.csv",
  "n_rows_labels": 1747,
  "thresholds": [
    0.5,
    1.0,
    2.0,
    3.0,
    5.0
  ],
  "horizons": [
    12,
    24,
    36,
    48,
    60,
    72,
    84,
    96
  ],
  "results": {
    "0.5": {
      "12": {
        "n_total": 1747,
        "n_hit": 1259,
        "p_hit": 0.720664,
        "t_hit_p25": 1.0,
        "t_hit_median": 2.0,
        "t_hit_p75": 4.0,
        "mdd_p25": -0.81755,
        "mdd_median": -0.3018,
        "mdd_p75": -0.05695
      },
      "24": {
        "n_total": 1747,
        "n_hit": 1419,
        "p_hit": 0.81225,
        "t_hit_p25": 1.0,
        "t_hit_median": 3.0,
        "t_hit_p75": 6.0,
        "mdd_p25": -0.971,
        "mdd_median": -0.3693,
        "mdd_p75": -0.0889
      },
      "36": {
        "n_total": 1747,
        "n_hit": 1489,
        "p_hit": 0.852318,
        "t_hit_p25": 1.0,
        "t_hit_median": 3.0,
        "t_hit_p75": 7.0,
        "mdd_p25": -1.0569,
        "mdd_median": -0.4055,
        "mdd_p75": -0.101
      },
      "48": {
        "n_total": 1747,
        "n_hit": 1511,
        "p_hit": 0.864911,
        "t_hit_p25": 1.0,
        "t_hit_median": 3.0,
        "t_hit_p75": 8.0,
        "mdd_p25": -1.10955,
        "mdd_median": -0.4153,
        "mdd_p75": -0.1038
      },
      "60": {
        "n_total": 1747,
        "n_hit": 1526,
        "p_hit": 0.873497,
        "t_hit_p25": 1.0,
        "t_hit_median": 3.0,
        "t_hit_p75": 8.0,
        "mdd_p25": -1.149975,
        "mdd_median": -0.4223,
        "mdd_p75": -0.10500000000000001
      },
      "72": {
        "n_total": 1747,
        "n_hit": 1555,
        "p_hit": 0.890097,
        "t_hit_p25": 1.0,
        "t_hit_median": 3.0,
        "t_hit_p75": 9.0,
        "mdd_p25": -1.22855,
        "mdd_median": -0.4385,
        "mdd_p75": -0.10885
      },
      "84": {
        "n_total": 1747,
        "n_hit": 1582,
        "p_hit": 0.905552,
        "t_hit_p25": 1.0,
        "t_hit_median": 3.0,
        "t_hit_p75": 9.75,
        "mdd_p25": -1.295775,
        "mdd_median": -0.45594999999999997,
        "mdd_p75": -0.115275
      },
      "96": {
        "n_total": 1747,
        "n_hit": 1601,
        "p_hit": 0.916428,
        "t_hit_p25": 1.0,
        "t_hit_median": 3.0,
        "t_hit_p75": 10.0,
        "mdd_p25": -1.3509,
        "mdd_median": -0.4697,
        "mdd_p75": -0.1176
      }
    },
    "1.0": {
      "12": {
        "n_total": 1747,
        "n_hit": 937,
        "p_hit": 0.536348,
        "t_hit_p25": 2.0,
        "t_hit_median": 4.0,
        "t_hit_p75": 7.0,
        "mdd_p25": -0.9997,
        "mdd_median": -0.3918,
        "mdd_p75": -0.0832
      },
      "24": {
        "n_total": 1747,
        "n_hit": 1143,
        "p_hit": 0.654264,
        "t_hit_p25": 2.0,
        "t_hit_median": 5.0,
        "t_hit_p75": 10.0,
        "mdd_p25": -1.1950500000000002,
        "mdd_median": -0.4767,
        "mdd_p75": -0.13005
      },
      "36": {
        "n_total": 1747,
        "n_hit": 1269,
        "p_hit": 0.726388,
        "t_hit_p25": 2.0,
        "t_hit_median": 6.0,
        "t_hit_p75": 13.0,
        "mdd_p25": -1.353,
        "mdd_median": -0.5261,
        "mdd_p75": -0.1558
      },
      "48": {
        "n_total": 1747,
        "n_hit": 1329,
        "p_hit": 0.760733,
        "t_hit_p25": 2.0,
        "t_hit_median": 6.0,
        "t_hit_p75": 16.0,
        "mdd_p25": -1.3907,
        "mdd_median": -0.5428,
        "mdd_p75": -0.1651
      },
      "60": {
        "n_total": 1747,
        "n_hit": 1384,
        "p_hit": 0.792215,
        "t_hit_p25": 3.0,
        "t_hit_median": 6.0,
        "t_hit_p75": 18.0,
        "mdd_p25": -1.506775,
        "mdd_median": -0.58005,
        "mdd_p75": -0.172475
      },
      "72": {
        "n_total": 1747,
        "n_hit": 1433,
        "p_hit": 0.820263,
        "t_hit_p25": 3.0,
        "t_hit_median": 7.0,
        "t_hit_p75": 19.0,
        "mdd_p25": -1.628,
        "mdd_median": -0.6117,
        "mdd_p75": -0.1844
      },
      "84": {
        "n_total": 1747,
        "n_hit": 1467,
        "p_hit": 0.839725,
        "t_hit_p25": 3.0,
        "t_hit_median": 7.0,
        "t_hit_p75": 21.0,
        "mdd_p25": -1.7189999999999999,
        "mdd_median": -0.6385,
        "mdd_p75": -0.19165
      },
      "96": {
        "n_total": 1747,
        "n_hit": 1487,
        "p_hit": 0.851173,
        "t_hit_p25": 3.0,
        "t_hit_median": 7.0,
        "t_hit_p75": 22.0,
        "mdd_p25": -1.78485,
        "mdd_median": -0.6677,
        "mdd_p75": -0.19619999999999999
      }
    },
    "2.0": {
      "12": {
        "n_total": 1747,
        "n_hit": 482,
        "p_hit": 0.275902,
        "t_hit_p25": 3.0,
        "t_hit_median": 5.0,
        "t_hit_p75": 8.0,
        "mdd_p25": -1.085775,
        "mdd_median": -0.44405,
        "mdd_p75": -0.133475
      },
      "24": {
        "n_total": 1747,
        "n_hit": 742,
        "p_hit": 0.424728,
        "t_hit_p25": 4.0,
        "t_hit_median": 9.0,
        "t_hit_p75": 16.0,
        "mdd_p25": -1.3501,
        "mdd_median": -0.5957,
        "mdd_p75": -0.18365
      },
      "36": {
        "n_total": 1747,
        "n_hit": 904,
        "p_hit": 0.517459,
        "t_hit_p25": 5.0,
        "t_hit_median": 11.0,
        "t_hit_p75": 21.0,
        "mdd_p25": -1.5380250000000002,
        "mdd_median": -0.6574500000000001,
        "mdd_p75": -0.20432499999999998
      },
      "48": {
        "n_total": 1747,
        "n_hit": 1022,
        "p_hit": 0.585003,
        "t_hit_p25": 5.0,
        "t_hit_median": 14.0,
        "t_hit_p75": 26.0,
        "mdd_p25": -1.5664749999999998,
        "mdd_median": -0.7,
        "mdd_p75": -0.236775
      },
      "60": {
        "n_total": 1747,
        "n_hit": 1112,
        "p_hit": 0.63652,
        "t_hit_p25": 6.0,
        "t_hit_median": 16.0,
        "t_hit_p75": 31.0,
        "mdd_p25": -1.6298250000000003,
        "mdd_median": -0.7665,
        "mdd_p75": -0.26555
      },
      "72": {
        "n_total": 1747,
        "n_hit": 1187,
        "p_hit": 0.67945,
        "t_hit_p25": 6.0,
        "t_hit_median": 17.0,
        "t_hit_p75": 35.0,
        "mdd_p25": -1.7918,
        "mdd_median": -0.8902,
        "mdd_p75": -0.28364999999999996
      },
      "84": {
        "n_total": 1747,
        "n_hit": 1230,
        "p_hit": 0.704064,
        "t_hit_p25": 7.0,
        "t_hit_median": 18.0,
        "t_hit_p75": 38.0,
        "mdd_p25": -1.95135,
        "mdd_median": -0.9530000000000001,
        "mdd_p75": -0.30205
      },
      "96": {
        "n_total": 1747,
        "n_hit": 1267,
        "p_hit": 0.725243,
        "t_hit_p25": 7.0,
        "t_hit_median": 18.0,
        "t_hit_p75": 41.0,
        "mdd_p25": -2.1285,
        "mdd_median": -0.9871,
        "mdd_p75": -0.3123
      }
    },
    "3.0": {
      "12": {
        "n_total": 1747,
        "n_hit": 272,
        "p_hit": 0.155695,
        "t_hit_p25": 3.0,
        "t_hit_median": 5.0,
        "t_hit_p75": 9.0,
        "mdd_p25": -0.990775,
        "mdd_median": -0.4426,
        "mdd_p75": -0.14435
      },
      "24": {
        "n_total": 1747,
        "n_hit": 439,
        "p_hit": 0.251288,
        "t_hit_p25": 5.0,
        "t_hit_median": 9.0,
        "t_hit_p75": 17.0,
        "mdd_p25": -1.2774999999999999,
        "mdd_median": -0.5437,
        "mdd_p75": -0.1696
      },
      "36": {
        "n_total": 1747,
        "n_hit": 604,
        "p_hit": 0.345736,
        "t_hit_p25": 6.0,
        "t_hit_median": 15.0,
        "t_hit_p75": 26.0,
        "mdd_p25": -1.5410249999999999,
        "mdd_median": -0.61975,
        "mdd_p75": -0.20432499999999998
      },
      "48": {
        "n_total": 1747,
        "n_hit": 728,
        "p_hit": 0.416714,
        "t_hit_p25": 7.0,
        "t_hit_median": 20.0,
        "t_hit_p75": 32.0,
        "mdd_p25": -1.614775,
        "mdd_median": -0.70645,
        "mdd_p75": -0.24955
      },