{
  "schema": "baseline_probs_v1",
  "source_labels": "data/labels/labels_v1.csv",
  "n_rows_labels": 2005,
  "thresholds": [
    0.5,
    1.0,
    2.0,
    3.0,
    5.0
  ],
  "horizons": [
    12,
    24,
    36,
    48,
    60,
    72,
    84,
    96
  ],
  "results": {
    "0.5": {
      "12": {
        "n_total": 2005,
        "n_hit": 1436,
        "p_hit": 0.716209,
        "t_hit_p25": 1.0,
        "t_hit_median": 2.0,
        "t_hit_p75": 4.0,
        "mdd_p25": -0.7933,
        "mdd_median": -0.30474999999999997,
        "mdd_p75": -0.05715
      },
      "24": {
        "n_total": 2005,
        "n_hit": 1618,
        "p_hit": 0.806983,
        "t_hit_p25": 1.0,
        "t_hit_median": 2.0,
        "t_hit_p75": 6.0,
        "mdd_p25": -0.957325,
        "mdd_median": -0.37024999999999997,
        "mdd_p75": -0.08855
      },
      "36": {
        "n_total": 2005,
        "n_hit": 1702,
        "p_hit": 0.848878,
        "t_hit_p25": 1.0,
        "t_hit_median": 3.0,
        "t_hit_p75": 7.0,
        "mdd_p25": -1.0647499999999999,
        "mdd_median": -0.4096,
        "mdd_p75": -0.102025
      },
      "48": {
        "n_total": 2005,
        "n_hit": 1736,
        "p_hit": 0.865835,
        "t_hit_p25": 1.0,
        "t_hit_median": 3.0,
        "t_hit_p75": 8.0,
        "mdd_p25": -1.152275,
        "mdd_median": -0.4204,
        "mdd_p75": -0.10475000000000001
      },
      "60": {
        "n_total": 2005,
        "n_hit": 1753,
        "p_hit": 0.874314,
        "t_hit_p25": 1.0,
        "t_hit_median": 3.0,
        "t_hit_p75": 8.0,
        "mdd_p25": -1.1846,
        "mdd_median": -0.4269,
        "mdd_p75": -0.1063
      },
      "72": {
        "n_total": 2005,
        "n_hit": 1784,
        "p_hit": 0.889776,
        "t_hit_p25": 1.0,
        "t_hit_median": 3.0,
        "t_hit_p75": 9.0,
        "mdd_p25": -1.2657250000000002,
        "mdd_median": -0.443,
        "mdd_p75": -0.11059999999999999
      },
      "84": {
        "n_total": 2005,
        "n_hit": 1814,
        "p_hit": 0.904738,
        "t_hit_p25": 1.0,
        "t_hit_median": 3.0,
        "t_hit_p75": 10.0,
        "mdd_p25": -1.350175,
        "mdd_median": -0.46585,
        "mdd_p75": -0.11674999999999999
      },
      "96": {
        "n_total": 2005,
        "n_hit": 1835,
        "p_hit": 0.915212,
        "t_hit_p25": 1.0,
        "t_hit_median": 3.0,
        "t_hit_p75": 10.0,
        "mdd_p25": -1.379,
        "mdd_median": -0.4736,
        "mdd_p75": -0.118
      }
    },
    "1.0": {
      "12": {
        "n_total": 2005,
        "n_hit": 1062,
        "p_hit": 0.529676,
        "t_hit_p25": 2.0,
        "t_hit_median": 4.0,
        "t_hit_p75": 7.0,
        "mdd_p25": -1.0046750000000002,
        "mdd_median": -0.39054999999999995,
        "mdd_p75": -0.084125
      },
      "24": {
        "n_total": 2005,
        "n_hit": 1298,
        "p_hit": 0.647382,
        "t_hit_p25": 2.0,
        "t_hit_median": 5.0,
        "t_hit_p75": 10.0,
        "mdd_p25": -1.246275,
        "mdd_median": -0.48405,
        "mdd_p75": -0.130375
      },
      "36": {
        "n_total": 2005,
        "n_hit": 1444,
        "p_hit": 0.7202,
        "t_hit_p25": 2.0,
        "t_hit_median": 6.0,
        "t_hit_p75": 13.0,
        "mdd_p25": -1.396825,
        "mdd_median": -0.54065,
        "mdd_p75": -0.15815
      },
      "48": {
        "n_total": 2005,
        "n_hit": 1518,
        "p_hit": 0.757107,
        "t_hit_p25": 2.0,
        "t_hit_median": 6.0,
        "t_hit_p75": 16.0,
        "mdd_p25": -1.4938,
        "mdd_median": -0.56845,
        "mdd_p75": -0.169225
      },
      "60": {
        "n_total": 2005,
        "n_hit": 1583,
        "p_hit": 0.789526,
        "t_hit_p25": 3.0,
        "t_hit_median": 7.0,
        "t_hit_p75": 18.0,
        "mdd_p25": -1.62675,
        "mdd_median": -0.6028,
        "mdd_p75": -0.1763
      },
      "72": {
        "n_total": 2005,
        "n_hit": 1637,
        "p_hit": 0.816459,
        "t_hit_p25": 3.0,
        "t_hit_median": 7.0,
        "t_hit_p75": 20.0,
        "mdd_p25": -1.7475,
        "mdd_median": -0.6502,
        "mdd_p75": -0.1897
      },
      "84": {
        "n_total": 2005,
        "n_hit": 1675,
        "p_hit": 0.835411,
        "t_hit_p25": 3.0,
        "t_hit_median": 7.0,
        "t_hit_p75": 21.5,
        "mdd_p25": -1.8312,
        "mdd_median": -0.6826,
        "mdd_p75": -0.19915
      },
      "96": {
        "n_total": 2005,
        "n_hit": 1699,
        "p_hit": 0.847382,
        "t_hit_p25": 3.0,
        "t_hit_median": 7.0,
        "t_hit_p75": 23.0,
        "mdd_p25": -1.9085,
        "mdd_median": -0.7025,
        "mdd_p75": -0.20655
      }
    },
    "2.0": {
      "12": {
        "n_total": 2005,
        "n_hit": 542,
        "p_hit": 0.270324,
        "t_hit_p25": 3.0,
        "t_hit_median": 5.0,
        "t_hit_p75": 8.0,
        "mdd_p25": -1.09685,
        "mdd_median": -0.43935,
        "mdd_p75": -0.11674999999999999
      },
      "24": {
        "n_total": 2005,
        "n_hit": 844,
        "p_hit": 0.420948,
        "t_hit_p25": 4.0,
        "t_hit_median": 9.0,
        "t_hit_p75": 16.0,
        "mdd_p25": -1.4081249999999998,
        "mdd_median": -0.599,
        "mdd_p75": -0.18035
      },
      "36": {
        "n_total": 2005,
        "n_hit": 1030,
        "p_hit": 0.513716,
        "t_hit_p25": 5.0,
        "t_hit_median": 11.0,
        "t_hit_p75": 21.0,
        "mdd_p25": -1.6150250000000002,
        "mdd_median": -0.68435,
        "mdd_p75": -0.207425
      },
      "48": {
        "n_total": 2005,
        "n_hit": 1160,
        "p_hit": 0.578554,
        "t_hit_p25": 5.0,
        "t_hit_median": 14.0,
        "t_hit_p75": 26.0,
        "mdd_p25": -1.668825,
        "mdd_median": -0.7479,
        "mdd_p75": -0.24659999999999999
      },
      "60": {
        "n_total": 2005,
        "n_hit": 1250,
        "p_hit": 0.623441,
        "t_hit_p25": 6.0,
        "t_hit_median": 16.0,
        "t_hit_p75": 30.0,
        "mdd_p25": -1.7459,
        "mdd_median": -0.82085,
        "mdd_p75": -0.270175
      },
      "72": {
        "n_total": 2005,
        "n_hit": 1334,
        "p_hit": 0.665337,
        "t_hit_p25": 6.0,
        "t_hit_median": 17.0,
        "t_hit_p75": 35.0,
        "mdd_p25": -1.969575,
        "mdd_median": -0.933,
        "mdd_p75": -0.29375
      },
      "84": {
        "n_total": 2005,
        "n_hit": 1384,
        "p_hit": 0.690274,
        "t_hit_p25": 7.0,
        "t_hit_median": 17.0,
        "t_hit_p75": 37.0,
        "mdd_p25": -2.17475,
        "mdd_median": -0.9825999999999999,
        "mdd_p75": -0.307025
      },
      "96": {
        "n_total": 2005,
        "n_hit": 1430,
        "p_hit": 0.713217,
        "t_hit_p25": 7.0,
        "t_hit_median": 18.0,
        "t_hit_p75": 40.0,
        "mdd_p25": -2.3349499999999996,
        "mdd_median": -1.0392000000000001,
        "mdd_p75": -0.32335
      }
    },
    "3.0": {
      "12": {
        "n_total": 2005,
        "n_hit": 305,
        "p_hit": 0.15212,
        "t_hit_p25": 3.0,
        "t_hit_median": 6.0,
        "t_hit_p75": 9.0,
        "mdd_p25": -0.9948,
        "mdd_median": -0.4404,
        "mdd_p75": -0.1366
      },
      "24": {
        "n_total": 2005,
        "n_hit": 505,
        "p_hit": 0.25187,
        "t_hit_p25": 5.0,
        "t_hit_median": 10.0,
        "t_hit_p75": 17.0,
        "mdd_p25": -1.4206,
        "mdd_median": -0.5949,
        "mdd_p75": -0.172
      },
      "36": {
        "n_total": 2005,
        "n_hit": 685,
        "p_hit": 0.341646,
        "t_hit_p25": 6.0,
        "t_hit_median": 15.0,
        "t_hit_p75": 25.0,
        "mdd_p25": -1.666,
        "mdd_median": -0.6834,
        "mdd_p75": -0.2074
      },
      "48": {
        "n_total": 2005,
        "n_hit": 828,
        "p_hit": 0.412968,
        "t_hit_p25": 8.0,
        "t_hit_median": 19.0,
        "t_hit_p75": 32.0,
        "mdd_p25": -1.827875,
        "mdd_median": -0.807,