{
  "schema": "baseline_probs_v1",
  "source_labels": "data/labels/labels_v1.csv",
  "n_rows_labels": 2988,
  "thresholds": [
    0.5,
    1.0,
    2.0,
    3.0,
    5.0
  ],
  "horizons": [
    12,
    24,
    36,
    48,
    60,
    72,
    84,
    96
  ],
  "results": {
    "0.5": {
      "12": {
        "n_total": 2988,
        "n_hit": 2110,
        "p_hit": 0.706158,
        "t_hit_p25": 1.0,
        "t_hit_median": 2.0,
        "t_hit_p75": 4.0,
        "mdd_p25": -0.730775,
        "mdd_median": -0.29125,
        "mdd_p75": -0.050175
      },
      "24": {
        "n_total": 2988,
        "n_hit": 2395,
        "p_hit": 0.801539,
        "t_hit_p25": 1.0,
        "t_hit_median": 3.0,
        "t_hit_p75": 7.0,
        "mdd_p25": -0.92005,
        "mdd_median": -0.3596,
        "mdd_p75": -0.07885
      },
      "36": {
        "n_total": 2988,
        "n_hit": 2536,
        "p_hit": 0.848728,
        "t_hit_p25": 1.0,
        "t_hit_median": 3.0,
        "t_hit_p75": 8.0,
        "mdd_p25": -1.014375,
        "mdd_median": -0.4096,
        "mdd_p75": -0.092775
      },
      "48": {
        "n_total": 2988,
        "n_hit": 2589,
        "p_hit": 0.866466,
        "t_hit_p25": 1.0,
        "t_hit_median": 3.0,
        "t_hit_p75": 9.0,
        "mdd_p25": -1.109,
        "mdd_median": -0.4218,
        "mdd_p75": -0.1006
      },
      "60": {
        "n_total": 2988,
        "n_hit": 2616,
        "p_hit": 0.875502,
        "t_hit_p25": 1.0,
        "t_hit_median": 3.0,
        "t_hit_p75": 9.0,
        "mdd_p25": -1.1494499999999999,
        "mdd_median": -0.4294,
        "mdd_p75": -0.102775
      },
      "72": {
        "n_total": 2988,
        "n_hit": 2655,
        "p_hit": 0.888554,
        "t_hit_p25": 1.0,
        "t_hit_median": 3.0,
        "t_hit_p75": 10.0,
        "mdd_p25": -1.20485,
        "mdd_median": -0.4404,
        "mdd_p75": -0.1052
      },
      "84": {
        "n_total": 2988,
        "n_hit": 2698,
        "p_hit": 0.902945,
        "t_hit_p25": 1.0,
        "t_hit_median": 3.0,
        "t_hit_p75": 10.0,
        "mdd_p25": -1.27435,
        "mdd_median": -0.4537,
        "mdd_p75": -0.108925
      },
      "96": {
        "n_total": 2988,
        "n_hit": 2727,
        "p_hit": 0.912651,
        "t_hit_p25": 1.0,
        "t_hit_median": 3.0,
        "t_hit_p75": 11.0,
        "mdd_p25": -1.334,
        "mdd_median": -0.4697,
        "mdd_p75": -0.1121
      }
    },
    "1.0": {
      "12": {
        "n_total": 2988,
        "n_hit": 1530,
        "p_hit": 0.512048,
        "t_hit_p25": 2.0,
        "t_hit_median": 4.0,
        "t_hit_p75": 7.0,
        "mdd_p25": -0.93365,
        "mdd_median": -0.3658,
        "mdd_p75": -0.078225
      },
      "24": {
        "n_total": 2988,
        "n_hit": 1921,
        "p_hit": 0.642905,
        "t_hit_p25": 2.0,
        "t_hit_median": 5.0,
        "t_hit_p75": 11.0,
        "mdd_p25": -1.1202,
        "mdd_median": -0.4726,
        "mdd_p75": -0.1272
      },
      "36": {
        "n_total": 2988,
        "n_hit": 2157,
        "p_hit": 0.721888,
        "t_hit_p25": 3.0,
        "t_hit_median": 6.0,
        "t_hit_p75": 15.0,
        "mdd_p25": -1.3337,
        "mdd_median": -0.5376,
        "mdd_p75": -0.1577
      },
      "48": {
        "n_total": 2988,
        "n_hit": 2263,
        "p_hit": 0.757363,
        "t_hit_p25": 3.0,
        "t_hit_median": 7.0,
        "t_hit_p75": 17.0,
        "mdd_p25": -1.3886,
        "mdd_median": -0.5546,
        "mdd_p75": -0.17085
      },
      "60": {
        "n_total": 2988,
        "n_hit": 2342,
        "p_hit": 0.783802,
        "t_hit_p25": 3.0,
        "t_hit_median": 7.0,
        "t_hit_p75": 18.0,
        "mdd_p25": -1.4827,
        "mdd_median": -0.59545,
        "mdd_p75": -0.178075
      },
      "72": {
        "n_total": 2988,
        "n_hit": 2408,
        "p_hit": 0.80589,
        "t_hit_p25": 3.0,
        "t_hit_median": 8.0,
        "t_hit_p75": 20.0,
        "mdd_p25": -1.580375,
        "mdd_median": -0.6193500000000001,
        "mdd_p75": -0.1884
      },
      "84": {
        "n_total": 2988,
        "n_hit": 2468,
        "p_hit": 0.825971,
        "t_hit_p25": 3.0,
        "t_hit_median": 8.0,
        "t_hit_p75": 22.0,
        "mdd_p25": -1.683,
        "mdd_median": -0.65665,
        "mdd_p75": -0.19915
      },
      "96": {
        "n_total": 2988,
        "n_hit": 2506,
        "p_hit": 0.838688,
        "t_hit_p25": 3.0,
        "t_hit_median": 8.0,
        "t_hit_p75": 23.0,
        "mdd_p25": -1.753175,
        "mdd_median": -0.6785,
        "mdd_p75": -0.20565
      }
    },
    "2.0": {
      "12": {
        "n_total": 2988,
        "n_hit": 732,
        "p_hit": 0.24498,
        "t_hit_p25": 3.0,
        "t_hit_median": 5.0,
        "t_hit_p75": 9.0,
        "mdd_p25": -0.971475,
        "mdd_median": -0.40545,
        "mdd_p75": -0.08712500000000001
      },
      "24": {
        "n_total": 2988,
        "n_hit": 1186,
        "p_hit": 0.396921,
        "t_hit_p25": 4.0,
        "t_hit_median": 9.0,
        "t_hit_p75": 16.0,
        "mdd_p25": -1.271725,
        "mdd_median": -0.57225,
        "mdd_p75": -0.172425
      },
      "36": {
        "n_total": 2988,
        "n_hit": 1498,
        "p_hit": 0.501339,
        "t_hit_p25": 5.0,
        "t_hit_median": 13.0,
        "t_hit_p75": 23.0,
        "mdd_p25": -1.4616500000000001,
        "mdd_median": -0.6768,
        "mdd_p75": -0.212275
      },
      "48": {
        "n_total": 2988,
        "n_hit": 1702,
        "p_hit": 0.569612,
        "t_hit_p25": 6.0,
        "t_hit_median": 15.0,
        "t_hit_p75": 27.75,
        "mdd_p25": -1.5583749999999998,
        "mdd_median": -0.74515,
        "mdd_p75": -0.25877500000000003
      },
      "60": {
        "n_total": 2988,
        "n_hit": 1835,
        "p_hit": 0.614123,
        "t_hit_p25": 7.0,
        "t_hit_median": 17.0,
        "t_hit_p75": 32.0,
        "mdd_p25": -1.6165500000000002,
        "mdd_median": -0.8041,
        "mdd_p75": -0.27849999999999997
      },
      "72": {
        "n_total": 2988,
        "n_hit": 1951,
        "p_hit": 0.652945,
        "t_hit_p25": 7.0,
        "t_hit_median": 18.0,
        "t_hit_p75": 35.0,
        "mdd_p25": -1.75745,
        "mdd_median": -0.8884,
        "mdd_p75": -0.30555
      },
      "84": {
        "n_total": 2988,
        "n_hit": 2033,
        "p_hit": 0.680388,
        "t_hit_p25": 8.0,
        "t_hit_median": 19.0,
        "t_hit_p75": 38.0,
        "mdd_p25": -1.9059,
        "mdd_median": -0.9472,
        "mdd_p75": -0.3244
      },
      "96": {
        "n_total": 2988,
        "n_hit": 2109,
        "p_hit": 0.705823,
        "t_hit_p25": 8.0,
        "t_hit_median": 21.0,
        "t_hit_p75": 41.0,
        "mdd_p25": -2.0518,
        "mdd_median": -0.9901,
        "mdd_p75": -0.3428
      }
    },
    "3.0": {
      "12": {
        "n_total": 2988,
        "n_hit": 395,
        "p_hit": 0.132195,
        "t_hit_p25": 3.0,
        "t_hit_median": 6.0,
        "t_hit_p75": 9.0,
        "mdd_p25": -0.9269499999999999,
        "mdd_median": -0.3641,
        "mdd_p75": -0.09645
      },
      "24": {
        "n_total": 2988,
        "n_hit": 685,
        "p_hit": 0.22925,
        "t_hit_p25": 5.0,
        "t_hit_median": 10.0,
        "t_hit_p75": 17.0,
        "mdd_p25": -1.3396,
        "mdd_median": -0.5517,
        "mdd_p75": -0.1559
      },
      "36": {
        "n_total": 2988,
        "n_hit": 962,
        "p_hit": 0.321954,
        "t_hit_p25": 7.0,
        "t_hit_median": 16.0,
        "t_hit_p75": 26.0,
        "mdd_p25": -1.584825,
        "mdd_median": -0.6768,
        "mdd_p75": -0.206075
      },
      "48": {
        "n_total": 2988,
        "n_hit": 1185,
        "p_hit": 0.396586,
        "t_hit_p25": 9.0,
        "t_hit_median": 21.0,
        "t_hit_p75": 33.0,
        "mdd_p25": -1.6931,
        "mdd_median": -0.8025,
        "mdd_p75": -0.2699
      },
      "60": {
        "n_total": 2988,