{
  "schema": "baseline_probs_v1",
  "source_labels": "data/labels/labels_v1.csv",
  "n_rows_labels": 1212,
  "thresholds": [
    0.5,
    1.0,
    2.0,
    3.0,
    5.0
  ],
  "horizons": [
    12,
    24,
    36,
    48,
    60,
    72,
    84,
    96
  ],
  "results": {
    "0.5": {
      "12": {
        "n_total": 1212,
        "n_hit": 855,
        "p_hit": 0.705446,
        "t_hit_p25": 1.0,
        "t_hit_median": 2.0,
        "t_hit_p75": 5.0,
        "mdd_p25": -0.83975,
        "mdd_median": -0.2906,
        "mdd_p75": -0.06465
      },
      "24": {
        "n_total": 1212,
        "n_hit": 978,
        "p_hit": 0.806931,
        "t_hit_p25": 1.0,
        "t_hit_median": 3.0,
        "t_hit_p75": 7.0,
        "mdd_p25": -0.973225,
        "mdd_median": -0.37115,
        "mdd_p75": -0.0924
      },
      "36": {
        "n_total": 1212,
        "n_hit": 1025,
        "p_hit": 0.84571,
        "t_hit_p25": 1.0,
        "t_hit_median": 3.0,
        "t_hit_p75": 8.0,
        "mdd_p25": -1.0008,
        "mdd_median": -0.4028,
        "mdd_p75": -0.1027
      },
      "48": {
        "n_total": 1212,
        "n_hit": 1035,
        "p_hit": 0.85396,
        "t_hit_p25": 1.0,
        "t_hit_median": 3.0,
        "t_hit_p75": 9.0,
        "mdd_p25": -1.0382500000000001,
        "mdd_median": -0.4098,
        "mdd_p75": -0.1042
      },
      "60": {
        "n_total": 1212,
        "n_hit": 1049,
        "p_hit": 0.865512,
        "t_hit_p25": 1.0,
        "t_hit_median": 3.0,
        "t_hit_p75": 9.0,
        "mdd_p25": -1.0937,
        "mdd_median": -0.4181,
        "mdd_p75": -0.1056
      },
      "72": {
        "n_total": 1212,
        "n_hit": 1071,
        "p_hit": 0.883663,
        "t_hit_p25": 1.0,
        "t_hit_median": 3.0,
        "t_hit_p75": 10.0,
        "mdd_p25": -1.17115,
        "mdd_median": -0.4383,
        "mdd_p75": -0.10815
      },
      "84": {
        "n_total": 1212,
        "n_hit": 1089,
        "p_hit": 0.898515,
        "t_hit_p25": 1.0,
        "t_hit_median": 4.0,
        "t_hit_p75": 10.0,
        "mdd_p25": -1.2462,
        "mdd_median": -0.4481,
        "mdd_p75": -0.1125
      },
      "96": {
        "n_total": 1212,
        "n_hit": 1095,
        "p_hit": 0.903465,
        "t_hit_p25": 1.0,
        "t_hit_median": 4.0,
        "t_hit_p75": 11.0,
        "mdd_p25": -1.2633,
        "mdd_median": -0.4574,
        "mdd_p75": -0.1148
      }
    },
    "1.0": {
      "12": {
        "n_total": 1212,
        "n_hit": 624,
        "p_hit": 0.514851,
        "t_hit_p25": 2.0,
        "t_hit_median": 4.0,
        "t_hit_p75": 7.0,
        "mdd_p25": -0.9904,
        "mdd_median": -0.3775,
        "mdd_p75": -0.08254999999999998
      },
      "24": {
        "n_total": 1212,
        "n_hit": 784,
        "p_hit": 0.646865,
        "t_hit_p25": 2.0,
        "t_hit_median": 5.0,
        "t_hit_p75": 11.0,
        "mdd_p25": -1.1285,
        "mdd_median": -0.4668,
        "mdd_p75": -0.11767499999999999
      },
      "36": {
        "n_total": 1212,
        "n_hit": 870,
        "p_hit": 0.717822,
        "t_hit_p25": 2.25,
        "t_hit_median": 6.0,
        "t_hit_p75": 14.0,
        "mdd_p25": -1.2052,
        "mdd_median": -0.47895,
        "mdd_p75": -0.144675
      },
      "48": {
        "n_total": 1212,
        "n_hit": 906,
        "p_hit": 0.747525,
        "t_hit_p25": 3.0,
        "t_hit_median": 7.0,
        "t_hit_p75": 16.0,
        "mdd_p25": -1.242025,
        "mdd_median": -0.48405,
        "mdd_p75": -0.1558
      },
      "60": {
        "n_total": 1212,
        "n_hit": 943,
        "p_hit": 0.778053,
        "t_hit_p25": 3.0,
        "t_hit_median": 7.0,
        "t_hit_p75": 18.0,
        "mdd_p25": -1.34605,
        "mdd_median": -0.5194,
        "mdd_p75": -0.1622
      },
      "72": {
        "n_total": 1212,
        "n_hit": 977,
        "p_hit": 0.806106,
        "t_hit_p25": 3.0,
        "t_hit_median": 7.0,
        "t_hit_p75": 20.0,
        "mdd_p25": -1.4219,
        "mdd_median": -0.5477,
        "mdd_p75": -0.1701
      },
      "84": {
        "n_total": 1212,
        "n_hit": 999,
        "p_hit": 0.824257,
        "t_hit_p25": 3.0,
        "t_hit_median": 8.0,
        "t_hit_p75": 21.0,
        "mdd_p25": -1.5295,
        "mdd_median": -0.5725,
        "mdd_p75": -0.17215
      },
      "96": {
        "n_total": 1212,
        "n_hit": 1010,
        "p_hit": 0.833333,
        "t_hit_p25": 3.0,
        "t_hit_median": 8.0,
        "t_hit_p75": 22.0,
        "mdd_p25": -1.5558750000000001,
        "mdd_median": -0.58175,
        "mdd_p75": -0.17385
      }
    },
    "2.0": {
      "12": {
        "n_total": 1212,
        "n_hit": 315,
        "p_hit": 0.259901,
        "t_hit_p25": 3.0,
        "t_hit_median": 5.0,
        "t_hit_p75": 8.0,
        "mdd_p25": -1.08985,
        "mdd_median": -0.4448,
        "mdd_p75": -0.14429999999999998
      },
      "24": {
        "n_total": 1212,
        "n_hit": 494,
        "p_hit": 0.407591,
        "t_hit_p25": 4.0,
        "t_hit_median": 9.0,
        "t_hit_p75": 16.0,
        "mdd_p25": -1.309825,
        "mdd_median": -0.57805,
        "mdd_p75": -0.17517499999999997
      },
      "36": {
        "n_total": 1212,
        "n_hit": 599,
        "p_hit": 0.494224,
        "t_hit_p25": 5.0,
        "t_hit_median": 11.0,
        "t_hit_p75": 21.0,
        "mdd_p25": -1.3171,
        "mdd_median": -0.5708,
        "mdd_p75": -0.17545
      },
      "48": {
        "n_total": 1212,
        "n_hit": 683,
        "p_hit": 0.563531,
        "t_hit_p25": 6.0,
        "t_hit_median": 14.0,
        "t_hit_p75": 27.0,
        "mdd_p25": -1.33105,
        "mdd_median": -0.5725,
        "mdd_p75": -0.20345000000000002
      },
      "60": {
        "n_total": 1212,
        "n_hit": 746,
        "p_hit": 0.615512,
        "t_hit_p25": 6.0,
        "t_hit_median": 16.0,
        "t_hit_p75": 32.0,
        "mdd_p25": -1.3904249999999998,
        "mdd_median": -0.5961000000000001,
        "mdd_p75": -0.226425
      },
      "72": {
        "n_total": 1212,
        "n_hit": 795,
        "p_hit": 0.655941,
        "t_hit_p25": 7.0,
        "t_hit_median": 17.0,
        "t_hit_p75": 36.0,
        "mdd_p25": -1.4711,
        "mdd_median": -0.668,
        "mdd_p75": -0.2524
      },
      "84": {
        "n_total": 1212,
        "n_hit": 826,
        "p_hit": 0.681518,
        "t_hit_p25": 7.0,
        "t_hit_median": 18.0,
        "t_hit_p75": 40.0,
        "mdd_p25": -1.551375,
        "mdd_median": -0.7305999999999999,
        "mdd_p75": -0.26665
      },
      "96": {
        "n_total": 1212,
        "n_hit": 848,
        "p_hit": 0.69967,
        "t_hit_p25": 7.0,
        "t_hit_median": 19.0,
        "t_hit_p75": 42.0,
        "mdd_p25": -1.58995,
        "mdd_median": -0.7902499999999999,
        "mdd_p75": -0.2731
      }
    },
    "3.0": {
      "12": {
        "n_total": 1212,
        "n_hit": 166,
        "p_hit": 0.136964,
        "t_hit_p25": 3.0,
        "t_hit_median": 5.0,
        "t_hit_p75": 9.0,
        "mdd_p25": -1.008525,
        "mdd_median": -0.43525,
        "mdd_p75": -0.1456
      },
      "24": {
        "n_total": 1212,
        "n_hit": 268,
        "p_hit": 0.221122,
        "t_hit_p25": 4.0,
        "t_hit_median": 10.0,
        "t_hit_p75": 17.0,
        "mdd_p25": -1.085325,
        "mdd_median": -0.46540000000000004,
        "mdd_p75": -0.144475
      },
      "36": {
        "n_total": 1212,
        "n_hit": 369,
        "p_hit": 0.304455,
        "t_hit_p25": 6.0,
        "t_hit_median": 15.0,
        "t_hit_p75": 26.0,
        "mdd_p25": -1.1402,
        "mdd_median": -0.5351,
        "mdd_p75": -0.1701
      },
      "48": {
        "n_total": 1212,
        "n_hit": 453,
        "p_hit": 0.373762,
        "t_hit_p25": 8.0,
        "t_hit_median": 20.0,
        "t_hit_p75": 33.0,
        "mdd_p25": -1.2181,
        "mdd_median": -0.5535,
        "mdd_p75": -0.2073
      },
      "60": {
        "n_total": 1212,