{
  "schema": "baseline_probs_v1",
  "source_labels": "data/labels/labels_v1.csv",
  "n_rows_labels": 2910,
  "thresholds": [
    0.5,
    1.0,
    2.0,
    3.0,
    5.0
  ],
  "horizons": [
    12,
    24,
    36,
    48,
    60,
    72,
    84,
    96
  ],
  "results": {
    "0.5": {
      "12": {
        "n_total": 2910,
        "n_hit": 2049,
        "p_hit": 0.704124,
        "t_hit_p25": 1.0,
        "t_hit_median": 2.0,
        "t_hit_p75": 4.0,
        "mdd_p25": -0.7304,
        "mdd_median": -0.2933,
        "mdd_p75": -0.0501
      },
      "24": {
        "n_total": 2910,
        "n_hit": 2329,
        "p_hit": 0.800344,
        "t_hit_p25": 1.0,
        "t_hit_median": 3.0,
        "t_hit_p75": 7.0,
        "mdd_p25": -0.9222,
        "mdd_median": -0.3633,
        "mdd_p75": -0.0803
      },
      "36": {
        "n_total": 2910,
        "n_hit": 2467,
        "p_hit": 0.847766,
        "t_hit_p25": 1.0,
        "t_hit_median": 3.0,
        "t_hit_p75": 8.0,
        "mdd_p25": -1.01615,
        "mdd_median": -0.4098,
        "mdd_p75": -0.09484999999999999
      },
      "48": {
        "n_total": 2910,
        "n_hit": 2520,
        "p_hit": 0.865979,
        "t_hit_p25": 1.0,
        "t_hit_median": 3.0,
        "t_hit_p75": 9.0,
        "mdd_p25": -1.1133000000000002,
        "mdd_median": -0.42385,
        "mdd_p75": -0.101525
      },
      "60": {
        "n_total": 2910,
        "n_hit": 2546,
        "p_hit": 0.874914,
        "t_hit_p25": 1.0,
        "t_hit_median": 3.0,
        "t_hit_p75": 9.0,
        "mdd_p25": -1.14955,
        "mdd_median": -0.43194999999999995,
        "mdd_p75": -0.10327499999999999
      },
      "72": {
        "n_total": 2910,
        "n_hit": 2585,
        "p_hit": 0.888316,
        "t_hit_p25": 1.0,
        "t_hit_median": 3.0,
        "t_hit_p75": 10.0,
        "mdd_p25": -1.2053,
        "mdd_median": -0.4456,
        "mdd_p75": -0.1057
      },
      "84": {
        "n_total": 2910,
        "n_hit": 2628,
        "p_hit": 0.903093,
        "t_hit_p25": 1.0,
        "t_hit_median": 3.0,
        "t_hit_p75": 10.0,
        "mdd_p25": -1.27925,
        "mdd_median": -0.46265,
        "mdd_p75": -0.10995
      },
      "96": {
        "n_total": 2910,
        "n_hit": 2657,
        "p_hit": 0.913058,
        "t_hit_p25": 1.0,
        "t_hit_median": 3.0,
        "t_hit_p75": 11.0,
        "mdd_p25": -1.337,
        "mdd_median": -0.4736,
        "mdd_p75": -0.1149
      }
    },
    "1.0": {
      "12": {
        "n_total": 2910,
        "n_hit": 1486,
        "p_hit": 0.510653,
        "t_hit_p25": 2.0,
        "t_hit_median": 4.0,
        "t_hit_p75": 7.0,
        "mdd_p25": -0.952475,
        "mdd_median": -0.36875,
        "mdd_p75": -0.08082500000000001
      },
      "24": {
        "n_total": 2910,
        "n_hit": 1869,
        "p_hit": 0.642268,
        "t_hit_p25": 2.0,
        "t_hit_median": 5.0,
        "t_hit_p75": 11.0,
        "mdd_p25": -1.1225,
        "mdd_median": -0.4747,
        "mdd_p75": -0.1277
      },
      "36": {
        "n_total": 2910,
        "n_hit": 2097,
        "p_hit": 0.720619,
        "t_hit_p25": 3.0,
        "t_hit_median": 6.0,
        "t_hit_p75": 15.0,
        "mdd_p25": -1.3305,
        "mdd_median": -0.5372,
        "mdd_p75": -0.1589
      },
      "48": {
        "n_total": 2910,
        "n_hit": 2203,
        "p_hit": 0.757045,
        "t_hit_p25": 3.0,
        "t_hit_median": 7.0,
        "t_hit_p75": 17.0,
        "mdd_p25": -1.3825,
        "mdd_median": -0.5542,
        "mdd_p75": -0.17135
      },
      "60": {
        "n_total": 2910,
        "n_hit": 2282,
        "p_hit": 0.784192,
        "t_hit_p25": 3.0,
        "t_hit_median": 7.0,
        "t_hit_p75": 18.0,
        "mdd_p25": -1.4803,
        "mdd_median": -0.5951500000000001,
        "mdd_p75": -0.181275
      },
      "72": {
        "n_total": 2910,
        "n_hit": 2348,
        "p_hit": 0.806873,
        "t_hit_p25": 3.0,
        "t_hit_median": 8.0,
        "t_hit_p75": 20.0,
        "mdd_p25": -1.58175,
        "mdd_median": -0.6189,
        "mdd_p75": -0.192075
      },
      "84": {
        "n_total": 2910,
        "n_hit": 2407,
        "p_hit": 0.827148,
        "t_hit_p25": 3.0,
        "t_hit_median": 8.0,
        "t_hit_p75": 22.0,
        "mdd_p25": -1.6834,
        "mdd_median": -0.6564,
        "mdd_p75": -0.20425
      },
      "96": {
        "n_total": 2910,
        "n_hit": 2444,
        "p_hit": 0.839863,
        "t_hit_p25": 3.0,
        "t_hit_median": 8.0,
        "t_hit_p75": 23.0,
        "mdd_p25": -1.75375,
        "mdd_median": -0.67985,
        "mdd_p75": -0.21225
      }
    },
    "2.0": {
      "12": {
        "n_total": 2910,
        "n_hit": 711,
        "p_hit": 0.24433,
        "t_hit_p25": 3.0,
        "t_hit_median": 5.0,
        "t_hit_p75": 9.0,
        "mdd_p25": -0.9743999999999999,
        "mdd_median": -0.4157,
        "mdd_p75": -0.10185
      },
      "24": {
        "n_total": 2910,
        "n_hit": 1152,
        "p_hit": 0.395876,
        "t_hit_p25": 4.0,
        "t_hit_median": 9.0,
        "t_hit_p75": 16.0,
        "mdd_p25": -1.2848249999999999,
        "mdd_median": -0.5828,
        "mdd_p75": -0.17645
      },
      "36": {
        "n_total": 2910,
        "n_hit": 1460,
        "p_hit": 0.501718,
        "t_hit_p25": 5.0,
        "t_hit_median": 13.0,
        "t_hit_p75": 23.0,
        "mdd_p25": -1.466925,
        "mdd_median": -0.68265,
        "mdd_p75": -0.22355
      },
      "48": {
        "n_total": 2910,
        "n_hit": 1655,
        "p_hit": 0.568729,
        "t_hit_p25": 6.0,
        "t_hit_median": 15.0,
        "t_hit_p75": 28.0,
        "mdd_p25": -1.55805,
        "mdd_median": -0.7588,
        "mdd_p75": -0.2655
      },
      "60": {
        "n_total": 2910,
        "n_hit": 1787,
        "p_hit": 0.614089,
        "t_hit_p25": 7.0,
        "t_hit_median": 17.0,
        "t_hit_p75": 32.0,
        "mdd_p25": -1.6165500000000002,
        "mdd_median": -0.81,
        "mdd_p75": -0.28795000000000004
      },
      "72": {
        "n_total": 2910,
        "n_hit": 1903,
        "p_hit": 0.653952,
        "t_hit_p25": 7.0,
        "t_hit_median": 18.0,
        "t_hit_p75": 35.0,
        "mdd_p25": -1.759,
        "mdd_median": -0.8956,
        "mdd_p75": -0.31320000000000003
      },
      "84": {
        "n_total": 2910,
        "n_hit": 1985,
        "p_hit": 0.682131,
        "t_hit_p25": 8.0,
        "t_hit_median": 20.0,
        "t_hit_p75": 38.0,
        "mdd_p25": -1.9121,
        "mdd_median": -0.9542,
        "mdd_p75": -0.3373
      },
      "96": {
        "n_total": 2910,
        "n_hit": 2060,
        "p_hit": 0.707904,
        "t_hit_p25": 8.0,
        "t_hit_median": 21.0,
        "t_hit_p75": 41.0,
        "mdd_p25": -2.058775,
        "mdd_median": -0.9945999999999999,
        "mdd_p75": -0.34885
      }
    },
    "3.0": {
      "12": {
        "n_total": 2910,
        "n_hit": 386,
        "p_hit": 0.132646,
        "t_hit_p25": 3.0,
        "t_hit_median": 6.0,
        "t_hit_p75": 9.0,
        "mdd_p25": -0.937925,
        "mdd_median": -0.3776,
        "mdd_p75": -0.1011
      },
      "24": {
        "n_total": 2910,
        "n_hit": 672,
        "p_hit": 0.230928,
        "t_hit_p25": 5.0,
        "t_hit_median": 10.0,
        "t_hit_p75": 17.0,
        "mdd_p25": -1.343325,
        "mdd_median": -0.5540499999999999,
        "mdd_p75": -0.1603
      },
      "36": {
        "n_total": 2910,
        "n_hit": 946,
        "p_hit": 0.325086,
        "t_hit_p25": 7.0,
        "t_hit_median": 16.0,
        "t_hit_p75": 26.0,
        "mdd_p25": -1.5887250000000002,
        "mdd_median": -0.6815,
        "mdd_p75": -0.207775
      },
      "48": {
        "n_total": 2910,
        "n_hit": 1168,
        "p_hit": 0.401375,
        "t_hit_p25": 9.0,
        "t_hit_median": 21.0,
        "t_hit_p75": 33.0,
        "mdd_p25": -1.7046750000000002,
        "mdd_median": -0.807,