{
  "schema": "baseline_probs_v1",
  "source_labels": "data/labels/labels_v1.csv",
  "n_rows_labels": 1007,
  "thresholds": [
    0.5,
    1.0,
    2.0,
    3.0,
    5.0
  ],
  "horizons": [
    12,
    24,
    36,
    48,
    60,
    72,
    84,
    96
  ],
  "results": {
    "0.5": {
      "12": {
        "n_total": 1007,
        "n_hit": 681,
        "p_hit": 0.676266,
        "t_hit_p25": 1.0,
        "t_hit_median": 3.0,
        "t_hit_p75": 6.0,
        "mdd_p25": -0.655,
        "mdd_median": -0.247,
        "mdd_p75": -0.0492
      },
      "24": {
        "n_total": 1007,
        "n_hit": 794,
        "p_hit": 0.788481,
        "t_hit_p25": 1.0,
        "t_hit_median": 4.0,
        "t_hit_p75": 8.0,
        "mdd_p25": -0.8263,
        "mdd_median": -0.32220000000000004,
        "mdd_p75": -0.080575
      },
      "36": {
        "n_total": 1007,
        "n_hit": 836,
        "p_hit": 0.830189,
        "t_hit_p25": 2.0,
        "t_hit_median": 4.0,
        "t_hit_p75": 10.0,
        "mdd_p25": -0.863775,
        "mdd_median": -0.354,
        "mdd_p75": -0.09144999999999999
      },
      "48": {
        "n_total": 1007,
        "n_hit": 846,
        "p_hit": 0.840119,
        "t_hit_p25": 2.0,
        "t_hit_median": 4.0,
        "t_hit_p75": 10.0,
        "mdd_p25": -0.9237500000000001,
        "mdd_median": -0.36735,
        "mdd_p75": -0.092225
      },
      "60": {
        "n_total": 1007,
        "n_hit": 860,
        "p_hit": 0.854022,
        "t_hit_p25": 2.0,
        "t_hit_median": 4.0,
        "t_hit_p75": 10.0,
        "mdd_p25": -0.9726750000000001,
        "mdd_median": -0.3754,
        "mdd_p75": -0.09515
      },
      "72": {
        "n_total": 1007,
        "n_hit": 882,
        "p_hit": 0.875869,
        "t_hit_p25": 2.0,
        "t_hit_median": 4.0,
        "t_hit_p75": 11.0,
        "mdd_p25": -1.012125,
        "mdd_median": -0.39,
        "mdd_p75": -0.102025
      },
      "84": {
        "n_total": 1007,
        "n_hit": 898,
        "p_hit": 0.891758,
        "t_hit_p25": 2.0,
        "t_hit_median": 4.0,
        "t_hit_p75": 12.0,
        "mdd_p25": -1.12205,
        "mdd_median": -0.41005,
        "mdd_p75": -0.10415
      },
      "96": {
        "n_total": 1007,
        "n_hit": 904,
        "p_hit": 0.897716,
        "t_hit_p25": 2.0,
        "t_hit_median": 4.0,
        "t_hit_p75": 12.0,
        "mdd_p25": -1.1540499999999998,
        "mdd_median": -0.41615,
        "mdd_p75": -0.104675
      }
    },
    "1.0": {
      "12": {
        "n_total": 1007,
        "n_hit": 474,
        "p_hit": 0.470705,
        "t_hit_p25": 2.0,
        "t_hit_median": 5.0,
        "t_hit_p75": 7.0,
        "mdd_p25": -0.778575,
        "mdd_median": -0.27115,
        "mdd_p75": -0.058850000000000006
      },
      "24": {
        "n_total": 1007,
        "n_hit": 619,
        "p_hit": 0.614697,
        "t_hit_p25": 3.0,
        "t_hit_median": 6.0,
        "t_hit_p75": 12.0,
        "mdd_p25": -0.9373,
        "mdd_median": -0.3894,
        "mdd_p75": -0.0982
      },
      "36": {
        "n_total": 1007,
        "n_hit": 700,
        "p_hit": 0.695134,
        "t_hit_p25": 3.0,
        "t_hit_median": 7.0,
        "t_hit_p75": 16.25,
        "mdd_p25": -1.056375,
        "mdd_median": -0.431,
        "mdd_p75": -0.120175
      },
      "48": {
        "n_total": 1007,
        "n_hit": 735,
        "p_hit": 0.729891,
        "t_hit_p25": 4.0,
        "t_hit_median": 8.0,
        "t_hit_p75": 18.0,
        "mdd_p25": -1.0987,
        "mdd_median": -0.4433,
        "mdd_p75": -0.13440000000000002
      },
      "60": {
        "n_total": 1007,
        "n_hit": 771,
        "p_hit": 0.765641,
        "t_hit_p25": 4.0,
        "t_hit_median": 8.0,
        "t_hit_p75": 20.5,
        "mdd_p25": -1.2121499999999998,
        "mdd_median": -0.4726,
        "mdd_p75": -0.14529999999999998
      },
      "72": {
        "n_total": 1007,
        "n_hit": 802,
        "p_hit": 0.796425,
        "t_hit_p25": 4.0,
        "t_hit_median": 9.0,
        "t_hit_p75": 22.0,
        "mdd_p25": -1.3241749999999999,
        "mdd_median": -0.49675,
        "mdd_p75": -0.15785
      },
      "84": {
        "n_total": 1007,
        "n_hit": 823,
        "p_hit": 0.817279,
        "t_hit_p25": 4.0,
        "t_hit_median": 9.0,
        "t_hit_p75": 24.0,
        "mdd_p25": -1.38205,
        "mdd_median": -0.5252,
        "mdd_p75": -0.16194999999999998
      },
      "96": {
        "n_total": 1007,
        "n_hit": 834,
        "p_hit": 0.828203,
        "t_hit_p25": 4.0,
        "t_hit_median": 10.0,
        "t_hit_p75": 25.0,
        "mdd_p25": -1.4126,
        "mdd_median": -0.5395,
        "mdd_p75": -0.163975
      }
    },
    "2.0": {
      "12": {
        "n_total": 1007,
        "n_hit": 208,
        "p_hit": 0.206554,
        "t_hit_p25": 3.75,
        "t_hit_median": 6.0,
        "t_hit_p75": 9.0,
        "mdd_p25": -0.7283,
        "mdd_median": -0.34425,
        "mdd_p75": -0.068325
      },
      "24": {
        "n_total": 1007,
        "n_hit": 363,
        "p_hit": 0.360477,
        "t_hit_p25": 6.0,
        "t_hit_median": 10.0,
        "t_hit_p75": 17.0,
        "mdd_p25": -1.0234,
        "mdd_median": -0.5065,
        "mdd_p75": -0.15885
      },
      "36": {
        "n_total": 1007,
        "n_hit": 455,
        "p_hit": 0.451837,
        "t_hit_p25": 7.0,
        "t_hit_median": 14.0,
        "t_hit_p75": 22.0,
        "mdd_p25": -1.01565,
        "mdd_median": -0.4726,
        "mdd_p75": -0.15985
      },
      "48": {
        "n_total": 1007,
        "n_hit": 537,
        "p_hit": 0.533267,
        "t_hit_p25": 8.0,
        "t_hit_median": 17.0,
        "t_hit_p75": 31.0,
        "mdd_p25": -1.1485,
        "mdd_median": -0.4818,
        "mdd_p75": -0.1749
      },
      "60": {
        "n_total": 1007,
        "n_hit": 597,
        "p_hit": 0.59285,
        "t_hit_p25": 9.0,
        "t_hit_median": 19.0,
        "t_hit_p75": 35.0,
        "mdd_p25": -1.2336,
        "mdd_median": -0.5428,
        "mdd_p75": -0.2073
      },
      "72": {
        "n_total": 1007,
        "n_hit": 640,
        "p_hit": 0.635551,
        "t_hit_p25": 9.0,
        "t_hit_median": 20.0,
        "t_hit_p75": 41.0,
        "mdd_p25": -1.305175,
        "mdd_median": -0.5850500000000001,
        "mdd_p75": -0.23452499999999998
      },
      "84": {
        "n_total": 1007,
        "n_hit": 665,
        "p_hit": 0.660377,
        "t_hit_p25": 10.0,
        "t_hit_median": 21.0,
        "t_hit_p75": 43.0,
        "mdd_p25": -1.3777,
        "mdd_median": -0.6018,
        "mdd_p75": -0.247
      },
      "96": {
        "n_total": 1007,
        "n_hit": 687,
        "p_hit": 0.682224,
        "t_hit_p25": 10.0,
        "t_hit_median": 22.0,
        "t_hit_p75": 45.0,
        "mdd_p25": -1.4586000000000001,
        "mdd_median": -0.6385,
        "mdd_p75": -0.26034999999999997
      }
    },
    "3.0": {
      "12": {
        "n_total": 1007,
        "n_hit": 98,
        "p_hit": 0.097319,
        "t_hit_p25": 4.25,
        "t_hit_median": 7.0,
        "t_hit_p75": 10.0,
        "mdd_p25": -0.789975,
        "mdd_median": -0.32765,
        "mdd_p75": -0.120475
      },
      "24": {
        "n_total": 1007,
        "n_hit": 178,
        "p_hit": 0.176763,
        "t_hit_p25": 7.0,
        "t_hit_median": 11.0,
        "t_hit_p75": 18.75,
        "mdd_p25": -0.719275,
        "mdd_median": -0.36175,
        "mdd_p75": -0.1167
      },
      "36": {
        "n_total": 1007,
        "n_hit": 268,
        "p_hit": 0.266137,
        "t_hit_p25": 9.0,
        "t_hit_median": 19.0,
        "t_hit_p75": 28.0,
        "mdd_p25": -0.9013249999999999,
        "mdd_median": -0.44955,
        "mdd_p75": -0.14435
      },
      "48": {
        "n_total": 1007,
        "n_hit": 341,
        "p_hit": 0.33863,
        "t_hit_p25": 11.0,
        "t_hit_median": 23.0,
        "t_hit_p75": 34.0,
        "mdd_p25": -0.9761,
        "mdd_median": -0.4798,