{
  "schema": "baseline_probs_v1",
  "source_labels": "data/labels/labels_v1.csv",
  "n_rows_labels": 1779,
  "thresholds": [
    0.5,
    1.0,
    2.0,
    3.0,
    5.0
  ],
  "horizons": [
    12,
    24,
    36,
    48,
    60,
    72,
    84,
    96
  ],
  "results": {
    "0.5": {
      "12": {
        "n_total": 1779,
        "n_hit": 1290,
        "p_hit": 0.725126,
        "t_hit_p25": 1.0,
        "t_hit_median": 2.0,
        "t_hit_p75": 4.0,
        "mdd_p25": -0.81135,
        "mdd_median": -0.29710000000000003,
        "mdd_p75": -0.057050000000000003
      },
      "24": {
        "n_total": 1779,
        "n_hit": 1451,
        "p_hit": 0.815627,
        "t_hit_p25": 1.0,
        "t_hit_median": 2.0,
        "t_hit_p75": 6.0,
        "mdd_p25": -0.9612499999999999,
        "mdd_median": -0.368,
        "mdd_p75": -0.0889
      },
      "36": {
        "n_total": 1779,
        "n_hit": 1521,
        "p_hit": 0.854975,
        "t_hit_p25": 1.0,
        "t_hit_median": 3.0,
        "t_hit_p75": 7.0,
        "mdd_p25": -1.039,
        "mdd_median": -0.4028,
        "mdd_p75": -0.1009
      },
      "48": {
        "n_total": 1779,
        "n_hit": 1543,
        "p_hit": 0.867341,
        "t_hit_p25": 1.0,
        "t_hit_median": 3.0,
        "t_hit_p75": 8.0,
        "mdd_p25": -1.1024,
        "mdd_median": -0.4132,
        "mdd_p75": -0.1031
      },
      "60": {
        "n_total": 1779,
        "n_hit": 1558,
        "p_hit": 0.875773,
        "t_hit_p25": 1.0,
        "t_hit_median": 3.0,
        "t_hit_p75": 8.0,
        "mdd_p25": -1.149175,
        "mdd_median": -0.42005,
        "mdd_p75": -0.10464999999999999
      },
      "72": {
        "n_total": 1779,
        "n_hit": 1587,
        "p_hit": 0.892074,
        "t_hit_p25": 1.0,
        "t_hit_median": 3.0,
        "t_hit_p75": 9.0,
        "mdd_p25": -1.2235999999999998,
        "mdd_median": -0.4355,
        "mdd_p75": -0.10815
      },
      "84": {
        "n_total": 1779,
        "n_hit": 1614,
        "p_hit": 0.907251,
        "t_hit_p25": 1.0,
        "t_hit_median": 3.0,
        "t_hit_p75": 9.0,
        "mdd_p25": -1.28405,
        "mdd_median": -0.44830000000000003,
        "mdd_p75": -0.112675
      },
      "96": {
        "n_total": 1779,
        "n_hit": 1633,
        "p_hit": 0.917931,
        "t_hit_p25": 1.0,
        "t_hit_median": 3.0,
        "t_hit_p75": 10.0,
        "mdd_p25": -1.3495,
        "mdd_median": -0.4671,
        "mdd_p75": -0.1166
      }
    },
    "1.0": {
      "12": {
        "n_total": 1779,
        "n_hit": 966,
        "p_hit": 0.543002,
        "t_hit_p25": 2.0,
        "t_hit_median": 4.0,
        "t_hit_p75": 7.0,
        "mdd_p25": -0.9993749999999999,
        "mdd_median": -0.38675000000000004,
        "mdd_p75": -0.084125
      },
      "24": {
        "n_total": 1779,
        "n_hit": 1174,
        "p_hit": 0.659921,
        "t_hit_p25": 2.0,
        "t_hit_median": 5.0,
        "t_hit_p75": 10.0,
        "mdd_p25": -1.186425,
        "mdd_median": -0.4759,
        "mdd_p75": -0.12755
      },
      "36": {
        "n_total": 1779,
        "n_hit": 1300,
        "p_hit": 0.730748,
        "t_hit_p25": 2.0,
        "t_hit_median": 6.0,
        "t_hit_p75": 13.0,
        "mdd_p25": -1.350675,
        "mdd_median": -0.52525,
        "mdd_p75": -0.153675
      },
      "48": {
        "n_total": 1779,
        "n_hit": 1360,
        "p_hit": 0.764474,
        "t_hit_p25": 2.0,
        "t_hit_median": 6.0,
        "t_hit_p75": 15.0,
        "mdd_p25": -1.383625,
        "mdd_median": -0.5422,
        "mdd_p75": -0.161775
      },
      "60": {
        "n_total": 1779,
        "n_hit": 1415,
        "p_hit": 0.795391,
        "t_hit_p25": 3.0,
        "t_hit_median": 6.0,
        "t_hit_p75": 17.0,
        "mdd_p25": -1.4853999999999998,
        "mdd_median": -0.5768,
        "mdd_p75": -0.17085
      },
      "72": {
        "n_total": 1779,
        "n_hit": 1464,
        "p_hit": 0.822934,
        "t_hit_p25": 3.0,
        "t_hit_median": 7.0,
        "t_hit_p75": 19.0,
        "mdd_p25": -1.5973000000000002,
        "mdd_median": -0.60345,
        "mdd_p75": -0.17689999999999997
      },
      "84": {
        "n_total": 1779,
        "n_hit": 1498,
        "p_hit": 0.842046,
        "t_hit_p25": 3.0,
        "t_hit_median": 7.0,
        "t_hit_p75": 21.0,
        "mdd_p25": -1.68675,
        "mdd_median": -0.62885,
        "mdd_p75": -0.18524999999999997
      },
      "96": {
        "n_total": 1779,
        "n_hit": 1518,
        "p_hit": 0.853288,
        "t_hit_p25": 3.0,
        "t_hit_median": 7.0,
        "t_hit_p75": 21.0,
        "mdd_p25": -1.74935,
        "mdd_median": -0.6582,
        "mdd_p75": -0.19115
      }
    },
    "2.0": {
      "12": {
        "n_total": 1779,
        "n_hit": 502,
        "p_hit": 0.282181,
        "t_hit_p25": 3.0,
        "t_hit_median": 5.0,
        "t_hit_p75": 8.0,
        "mdd_p25": -1.07665,
        "mdd_median": -0.43935,
        "mdd_p75": -0.12284999999999999
      },
      "24": {
        "n_total": 1779,
        "n_hit": 771,
        "p_hit": 0.43339,
        "t_hit_p25": 4.0,
        "t_hit_median": 8.0,
        "t_hit_p75": 15.5,
        "mdd_p25": -1.3456,
        "mdd_median": -0.5949,
        "mdd_p75": -0.1742
      },
      "36": {
        "n_total": 1779,
        "n_hit": 933,
        "p_hit": 0.524452,
        "t_hit_p25": 5.0,
        "t_hit_median": 11.0,
        "t_hit_p75": 21.0,
        "mdd_p25": -1.5175,
        "mdd_median": -0.6414,
        "mdd_p75": -0.1922
      },
      "48": {
        "n_total": 1779,
        "n_hit": 1051,
        "p_hit": 0.590781,
        "t_hit_p25": 5.0,
        "t_hit_median": 13.0,
        "t_hit_p75": 26.0,
        "mdd_p25": -1.5538500000000002,
        "mdd_median": -0.6842,
        "mdd_p75": -0.22920000000000001
      },
      "60": {
        "n_total": 1779,
        "n_hit": 1141,
        "p_hit": 0.641372,
        "t_hit_p25": 6.0,
        "t_hit_median": 15.0,
        "t_hit_p75": 31.0,
        "mdd_p25": -1.616,
        "mdd_median": -0.7615,
        "mdd_p75": -0.2613
      },
      "72": {
        "n_total": 1779,
        "n_hit": 1216,
        "p_hit": 0.68353,
        "t_hit_p25": 6.0,
        "t_hit_median": 16.0,
        "t_hit_p75": 35.0,
        "mdd_p25": -1.7542,
        "mdd_median": -0.8671,
        "mdd_p75": -0.277625
      },
      "84": {
        "n_total": 1779,
        "n_hit": 1259,
        "p_hit": 0.707701,
        "t_hit_p25": 6.0,
        "t_hit_median": 17.0,
        "t_hit_p75": 38.0,
        "mdd_p25": -1.8789,
        "mdd_median": -0.9343,
        "mdd_p75": -0.2954
      },
      "96": {
        "n_total": 1779,
        "n_hit": 1296,
        "p_hit": 0.728499,
        "t_hit_p25": 7.0,
        "t_hit_median": 18.0,
        "t_hit_p75": 41.0,
        "mdd_p25": -2.0220000000000002,
        "mdd_median": -0.9736499999999999,
        "mdd_p75": -0.304825
      }
    },
    "3.0": {
      "12": {
        "n_total": 1779,
        "n_hit": 291,
        "p_hit": 0.163575,
        "t_hit_p25": 3.0,
        "t_hit_median": 6.0,
        "t_hit_p75": 9.0,
        "mdd_p25": -0.98065,
        "mdd_median": -0.4322,
        "mdd_p75": -0.1362
      },
      "24": {
        "n_total": 1779,
        "n_hit": 467,
        "p_hit": 0.262507,
        "t_hit_p25": 5.0,
        "t_hit_median": 9.0,
        "t_hit_p75": 16.5,
        "mdd_p25": -1.2716500000000002,
        "mdd_median": -0.5429,
        "mdd_p75": -0.16435
      },
      "36": {
        "n_total": 1779,
        "n_hit": 633,
        "p_hit": 0.355818,
        "t_hit_p25": 6.0,
        "t_hit_median": 14.0,
        "t_hit_p75": 25.0,
        "mdd_p25": -1.4987,
        "mdd_median": -0.6162,
        "mdd_p75": -0.1925
      },
      "48": {
        "n_total": 1779,
        "n_hit": 757,
        "p_hit": 0.42552,
        "t_hit_p25": 7.0,
        "t_hit_median": 19.0,
        "t_hit_p75": 31.0,
        "mdd_p25": -1.5877,