{
  "schema": "baseline_probs_v1",
  "source_labels": "data/labels/labels_v1.csv",
  "n_rows_labels": 886,
  "thresholds": [
    0.5,
    1.0,
    2.0,
    3.0,
    5.0
  ],
  "horizons": [
    12,
    24,
    36,
    48,
    60,
    72,
    84,
    96
  ],
  "results": {
    "0.5": {
      "12": {
        "n_total": 886,
        "n_hit": 598,
        "p_hit": 0.674944,
        "t_hit_p25": 1.0,
        "t_hit_median": 3.0,
        "t_hit_p75": 6.0,
        "mdd_p25": -0.63005,
        "mdd_median": -0.244,
        "mdd_p75": -0.053224999999999995
      },
      "24": {
        "n_total": 886,
        "n_hit": 709,
        "p_hit": 0.800226,
        "t_hit_p25": 2.0,
        "t_hit_median": 4.0,
        "t_hit_p75": 9.0,
        "mdd_p25": -0.7982,
        "mdd_median": -0.3229,
        "mdd_p75": -0.0896
      },
      "36": {
        "n_total": 886,
        "n_hit": 751,
        "p_hit": 0.84763,
        "t_hit_p25": 2.0,
        "t_hit_median": 4.0,
        "t_hit_p75": 10.0,
        "mdd_p25": -0.84195,
        "mdd_median": -0.3594,
        "mdd_p75": -0.09895
      },
      "48": {
        "n_total": 886,
        "n_hit": 761,
        "p_hit": 0.858916,
        "t_hit_p25": 2.0,
        "t_hit_median": 4.0,
        "t_hit_p75": 10.0,
        "mdd_p25": -0.8852,
        "mdd_median": -0.3684,
        "mdd_p75": -0.102
      },
      "60": {
        "n_total": 886,
        "n_hit": 775,
        "p_hit": 0.874718,
        "t_hit_p25": 2.0,
        "t_hit_median": 5.0,
        "t_hit_p75": 11.0,
        "mdd_p25": -0.9586,
        "mdd_median": -0.3797,
        "mdd_p75": -0.10455
      },
      "72": {
        "n_total": 886,
        "n_hit": 797,
        "p_hit": 0.899549,
        "t_hit_p25": 2.0,
        "t_hit_median": 5.0,
        "t_hit_p75": 12.0,
        "mdd_p25": -1.0619,
        "mdd_median": -0.3978,
        "mdd_p75": -0.1066
      },
      "84": {
        "n_total": 886,
        "n_hit": 813,
        "p_hit": 0.917607,
        "t_hit_p25": 2.0,
        "t_hit_median": 5.0,
        "t_hit_p75": 13.0,
        "mdd_p25": -1.1668,
        "mdd_median": -0.4142,
        "mdd_p75": -0.1108
      },
      "96": {
        "n_total": 886,
        "n_hit": 819,
        "p_hit": 0.924379,
        "t_hit_p25": 2.0,
        "t_hit_median": 5.0,
        "t_hit_p75": 14.0,
        "mdd_p25": -1.18105,
        "mdd_median": -0.4243,
        "mdd_p75": -0.11285
      }
    },
    "1.0": {
      "12": {
        "n_total": 886,
        "n_hit": 418,
        "p_hit": 0.471783,
        "t_hit_p25": 3.0,
        "t_hit_median": 5.0,
        "t_hit_p75": 8.0,
        "mdd_p25": -0.736675,
        "mdd_median": -0.26265000000000005,
        "mdd_p75": -0.0678
      },
      "24": {
        "n_total": 886,
        "n_hit": 559,
        "p_hit": 0.630926,
        "t_hit_p25": 3.5,
        "t_hit_median": 7.0,
        "t_hit_p75": 13.0,
        "mdd_p25": -0.933,
        "mdd_median": -0.3775,
        "mdd_p75": -0.10145
      },
      "36": {
        "n_total": 886,
        "n_hit": 640,
        "p_hit": 0.722348,
        "t_hit_p25": 4.0,
        "t_hit_median": 8.0,
        "t_hit_p75": 18.0,
        "mdd_p25": -1.0644250000000002,
        "mdd_median": -0.4289,
        "mdd_p75": -0.12785000000000002
      },
      "48": {
        "n_total": 886,
        "n_hit": 675,
        "p_hit": 0.761851,
        "t_hit_p25": 4.0,
        "t_hit_median": 9.0,
        "t_hit_p75": 19.0,
        "mdd_p25": -1.11595,
        "mdd_median": -0.4448,
        "mdd_p75": -0.14129999999999998
      },
      "60": {
        "n_total": 886,
        "n_hit": 711,
        "p_hit": 0.802483,
        "t_hit_p25": 4.0,
        "t_hit_median": 9.0,
        "t_hit_p75": 21.5,
        "mdd_p25": -1.2328999999999999,
        "mdd_median": -0.4749,
        "mdd_p75": -0.15555
      },
      "72": {
        "n_total": 886,
        "n_hit": 742,
        "p_hit": 0.837472,
        "t_hit_p25": 4.0,
        "t_hit_median": 10.0,
        "t_hit_p75": 24.0,
        "mdd_p25": -1.350775,
        "mdd_median": -0.5065500000000001,
        "mdd_p75": -0.162775
      },
      "84": {
        "n_total": 886,
        "n_hit": 763,
        "p_hit": 0.861174,
        "t_hit_p25": 5.0,
        "t_hit_median": 10.0,
        "t_hit_p75": 26.0,
        "mdd_p25": -1.3986,
        "mdd_median": -0.5418,
        "mdd_p75": -0.16985
      },
      "96": {
        "n_total": 886,
        "n_hit": 774,
        "p_hit": 0.873589,
        "t_hit_p25": 5.0,
        "t_hit_median": 11.0,
        "t_hit_p75": 27.0,
        "mdd_p25": -1.47895,
        "mdd_median": -0.54455,
        "mdd_p75": -0.171175
      }
    },
    "2.0": {
      "12": {
        "n_total": 886,
        "n_hit": 188,
        "p_hit": 0.21219,
        "t_hit_p25": 4.0,
        "t_hit_median": 6.0,
        "t_hit_p75": 9.0,
        "mdd_p25": -0.716025,
        "mdd_median": -0.35014999999999996,
        "mdd_p75": -0.094875
      },
      "24": {
        "n_total": 886,
        "n_hit": 330,
        "p_hit": 0.37246,
        "t_hit_p25": 6.0,
        "t_hit_median": 11.0,
        "t_hit_p75": 17.0,
        "mdd_p25": -1.0266000000000002,
        "mdd_median": -0.5065500000000001,
        "mdd_p75": -0.15864999999999999
      },
      "36": {
        "n_total": 886,
        "n_hit": 420,
        "p_hit": 0.474041,
        "t_hit_p25": 7.0,
        "t_hit_median": 14.0,
        "t_hit_p75": 23.0,
        "mdd_p25": -1.0147499999999998,
        "mdd_median": -0.4693,
        "mdd_p75": -0.157225
      },
      "48": {
        "n_total": 886,
        "n_hit": 502,
        "p_hit": 0.566591,
        "t_hit_p25": 8.0,
        "t_hit_median": 17.0,
        "t_hit_p75": 31.0,
        "mdd_p25": -1.16775,
        "mdd_median": -0.48045000000000004,
        "mdd_p75": -0.17702500000000002
      },
      "60": {
        "n_total": 886,
        "n_hit": 562,
        "p_hit": 0.634312,
        "t_hit_p25": 9.0,
        "t_hit_median": 19.5,
        "t_hit_p75": 37.0,
        "mdd_p25": -1.24895,
        "mdd_median": -0.54285,
        "mdd_p75": -0.207425
      },
      "72": {
        "n_total": 886,
        "n_hit": 605,
        "p_hit": 0.682844,
        "t_hit_p25": 10.0,
        "t_hit_median": 21.0,
        "t_hit_p75": 42.0,
        "mdd_p25": -1.3245,
        "mdd_median": -0.5855,
        "mdd_p75": -0.2382
      },
      "84": {
        "n_total": 886,
        "n_hit": 630,
        "p_hit": 0.711061,
        "t_hit_p25": 10.0,
        "t_hit_median": 23.0,
        "t_hit_p75": 44.0,
        "mdd_p25": -1.397275,
        "mdd_median": -0.60675,
        "mdd_p75": -0.24925
      },
      "96": {
        "n_total": 886,
        "n_hit": 652,
        "p_hit": 0.735892,
        "t_hit_p25": 10.0,
        "t_hit_median": 24.0,
        "t_hit_p75": 46.0,
        "mdd_p25": -1.47625,
        "mdd_median": -0.6488,
        "mdd_p75": -0.2654
      }
    },
    "3.0": {
      "12": {
        "n_total": 886,
        "n_hit": 87,
        "p_hit": 0.098194,
        "t_hit_p25": 4.5,
        "t_hit_median": 7.0,
        "t_hit_p75": 10.0,
        "mdd_p25": -0.85395,
        "mdd_median": -0.3339,
        "mdd_p75": -0.13845000000000002
      },
      "24": {
        "n_total": 886,
        "n_hit": 159,
        "p_hit": 0.179458,
        "t_hit_p25": 7.0,
        "t_hit_median": 11.0,
        "t_hit_p75": 18.5,
        "mdd_p25": -0.7073,
        "mdd_median": -0.3402,
        "mdd_p75": -0.1148
      },
      "36": {
        "n_total": 886,
        "n_hit": 240,
        "p_hit": 0.27088,
        "t_hit_p25": 10.0,
        "t_hit_median": 19.0,
        "t_hit_p75": 29.0,
        "mdd_p25": -0.823475,
        "mdd_median": -0.40754999999999997,
        "mdd_p75": -0.133525
      },
      "48": {
        "n_total": 886,
        "n_hit": 313,
        "p_hit": 0.353273,
        "t_hit_p25": 11.0,
        "t_hit_median": 24.0,
        "t_hit_p75": 36.0,
        "mdd_p25": -0.9724,
        "mdd_median": -0.4718,
        "mdd_p75": -0.1808
      },