{
  "schema": "baseline_probs_v1",
  "source_labels": "data/labels/labels_v1.csv",
  "n_rows_labels": 897,
  "thresholds": [
    0.5,
    1.0,
    2.0,
    3.0,
    5.0
  ],
  "horizons": [
    12,
    24,
    36,
    48,
    60,
    72,
    84,
    96
  ],
  "results": {
    "0.5": {
      "12": {
        "n_total": 897,
        "n_hit": 609,
        "p_hit": 0.67893,
        "t_hit_p25": 1.0,
        "t_hit_median": 3.0,
        "t_hit_p75": 6.0,
        "mdd_p25": -0.6385,
        "mdd_median": -0.247,
        "mdd_p75": -0.0528
      },
      "24": {
        "n_total": 897,
        "n_hit": 720,
        "p_hit": 0.802676,
        "t_hit_p25": 2.0,
        "t_hit_median": 4.0,
        "t_hit_p75": 9.0,
        "mdd_p25": -0.8020499999999999,
        "mdd_median": -0.32494999999999996,
        "mdd_p75": -0.08925
      },
      "36": {
        "n_total": 897,
        "n_hit": 762,
        "p_hit": 0.849498,
        "t_hit_p25": 2.0,
        "t_hit_median": 4.0,
        "t_hit_p75": 10.0,
        "mdd_p25": -0.8455250000000001,
        "mdd_median": -0.3594,
        "mdd_p75": -0.09812499999999999
      },
      "48": {
        "n_total": 897,
        "n_hit": 772,
        "p_hit": 0.860647,
        "t_hit_p25": 2.0,
        "t_hit_median": 4.0,
        "t_hit_p75": 10.0,
        "mdd_p25": -0.8952000000000001,
        "mdd_median": -0.3688,
        "mdd_p75": -0.101725
      },
      "60": {
        "n_total": 897,
        "n_hit": 786,
        "p_hit": 0.876254,
        "t_hit_p25": 2.0,
        "t_hit_median": 4.0,
        "t_hit_p75": 11.0,
        "mdd_p25": -0.9655,
        "mdd_median": -0.3797,
        "mdd_p75": -0.104425
      },
      "72": {
        "n_total": 897,
        "n_hit": 808,
        "p_hit": 0.90078,
        "t_hit_p25": 2.0,
        "t_hit_median": 5.0,
        "t_hit_p75": 12.0,
        "mdd_p25": -1.029325,
        "mdd_median": -0.4003,
        "mdd_p75": -0.106525
      },
      "84": {
        "n_total": 897,
        "n_hit": 824,
        "p_hit": 0.918618,
        "t_hit_p25": 2.0,
        "t_hit_median": 5.0,
        "t_hit_p75": 13.0,
        "mdd_p25": -1.149575,
        "mdd_median": -0.41664999999999996,
        "mdd_p75": -0.11055
      },
      "96": {
        "n_total": 897,
        "n_hit": 830,
        "p_hit": 0.925307,
        "t_hit_p25": 2.0,
        "t_hit_median": 5.0,
        "t_hit_p75": 13.75,
        "mdd_p25": -1.169225,
        "mdd_median": -0.42515000000000003,
        "mdd_p75": -0.112675
      }
    },
    "1.0": {
      "12": {
        "n_total": 897,
        "n_hit": 429,
        "p_hit": 0.478261,
        "t_hit_p25": 3.0,
        "t_hit_median": 5.0,
        "t_hit_p75": 8.0,
        "mdd_p25": -0.783,
        "mdd_median": -0.2725,
        "mdd_p75": -0.0678
      },
      "24": {
        "n_total": 897,
        "n_hit": 570,
        "p_hit": 0.635452,
        "t_hit_p25": 3.0,
        "t_hit_median": 7.0,
        "t_hit_p75": 12.0,
        "mdd_p25": -0.9336500000000001,
        "mdd_median": -0.3872,
        "mdd_p75": -0.102375
      },
      "36": {
        "n_total": 897,
        "n_hit": 651,
        "p_hit": 0.725753,
        "t_hit_p25": 4.0,
        "t_hit_median": 8.0,
        "t_hit_p75": 17.0,
        "mdd_p25": -1.0584,
        "mdd_median": -0.4427,
        "mdd_p75": -0.129
      },
      "48": {
        "n_total": 897,
        "n_hit": 686,
        "p_hit": 0.764771,
        "t_hit_p25": 4.0,
        "t_hit_median": 8.0,
        "t_hit_p75": 19.0,
        "mdd_p25": -1.10635,
        "mdd_median": -0.4514,
        "mdd_p75": -0.14250000000000002
      },
      "60": {
        "n_total": 897,
        "n_hit": 722,
        "p_hit": 0.804905,
        "t_hit_p25": 4.0,
        "t_hit_median": 9.0,
        "t_hit_p75": 21.0,
        "mdd_p25": -1.2183249999999999,
        "mdd_median": -0.4786,
        "mdd_p75": -0.156275
      },
      "72": {
        "n_total": 897,
        "n_hit": 753,
        "p_hit": 0.839465,
        "t_hit_p25": 4.0,
        "t_hit_median": 10.0,
        "t_hit_p75": 24.0,
        "mdd_p25": -1.3415,
        "mdd_median": -0.5071,
        "mdd_p75": -0.1651
      },
      "84": {
        "n_total": 897,
        "n_hit": 774,
        "p_hit": 0.862876,
        "t_hit_p25": 4.0,
        "t_hit_median": 10.0,
        "t_hit_p75": 25.0,
        "mdd_p25": -1.396575,
        "mdd_median": -0.54275,
        "mdd_p75": -0.17024999999999998
      },
      "96": {
        "n_total": 897,
        "n_hit": 785,
        "p_hit": 0.875139,
        "t_hit_p25": 4.0,
        "t_hit_median": 10.0,
        "t_hit_p75": 27.0,
        "mdd_p25": -1.4609,
        "mdd_median": -0.5477,
        "mdd_p75": -0.1717
      }
    },
    "2.0": {
      "12": {
        "n_total": 897,
        "n_hit": 189,
        "p_hit": 0.210702,
        "t_hit_p25": 4.0,
        "t_hit_median": 6.0,
        "t_hit_p75": 9.0,
        "mdd_p25": -0.7144,
        "mdd_median": -0.352,
        "mdd_p75": -0.1009
      },
      "24": {
        "n_total": 897,
        "n_hit": 339,
        "p_hit": 0.377926,
        "t_hit_p25": 6.0,
        "t_hit_median": 11.0,
        "t_hit_p75": 17.0,
        "mdd_p25": -1.0030999999999999,
        "mdd_median": -0.5066,
        "mdd_p75": -0.16935
      },
      "36": {
        "n_total": 897,
        "n_hit": 431,
        "p_hit": 0.480491,
        "t_hit_p25": 7.0,
        "t_hit_median": 15.0,
        "t_hit_p75": 23.0,
        "mdd_p25": -1.00885,
        "mdd_median": -0.4749,
        "mdd_p75": -0.16625
      },
      "48": {
        "n_total": 897,
        "n_hit": 513,
        "p_hit": 0.571906,
        "t_hit_p25": 8.0,
        "t_hit_median": 17.0,
        "t_hit_p75": 31.0,
        "mdd_p25": -1.1216,
        "mdd_median": -0.4948,
        "mdd_p75": -0.1808
      },
      "60": {
        "n_total": 897,
        "n_hit": 573,
        "p_hit": 0.638796,
        "t_hit_p25": 9.0,
        "t_hit_median": 20.0,
        "t_hit_p75": 36.0,
        "mdd_p25": -1.2247,
        "mdd_median": -0.5434,
        "mdd_p75": -0.2148
      },
      "72": {
        "n_total": 897,
        "n_hit": 616,
        "p_hit": 0.686734,
        "t_hit_p25": 10.0,
        "t_hit_median": 21.0,
        "t_hit_p75": 42.0,
        "mdd_p25": -1.305175,
        "mdd_median": -0.5879000000000001,
        "mdd_p75": -0.2438
      },
      "84": {
        "n_total": 897,
        "n_hit": 641,
        "p_hit": 0.714604,
        "t_hit_p25": 10.0,
        "t_hit_median": 23.0,
        "t_hit_p75": 44.0,
        "mdd_p25": -1.3869,
        "mdd_median": -0.6094,
        "mdd_p75": -0.2613
      },
      "96": {
        "n_total": 897,
        "n_hit": 663,
        "p_hit": 0.73913,
        "t_hit_p25": 11.0,
        "t_hit_median": 23.0,
        "t_hit_p75": 46.0,
        "mdd_p25": -1.46385,
        "mdd_median": -0.6502,
        "mdd_p75": -0.2698
      }
    },
    "3.0": {
      "12": {
        "n_total": 897,
        "n_hit": 87,
        "p_hit": 0.09699,
        "t_hit_p25": 4.5,
        "t_hit_median": 7.0,
        "t_hit_p75": 10.0,
        "mdd_p25": -0.85395,
        "mdd_median": -0.3339,
        "mdd_p75": -0.13845000000000002
      },
      "24": {
        "n_total": 897,
        "n_hit": 162,
        "p_hit": 0.180602,
        "t_hit_p25": 7.0,
        "t_hit_median": 12.0,
        "t_hit_p75": 19.0,
        "mdd_p25": -0.699175,
        "mdd_median": -0.35209999999999997,
        "mdd_p75": -0.1167
      },
      "36": {
        "n_total": 897,
        "n_hit": 251,
        "p_hit": 0.279822,
        "t_hit_p25": 10.0,
        "t_hit_median": 20.0,
        "t_hit_p75": 29.0,
        "mdd_p25": -0.8527,
        "mdd_median": -0.4448,
        "mdd_p75": -0.14429999999999998
      },
      "48": {
        "n_total": 897,
        "n_hit": 324,
        "p_hit": 0.361204,
        "t_hit_p25": 12.0,
        "t_hit_median": 24.5,
        "t_hit_p75": 35.0,
        "mdd_p25": -0.9737,
        "mdd_median": -0.4793,
        "mdd_p75": -0.1969
      },