{
  "schema": "baseline_probs_v1",
  "source_labels": "data/labels/labels_v1.csv",
  "n_rows_labels": 2350,
  "thresholds": [
    0.5,
    1.0,
    2.0,
    3.0,
    5.0
  ],
  "horizons": [
    12,
    24,
    36,
    48,
    60,
    72,
    84,
    96
  ],
  "results": {
    "0.5": {
      "12": {
        "n_total": 2350,
        "n_hit": 1691,
        "p_hit": 0.719574,
        "t_hit_p25": 1.0,
        "t_hit_median": 2.0,
        "t_hit_p75": 4.0,
        "mdd_p25": -0.7985,
        "mdd_median": -0.3096,
        "mdd_p75": -0.0563
      },
      "24": {
        "n_total": 2350,
        "n_hit": 1906,
        "p_hit": 0.811064,
        "t_hit_p25": 1.0,
        "t_hit_median": 3.0,
        "t_hit_p75": 6.0,
        "mdd_p25": -0.945175,
        "mdd_median": -0.37195,
        "mdd_p75": -0.08710000000000001
      },
      "36": {
        "n_total": 2350,
        "n_hit": 2011,
        "p_hit": 0.855745,
        "t_hit_p25": 1.0,
        "t_hit_median": 3.0,
        "t_hit_p75": 8.0,
        "mdd_p25": -1.0556999999999999,
        "mdd_median": -0.4142,
        "mdd_p75": -0.10185
      },
      "48": {
        "n_total": 2350,
        "n_hit": 2050,
        "p_hit": 0.87234,
        "t_hit_p25": 1.0,
        "t_hit_median": 3.0,
        "t_hit_p75": 8.0,
        "mdd_p25": -1.14535,
        "mdd_median": -0.42805,
        "mdd_p75": -0.10500000000000001
      },
      "60": {
        "n_total": 2350,
        "n_hit": 2072,
        "p_hit": 0.881702,
        "t_hit_p25": 1.0,
        "t_hit_median": 3.0,
        "t_hit_p75": 9.0,
        "mdd_p25": -1.174,
        "mdd_median": -0.43865,
        "mdd_p75": -0.10735
      },
      "72": {
        "n_total": 2350,
        "n_hit": 2107,
        "p_hit": 0.896596,
        "t_hit_p25": 1.0,
        "t_hit_median": 3.0,
        "t_hit_p75": 9.0,
        "mdd_p25": -1.2564000000000002,
        "mdd_median": -0.4529,
        "mdd_p75": -0.11285
      },
      "84": {
        "n_total": 2350,
        "n_hit": 2146,
        "p_hit": 0.913191,
        "t_hit_p25": 1.0,
        "t_hit_median": 3.0,
        "t_hit_p75": 10.0,
        "mdd_p25": -1.34455,
        "mdd_median": -0.47425,
        "mdd_p75": -0.117725
      },
      "96": {
        "n_total": 2350,
        "n_hit": 2170,
        "p_hit": 0.923404,
        "t_hit_p25": 1.0,
        "t_hit_median": 3.0,
        "t_hit_p75": 10.0,
        "mdd_p25": -1.377425,
        "mdd_median": -0.4834,
        "mdd_p75": -0.12092499999999999
      }
    },
    "1.0": {
      "12": {
        "n_total": 2350,
        "n_hit": 1256,
        "p_hit": 0.534468,
        "t_hit_p25": 2.0,
        "t_hit_median": 4.0,
        "t_hit_p75": 7.0,
        "mdd_p25": -0.998775,
        "mdd_median": -0.40565,
        "mdd_p75": -0.08277499999999999
      },
      "24": {
        "n_total": 2350,
        "n_hit": 1540,
        "p_hit": 0.655319,
        "t_hit_p25": 2.0,
        "t_hit_median": 5.0,
        "t_hit_p75": 10.0,
        "mdd_p25": -1.1735,
        "mdd_median": -0.49995,
        "mdd_p75": -0.1356
      },
      "36": {
        "n_total": 2350,
        "n_hit": 1724,
        "p_hit": 0.733617,
        "t_hit_p25": 2.0,
        "t_hit_median": 6.0,
        "t_hit_p75": 14.0,
        "mdd_p25": -1.3714,
        "mdd_median": -0.5479499999999999,
        "mdd_p75": -0.16472499999999998
      },
      "48": {
        "n_total": 2350,
        "n_hit": 1810,
        "p_hit": 0.770213,
        "t_hit_p25": 3.0,
        "t_hit_median": 6.0,
        "t_hit_p75": 16.0,
        "mdd_p25": -1.465325,
        "mdd_median": -0.58065,
        "mdd_p75": -0.17509999999999998
      },
      "60": {
        "n_total": 2350,
        "n_hit": 1883,
        "p_hit": 0.801277,
        "t_hit_p25": 3.0,
        "t_hit_median": 7.0,
        "t_hit_p75": 18.0,
        "mdd_p25": -1.58865,
        "mdd_median": -0.6162,
        "mdd_p75": -0.19035000000000002
      },
      "72": {
        "n_total": 2350,
        "n_hit": 1943,
        "p_hit": 0.826809,
        "t_hit_p25": 3.0,
        "t_hit_median": 7.0,
        "t_hit_p75": 20.0,
        "mdd_p25": -1.6957,
        "mdd_median": -0.6677,
        "mdd_p75": -0.20425
      },
      "84": {
        "n_total": 2350,
        "n_hit": 1995,
        "p_hit": 0.848936,
        "t_hit_p25": 3.0,
        "t_hit_median": 7.0,
        "t_hit_p75": 22.0,
        "mdd_p25": -1.8139500000000002,
        "mdd_median": -0.7025,
        "mdd_p75": -0.21825
      },
      "96": {
        "n_total": 2350,
        "n_hit": 2028,
        "p_hit": 0.862979,
        "t_hit_p25": 3.0,
        "t_hit_median": 8.0,
        "t_hit_p75": 23.0,
        "mdd_p25": -1.899475,
        "mdd_median": -0.7334499999999999,
        "mdd_p75": -0.22475
      }
    },
    "2.0": {
      "12": {
        "n_total": 2350,
        "n_hit": 630,
        "p_hit": 0.268085,
        "t_hit_p25": 3.0,
        "t_hit_median": 5.0,
        "t_hit_p75": 8.0,
        "mdd_p25": -0.996525,
        "mdd_median": -0.41655,
        "mdd_p75": -0.105
      },
      "24": {
        "n_total": 2350,
        "n_hit": 991,
        "p_hit": 0.421702,
        "t_hit_p25": 4.0,
        "t_hit_median": 9.0,
        "t_hit_p75": 16.0,
        "mdd_p25": -1.3498999999999999,
        "mdd_median": -0.5981,
        "mdd_p75": -0.18705
      },
      "36": {
        "n_total": 2350,
        "n_hit": 1227,
        "p_hit": 0.522128,
        "t_hit_p25": 5.0,
        "t_hit_median": 12.0,
        "t_hit_p75": 22.0,
        "mdd_p25": -1.58935,
        "mdd_median": -0.7369,
        "mdd_p75": -0.2344
      },
      "48": {
        "n_total": 2350,
        "n_hit": 1391,
        "p_hit": 0.591915,
        "t_hit_p25": 6.0,
        "t_hit_median": 15.0,
        "t_hit_p75": 27.0,
        "mdd_p25": -1.6823000000000001,
        "mdd_median": -0.8384,
        "mdd_p75": -0.2703
      },
      "60": {
        "n_total": 2350,
        "n_hit": 1501,
        "p_hit": 0.638723,
        "t_hit_p25": 6.0,
        "t_hit_median": 16.0,
        "t_hit_p75": 31.0,
        "mdd_p25": -1.7519,
        "mdd_median": -0.9073,
        "mdd_p75": -0.293
      },
      "72": {
        "n_total": 2350,
        "n_hit": 1607,
        "p_hit": 0.68383,
        "t_hit_p25": 7.0,
        "t_hit_median": 17.0,
        "t_hit_p75": 35.0,
        "mdd_p25": -1.9709500000000002,
        "mdd_median": -0.982,
        "mdd_p75": -0.31835
      },
      "84": {
        "n_total": 2350,
        "n_hit": 1682,
        "p_hit": 0.715745,
        "t_hit_p25": 7.0,
        "t_hit_median": 19.0,
        "t_hit_p75": 39.0,
        "mdd_p25": -2.17665,
        "mdd_median": -1.0556999999999999,
        "mdd_p75": -0.343225
      },
      "96": {
        "n_total": 2350,
        "n_hit": 1750,
        "p_hit": 0.744681,
        "t_hit_p25": 7.0,
        "t_hit_median": 20.0,
        "t_hit_p75": 42.0,
        "mdd_p25": -2.3213,
        "mdd_median": -1.1368,
        "mdd_p75": -0.36469999999999997
      }
    },
    "3.0": {
      "12": {
        "n_total": 2350,
        "n_hit": 356,
        "p_hit": 0.151489,
        "t_hit_p25": 3.0,
        "t_hit_median": 6.0,
        "t_hit_p75": 9.0,
        "mdd_p25": -0.963875,
        "mdd_median": -0.39339999999999997,
        "mdd_p75": -0.11560000000000001
      },
      "24": {
        "n_total": 2350,
        "n_hit": 603,
        "p_hit": 0.256596,
        "t_hit_p25": 5.0,
        "t_hit_median": 10.0,
        "t_hit_p75": 17.0,
        "mdd_p25": -1.34805,
        "mdd_median": -0.5722,
        "mdd_p75": -0.17195
      },
      "36": {
        "n_total": 2350,
        "n_hit": 840,
        "p_hit": 0.357447,
        "t_hit_p25": 7.0,
        "t_hit_median": 15.0,
        "t_hit_p75": 26.0,
        "mdd_p25": -1.651875,
        "mdd_median": -0.71685,
        "mdd_p75": -0.231075
      },
      "48": {
        "n_total": 2350,
        "n_hit": 1023,
        "p_hit": 0.435319,
        "t_hit_p25": 8.0,
        "t_hit_median": 20.0,
        "t_hit_p75": 32.0,
        "mdd_p25": -1.8065,