{
  "schema": "baseline_probs_v1",
  "source_labels": "data/labels/labels_v1.csv",
  "n_rows_labels": 416,
  "thresholds": [
    0.5,
    1.0,
    2.0,
    3.0,
    5.0
  ],
  "horizons": [
    12,
    24,
    36,
    48,
    60,
    72,
    84,
    96
  ],
  "results": {
    "0.5": {
      "12": {
        "n_total": 416,
        "n_hit": 303,
        "p_hit": 0.728365,
        "t_hit_p25": 1.0,
        "t_hit_median": 3.0,
        "t_hit_p75": 6.0,
        "mdd_p25": -0.5742,
        "mdd_median": -0.2408,
        "mdd_p75": -0.0555
      },
      "24": {
        "n_total": 416,
        "n_hit": 365,
        "p_hit": 0.877404,
        "t_hit_p25": 2.0,
        "t_hit_median": 4.0,
        "t_hit_p75": 10.0,
        "mdd_p25": -0.691,
        "mdd_median": -0.3183,
        "mdd_p75": -0.0896
      },
      "36": {
        "n_total": 416,
        "n_hit": 386,
        "p_hit": 0.927885,
        "t_hit_p25": 2.0,
        "t_hit_median": 5.0,
        "t_hit_p75": 11.0,
        "mdd_p25": -0.735425,
        "mdd_median": -0.34185,
        "mdd_p75": -0.104425
      },
      "48": {
        "n_total": 416,
        "n_hit": 387,
        "p_hit": 0.930288,
        "t_hit_p25": 2.0,
        "t_hit_median": 5.0,
        "t_hit_p75": 11.0,
        "mdd_p25": -0.7415,
        "mdd_median": -0.3435,
        "mdd_p75": -0.10455
      },
      "60": {
        "n_total": 416,
        "n_hit": 393,
        "p_hit": 0.944712,
        "t_hit_p25": 2.0,
        "t_hit_median": 5.0,
        "t_hit_p75": 12.0,
        "mdd_p25": -0.8118,
        "mdd_median": -0.3594,
        "mdd_p75": -0.1057
      },
      "72": {
        "n_total": 416,
        "n_hit": 405,
        "p_hit": 0.973558,
        "t_hit_p25": 2.0,
        "t_hit_median": 5.0,
        "t_hit_p75": 13.0,
        "mdd_p25": -0.8949,
        "mdd_median": -0.3775,
        "mdd_p75": -0.1098
      },
      "84": {
        "n_total": 416,
        "n_hit": 405,
        "p_hit": 0.973558,
        "t_hit_p25": 2.0,
        "t_hit_median": 5.0,
        "t_hit_p75": 13.0,
        "mdd_p25": -0.8949,
        "mdd_median": -0.3775,
        "mdd_p75": -0.1098
      },
      "96": {
        "n_total": 416,
        "n_hit": 407,
        "p_hit": 0.978365,
        "t_hit_p25": 2.0,
        "t_hit_median": 5.0,
        "t_hit_p75": 13.0,
        "mdd_p25": -0.9129499999999999,
        "mdd_median": -0.3775,
        "mdd_p75": -0.11149999999999999
      }
    },
    "1.0": {
      "12": {
        "n_total": 416,
        "n_hit": 209,
        "p_hit": 0.502404,
        "t_hit_p25": 3.0,
        "t_hit_median": 5.0,
        "t_hit_p75": 7.0,
        "mdd_p25": -0.6474,
        "mdd_median": -0.2481,
        "mdd_p75": -0.0678
      },
      "24": {
        "n_total": 416,
        "n_hit": 293,
        "p_hit": 0.704327,
        "t_hit_p25": 4.0,
        "t_hit_median": 7.0,
        "t_hit_p75": 14.0,
        "mdd_p25": -0.8949,
        "mdd_median": -0.3684,
        "mdd_p75": -0.1041
      },
      "36": {
        "n_total": 416,
        "n_hit": 343,
        "p_hit": 0.824519,
        "t_hit_p25": 4.0,
        "t_hit_median": 9.0,
        "t_hit_p75": 19.0,
        "mdd_p25": -1.1096,
        "mdd_median": -0.4142,
        "mdd_p75": -0.1325
      },
      "48": {
        "n_total": 416,
        "n_hit": 365,
        "p_hit": 0.877404,
        "t_hit_p25": 4.0,
        "t_hit_median": 10.0,
        "t_hit_p75": 21.0,
        "mdd_p25": -1.1753,
        "mdd_median": -0.4448,
        "mdd_p75": -0.1452
      },
      "60": {
        "n_total": 416,
        "n_hit": 377,
        "p_hit": 0.90625,
        "t_hit_p25": 4.0,
        "t_hit_median": 10.0,
        "t_hit_p75": 22.0,
        "mdd_p25": -1.2062,
        "mdd_median": -0.4638,
        "mdd_p75": -0.1583
      },
      "72": {
        "n_total": 416,
        "n_hit": 392,
        "p_hit": 0.942308,
        "t_hit_p25": 5.0,
        "t_hit_median": 11.0,
        "t_hit_p75": 25.0,
        "mdd_p25": -1.305175,
        "mdd_median": -0.4733,
        "mdd_p75": -0.1666
      },
      "84": {
        "n_total": 416,
        "n_hit": 393,
        "p_hit": 0.944712,
        "t_hit_p25": 5.0,
        "t_hit_median": 11.0,
        "t_hit_p75": 25.0,
        "mdd_p25": -1.3063,
        "mdd_median": -0.4738,
        "mdd_p75": -0.1671
      },
      "96": {
        "n_total": 416,
        "n_hit": 393,
        "p_hit": 0.944712,
        "t_hit_p25": 5.0,
        "t_hit_median": 11.0,
        "t_hit_p75": 25.0,
        "mdd_p25": -1.3063,
        "mdd_median": -0.4738,
        "mdd_p75": -0.1671
      }
    },
    "2.0": {
      "12": {
        "n_total": 416,
        "n_hit": 92,
        "p_hit": 0.221154,
        "t_hit_p25": 4.0,
        "t_hit_median": 7.0,
        "t_hit_p75": 9.25,
        "mdd_p25": -0.716025,
        "mdd_median": -0.39959999999999996,
        "mdd_p75": -0.151325
      },
      "24": {
        "n_total": 416,
        "n_hit": 174,
        "p_hit": 0.418269,
        "t_hit_p25": 7.0,
        "t_hit_median": 12.0,
        "t_hit_p75": 17.0,
        "mdd_p25": -0.974725,
        "mdd_median": -0.49845,
        "mdd_p75": -0.17532499999999998
      },
      "36": {
        "n_total": 416,
        "n_hit": 234,
        "p_hit": 0.5625,
        "t_hit_p25": 8.0,
        "t_hit_median": 16.0,
        "t_hit_p75": 25.0,
        "mdd_p25": -0.9759500000000001,
        "mdd_median": -0.46714999999999995,
        "mdd_p75": -0.17302499999999998
      },
      "48": {
        "n_total": 416,
        "n_hit": 282,
        "p_hit": 0.677885,
        "t_hit_p25": 10.0,
        "t_hit_median": 19.0,
        "t_hit_p75": 32.0,
        "mdd_p25": -1.10995,
        "mdd_median": -0.49845,
        "mdd_p75": -0.207425
      },
      "60": {
        "n_total": 416,
        "n_hit": 320,
        "p_hit": 0.769231,
        "t_hit_p25": 11.0,
        "t_hit_median": 21.0,
        "t_hit_p75": 38.25,
        "mdd_p25": -1.1974,
        "mdd_median": -0.5385,
        "mdd_p75": -0.2426
      },
      "72": {
        "n_total": 416,
        "n_hit": 343,
        "p_hit": 0.824519,
        "t_hit_p25": 12.0,
        "t_hit_median": 24.0,
        "t_hit_p75": 43.0,
        "mdd_p25": -1.2664,
        "mdd_median": -0.5846,
        "mdd_p75": -0.2654
      },
      "84": {
        "n_total": 416,
        "n_hit": 353,
        "p_hit": 0.848558,
        "t_hit_p25": 12.0,
        "t_hit_median": 25.0,
        "t_hit_p75": 44.0,
        "mdd_p25": -1.3245,
        "mdd_median": -0.6094,
        "mdd_p75": -0.27
      },
      "96": {
        "n_total": 416,
        "n_hit": 360,
        "p_hit": 0.865385,
        "t_hit_p25": 12.0,
        "t_hit_median": 26.5,
        "t_hit_p75": 45.0,
        "mdd_p25": -1.35555,
        "mdd_median": -0.6257,
        "mdd_p75": -0.274
      }
    },
    "3.0": {
      "12": {
        "n_total": 416,
        "n_hit": 56,
        "p_hit": 0.134615,
        "t_hit_p25": 5.0,
        "t_hit_median": 8.0,
        "t_hit_p75": 10.0,
        "mdd_p25": -0.976825,
        "mdd_median": -0.36845,
        "mdd_p75": -0.16735
      },
      "24": {
        "n_total": 416,
        "n_hit": 95,
        "p_hit": 0.228365,
        "t_hit_p25": 7.0,
        "t_hit_median": 10.0,
        "t_hit_p75": 18.0,
        "mdd_p25": -0.7617,
        "mdd_median": -0.4448,
        "mdd_p75": -0.1396
      },
      "36": {
        "n_total": 416,
        "n_hit": 148,
        "p_hit": 0.355769,
        "t_hit_p25": 9.0,
        "t_hit_median": 19.0,
        "t_hit_p75": 29.25,
        "mdd_p25": -0.8670249999999999,
        "mdd_median": -0.3775,
        "mdd_p75": -0.125425
      },
      "48": {
        "n_total": 416,
        "n_hit": 204,
        "p_hit": 0.490385,
        "t_hit_p25": 11.0,
        "t_hit_median": 27.0,
        "t_hit_p75": 38.0,
        "mdd_p25": -0.9266000000000001,
        "mdd_median": -0.43215000000000003,
        "mdd_p75": -0.17945
      },
      "60": {
        "n_total": 416,
        "n_hit": 248,
        "p_hit": 0.596154,