{
  "schema": "baseline_probs_v1",
  "source_labels": "data/labels/labels_v1.csv",
  "n_rows_labels": 3217,
  "thresholds": [
    0.5,
    1.0,
    2.0,
    3.0,
    5.0
  ],
  "horizons": [
    12,
    24,
    36,
    48,
    60,
    72,
    84,
    96
  ],
  "results": {
    "0.5": {
      "12": {
        "n_total": 3217,
        "n_hit": 2272,
        "p_hit": 0.706248,
        "t_hit_p25": 1.0,
        "t_hit_median": 2.0,
        "t_hit_p75": 5.0,
        "mdd_p25": -0.72715,
        "mdd_median": -0.29315,
        "mdd_p75": -0.04885
      },
      "24": {
        "n_total": 3217,
        "n_hit": 2584,
        "p_hit": 0.803233,
        "t_hit_p25": 1.0,
        "t_hit_median": 3.0,
        "t_hit_p75": 7.0,
        "mdd_p25": -0.908475,
        "mdd_median": -0.3595,
        "mdd_p75": -0.078625
      },
      "36": {
        "n_total": 3217,
        "n_hit": 2729,
        "p_hit": 0.848306,
        "t_hit_p25": 1.0,
        "t_hit_median": 3.0,
        "t_hit_p75": 8.0,
        "mdd_p25": -1.0054,
        "mdd_median": -0.4034,
        "mdd_p75": -0.0916
      },
      "48": {
        "n_total": 3217,
        "n_hit": 2793,
        "p_hit": 0.8682,
        "t_hit_p25": 1.0,
        "t_hit_median": 3.0,
        "t_hit_p75": 9.0,
        "mdd_p25": -1.102,
        "mdd_median": -0.4198,
        "mdd_p75": -0.0982
      },
      "60": {
        "n_total": 3217,
        "n_hit": 2825,
        "p_hit": 0.878147,
        "t_hit_p25": 1.0,
        "t_hit_median": 3.0,
        "t_hit_p75": 9.0,
        "mdd_p25": -1.1485,
        "mdd_median": -0.4278,
        "mdd_p75": -0.1027
      },
      "72": {
        "n_total": 3217,
        "n_hit": 2869,
        "p_hit": 0.891825,
        "t_hit_p25": 1.0,
        "t_hit_median": 3.0,
        "t_hit_p75": 10.0,
        "mdd_p25": -1.1997,
        "mdd_median": -0.4403,
        "mdd_p75": -0.1053
      },
      "84": {
        "n_total": 3217,
        "n_hit": 2915,
        "p_hit": 0.906124,
        "t_hit_p25": 1.0,
        "t_hit_median": 3.0,
        "t_hit_p75": 10.0,
        "mdd_p25": -1.2741,
        "mdd_median": -0.4529,
        "mdd_p75": -0.10894999999999999
      },
      "96": {
        "n_total": 3217,
        "n_hit": 2946,
        "p_hit": 0.91576,
        "t_hit_p25": 1.0,
        "t_hit_median": 3.0,
        "t_hit_p75": 11.0,
        "mdd_p25": -1.33335,
        "mdd_median": -0.4693,
        "mdd_p75": -0.112675
      }
    },
    "1.0": {
      "12": {
        "n_total": 3217,
        "n_hit": 1655,
        "p_hit": 0.514454,
        "t_hit_p25": 2.0,
        "t_hit_median": 4.0,
        "t_hit_p75": 7.0,
        "mdd_p25": -0.9331499999999999,
        "mdd_median": -0.3596,
        "mdd_p75": -0.07694999999999999
      },
      "24": {
        "n_total": 3217,
        "n_hit": 2092,
        "p_hit": 0.650295,
        "t_hit_p25": 2.0,
        "t_hit_median": 5.0,
        "t_hit_p75": 11.0,
        "mdd_p25": -1.1090499999999999,
        "mdd_median": -0.46924999999999994,
        "mdd_p75": -0.12482499999999999
      },
      "36": {
        "n_total": 3217,
        "n_hit": 2341,
        "p_hit": 0.727697,
        "t_hit_p25": 3.0,
        "t_hit_median": 6.0,
        "t_hit_p75": 15.0,
        "mdd_p25": -1.3265,
        "mdd_median": -0.5346,
        "mdd_p75": -0.1558
      },
      "48": {
        "n_total": 3217,
        "n_hit": 2460,
        "p_hit": 0.764688,
        "t_hit_p25": 3.0,
        "t_hit_median": 7.0,
        "t_hit_p75": 17.0,
        "mdd_p25": -1.392475,
        "mdd_median": -0.5544,
        "mdd_p75": -0.16947500000000001
      },
      "60": {
        "n_total": 3217,
        "n_hit": 2545,
        "p_hit": 0.79111,
        "t_hit_p25": 3.0,
        "t_hit_median": 7.0,
        "t_hit_p75": 18.0,
        "mdd_p25": -1.4842,
        "mdd_median": -0.5954,
        "mdd_p75": -0.1766
      },
      "72": {
        "n_total": 3217,
        "n_hit": 2618,
        "p_hit": 0.813802,
        "t_hit_p25": 3.0,
        "t_hit_median": 8.0,
        "t_hit_p75": 20.0,
        "mdd_p25": -1.58445,
        "mdd_median": -0.6193500000000001,
        "mdd_p75": -0.1877
      },
      "84": {
        "n_total": 3217,
        "n_hit": 2679,
        "p_hit": 0.832763,
        "t_hit_p25": 3.0,
        "t_hit_median": 8.0,
        "t_hit_p75": 22.0,
        "mdd_p25": -1.6831,
        "mdd_median": -0.6569,
        "mdd_p75": -0.19545
      },
      "96": {
        "n_total": 3217,
        "n_hit": 2722,
        "p_hit": 0.84613,
        "t_hit_p25": 3.0,
        "t_hit_median": 8.0,
        "t_hit_p75": 23.0,
        "mdd_p25": -1.7540499999999999,
        "mdd_median": -0.67965,
        "mdd_p75": -0.20417500000000002
      }
    },
    "2.0": {
      "12": {
        "n_total": 3217,
        "n_hit": 784,
        "p_hit": 0.243705,
        "t_hit_p25": 3.0,
        "t_hit_median": 5.0,
        "t_hit_p75": 9.0,
        "mdd_p25": -0.9604249999999999,
        "mdd_median": -0.39705,
        "mdd_p75": -0.080325
      },
      "24": {
        "n_total": 3217,
        "n_hit": 1282,
        "p_hit": 0.398508,
        "t_hit_p25": 4.0,
        "t_hit_median": 9.0,
        "t_hit_p75": 16.0,
        "mdd_p25": -1.24795,
        "mdd_median": -0.5615,
        "mdd_p75": -0.1721
      },
      "36": {
        "n_total": 3217,
        "n_hit": 1630,
        "p_hit": 0.506683,
        "t_hit_p25": 5.0,
        "t_hit_median": 13.0,
        "t_hit_p75": 23.0,
        "mdd_p25": -1.4503749999999997,
        "mdd_median": -0.67825,
        "mdd_p75": -0.207775
      },
      "48": {
        "n_total": 3217,
        "n_hit": 1866,
        "p_hit": 0.580044,
        "t_hit_p25": 6.0,
        "t_hit_median": 16.0,
        "t_hit_p75": 28.0,
        "mdd_p25": -1.5684,
        "mdd_median": -0.7625500000000001,
        "mdd_p75": -0.25834999999999997
      },
      "60": {
        "n_total": 3217,
        "n_hit": 2015,
        "p_hit": 0.62636,
        "t_hit_p25": 7.0,
        "t_hit_median": 17.0,
        "t_hit_p75": 32.0,
        "mdd_p25": -1.64475,
        "mdd_median": -0.817,
        "mdd_p75": -0.2815
      },
      "72": {
        "n_total": 3217,
        "n_hit": 2146,
        "p_hit": 0.667081,
        "t_hit_p25": 7.0,
        "t_hit_median": 19.0,
        "t_hit_p75": 36.0,
        "mdd_p25": -1.8055250000000003,
        "mdd_median": -0.9049,
        "mdd_p75": -0.30915
      },
      "84": {
        "n_total": 3217,
        "n_hit": 2234,
        "p_hit": 0.694436,
        "t_hit_p25": 8.0,
        "t_hit_median": 20.0,
        "t_hit_p75": 39.0,
        "mdd_p25": -1.943975,
        "mdd_median": -0.96095,
        "mdd_p75": -0.329
      },
      "96": {
        "n_total": 3217,
        "n_hit": 2319,
        "p_hit": 0.720858,
        "t_hit_p25": 8.0,
        "t_hit_median": 21.0,
        "t_hit_p75": 41.0,
        "mdd_p25": -2.0793999999999997,
        "mdd_median": -1.0025,
        "mdd_p75": -0.3457
      }
    },
    "3.0": {
      "12": {
        "n_total": 3217,
        "n_hit": 419,
        "p_hit": 0.130246,
        "t_hit_p25": 3.0,
        "t_hit_median": 6.0,
        "t_hit_p75": 9.0,
        "mdd_p25": -0.92355,
        "mdd_median": -0.3594,
        "mdd_p75": -0.08510000000000001
      },
      "24": {
        "n_total": 3217,
        "n_hit": 747,
        "p_hit": 0.232204,
        "t_hit_p25": 5.0,
        "t_hit_median": 11.0,
        "t_hit_p75": 17.0,
        "mdd_p25": -1.3117,
        "mdd_median": -0.5524,
        "mdd_p75": -0.15595
      },
      "36": {
        "n_total": 3217,
        "n_hit": 1050,
        "p_hit": 0.326391,
        "t_hit_p25": 7.0,
        "t_hit_median": 16.0,
        "t_hit_p75": 26.0,
        "mdd_p25": -1.576975,
        "mdd_median": -0.68435,
        "mdd_p75": -0.20700000000000002
      },
      "48": {
        "n_total": 3217,
        "n_hit": 1306,
        "p_hit": 0.405968,
        "t_hit_p25": 9.0,
        "t_hit_median": 21.0,
        "t_hit_p75": 33.0,
        "mdd_p25": -1.707625,