{
  "schema": "baseline_probs_v1",
  "source_labels": "data/labels/labels_v1.csv",
  "n_rows_labels": 357,
  "thresholds": [
    0.5,
    1.0,
    2.0,
    3.0,
    5.0
  ],
  "horizons": [
    12,
    24,
    36,
    48,
    60,
    72,
    84,
    96
  ],
  "results": {
    "0.5": {
      "12": {
        "n_total": 357,
        "n_hit": 254,
        "p_hit": 0.711485,
        "t_hit_p25": 1.0,
        "t_hit_median": 3.0,
        "t_hit_p75": 6.0,
        "mdd_p25": -0.6222000000000001,
        "mdd_median": -0.26895,
        "mdd_p75": -0.06720000000000001
      },
      "24": {
        "n_total": 357,
        "n_hit": 310,
        "p_hit": 0.868347,
        "t_hit_p25": 2.0,
        "t_hit_median": 4.0,
        "t_hit_p75": 10.0,
        "mdd_p25": -0.716125,
        "mdd_median": -0.36295,
        "mdd_p75": -0.10415
      },
      "36": {
        "n_total": 357,
        "n_hit": 327,
        "p_hit": 0.915966,
        "t_hit_p25": 2.0,
        "t_hit_median": 5.0,
        "t_hit_p75": 11.5,
        "mdd_p25": -0.7415,
        "mdd_median": -0.3775,
        "mdd_p75": -0.10925
      },
      "48": {
        "n_total": 357,
        "n_hit": 328,
        "p_hit": 0.918768,
        "t_hit_p25": 2.0,
        "t_hit_median": 5.0,
        "t_hit_p75": 12.0,
        "mdd_p25": -0.75515,
        "mdd_median": -0.3786,
        "mdd_p75": -0.109525
      },
      "60": {
        "n_total": 357,
        "n_hit": 334,
        "p_hit": 0.935574,
        "t_hit_p25": 2.0,
        "t_hit_median": 5.0,
        "t_hit_p75": 12.0,
        "mdd_p25": -0.81285,
        "mdd_median": -0.38980000000000004,
        "mdd_p75": -0.114
      },
      "72": {
        "n_total": 357,
        "n_hit": 346,
        "p_hit": 0.969188,
        "t_hit_p25": 2.0,
        "t_hit_median": 5.0,
        "t_hit_p75": 13.0,
        "mdd_p25": -0.9210749999999999,
        "mdd_median": -0.42005,
        "mdd_p75": -0.125425
      },
      "84": {
        "n_total": 357,
        "n_hit": 346,
        "p_hit": 0.969188,
        "t_hit_p25": 2.0,
        "t_hit_median": 5.0,
        "t_hit_p75": 13.0,
        "mdd_p25": -0.9210749999999999,
        "mdd_median": -0.42005,
        "mdd_p75": -0.125425
      },
      "96": {
        "n_total": 357,
        "n_hit": 348,
        "p_hit": 0.97479,
        "t_hit_p25": 2.0,
        "t_hit_median": 5.0,
        "t_hit_p75": 13.25,
        "mdd_p25": -0.93465,
        "mdd_median": -0.4235,
        "mdd_p75": -0.126275
      }
    },
    "1.0": {
      "12": {
        "n_total": 357,
        "n_hit": 171,
        "p_hit": 0.478992,
        "t_hit_p25": 3.0,
        "t_hit_median": 5.0,
        "t_hit_p75": 7.0,
        "mdd_p25": -0.71045,
        "mdd_median": -0.3279,
        "mdd_p75": -0.07880000000000001
      },
      "24": {
        "n_total": 357,
        "n_hit": 242,
        "p_hit": 0.677871,
        "t_hit_p25": 4.0,
        "t_hit_median": 7.0,
        "t_hit_p75": 14.75,
        "mdd_p25": -0.9714999999999999,
        "mdd_median": -0.44715,
        "mdd_p75": -0.114
      },
      "36": {
        "n_total": 357,
        "n_hit": 285,
        "p_hit": 0.798319,
        "t_hit_p25": 4.0,
        "t_hit_median": 9.0,
        "t_hit_p75": 19.0,
        "mdd_p25": -1.1408,
        "mdd_median": -0.4638,
        "mdd_p75": -0.1583
      },
      "48": {
        "n_total": 357,
        "n_hit": 307,
        "p_hit": 0.859944,
        "t_hit_p25": 4.0,
        "t_hit_median": 10.0,
        "t_hit_p75": 21.0,
        "mdd_p25": -1.1954,
        "mdd_median": -0.4726,
        "mdd_p75": -0.17085
      },
      "60": {
        "n_total": 357,
        "n_hit": 318,
        "p_hit": 0.890756,
        "t_hit_p25": 5.0,
        "t_hit_median": 11.0,
        "t_hit_p75": 23.75,
        "mdd_p25": -1.223125,
        "mdd_median": -0.47895,
        "mdd_p75": -0.17302499999999998
      },
      "72": {
        "n_total": 357,
        "n_hit": 333,
        "p_hit": 0.932773,
        "t_hit_p25": 5.0,
        "t_hit_median": 12.0,
        "t_hit_p75": 27.0,
        "mdd_p25": -1.3504,
        "mdd_median": -0.4983,
        "mdd_p75": -0.1844
      },
      "84": {
        "n_total": 357,
        "n_hit": 334,
        "p_hit": 0.935574,
        "t_hit_p25": 5.0,
        "t_hit_median": 12.0,
        "t_hit_p75": 27.0,
        "mdd_p25": -1.3527999999999998,
        "mdd_median": -0.49845,
        "mdd_p75": -0.18605
      },
      "96": {
        "n_total": 357,
        "n_hit": 334,
        "p_hit": 0.935574,
        "t_hit_p25": 5.0,
        "t_hit_median": 12.0,
        "t_hit_p75": 27.0,
        "mdd_p25": -1.3527999999999998,
        "mdd_median": -0.49845,
        "mdd_p75": -0.18605
      }
    },
    "2.0": {
      "12": {
        "n_total": 357,
        "n_hit": 76,
        "p_hit": 0.212885,
        "t_hit_p25": 4.0,
        "t_hit_median": 7.0,
        "t_hit_p75": 9.0,
        "mdd_p25": -0.716025,
        "mdd_median": -0.41225,
        "mdd_p75": -0.172275
      },
      "24": {
        "n_total": 357,
        "n_hit": 141,
        "p_hit": 0.394958,
        "t_hit_p25": 6.0,
        "t_hit_median": 11.0,
        "t_hit_p75": 18.0,
        "mdd_p25": -1.2022,
        "mdd_median": -0.5546,
        "mdd_p75": -0.2725
      },
      "36": {
        "n_total": 357,
        "n_hit": 190,
        "p_hit": 0.532213,
        "t_hit_p25": 8.0,
        "t_hit_median": 16.0,
        "t_hit_p75": 25.0,
        "mdd_p25": -1.146775,
        "mdd_median": -0.5521499999999999,
        "mdd_p75": -0.2516
      },
      "48": {
        "n_total": 357,
        "n_hit": 232,
        "p_hit": 0.64986,
        "t_hit_p25": 9.75,
        "t_hit_median": 19.0,
        "t_hit_p75": 33.0,
        "mdd_p25": -1.218175,
        "mdd_median": -0.5569500000000001,
        "mdd_p75": -0.29075
      },
      "60": {
        "n_total": 357,
        "n_hit": 261,
        "p_hit": 0.731092,
        "t_hit_p25": 10.0,
        "t_hit_median": 22.0,
        "t_hit_p75": 38.0,
        "mdd_p25": -1.2181,
        "mdd_median": -0.5593,
        "mdd_p75": -0.2951
      },
      "72": {
        "n_total": 357,
        "n_hit": 284,
        "p_hit": 0.795518,
        "t_hit_p25": 11.75,
        "t_hit_median": 25.0,
        "t_hit_p75": 44.0,
        "mdd_p25": -1.2819,
        "mdd_median": -0.65115,
        "mdd_p75": -0.31772500000000004
      },
      "84": {
        "n_total": 357,
        "n_hit": 294,
        "p_hit": 0.823529,
        "t_hit_p25": 12.0,
        "t_hit_median": 26.5,
        "t_hit_p75": 45.0,
        "mdd_p25": -1.346775,
        "mdd_median": -0.7073,
        "mdd_p75": -0.32815
      },
      "96": {
        "n_total": 357,
        "n_hit": 301,
        "p_hit": 0.843137,
        "t_hit_p25": 12.0,
        "t_hit_median": 28.0,
        "t_hit_p75": 46.0,
        "mdd_p25": -1.3916,
        "mdd_median": -0.7269,
        "mdd_p75": -0.3324
      }
    },
    "3.0": {
      "12": {
        "n_total": 357,
        "n_hit": 45,
        "p_hit": 0.12605,
        "t_hit_p25": 5.0,
        "t_hit_median": 8.0,
        "t_hit_p75": 10.0,
        "mdd_p25": -0.9901,
        "mdd_median": -0.3594,
        "mdd_p75": -0.1537
      },
      "24": {
        "n_total": 357,
        "n_hit": 73,
        "p_hit": 0.204482,
        "t_hit_p25": 7.0,
        "t_hit_median": 10.0,
        "t_hit_p75": 17.0,
        "mdd_p25": -0.8118,
        "mdd_median": -0.5066,
        "mdd_p75": -0.2408
      },
      "36": {
        "n_total": 357,
        "n_hit": 111,
        "p_hit": 0.310924,
        "t_hit_p25": 9.0,
        "t_hit_median": 18.0,
        "t_hit_p75": 30.0,
        "mdd_p25": -0.9828,
        "mdd_median": -0.5071,
        "mdd_p75": -0.1785
      },
      "48": {
        "n_total": 357,
        "n_hit": 155,
        "p_hit": 0.434174,
        "t_hit_p25": 10.5,
        "t_hit_median": 27.0,
        "t_hit_p75": 38.5,
        "mdd_p25": -0.95535,
        "mdd_median": -0.4983,
        "mdd_p75": -0.2654
      },
      "60": {
        "n_total": 357,