{
  "schema": "baseline_probs_v1",
  "source_labels": "data/labels/labels_v1.csv",
  "n_rows_labels": 1638,
  "thresholds": [
    0.5,
    1.0,
    2.0,
    3.0,
    5.0
  ],
  "horizons": [
    12,
    24,
    36,
    48,
    60,
    72,
    84,
    96
  ],
  "results": {
    "0.5": {
      "12": {
        "n_total": 1638,
        "n_hit": 1166,
        "p_hit": 0.711844,
        "t_hit_p25": 1.0,
        "t_hit_median": 2.0,
        "t_hit_p75": 5.0,
        "mdd_p25": -0.818775,
        "mdd_median": -0.3009,
        "mdd_p75": -0.056924999999999996
      },
      "24": {
        "n_total": 1638,
        "n_hit": 1316,
        "p_hit": 0.803419,
        "t_hit_p25": 1.0,
        "t_hit_median": 3.0,
        "t_hit_p75": 6.0,
        "mdd_p25": -0.97275,
        "mdd_median": -0.3698,
        "mdd_p75": -0.088075
      },
      "36": {
        "n_total": 1638,
        "n_hit": 1383,
        "p_hit": 0.844322,
        "t_hit_p25": 1.0,
        "t_hit_median": 3.0,
        "t_hit_p75": 8.0,
        "mdd_p25": -1.0628000000000002,
        "mdd_median": -0.4096,
        "mdd_p75": -0.10095000000000001
      },
      "48": {
        "n_total": 1638,
        "n_hit": 1403,
        "p_hit": 0.856532,
        "t_hit_p25": 1.0,
        "t_hit_median": 3.0,
        "t_hit_p75": 8.0,
        "mdd_p25": -1.12615,
        "mdd_median": -0.4172,
        "mdd_p75": -0.1031
      },
      "60": {
        "n_total": 1638,
        "n_hit": 1417,
        "p_hit": 0.865079,
        "t_hit_p25": 1.0,
        "t_hit_median": 3.0,
        "t_hit_p75": 8.0,
        "mdd_p25": -1.1531,
        "mdd_median": -0.4258,
        "mdd_p75": -0.1046
      },
      "72": {
        "n_total": 1638,
        "n_hit": 1446,
        "p_hit": 0.882784,
        "t_hit_p25": 1.0,
        "t_hit_median": 3.0,
        "t_hit_p75": 9.0,
        "mdd_p25": -1.245975,
        "mdd_median": -0.44205,
        "mdd_p75": -0.107875
      },
      "84": {
        "n_total": 1638,
        "n_hit": 1473,
        "p_hit": 0.899267,
        "t_hit_p25": 1.0,
        "t_hit_median": 3.0,
        "t_hit_p75": 10.0,
        "mdd_p25": -1.3245,
        "mdd_median": -0.4653,
        "mdd_p75": -0.1132
      },
      "96": {
        "n_total": 1638,
        "n_hit": 1492,
        "p_hit": 0.910867,
        "t_hit_p25": 1.0,
        "t_hit_median": 3.0,
        "t_hit_p75": 10.0,
        "mdd_p25": -1.3597249999999999,
        "mdd_median": -0.4737,
        "mdd_p75": -0.11705
      }
    },
    "1.0": {
      "12": {
        "n_total": 1638,
        "n_hit": 861,
        "p_hit": 0.525641,
        "t_hit_p25": 2.0,
        "t_hit_median": 4.0,
        "t_hit_p75": 7.0,
        "mdd_p25": -1.0071,
        "mdd_median": -0.402,
        "mdd_p75": -0.0831
      },
      "24": {
        "n_total": 1638,
        "n_hit": 1050,
        "p_hit": 0.641026,
        "t_hit_p25": 2.0,
        "t_hit_median": 5.0,
        "t_hit_p75": 10.0,
        "mdd_p25": -1.191875,
        "mdd_median": -0.47655000000000003,
        "mdd_p75": -0.12614999999999998
      },
      "36": {
        "n_total": 1638,
        "n_hit": 1172,
        "p_hit": 0.715507,
        "t_hit_p25": 2.0,
        "t_hit_median": 6.0,
        "t_hit_p75": 13.0,
        "mdd_p25": -1.3527749999999998,
        "mdd_median": -0.52525,
        "mdd_p75": -0.153675
      },
      "48": {
        "n_total": 1638,
        "n_hit": 1226,
        "p_hit": 0.748474,
        "t_hit_p25": 2.0,
        "t_hit_median": 6.0,
        "t_hit_p75": 16.0,
        "mdd_p25": -1.378375,
        "mdd_median": -0.5422,
        "mdd_p75": -0.16094999999999998
      },
      "60": {
        "n_total": 1638,
        "n_hit": 1275,
        "p_hit": 0.778388,
        "t_hit_p25": 3.0,
        "t_hit_median": 7.0,
        "t_hit_p75": 18.0,
        "mdd_p25": -1.4778,
        "mdd_median": -0.5723,
        "mdd_p75": -0.16999999999999998
      },
      "72": {
        "n_total": 1638,
        "n_hit": 1324,
        "p_hit": 0.808303,
        "t_hit_p25": 3.0,
        "t_hit_median": 7.0,
        "t_hit_p75": 20.0,
        "mdd_p25": -1.618525,
        "mdd_median": -0.60205,
        "mdd_p75": -0.17645
      },
      "84": {
        "n_total": 1638,
        "n_hit": 1358,
        "p_hit": 0.82906,
        "t_hit_p25": 3.0,
        "t_hit_median": 7.0,
        "t_hit_p75": 22.0,
        "mdd_p25": -1.71705,
        "mdd_median": -0.62885,
        "mdd_p75": -0.18524999999999997
      },
      "96": {
        "n_total": 1638,
        "n_hit": 1378,
        "p_hit": 0.84127,
        "t_hit_p25": 3.0,
        "t_hit_median": 7.0,
        "t_hit_p75": 23.0,
        "mdd_p25": -1.785625,
        "mdd_median": -0.6609,
        "mdd_p75": -0.194275
      }
    },
    "2.0": {
      "12": {
        "n_total": 1638,
        "n_hit": 438,
        "p_hit": 0.267399,
        "t_hit_p25": 2.0,
        "t_hit_median": 5.0,
        "t_hit_p75": 8.0,
        "mdd_p25": -1.1491,
        "mdd_median": -0.44405,
        "mdd_p75": -0.1197
      },
      "24": {
        "n_total": 1638,
        "n_hit": 670,
        "p_hit": 0.409035,
        "t_hit_p25": 4.0,
        "t_hit_median": 8.5,
        "t_hit_p75": 16.0,
        "mdd_p25": -1.3902249999999998,
        "mdd_median": -0.5961000000000001,
        "mdd_p75": -0.17517499999999997
      },
      "36": {
        "n_total": 1638,
        "n_hit": 820,
        "p_hit": 0.500611,
        "t_hit_p25": 5.0,
        "t_hit_median": 11.0,
        "t_hit_p75": 21.0,
        "mdd_p25": -1.541425,
        "mdd_median": -0.6367499999999999,
        "mdd_p75": -0.20072500000000001
      },
      "48": {
        "n_total": 1638,
        "n_hit": 932,
        "p_hit": 0.568987,
        "t_hit_p25": 5.0,
        "t_hit_median": 14.0,
        "t_hit_p75": 27.0,
        "mdd_p25": -1.58175,
        "mdd_median": -0.68015,
        "mdd_p75": -0.2354
      },
      "60": {
        "n_total": 1638,
        "n_hit": 1008,
        "p_hit": 0.615385,
        "t_hit_p25": 6.0,
        "t_hit_median": 16.0,
        "t_hit_p75": 32.0,
        "mdd_p25": -1.618525,
        "mdd_median": -0.7417499999999999,
        "mdd_p75": -0.2631
      },
      "72": {
        "n_total": 1638,
        "n_hit": 1078,
        "p_hit": 0.65812,
        "t_hit_p25": 6.0,
        "t_hit_median": 17.0,
        "t_hit_p75": 36.0,
        "mdd_p25": -1.7859250000000002,
        "mdd_median": -0.86365,
        "mdd_p75": -0.27915
      },
      "84": {
        "n_total": 1638,
        "n_hit": 1121,
        "p_hit": 0.684371,
        "t_hit_p25": 7.0,
        "t_hit_median": 18.0,
        "t_hit_p75": 39.0,
        "mdd_p25": -1.97,
        "mdd_median": -0.9448,
        "mdd_p75": -0.298
      },
      "96": {
        "n_total": 1638,
        "n_hit": 1158,
        "p_hit": 0.70696,
        "t_hit_p25": 7.0,
        "t_hit_median": 19.0,
        "t_hit_p75": 42.0,
        "mdd_p25": -2.159,
        "mdd_median": -0.9792,
        "mdd_p75": -0.30955
      }
    },
    "3.0": {
      "12": {
        "n_total": 1638,
        "n_hit": 244,
        "p_hit": 0.148962,
        "t_hit_p25": 3.0,
        "t_hit_median": 5.0,
        "t_hit_p75": 9.0,
        "mdd_p25": -1.0703,
        "mdd_median": -0.48195,
        "mdd_p75": -0.14435
      },
      "24": {
        "n_total": 1638,
        "n_hit": 392,
        "p_hit": 0.239316,
        "t_hit_p25": 5.0,
        "t_hit_median": 9.0,
        "t_hit_p75": 17.0,
        "mdd_p25": -1.3335249999999998,
        "mdd_median": -0.5516,
        "mdd_p75": -0.16199999999999998
      },
      "36": {
        "n_total": 1638,
        "n_hit": 533,
        "p_hit": 0.325397,
        "t_hit_p25": 6.0,
        "t_hit_median": 15.0,
        "t_hit_p75": 25.0,
        "mdd_p25": -1.5567,
        "mdd_median": -0.6305,
        "mdd_p75": -0.2044
      },
      "48": {
        "n_total": 1638,
        "n_hit": 647,
        "p_hit": 0.394994,
        "t_hit_p25": 7.0,
        "t_hit_median": 19.0,
        "t_hit_p75": 32.0,
        "mdd_p25": -1.6825,