{
  "schema": "baseline_probs_v1",
  "source_labels": "data/labels/labels_v1.csv",
  "n_rows_labels": 968,
  "thresholds": [
    0.5,
    1.0,
    2.0,
    3.0,
    5.0
  ],
  "horizons": [
    12,
    24,
    36,
    48,
    60,
    72,
    84,
    96
  ],
  "results": {
    "0.5": {
      "12": {
        "n_total": 968,
        "n_hit": 659,
        "p_hit": 0.680785,
        "t_hit_p25": 1.0,
        "t_hit_median": 3.0,
        "t_hit_p75": 6.0,
        "mdd_p25": -0.6505,
        "mdd_median": -0.247,
        "mdd_p75": -0.050949999999999995
      },
      "24": {
        "n_total": 968,
        "n_hit": 772,
        "p_hit": 0.797521,
        "t_hit_p25": 2.0,
        "t_hit_median": 4.0,
        "t_hit_p75": 8.0,
        "mdd_p25": -0.81215,
        "mdd_median": -0.3238,
        "mdd_p75": -0.083175
      },
      "36": {
        "n_total": 968,
        "n_hit": 814,
        "p_hit": 0.840909,
        "t_hit_p25": 2.0,
        "t_hit_median": 4.0,
        "t_hit_p75": 10.0,
        "mdd_p25": -0.847725,
        "mdd_median": -0.3577,
        "mdd_p75": -0.0924
      },
      "48": {
        "n_total": 968,
        "n_hit": 824,
        "p_hit": 0.85124,
        "t_hit_p25": 2.0,
        "t_hit_median": 4.0,
        "t_hit_p75": 10.0,
        "mdd_p25": -0.89925,
        "mdd_median": -0.36819999999999997,
        "mdd_p75": -0.09515
      },
      "60": {
        "n_total": 968,
        "n_hit": 838,
        "p_hit": 0.865702,
        "t_hit_p25": 2.0,
        "t_hit_median": 4.0,
        "t_hit_p75": 10.0,
        "mdd_p25": -0.943675,
        "mdd_median": -0.3775,
        "mdd_p75": -0.10067499999999999
      },
      "72": {
        "n_total": 968,
        "n_hit": 860,
        "p_hit": 0.88843,
        "t_hit_p25": 2.0,
        "t_hit_median": 4.0,
        "t_hit_p75": 12.0,
        "mdd_p25": -1.0012249999999998,
        "mdd_median": -0.3907,
        "mdd_p75": -0.10395
      },
      "84": {
        "n_total": 968,
        "n_hit": 876,
        "p_hit": 0.904959,
        "t_hit_p25": 2.0,
        "t_hit_median": 5.0,
        "t_hit_p75": 12.0,
        "mdd_p25": -1.0975,
        "mdd_median": -0.41100000000000003,
        "mdd_p75": -0.10567499999999999
      },
      "96": {
        "n_total": 968,
        "n_hit": 882,
        "p_hit": 0.911157,
        "t_hit_p25": 2.0,
        "t_hit_median": 5.0,
        "t_hit_p75": 13.0,
        "mdd_p25": -1.148225,
        "mdd_median": -0.41859999999999997,
        "mdd_p75": -0.10585
      }
    },
    "1.0": {
      "12": {
        "n_total": 968,
        "n_hit": 461,
        "p_hit": 0.47624,
        "t_hit_p25": 2.0,
        "t_hit_median": 5.0,
        "t_hit_p75": 7.0,
        "mdd_p25": -0.7505,
        "mdd_median": -0.2698,
        "mdd_p75": -0.0649
      },
      "24": {
        "n_total": 968,
        "n_hit": 606,
        "p_hit": 0.626033,
        "t_hit_p25": 3.0,
        "t_hit_median": 6.0,
        "t_hit_p75": 12.0,
        "mdd_p25": -0.931225,
        "mdd_median": -0.39,
        "mdd_p75": -0.101175
      },
      "36": {
        "n_total": 968,
        "n_hit": 687,
        "p_hit": 0.709711,
        "t_hit_p25": 4.0,
        "t_hit_median": 7.0,
        "t_hit_p75": 17.0,
        "mdd_p25": -1.0220500000000001,
        "mdd_median": -0.4322,
        "mdd_p75": -0.1266
      },
      "48": {
        "n_total": 968,
        "n_hit": 722,
        "p_hit": 0.745868,
        "t_hit_p25": 4.0,
        "t_hit_median": 8.0,
        "t_hit_p75": 18.75,
        "mdd_p25": -1.092225,
        "mdd_median": -0.4457,
        "mdd_p75": -0.139525
      },
      "60": {
        "n_total": 968,
        "n_hit": 758,
        "p_hit": 0.783058,
        "t_hit_p25": 4.0,
        "t_hit_median": 9.0,
        "t_hit_p75": 21.0,
        "mdd_p25": -1.201025,
        "mdd_median": -0.4733,
        "mdd_p75": -0.149725
      },
      "72": {
        "n_total": 968,
        "n_hit": 789,
        "p_hit": 0.815083,
        "t_hit_p25": 4.0,
        "t_hit_median": 9.0,
        "t_hit_p75": 23.0,
        "mdd_p25": -1.311,
        "mdd_median": -0.4986,
        "mdd_p75": -0.1602
      },
      "84": {
        "n_total": 968,
        "n_hit": 810,
        "p_hit": 0.836777,
        "t_hit_p25": 4.0,
        "t_hit_median": 10.0,
        "t_hit_p75": 25.0,
        "mdd_p25": -1.3763,
        "mdd_median": -0.5267999999999999,
        "mdd_p75": -0.163975
      },
      "96": {
        "n_total": 968,
        "n_hit": 821,
        "p_hit": 0.84814,
        "t_hit_p25": 4.0,
        "t_hit_median": 10.0,
        "t_hit_p75": 25.0,
        "mdd_p25": -1.3975,
        "mdd_median": -0.5427,
        "mdd_p75": -0.1687
      }
    },
    "2.0": {
      "12": {
        "n_total": 968,
        "n_hit": 202,
        "p_hit": 0.208678,
        "t_hit_p25": 4.0,
        "t_hit_median": 6.0,
        "t_hit_p75": 9.0,
        "mdd_p25": -0.719275,
        "mdd_median": -0.35014999999999996,
        "mdd_p75": -0.10170000000000001
      },
      "24": {
        "n_total": 968,
        "n_hit": 357,
        "p_hit": 0.368802,
        "t_hit_p25": 6.0,
        "t_hit_median": 11.0,
        "t_hit_p75": 17.0,
        "mdd_p25": -1.017,
        "mdd_median": -0.5066,
        "mdd_p75": -0.1687
      },
      "36": {
        "n_total": 968,
        "n_hit": 449,
        "p_hit": 0.463843,
        "t_hit_p25": 7.0,
        "t_hit_median": 14.0,
        "t_hit_p75": 22.0,
        "mdd_p25": -1.0143,
        "mdd_median": -0.4749,
        "mdd_p75": -0.1636
      },
      "48": {
        "n_total": 968,
        "n_hit": 531,
        "p_hit": 0.548554,
        "t_hit_p25": 8.0,
        "t_hit_median": 17.0,
        "t_hit_p75": 31.0,
        "mdd_p25": -1.1350500000000001,
        "mdd_median": -0.4948,
        "mdd_p75": -0.17935
      },
      "60": {
        "n_total": 968,
        "n_hit": 591,
        "p_hit": 0.610537,
        "t_hit_p25": 9.0,
        "t_hit_median": 19.0,
        "t_hit_p75": 36.0,
        "mdd_p25": -1.22915,
        "mdd_median": -0.5429,
        "mdd_p75": -0.2086
      },
      "72": {
        "n_total": 968,
        "n_hit": 634,
        "p_hit": 0.654959,
        "t_hit_p25": 9.0,
        "t_hit_median": 21.0,
        "t_hit_p75": 41.0,
        "mdd_p25": -1.3047499999999999,
        "mdd_median": -0.58585,
        "mdd_p75": -0.24139999999999998
      },
      "84": {
        "n_total": 968,
        "n_hit": 659,
        "p_hit": 0.680785,
        "t_hit_p25": 10.0,
        "t_hit_median": 21.0,
        "t_hit_p75": 43.5,
        "mdd_p25": -1.3749,
        "mdd_median": -0.6041,
        "mdd_p75": -0.2524
      },
      "96": {
        "n_total": 968,
        "n_hit": 681,
        "p_hit": 0.703512,
        "t_hit_p25": 10.0,
        "t_hit_median": 23.0,
        "t_hit_p75": 45.0,
        "mdd_p25": -1.4571,
        "mdd_median": -0.6474,
        "mdd_p75": -0.2654
      }
    },
    "3.0": {
      "12": {
        "n_total": 968,
        "n_hit": 95,
        "p_hit": 0.09814,
        "t_hit_p25": 5.0,
        "t_hit_median": 7.0,
        "t_hit_p75": 10.0,
        "mdd_p25": -0.78175,
        "mdd_median": -0.3324,
        "mdd_p75": -0.13845000000000002
      },
      "24": {
        "n_total": 968,
        "n_hit": 175,
        "p_hit": 0.180785,
        "t_hit_p25": 7.0,
        "t_hit_median": 12.0,
        "t_hit_p75": 19.0,
        "mdd_p25": -0.71765,
        "mdd_median": -0.3641,
        "mdd_p75": -0.1217
      },
      "36": {
        "n_total": 968,
        "n_hit": 265,
        "p_hit": 0.27376,
        "t_hit_p25": 10.0,
        "t_hit_median": 19.0,
        "t_hit_p75": 28.0,
        "mdd_p25": -0.8961,
        "mdd_median": -0.4543,
        "mdd_p75": -0.1537
      },
      "48": {
        "n_total": 968,
        "n_hit": 338,
        "p_hit": 0.349174,
        "t_hit_p25": 11.0,
        "t_hit_median": 24.0,
        "t_hit_p75": 34.75,
        "mdd_p25": -0.9759500000000001,
        "mdd_median": -0.4808,
        "mdd_p75": -0.198675
      },