{
  "schema": "baseline_probs_v1",
  "source_labels": "data/labels/labels_v1.csv",
  "n_rows_labels": 97,
  "thresholds": [
    0.5,
    1.0,
    2.0,
    3.0,
    5.0
  ],
  "horizons": [
    12,
    24,
    36,
    48,
    60,
    72,
    84,
    96
  ],
  "results": {
    "0.5": {
      "12": {
        "n_total": 97,
        "n_hit": 75,
        "p_hit": 0.773196,
        "t_hit_p25": 1.0,
        "t_hit_median": 2.0,
        "t_hit_p75": 3.5,
        "mdd_p25": -0.69455,
        "mdd_median": -0.3284,
        "mdd_p75": -0.13345
      },
      "24": {
        "n_total": 97,
        "n_hit": 86,
        "p_hit": 0.886598,
        "t_hit_p25": 1.0,
        "t_hit_median": 2.0,
        "t_hit_p75": 5.0,
        "mdd_p25": -0.88035,
        "mdd_median": -0.42869999999999997,
        "mdd_p75": -0.15585
      },
      "36": {
        "n_total": 97,
        "n_hit": 96,
        "p_hit": 0.989691,
        "t_hit_p25": 1.0,
        "t_hit_median": 3.0,
        "t_hit_p75": 7.25,
        "mdd_p25": -0.8706499999999999,
        "mdd_median": -0.53695,
        "mdd_p75": -0.186
      },
      "48": {
        "n_total": 97,
        "n_hit": 96,
        "p_hit": 0.989691,
        "t_hit_p25": 1.0,
        "t_hit_median": 3.0,
        "t_hit_p75": 7.25,
        "mdd_p25": -0.8706499999999999,
        "mdd_median": -0.53695,
        "mdd_p75": -0.186
      },
      "60": {
        "n_total": 97,
        "n_hit": 97,
        "p_hit": 1.0,
        "t_hit_p25": 1.0,
        "t_hit_median": 3.0,
        "t_hit_p75": 8.0,
        "mdd_p25": -0.8852,
        "mdd_median": -0.5396,
        "mdd_p75": -0.1897
      },
      "72": {
        "n_total": 97,
        "n_hit": 97,
        "p_hit": 1.0,
        "t_hit_p25": 1.0,
        "t_hit_median": 3.0,
        "t_hit_p75": 8.0,
        "mdd_p25": -0.8852,
        "mdd_median": -0.5396,
        "mdd_p75": -0.1897
      },
      "84": {
        "n_total": 97,
        "n_hit": 97,
        "p_hit": 1.0,
        "t_hit_p25": 1.0,
        "t_hit_median": 3.0,
        "t_hit_p75": 8.0,
        "mdd_p25": -0.8852,
        "mdd_median": -0.5396,
        "mdd_p75": -0.1897
      },
      "96": {
        "n_total": 97,
        "n_hit": 97,
        "p_hit": 1.0,
        "t_hit_p25": 1.0,
        "t_hit_median": 3.0,
        "t_hit_p75": 8.0,
        "mdd_p25": -0.8852,
        "mdd_median": -0.5396,
        "mdd_p75": -0.1897
      }
    },
    "1.0": {
      "12": {
        "n_total": 97,
        "n_hit": 66,
        "p_hit": 0.680412,
        "t_hit_p25": 2.0,
        "t_hit_median": 4.0,
        "t_hit_p75": 7.0,
        "mdd_p25": -1.00515,
        "mdd_median": -0.44155,
        "mdd_p75": -0.178925
      },
      "24": {
        "n_total": 97,
        "n_hit": 82,
        "p_hit": 0.845361,
        "t_hit_p25": 3.0,
        "t_hit_median": 5.0,
        "t_hit_p75": 10.0,
        "mdd_p25": -1.4456,
        "mdd_median": -0.5481499999999999,
        "mdd_p75": -0.239225
      },
      "36": {
        "n_total": 97,
        "n_hit": 83,
        "p_hit": 0.85567,
        "t_hit_p25": 3.0,
        "t_hit_median": 5.0,
        "t_hit_p75": 10.5,
        "mdd_p25": -1.5243,
        "mdd_median": -0.5535,
        "mdd_p75": -0.24054999999999999
      },
      "48": {
        "n_total": 97,
        "n_hit": 92,
        "p_hit": 0.948454,
        "t_hit_p25": 3.0,
        "t_hit_median": 6.0,
        "t_hit_p75": 15.25,
        "mdd_p25": -1.415,
        "mdd_median": -0.6799,
        "mdd_p75": -0.246475
      },
      "60": {
        "n_total": 97,
        "n_hit": 97,
        "p_hit": 1.0,
        "t_hit_p25": 3.0,
        "t_hit_median": 7.0,
        "t_hit_p75": 19.0,
        "mdd_p25": -1.4609,
        "mdd_median": -0.7144,
        "mdd_p75": -0.2595
      },
      "72": {
        "n_total": 97,
        "n_hit": 97,
        "p_hit": 1.0,
        "t_hit_p25": 3.0,
        "t_hit_median": 7.0,
        "t_hit_p75": 19.0,
        "mdd_p25": -1.4609,
        "mdd_median": -0.7144,
        "mdd_p75": -0.2595
      },
      "84": {
        "n_total": 97,
        "n_hit": 97,
        "p_hit": 1.0,
        "t_hit_p25": 3.0,
        "t_hit_median": 7.0,
        "t_hit_p75": 19.0,
        "mdd_p25": -1.4609,
        "mdd_median": -0.7144,
        "mdd_p75": -0.2595
      },
      "96": {
        "n_total": 97,
        "n_hit": 97,
        "p_hit": 1.0,
        "t_hit_p25": 3.0,
        "t_hit_median": 7.0,
        "t_hit_p75": 19.0,
        "mdd_p25": -1.4609,
        "mdd_median": -0.7144,
        "mdd_p75": -0.2595
      }
    },
    "2.0": {
      "12": {
        "n_total": 97,
        "n_hit": 41,
        "p_hit": 0.42268,
        "t_hit_p25": 4.0,
        "t_hit_median": 6.0,
        "t_hit_p75": 9.0,
        "mdd_p25": -1.3916,
        "mdd_median": -0.4383,
        "mdd_p75": -0.1954
      },
      "24": {
        "n_total": 97,
        "n_hit": 61,
        "p_hit": 0.628866,
        "t_hit_p25": 6.0,
        "t_hit_median": 9.0,
        "t_hit_p75": 15.0,
        "mdd_p25": -1.7133,
        "mdd_median": -0.6004,
        "mdd_p75": -0.2228
      },
      "36": {
        "n_total": 97,
        "n_hit": 73,
        "p_hit": 0.752577,
        "t_hit_p25": 6.0,
        "t_hit_median": 10.0,
        "t_hit_p75": 21.0,
        "mdd_p25": -1.8226,
        "mdd_median": -0.9924,
        "mdd_p75": -0.2725
      },
      "48": {
        "n_total": 97,
        "n_hit": 83,
        "p_hit": 0.85567,
        "t_hit_p25": 6.5,
        "t_hit_median": 13.0,
        "t_hit_p75": 25.5,
        "mdd_p25": -1.6896499999999999,
        "mdd_median": -1.2247,
        "mdd_p75": -0.34415
      },
      "60": {
        "n_total": 97,
        "n_hit": 94,
        "p_hit": 0.969072,
        "t_hit_p25": 7.25,
        "t_hit_median": 16.5,
        "t_hit_p75": 33.75,
        "mdd_p25": -1.61585,
        "mdd_median": -1.2103,
        "mdd_p75": -0.4173
      },
      "72": {
        "n_total": 97,
        "n_hit": 95,
        "p_hit": 0.979381,
        "t_hit_p25": 7.5,
        "t_hit_median": 17.0,
        "t_hit_p75": 34.0,
        "mdd_p25": -1.6146,
        "mdd_median": -1.2022,
        "mdd_p75": -0.4243
      },
      "84": {
        "n_total": 97,
        "n_hit": 97,
        "p_hit": 1.0,
        "t_hit_p25": 8.0,
        "t_hit_median": 17.0,
        "t_hit_p75": 35.0,
        "mdd_p25": -1.6228,
        "mdd_median": -1.2184,
        "mdd_p75": -0.4383
      },
      "96": {
        "n_total": 97,
        "n_hit": 97,
        "p_hit": 1.0,
        "t_hit_p25": 8.0,
        "t_hit_median": 17.0,
        "t_hit_p75": 35.0,
        "mdd_p25": -1.6228,
        "mdd_median": -1.2184,
        "mdd_p75": -0.4383
      }
    },
    "3.0": {
      "12": {
        "n_total": 97,
        "n_hit": 31,
        "p_hit": 0.319588,
        "t_hit_p25": 5.0,
        "t_hit_median": 7.0,
        "t_hit_p75": 10.0,
        "mdd_p25": -1.3956499999999998,
        "mdd_median": -0.5428,
        "mdd_p75": -0.20145
      },
      "24": {
        "n_total": 97,
        "n_hit": 43,
        "p_hit": 0.443299,
        "t_hit_p25": 6.0,
        "t_hit_median": 10.0,
        "t_hit_p75": 14.5,
        "mdd_p25": -1.5088,
        "mdd_median": -0.5546,
        "mdd_p75": -0.20145
      },
      "36": {
        "n_total": 97,
        "n_hit": 51,
        "p_hit": 0.525773,
        "t_hit_p25": 6.0,
        "t_hit_median": 10.0,
        "t_hit_p75": 20.0,
        "mdd_p25": -1.512,
        "mdd_median": -0.7144,
        "mdd_p75": -0.24509999999999998
      },
      "48": {
        "n_total": 97,
        "n_hit": 55,
        "p_hit": 0.56701,
        "t_hit_p25": 6.5,
        "t_hit_median": 10.0,
        "t_hit_p75": 22.5,
        "mdd_p25": -1.512,
        "mdd_median": -0.9575,
        "mdd_p75": -0.25975000000000004
      },
      "60": {
        "n_total": 97,
        "n_hit": 67,
        "p_hit": 0.690722,
        "t_hit_p25": 8.0,
        "t_hit_median": 16.0,
        "t_hit_p75": 34.0,
        "mdd_p25": -1.4039,
        "mdd_median": -1.0361,