{
  "schema": "baseline_probs_v1",
  "source_labels": "data/labels/labels_v1.csv",
  "n_rows_labels": 1309,
  "thresholds": [
    0.5,
    1.0,
    2.0,
    3.0,
    5.0
  ],
  "horizons": [
    12,
    24,
    36,
    48,
    60,
    72,
    84,
    96
  ],
  "results": {
    "0.5": {
      "12": {
        "n_total": 1309,
        "n_hit": 927,
        "p_hit": 0.708174,
        "t_hit_p25": 1.0,
        "t_hit_median": 2.0,
        "t_hit_p75": 5.0,
        "mdd_p25": -0.8373999999999999,
        "mdd_median": -0.2857,
        "mdd_p75": -0.0567
      },
      "24": {
        "n_total": 1309,
        "n_hit": 1061,
        "p_hit": 0.810542,
        "t_hit_p25": 1.0,
        "t_hit_median": 3.0,
        "t_hit_p75": 7.0,
        "mdd_p25": -0.9774,
        "mdd_median": -0.368,
        "mdd_p75": -0.0896
      },
      "36": {
        "n_total": 1309,
        "n_hit": 1108,
        "p_hit": 0.846448,
        "t_hit_p25": 1.0,
        "t_hit_median": 3.0,
        "t_hit_p75": 8.0,
        "mdd_p25": -1.0054500000000002,
        "mdd_median": -0.38935,
        "mdd_p75": -0.09977499999999999
      },
      "48": {
        "n_total": 1309,
        "n_hit": 1118,
        "p_hit": 0.854087,
        "t_hit_p25": 1.0,
        "t_hit_median": 3.0,
        "t_hit_p75": 9.0,
        "mdd_p25": -1.0567,
        "mdd_median": -0.4003,
        "mdd_p75": -0.10117500000000001
      },
      "60": {
        "n_total": 1309,
        "n_hit": 1132,
        "p_hit": 0.864782,
        "t_hit_p25": 1.0,
        "t_hit_median": 3.0,
        "t_hit_p75": 9.0,
        "mdd_p25": -1.1011000000000002,
        "mdd_median": -0.41005,
        "mdd_p75": -0.10255
      },
      "72": {
        "n_total": 1309,
        "n_hit": 1156,
        "p_hit": 0.883117,
        "t_hit_p25": 1.0,
        "t_hit_median": 3.0,
        "t_hit_p75": 10.0,
        "mdd_p25": -1.174725,
        "mdd_median": -0.4259,
        "mdd_p75": -0.1054
      },
      "84": {
        "n_total": 1309,
        "n_hit": 1175,
        "p_hit": 0.897632,
        "t_hit_p25": 1.0,
        "t_hit_median": 3.0,
        "t_hit_p75": 10.0,
        "mdd_p25": -1.2502499999999999,
        "mdd_median": -0.4389,
        "mdd_p75": -0.1071
      },
      "96": {
        "n_total": 1309,
        "n_hit": 1181,
        "p_hit": 0.902215,
        "t_hit_p25": 1.0,
        "t_hit_median": 3.0,
        "t_hit_p75": 10.0,
        "mdd_p25": -1.2715,
        "mdd_median": -0.4427,
        "mdd_p75": -0.1087
      }
    },
    "1.0": {
      "12": {
        "n_total": 1309,
        "n_hit": 683,
        "p_hit": 0.521772,
        "t_hit_p25": 2.0,
        "t_hit_median": 4.0,
        "t_hit_p75": 7.0,
        "mdd_p25": -0.9983,
        "mdd_median": -0.3684,
        "mdd_p75": -0.08085
      },
      "24": {
        "n_total": 1309,
        "n_hit": 849,
        "p_hit": 0.648587,
        "t_hit_p25": 2.0,
        "t_hit_median": 5.0,
        "t_hit_p75": 10.0,
        "mdd_p25": -1.1402,
        "mdd_median": -0.4653,
        "mdd_p75": -0.1176
      },
      "36": {
        "n_total": 1309,
        "n_hit": 938,
        "p_hit": 0.716578,
        "t_hit_p25": 2.25,
        "t_hit_median": 6.0,
        "t_hit_p75": 14.0,
        "mdd_p25": -1.242025,
        "mdd_median": -0.47755000000000003,
        "mdd_p75": -0.144425
      },
      "48": {
        "n_total": 1309,
        "n_hit": 974,
        "p_hit": 0.744079,
        "t_hit_p25": 3.0,
        "t_hit_median": 6.5,
        "t_hit_p75": 15.75,
        "mdd_p25": -1.25855,
        "mdd_median": -0.4808,
        "mdd_p75": -0.15542499999999998
      },
      "60": {
        "n_total": 1309,
        "n_hit": 1011,
        "p_hit": 0.772345,
        "t_hit_p25": 3.0,
        "t_hit_median": 7.0,
        "t_hit_p75": 17.0,
        "mdd_p25": -1.34605,
        "mdd_median": -0.5119,
        "mdd_p75": -0.1605
      },
      "72": {
        "n_total": 1309,
        "n_hit": 1050,
        "p_hit": 0.802139,
        "t_hit_p25": 3.0,
        "t_hit_median": 7.0,
        "t_hit_p75": 19.0,
        "mdd_p25": -1.415475,
        "mdd_median": -0.54655,
        "mdd_p75": -0.169225
      },
      "84": {
        "n_total": 1309,
        "n_hit": 1072,
        "p_hit": 0.818946,
        "t_hit_p25": 3.0,
        "t_hit_median": 7.5,
        "t_hit_p75": 20.0,
        "mdd_p25": -1.512275,
        "mdd_median": -0.5724,
        "mdd_p75": -0.171525
      },
      "96": {
        "n_total": 1309,
        "n_hit": 1083,
        "p_hit": 0.827349,
        "t_hit_p25": 3.0,
        "t_hit_median": 8.0,
        "t_hit_p75": 21.0,
        "mdd_p25": -1.5536,
        "mdd_median": -0.5803,
        "mdd_p75": -0.17215
      }
    },
    "2.0": {
      "12": {
        "n_total": 1309,
        "n_hit": 338,
        "p_hit": 0.258212,
        "t_hit_p25": 3.0,
        "t_hit_median": 5.0,
        "t_hit_p75": 8.75,
        "mdd_p25": -1.0843,
        "mdd_median": -0.41225,
        "mdd_p75": -0.11925
      },
      "24": {
        "n_total": 1309,
        "n_hit": 533,
        "p_hit": 0.407181,
        "t_hit_p25": 4.0,
        "t_hit_median": 9.0,
        "t_hit_p75": 16.0,
        "mdd_p25": -1.2718,
        "mdd_median": -0.5725,
        "mdd_p75": -0.1724
      },
      "36": {
        "n_total": 1309,
        "n_hit": 645,
        "p_hit": 0.492743,
        "t_hit_p25": 5.0,
        "t_hit_median": 11.0,
        "t_hit_p75": 20.0,
        "mdd_p25": -1.3245,
        "mdd_median": -0.5725,
        "mdd_p75": -0.1735
      },
      "48": {
        "n_total": 1309,
        "n_hit": 737,
        "p_hit": 0.563025,
        "t_hit_p25": 6.0,
        "t_hit_median": 14.0,
        "t_hit_p75": 27.0,
        "mdd_p25": -1.3584,
        "mdd_median": -0.5846,
        "mdd_p75": -0.2044
      },
      "60": {
        "n_total": 1309,
        "n_hit": 800,
        "p_hit": 0.611154,
        "t_hit_p25": 6.0,
        "t_hit_median": 16.0,
        "t_hit_p75": 32.0,
        "mdd_p25": -1.3997,
        "mdd_median": -0.60205,
        "mdd_p75": -0.229475
      },
      "72": {
        "n_total": 1309,
        "n_hit": 852,
        "p_hit": 0.650879,
        "t_hit_p25": 7.0,
        "t_hit_median": 17.0,
        "t_hit_p75": 36.0,
        "mdd_p25": -1.4812750000000001,
        "mdd_median": -0.69145,
        "mdd_p75": -0.2542
      },
      "84": {
        "n_total": 1309,
        "n_hit": 883,
        "p_hit": 0.674561,
        "t_hit_p25": 7.0,
        "t_hit_median": 18.0,
        "t_hit_p75": 39.0,
        "mdd_p25": -1.5577,
        "mdd_median": -0.7628,
        "mdd_p75": -0.2677
      },
      "96": {
        "n_total": 1309,
        "n_hit": 905,
        "p_hit": 0.691367,
        "t_hit_p25": 7.0,
        "t_hit_median": 18.0,
        "t_hit_p75": 41.0,
        "mdd_p25": -1.6121,
        "mdd_median": -0.8118,
        "mdd_p75": -0.2731
      }
    },
    "3.0": {
      "12": {
        "n_total": 1309,
        "n_hit": 168,
        "p_hit": 0.128342,
        "t_hit_p25": 3.0,
        "t_hit_median": 5.5,
        "t_hit_p75": 9.0,
        "mdd_p25": -0.9993749999999999,
        "mdd_median": -0.42374999999999996,
        "mdd_p75": -0.144475
      },
      "24": {
        "n_total": 1309,
        "n_hit": 282,
        "p_hit": 0.215432,
        "t_hit_p25": 5.0,
        "t_hit_median": 10.0,
        "t_hit_p75": 17.0,
        "mdd_p25": -1.116225,
        "mdd_median": -0.46540000000000004,
        "mdd_p75": -0.1456
      },
      "36": {
        "n_total": 1309,
        "n_hit": 385,
        "p_hit": 0.294118,
        "t_hit_p25": 6.0,
        "t_hit_median": 16.0,
        "t_hit_p75": 25.0,
        "mdd_p25": -1.1694,
        "mdd_median": -0.5427,
        "mdd_p75": -0.1696
      },
      "48": {
        "n_total": 1309,
        "n_hit": 476,
        "p_hit": 0.363636,
        "t_hit_p25": 8.0,
        "t_hit_median": 20.0,
        "t_hit_p75": 33.0,
        "mdd_p25": -1.2715750000000001,
        "mdd_median": -0.5724,
        "mdd_p75": -0.207375
      },