{
  "schema": "baseline_probs_v1",
  "source_labels": "data/labels/labels_v1.csv",
  "n_rows_labels": 2411,
  "thresholds": [
    0.5,
    1.0,
    2.0,
    3.0,
    5.0
  ],
  "horizons": [
    12,
    24,
    36,
    48,
    60,
    72,
    84,
    96
  ],
  "results": {
    "0.5": {
      "12": {
        "n_total": 2411,
        "n_hit": 1723,
        "p_hit": 0.714641,
        "t_hit_p25": 1.0,
        "t_hit_median": 2.0,
        "t_hit_p75": 4.0,
        "mdd_p25": -0.78425,
        "mdd_median": -0.304,
        "mdd_p75": -0.054900000000000004
      },
      "24": {
        "n_total": 2411,
        "n_hit": 1947,
        "p_hit": 0.807549,
        "t_hit_p25": 1.0,
        "t_hit_median": 3.0,
        "t_hit_p75": 6.0,
        "mdd_p25": -0.933,
        "mdd_median": -0.3709,
        "mdd_p75": -0.0865
      },
      "36": {
        "n_total": 2411,
        "n_hit": 2058,
        "p_hit": 0.853588,
        "t_hit_p25": 1.0,
        "t_hit_median": 3.0,
        "t_hit_p75": 8.0,
        "mdd_p25": -1.020775,
        "mdd_median": -0.41555,
        "mdd_p75": -0.10177499999999999
      },
      "48": {
        "n_total": 2411,
        "n_hit": 2098,
        "p_hit": 0.870178,
        "t_hit_p25": 1.0,
        "t_hit_median": 3.0,
        "t_hit_p75": 8.0,
        "mdd_p25": -1.1099,
        "mdd_median": -0.42895,
        "mdd_p75": -0.10500000000000001
      },
      "60": {
        "n_total": 2411,
        "n_hit": 2121,
        "p_hit": 0.879718,
        "t_hit_p25": 1.0,
        "t_hit_median": 3.0,
        "t_hit_p75": 9.0,
        "mdd_p25": -1.1531,
        "mdd_median": -0.4389,
        "mdd_p75": -0.1076
      },
      "72": {
        "n_total": 2411,
        "n_hit": 2160,
        "p_hit": 0.895894,
        "t_hit_p25": 1.0,
        "t_hit_median": 3.0,
        "t_hit_p75": 10.0,
        "mdd_p25": -1.246225,
        "mdd_median": -0.45965,
        "mdd_p75": -0.113025
      },
      "84": {
        "n_total": 2411,
        "n_hit": 2201,
        "p_hit": 0.912899,
        "t_hit_p25": 1.0,
        "t_hit_median": 3.0,
        "t_hit_p75": 10.0,
        "mdd_p25": -1.3313,
        "mdd_median": -0.4764,
        "mdd_p75": -0.1177
      },
      "96": {
        "n_total": 2411,
        "n_hit": 2225,
        "p_hit": 0.922854,
        "t_hit_p25": 1.0,
        "t_hit_median": 3.0,
        "t_hit_p75": 11.0,
        "mdd_p25": -1.3588,
        "mdd_median": -0.4862,
        "mdd_p75": -0.1209
      }
    },
    "1.0": {
      "12": {
        "n_total": 2411,
        "n_hit": 1277,
        "p_hit": 0.529656,
        "t_hit_p25": 2.0,
        "t_hit_median": 4.0,
        "t_hit_p75": 7.0,
        "mdd_p25": -0.9948,
        "mdd_median": -0.4034,
        "mdd_p75": -0.0814
      },
      "24": {
        "n_total": 2411,
        "n_hit": 1565,
        "p_hit": 0.649108,
        "t_hit_p25": 2.0,
        "t_hit_median": 5.0,
        "t_hit_p75": 10.0,
        "mdd_p25": -1.1683,
        "mdd_median": -0.4945,
        "mdd_p75": -0.1338
      },
      "36": {
        "n_total": 2411,
        "n_hit": 1756,
        "p_hit": 0.728328,
        "t_hit_p25": 2.0,
        "t_hit_median": 6.0,
        "t_hit_p75": 14.0,
        "mdd_p25": -1.3596499999999998,
        "mdd_median": -0.54665,
        "mdd_p75": -0.16345
      },
      "48": {
        "n_total": 2411,
        "n_hit": 1851,
        "p_hit": 0.767731,
        "t_hit_p25": 3.0,
        "t_hit_median": 6.0,
        "t_hit_p75": 16.0,
        "mdd_p25": -1.4254,
        "mdd_median": -0.581,
        "mdd_p75": -0.1757
      },
      "60": {
        "n_total": 2411,
        "n_hit": 1927,
        "p_hit": 0.799253,
        "t_hit_p25": 3.0,
        "t_hit_median": 7.0,
        "t_hit_p75": 18.0,
        "mdd_p25": -1.5678,
        "mdd_median": -0.6161,
        "mdd_p75": -0.19090000000000001
      },
      "72": {
        "n_total": 2411,
        "n_hit": 1992,
        "p_hit": 0.826213,
        "t_hit_p25": 3.0,
        "t_hit_median": 7.0,
        "t_hit_p75": 21.0,
        "mdd_p25": -1.6669,
        "mdd_median": -0.6623,
        "mdd_p75": -0.204775
      },
      "84": {
        "n_total": 2411,
        "n_hit": 2047,
        "p_hit": 0.849025,
        "t_hit_p25": 3.0,
        "t_hit_median": 8.0,
        "t_hit_p75": 23.0,
        "mdd_p25": -1.78485,
        "mdd_median": -0.6983,
        "mdd_p75": -0.2193
      },
      "96": {
        "n_total": 2411,
        "n_hit": 2081,
        "p_hit": 0.863127,
        "t_hit_p25": 3.0,
        "t_hit_median": 8.0,
        "t_hit_p75": 24.0,
        "mdd_p25": -1.8696,
        "mdd_median": -0.7193,
        "mdd_p75": -0.2269
      }
    },
    "2.0": {
      "12": {
        "n_total": 2411,
        "n_hit": 640,
        "p_hit": 0.26545,
        "t_hit_p25": 3.0,
        "t_hit_median": 5.0,
        "t_hit_p75": 8.0,
        "mdd_p25": -0.9945,
        "mdd_median": -0.41675,
        "mdd_p75": -0.10447499999999998
      },
      "24": {
        "n_total": 2411,
        "n_hit": 1006,
        "p_hit": 0.417254,
        "t_hit_p25": 4.0,
        "t_hit_median": 9.0,
        "t_hit_p75": 16.0,
        "mdd_p25": -1.34455,
        "mdd_median": -0.59975,
        "mdd_p75": -0.1885
      },
      "36": {
        "n_total": 2411,
        "n_hit": 1248,
        "p_hit": 0.517628,
        "t_hit_p25": 5.0,
        "t_hit_median": 12.0,
        "t_hit_p75": 22.0,
        "mdd_p25": -1.586125,
        "mdd_median": -0.7342,
        "mdd_p75": -0.23615000000000003
      },
      "48": {
        "n_total": 2411,
        "n_hit": 1420,
        "p_hit": 0.588967,
        "t_hit_p25": 6.0,
        "t_hit_median": 15.0,
        "t_hit_p75": 27.0,
        "mdd_p25": -1.660725,
        "mdd_median": -0.8190999999999999,
        "mdd_p75": -0.2731
      },
      "60": {
        "n_total": 2411,
        "n_hit": 1538,
        "p_hit": 0.63791,
        "t_hit_p25": 6.0,
        "t_hit_median": 16.0,
        "t_hit_p75": 32.0,
        "mdd_p25": -1.712875,
        "mdd_median": -0.8795999999999999,
        "mdd_p75": -0.296975
      },
      "72": {
        "n_total": 2411,
        "n_hit": 1648,
        "p_hit": 0.683534,
        "t_hit_p25": 7.0,
        "t_hit_median": 18.0,
        "t_hit_p75": 36.0,
        "mdd_p25": -1.9114,
        "mdd_median": -0.97235,
        "mdd_p75": -0.32865000000000005
      },
      "84": {
        "n_total": 2411,
        "n_hit": 1728,
        "p_hit": 0.716715,
        "t_hit_p25": 7.0,
        "t_hit_median": 19.0,
        "t_hit_p75": 40.0,
        "mdd_p25": -2.142025,
        "mdd_median": -1.02625,
        "mdd_p75": -0.34885
      },
      "96": {
        "n_total": 2411,
        "n_hit": 1799,
        "p_hit": 0.746163,
        "t_hit_p25": 8.0,
        "t_hit_median": 20.0,
        "t_hit_p75": 43.0,
        "mdd_p25": -2.2621,
        "mdd_median": -1.1202,
        "mdd_p75": -0.37625
      }
    },
    "3.0": {
      "12": {
        "n_total": 2411,
        "n_hit": 364,
        "p_hit": 0.150975,
        "t_hit_p25": 3.0,
        "t_hit_median": 6.0,
        "t_hit_p75": 9.0,
        "mdd_p25": -0.960575,
        "mdd_median": -0.39339999999999997,
        "mdd_p75": -0.11220000000000001
      },
      "24": {
        "n_total": 2411,
        "n_hit": 617,
        "p_hit": 0.25591,
        "t_hit_p25": 5.0,
        "t_hit_median": 10.0,
        "t_hit_p75": 17.0,
        "mdd_p25": -1.3396,
        "mdd_median": -0.5798,
        "mdd_p75": -0.172
      },
      "36": {
        "n_total": 2411,
        "n_hit": 855,
        "p_hit": 0.354625,
        "t_hit_p25": 7.0,
        "t_hit_median": 15.0,
        "t_hit_p75": 26.0,
        "mdd_p25": -1.63435,
        "mdd_median": -0.7144,
        "mdd_p75": -0.2339
      },
      "48": {
        "n_total": 2411,
        "n_hit": 1045,
        "p_hit": 0.43343,
        "t_hit_p25": 9.0,
        "t_hit_median": 20.0,
        "t_hit_p75": 32.0,
        "mdd_p25": -1.7758,
        "mdd_median": -0.8747,
        "mdd_p75": -0.2918
      },