{
  "schema": "baseline_probs_v1",
  "source_labels": "data/labels/labels_v1.csv",
  "n_rows_labels": 2946,
  "thresholds": [
    0.5,
    1.0,
    2.0,
    3.0,
    5.0
  ],
  "horizons": [
    12,
    24,
    36,
    48,
    60,
    72,
    84,
    96
  ],
  "results": {
    "0.5": {
      "12": {
        "n_total": 2946,
        "n_hit": 2078,
        "p_hit": 0.705363,
        "t_hit_p25": 1.0,
        "t_hit_median": 2.0,
        "t_hit_p75": 4.0,
        "mdd_p25": -0.730775,
        "mdd_median": -0.29125,
        "mdd_p75": -0.04965000000000001
      },
      "24": {
        "n_total": 2946,
        "n_hit": 2360,
        "p_hit": 0.801086,
        "t_hit_p25": 1.0,
        "t_hit_median": 3.0,
        "t_hit_p75": 7.0,
        "mdd_p25": -0.9189750000000001,
        "mdd_median": -0.3595,
        "mdd_p75": -0.078875
      },
      "36": {
        "n_total": 2946,
        "n_hit": 2499,
        "p_hit": 0.848269,
        "t_hit_p25": 1.0,
        "t_hit_median": 3.0,
        "t_hit_p75": 8.0,
        "mdd_p25": -1.01445,
        "mdd_median": -0.4096,
        "mdd_p75": -0.09275
      },
      "48": {
        "n_total": 2946,
        "n_hit": 2552,
        "p_hit": 0.866259,
        "t_hit_p25": 1.0,
        "t_hit_median": 3.0,
        "t_hit_p75": 9.0,
        "mdd_p25": -1.1093,
        "mdd_median": -0.42225,
        "mdd_p75": -0.10047499999999998
      },
      "60": {
        "n_total": 2946,
        "n_hit": 2579,
        "p_hit": 0.875424,
        "t_hit_p25": 1.0,
        "t_hit_median": 3.0,
        "t_hit_p75": 9.0,
        "mdd_p25": -1.1495,
        "mdd_median": -0.4298,
        "mdd_p75": -0.10275000000000001
      },
      "72": {
        "n_total": 2946,
        "n_hit": 2618,
        "p_hit": 0.888663,
        "t_hit_p25": 1.0,
        "t_hit_median": 3.0,
        "t_hit_p75": 10.0,
        "mdd_p25": -1.2052,
        "mdd_median": -0.4409,
        "mdd_p75": -0.10500000000000001
      },
      "84": {
        "n_total": 2946,
        "n_hit": 2661,
        "p_hit": 0.903259,
        "t_hit_p25": 1.0,
        "t_hit_median": 3.0,
        "t_hit_p75": 10.0,
        "mdd_p25": -1.2782,
        "mdd_median": -0.4574,
        "mdd_p75": -0.1089
      },
      "96": {
        "n_total": 2946,
        "n_hit": 2690,
        "p_hit": 0.913103,
        "t_hit_p25": 1.0,
        "t_hit_median": 3.0,
        "t_hit_p75": 11.0,
        "mdd_p25": -1.336325,
        "mdd_median": -0.47175,
        "mdd_p75": -0.11189999999999999
      }
    },
    "1.0": {
      "12": {
        "n_total": 2946,
        "n_hit": 1508,
        "p_hit": 0.511881,
        "t_hit_p25": 2.0,
        "t_hit_median": 4.0,
        "t_hit_p75": 7.0,
        "mdd_p25": -0.9352,
        "mdd_median": -0.3674,
        "mdd_p75": -0.07875
      },
      "24": {
        "n_total": 2946,
        "n_hit": 1893,
        "p_hit": 0.642566,
        "t_hit_p25": 2.0,
        "t_hit_median": 5.0,
        "t_hit_p75": 11.0,
        "mdd_p25": -1.1103,
        "mdd_median": -0.4717,
        "mdd_p75": -0.1272
      },
      "36": {
        "n_total": 2946,
        "n_hit": 2123,
        "p_hit": 0.720638,
        "t_hit_p25": 3.0,
        "t_hit_median": 6.0,
        "t_hit_p75": 15.0,
        "mdd_p25": -1.3285,
        "mdd_median": -0.5364,
        "mdd_p75": -0.15705000000000002
      },
      "48": {
        "n_total": 2946,
        "n_hit": 2229,
        "p_hit": 0.756619,
        "t_hit_p25": 3.0,
        "t_hit_median": 7.0,
        "t_hit_p75": 17.0,
        "mdd_p25": -1.3822,
        "mdd_median": -0.5528,
        "mdd_p75": -0.1707
      },
      "60": {
        "n_total": 2946,
        "n_hit": 2308,
        "p_hit": 0.783435,
        "t_hit_p25": 3.0,
        "t_hit_median": 7.0,
        "t_hit_p75": 18.0,
        "mdd_p25": -1.4760250000000001,
        "mdd_median": -0.59215,
        "mdd_p75": -0.17775000000000002
      },
      "72": {
        "n_total": 2946,
        "n_hit": 2374,
        "p_hit": 0.805838,
        "t_hit_p25": 3.0,
        "t_hit_median": 8.0,
        "t_hit_p75": 20.0,
        "mdd_p25": -1.577875,
        "mdd_median": -0.6167499999999999,
        "mdd_p75": -0.1888
      },
      "84": {
        "n_total": 2946,
        "n_hit": 2434,
        "p_hit": 0.826205,
        "t_hit_p25": 3.0,
        "t_hit_median": 8.0,
        "t_hit_p75": 22.0,
        "mdd_p25": -1.6826,
        "mdd_median": -0.6488,
        "mdd_p75": -0.199675
      },
      "96": {
        "n_total": 2946,
        "n_hit": 2472,
        "p_hit": 0.839104,
        "t_hit_p25": 3.0,
        "t_hit_median": 8.0,
        "t_hit_p75": 23.0,
        "mdd_p25": -1.752325,
        "mdd_median": -0.6768,
        "mdd_p75": -0.20575000000000002
      }
    },
    "2.0": {
      "12": {
        "n_total": 2946,
        "n_hit": 722,
        "p_hit": 0.245078,
        "t_hit_p25": 3.0,
        "t_hit_median": 5.0,
        "t_hit_p75": 9.0,
        "mdd_p25": -0.9723750000000001,
        "mdd_median": -0.41175,
        "mdd_p75": -0.09462499999999999
      },
      "24": {
        "n_total": 2946,
        "n_hit": 1170,
        "p_hit": 0.397149,
        "t_hit_p25": 4.0,
        "t_hit_median": 9.0,
        "t_hit_p75": 16.0,
        "mdd_p25": -1.271725,
        "mdd_median": -0.5744,
        "mdd_p75": -0.17385
      },
      "36": {
        "n_total": 2946,
        "n_hit": 1478,
        "p_hit": 0.501697,
        "t_hit_p25": 5.0,
        "t_hit_median": 13.0,
        "t_hit_p75": 23.0,
        "mdd_p25": -1.460175,
        "mdd_median": -0.6782,
        "mdd_p75": -0.216275
      },
      "48": {
        "n_total": 2946,
        "n_hit": 1675,
        "p_hit": 0.568568,
        "t_hit_p25": 6.0,
        "t_hit_median": 15.0,
        "t_hit_p75": 27.0,
        "mdd_p25": -1.5538500000000002,
        "mdd_median": -0.7382,
        "mdd_p75": -0.26065
      },
      "60": {
        "n_total": 2946,
        "n_hit": 1807,
        "p_hit": 0.613374,
        "t_hit_p25": 7.0,
        "t_hit_median": 16.0,
        "t_hit_p75": 31.0,
        "mdd_p25": -1.6108,
        "mdd_median": -0.8032,
        "mdd_p75": -0.2815
      },
      "72": {
        "n_total": 2946,
        "n_hit": 1923,
        "p_hit": 0.652749,
        "t_hit_p25": 7.0,
        "t_hit_median": 18.0,
        "t_hit_p75": 35.0,
        "mdd_p25": -1.7551,
        "mdd_median": -0.8878,
        "mdd_p75": -0.3096
      },
      "84": {
        "n_total": 2946,
        "n_hit": 2005,
        "p_hit": 0.680584,
        "t_hit_p25": 8.0,
        "t_hit_median": 19.0,
        "t_hit_p75": 38.0,
        "mdd_p25": -1.9096,
        "mdd_median": -0.9456,
        "mdd_p75": -0.3279
      },
      "96": {
        "n_total": 2946,
        "n_hit": 2081,
        "p_hit": 0.706382,
        "t_hit_p25": 8.0,
        "t_hit_median": 21.0,
        "t_hit_p75": 41.0,
        "mdd_p25": -2.0557,
        "mdd_median": -0.9871,
        "mdd_p75": -0.3456
      }
    },
    "3.0": {
      "12": {
        "n_total": 2946,
        "n_hit": 392,
        "p_hit": 0.133062,
        "t_hit_p25": 3.0,
        "t_hit_median": 6.0,
        "t_hit_p75": 9.0,
        "mdd_p25": -0.925775,
        "mdd_median": -0.36624999999999996,
        "mdd_p75": -0.1031
      },
      "24": {
        "n_total": 2946,
        "n_hit": 680,
        "p_hit": 0.230821,
        "t_hit_p25": 5.0,
        "t_hit_median": 10.0,
        "t_hit_p75": 17.0,
        "mdd_p25": -1.334125,
        "mdd_median": -0.5512999999999999,
        "mdd_p75": -0.158075
      },
      "36": {
        "n_total": 2946,
        "n_hit": 957,
        "p_hit": 0.324847,
        "t_hit_p25": 7.0,
        "t_hit_median": 16.0,
        "t_hit_p75": 26.0,
        "mdd_p25": -1.5856,
        "mdd_median": -0.6769,
        "mdd_p75": -0.2069
      },
      "48": {
        "n_total": 2946,
        "n_hit": 1179,
        "p_hit": 0.400204,
        "t_hit_p25": 9.0,
        "t_hit_median": 21.0,
        "t_hit_p75": 33.0,
        "mdd_p25": -1.69325,
        "mdd_median": -0.803,