{
  "schema": "baseline_probs_v1",
  "source_labels": "data/labels/labels_v1.csv",
  "n_rows_labels": 2939,
  "thresholds": [
    0.5,
    1.0,
    2.0,
    3.0,
    5.0
  ],
  "horizons": [
    12,
    24,
    36,
    48,
    60,
    72,
    84,
    96
  ],
  "results": {
    "0.5": {
      "12": {
        "n_total": 2939,
        "n_hit": 2071,
        "p_hit": 0.704661,
        "t_hit_p25": 1.0,
        "t_hit_median": 2.0,
        "t_hit_p75": 4.0,
        "mdd_p25": -0.7334499999999999,
        "mdd_median": -0.293,
        "mdd_p75": -0.0498
      },
      "24": {
        "n_total": 2939,
        "n_hit": 2353,
        "p_hit": 0.800612,
        "t_hit_p25": 1.0,
        "t_hit_median": 3.0,
        "t_hit_p75": 7.0,
        "mdd_p25": -0.9225,
        "mdd_median": -0.3625,
        "mdd_p75": -0.079
      },
      "36": {
        "n_total": 2939,
        "n_hit": 2492,
        "p_hit": 0.847907,
        "t_hit_p25": 1.0,
        "t_hit_median": 3.0,
        "t_hit_p75": 8.0,
        "mdd_p25": -1.018375,
        "mdd_median": -0.40965,
        "mdd_p75": -0.093775
      },
      "48": {
        "n_total": 2939,
        "n_hit": 2545,
        "p_hit": 0.865941,
        "t_hit_p25": 1.0,
        "t_hit_median": 3.0,
        "t_hit_p75": 9.0,
        "mdd_p25": -1.1226,
        "mdd_median": -0.4228,
        "mdd_p75": -0.1009
      },
      "60": {
        "n_total": 2939,
        "n_hit": 2572,
        "p_hit": 0.875128,
        "t_hit_p25": 1.0,
        "t_hit_median": 3.0,
        "t_hit_p75": 9.0,
        "mdd_p25": -1.150575,
        "mdd_median": -0.431,
        "mdd_p75": -0.10287500000000001
      },
      "72": {
        "n_total": 2939,
        "n_hit": 2611,
        "p_hit": 0.888397,
        "t_hit_p25": 1.0,
        "t_hit_median": 3.0,
        "t_hit_p75": 10.0,
        "mdd_p25": -1.20925,
        "mdd_median": -0.4433,
        "mdd_p75": -0.1057
      },
      "84": {
        "n_total": 2939,
        "n_hit": 2654,
        "p_hit": 0.903028,
        "t_hit_p25": 1.0,
        "t_hit_median": 3.0,
        "t_hit_p75": 10.0,
        "mdd_p25": -1.28405,
        "mdd_median": -0.46130000000000004,
        "mdd_p75": -0.10935
      },
      "96": {
        "n_total": 2939,
        "n_hit": 2683,
        "p_hit": 0.912896,
        "t_hit_p25": 1.0,
        "t_hit_median": 3.0,
        "t_hit_p75": 11.0,
        "mdd_p25": -1.34055,
        "mdd_median": -0.4728,
        "mdd_p75": -0.1132
      }
    },
    "1.0": {
      "12": {
        "n_total": 2939,
        "n_hit": 1501,
        "p_hit": 0.510718,
        "t_hit_p25": 2.0,
        "t_hit_median": 4.0,
        "t_hit_p75": 7.0,
        "mdd_p25": -0.9414,
        "mdd_median": -0.3675,
        "mdd_p75": -0.0788
      },
      "24": {
        "n_total": 2939,
        "n_hit": 1886,
        "p_hit": 0.641715,
        "t_hit_p25": 2.0,
        "t_hit_median": 5.0,
        "t_hit_p75": 11.0,
        "mdd_p25": -1.121925,
        "mdd_median": -0.4732,
        "mdd_p75": -0.12725000000000003
      },
      "36": {
        "n_total": 2939,
        "n_hit": 2116,
        "p_hit": 0.719973,
        "t_hit_p25": 3.0,
        "t_hit_median": 6.0,
        "t_hit_p75": 15.0,
        "mdd_p25": -1.330975,
        "mdd_median": -0.5372,
        "mdd_p75": -0.15815
      },
      "48": {
        "n_total": 2939,
        "n_hit": 2222,
        "p_hit": 0.756039,
        "t_hit_p25": 3.0,
        "t_hit_median": 7.0,
        "t_hit_p75": 17.0,
        "mdd_p25": -1.385275,
        "mdd_median": -0.5534,
        "mdd_p75": -0.171
      },
      "60": {
        "n_total": 2939,
        "n_hit": 2301,
        "p_hit": 0.782919,
        "t_hit_p25": 3.0,
        "t_hit_median": 7.0,
        "t_hit_p75": 18.0,
        "mdd_p25": -1.4803,
        "mdd_median": -0.5938,
        "mdd_p75": -0.1783
      },
      "72": {
        "n_total": 2939,
        "n_hit": 2367,
        "p_hit": 0.805376,
        "t_hit_p25": 3.0,
        "t_hit_median": 8.0,
        "t_hit_p75": 20.0,
        "mdd_p25": -1.58075,
        "mdd_median": -0.6178,
        "mdd_p75": -0.19025
      },
      "84": {
        "n_total": 2939,
        "n_hit": 2427,
        "p_hit": 0.825791,
        "t_hit_p25": 3.0,
        "t_hit_median": 8.0,
        "t_hit_p75": 22.0,
        "mdd_p25": -1.6834,
        "mdd_median": -0.6522,
        "mdd_p75": -0.2009
      },
      "96": {
        "n_total": 2939,
        "n_hit": 2465,
        "p_hit": 0.838721,
        "t_hit_p25": 3.0,
        "t_hit_median": 8.0,
        "t_hit_p75": 23.0,
        "mdd_p25": -1.7542,
        "mdd_median": -0.6772,
        "mdd_p75": -0.2073
      }
    },
    "2.0": {
      "12": {
        "n_total": 2939,
        "n_hit": 721,
        "p_hit": 0.245322,
        "t_hit_p25": 3.0,
        "t_hit_median": 5.0,
        "t_hit_p75": 9.0,
        "mdd_p25": -0.9724,
        "mdd_median": -0.4132,
        "mdd_p75": -0.1001
      },
      "24": {
        "n_total": 2939,
        "n_hit": 1163,
        "p_hit": 0.395713,
        "t_hit_p25": 4.0,
        "t_hit_median": 9.0,
        "t_hit_p75": 16.0,
        "mdd_p25": -1.2759,
        "mdd_median": -0.578,
        "mdd_p75": -0.17495
      },
      "36": {
        "n_total": 2939,
        "n_hit": 1471,
        "p_hit": 0.50051,
        "t_hit_p25": 5.0,
        "t_hit_median": 13.0,
        "t_hit_p75": 23.0,
        "mdd_p25": -1.46435,
        "mdd_median": -0.6796,
        "mdd_p75": -0.21845
      },
      "48": {
        "n_total": 2939,
        "n_hit": 1668,
        "p_hit": 0.56754,
        "t_hit_p25": 6.0,
        "t_hit_median": 15.0,
        "t_hit_p75": 27.25,
        "mdd_p25": -1.5568749999999998,
        "mdd_median": -0.74515,
        "mdd_p75": -0.26287499999999997
      },
      "60": {
        "n_total": 2939,
        "n_hit": 1800,
        "p_hit": 0.612453,
        "t_hit_p25": 7.0,
        "t_hit_median": 16.0,
        "t_hit_p75": 32.0,
        "mdd_p25": -1.6144249999999998,
        "mdd_median": -0.8045500000000001,
        "mdd_p75": -0.28295000000000003
      },
      "72": {
        "n_total": 2939,
        "n_hit": 1916,
        "p_hit": 0.651922,
        "t_hit_p25": 7.0,
        "t_hit_median": 18.0,
        "t_hit_p75": 35.0,
        "mdd_p25": -1.7573750000000001,
        "mdd_median": -0.88965,
        "mdd_p75": -0.311025
      },
      "84": {
        "n_total": 2939,
        "n_hit": 1998,
        "p_hit": 0.679823,
        "t_hit_p25": 7.25,
        "t_hit_median": 19.0,
        "t_hit_p75": 38.0,
        "mdd_p25": -1.9116,
        "mdd_median": -0.95045,
        "mdd_p75": -0.329
      },
      "96": {
        "n_total": 2939,
        "n_hit": 2074,
        "p_hit": 0.705682,
        "t_hit_p25": 8.0,
        "t_hit_median": 21.0,
        "t_hit_p75": 41.0,
        "mdd_p25": -2.0562,
        "mdd_median": -0.991,
        "mdd_p75": -0.346275
      }
    },
    "3.0": {
      "12": {
        "n_total": 2939,
        "n_hit": 392,
        "p_hit": 0.133379,
        "t_hit_p25": 3.0,
        "t_hit_median": 6.0,
        "t_hit_p75": 9.0,
        "mdd_p25": -0.925775,
        "mdd_median": -0.36624999999999996,
        "mdd_p75": -0.1031
      },
      "24": {
        "n_total": 2939,
        "n_hit": 680,
        "p_hit": 0.231371,
        "t_hit_p25": 5.0,
        "t_hit_median": 10.0,
        "t_hit_p75": 17.0,
        "mdd_p25": -1.334125,
        "mdd_median": -0.5512999999999999,
        "mdd_p75": -0.158075
      },
      "36": {
        "n_total": 2939,
        "n_hit": 955,
        "p_hit": 0.32494,
        "t_hit_p25": 7.0,
        "t_hit_median": 16.0,
        "t_hit_p75": 26.0,
        "mdd_p25": -1.58665,
        "mdd_median": -0.6767,
        "mdd_p75": -0.20635
      },
      "48": {
        "n_total": 2939,
        "n_hit": 1177,
        "p_hit": 0.400476,
        "t_hit_p25": 9.0,
        "t_hit_median": 21.0,
        "t_hit_p75": 33.0,
        "mdd_p25": -1.6934,
        "mdd_median": -0.8025,
        "mdd_p75": -0.2699
      },