{
  "schema": "baseline_probs_v1",
  "source_labels": "data/labels/labels_v1.csv",
  "n_rows_labels": 1685,
  "thresholds": [
    0.5,
    1.0,
    2.0,
    3.0,
    5.0
  ],
  "horizons": [
    12,
    24,
    36,
    48,
    60,
    72,
    84,
    96
  ],
  "results": {
    "0.5": {
      "12": {
        "n_total": 1685,
        "n_hit": 1207,
        "p_hit": 0.71632,
        "t_hit_p25": 1.0,
        "t_hit_median": 2.0,
        "t_hit_p75": 4.0,
        "mdd_p25": -0.8298,
        "mdd_median": -0.304,
        "mdd_p75": -0.05695
      },
      "24": {
        "n_total": 1685,
        "n_hit": 1361,
        "p_hit": 0.807715,
        "t_hit_p25": 1.0,
        "t_hit_median": 3.0,
        "t_hit_p75": 6.0,
        "mdd_p25": -0.9774,
        "mdd_median": -0.3733,
        "mdd_p75": -0.0882
      },
      "36": {
        "n_total": 1685,
        "n_hit": 1429,
        "p_hit": 0.848071,
        "t_hit_p25": 1.0,
        "t_hit_median": 3.0,
        "t_hit_p75": 7.0,
        "mdd_p25": -1.0651,
        "mdd_median": -0.4098,
        "mdd_p75": -0.1009
      },
      "48": {
        "n_total": 1685,
        "n_hit": 1450,
        "p_hit": 0.860534,
        "t_hit_p25": 1.0,
        "t_hit_median": 3.0,
        "t_hit_p75": 8.0,
        "mdd_p25": -1.13365,
        "mdd_median": -0.42005,
        "mdd_p75": -0.10289999999999999
      },
      "60": {
        "n_total": 1685,
        "n_hit": 1464,
        "p_hit": 0.868843,
        "t_hit_p25": 1.0,
        "t_hit_median": 3.0,
        "t_hit_p75": 8.0,
        "mdd_p25": -1.15695,
        "mdd_median": -0.4265,
        "mdd_p75": -0.10452499999999999
      },
      "72": {
        "n_total": 1685,
        "n_hit": 1493,
        "p_hit": 0.886053,
        "t_hit_p25": 1.0,
        "t_hit_median": 3.0,
        "t_hit_p75": 9.0,
        "mdd_p25": -1.2453,
        "mdd_median": -0.4433,
        "mdd_p75": -0.1076
      },
      "84": {
        "n_total": 1685,
        "n_hit": 1520,
        "p_hit": 0.902077,
        "t_hit_p25": 1.0,
        "t_hit_median": 3.0,
        "t_hit_p75": 10.0,
        "mdd_p25": -1.323525,
        "mdd_median": -0.4668,
        "mdd_p75": -0.113025
      },
      "96": {
        "n_total": 1685,
        "n_hit": 1539,
        "p_hit": 0.913353,
        "t_hit_p25": 1.0,
        "t_hit_median": 3.0,
        "t_hit_p75": 10.0,
        "mdd_p25": -1.35615,
        "mdd_median": -0.4747,
        "mdd_p75": -0.1169
      }
    },
    "1.0": {
      "12": {
        "n_total": 1685,
        "n_hit": 898,
        "p_hit": 0.532938,
        "t_hit_p25": 2.0,
        "t_hit_median": 4.0,
        "t_hit_p75": 7.0,
        "mdd_p25": -1.025925,
        "mdd_median": -0.40995000000000004,
        "mdd_p75": -0.0923
      },
      "24": {
        "n_total": 1685,
        "n_hit": 1093,
        "p_hit": 0.648665,
        "t_hit_p25": 2.0,
        "t_hit_median": 5.0,
        "t_hit_p75": 10.0,
        "mdd_p25": -1.2009,
        "mdd_median": -0.4818,
        "mdd_p75": -0.13
      },
      "36": {
        "n_total": 1685,
        "n_hit": 1215,
        "p_hit": 0.721068,
        "t_hit_p25": 2.0,
        "t_hit_median": 6.0,
        "t_hit_p75": 13.0,
        "mdd_p25": -1.35285,
        "mdd_median": -0.5342,
        "mdd_p75": -0.1558
      },
      "48": {
        "n_total": 1685,
        "n_hit": 1270,
        "p_hit": 0.753709,
        "t_hit_p25": 2.0,
        "t_hit_median": 6.0,
        "t_hit_p75": 15.75,
        "mdd_p25": -1.3813,
        "mdd_median": -0.54285,
        "mdd_p75": -0.16269999999999998
      },
      "60": {
        "n_total": 1685,
        "n_hit": 1322,
        "p_hit": 0.78457,
        "t_hit_p25": 3.0,
        "t_hit_median": 6.0,
        "t_hit_p75": 18.0,
        "mdd_p25": -1.4859999999999998,
        "mdd_median": -0.579,
        "mdd_p75": -0.1719
      },
      "72": {
        "n_total": 1685,
        "n_hit": 1371,
        "p_hit": 0.81365,
        "t_hit_p25": 3.0,
        "t_hit_median": 7.0,
        "t_hit_p75": 19.0,
        "mdd_p25": -1.61995,
        "mdd_median": -0.6117,
        "mdd_p75": -0.18175
      },
      "84": {
        "n_total": 1685,
        "n_hit": 1405,
        "p_hit": 0.833828,
        "t_hit_p25": 3.0,
        "t_hit_median": 7.0,
        "t_hit_p75": 21.0,
        "mdd_p25": -1.7116,
        "mdd_median": -0.6385,
        "mdd_p75": -0.1917
      },
      "96": {
        "n_total": 1685,
        "n_hit": 1425,
        "p_hit": 0.845697,
        "t_hit_p25": 3.0,
        "t_hit_median": 7.0,
        "t_hit_p75": 22.0,
        "mdd_p25": -1.7768,
        "mdd_median": -0.6677,
        "mdd_p75": -0.2002
      }
    },
    "2.0": {
      "12": {
        "n_total": 1685,
        "n_hit": 460,
        "p_hit": 0.272997,
        "t_hit_p25": 3.0,
        "t_hit_median": 5.0,
        "t_hit_p75": 8.0,
        "mdd_p25": -1.1481,
        "mdd_median": -0.454,
        "mdd_p75": -0.135025
      },
      "24": {
        "n_total": 1685,
        "n_hit": 704,
        "p_hit": 0.417804,
        "t_hit_p25": 4.0,
        "t_hit_median": 9.0,
        "t_hit_p75": 16.0,
        "mdd_p25": -1.3874750000000002,
        "mdd_median": -0.6115,
        "mdd_p75": -0.18560000000000001
      },
      "36": {
        "n_total": 1685,
        "n_hit": 856,
        "p_hit": 0.508012,
        "t_hit_p25": 5.0,
        "t_hit_median": 11.0,
        "t_hit_p75": 21.0,
        "mdd_p25": -1.5410249999999999,
        "mdd_median": -0.6745,
        "mdd_p75": -0.206925
      },
      "48": {
        "n_total": 1685,
        "n_hit": 969,
        "p_hit": 0.575074,
        "t_hit_p25": 5.0,
        "t_hit_median": 14.0,
        "t_hit_p75": 26.0,
        "mdd_p25": -1.5744,
        "mdd_median": -0.7064,
        "mdd_p75": -0.244
      },
      "60": {
        "n_total": 1685,
        "n_hit": 1051,
        "p_hit": 0.623739,
        "t_hit_p25": 6.0,
        "t_hit_median": 15.0,
        "t_hit_p75": 31.0,
        "mdd_p25": -1.6254,
        "mdd_median": -0.7653,
        "mdd_p75": -0.27035
      },
      "72": {
        "n_total": 1685,
        "n_hit": 1125,
        "p_hit": 0.667656,
        "t_hit_p25": 6.0,
        "t_hit_median": 17.0,
        "t_hit_p75": 36.0,
        "mdd_p25": -1.7868,
        "mdd_median": -0.9027,
        "mdd_p75": -0.2951
      },
      "84": {
        "n_total": 1685,
        "n_hit": 1168,
        "p_hit": 0.693175,
        "t_hit_p25": 7.0,
        "t_hit_median": 18.0,
        "t_hit_p75": 38.25,
        "mdd_p25": -1.963725,
        "mdd_median": -0.9627,
        "mdd_p75": -0.305875
      },
      "96": {
        "n_total": 1685,
        "n_hit": 1205,
        "p_hit": 0.715134,
        "t_hit_p25": 7.0,
        "t_hit_median": 19.0,
        "t_hit_p75": 42.0,
        "mdd_p25": -2.1448,
        "mdd_median": -0.9948,
        "mdd_p75": -0.3229
      }
    },
    "3.0": {
      "12": {
        "n_total": 1685,
        "n_hit": 251,
        "p_hit": 0.148961,
        "t_hit_p25": 3.0,
        "t_hit_median": 5.0,
        "t_hit_p75": 9.0,
        "mdd_p25": -1.037,
        "mdd_median": -0.4747,
        "mdd_p75": -0.14445
      },
      "24": {
        "n_total": 1685,
        "n_hit": 414,
        "p_hit": 0.245697,
        "t_hit_p25": 5.0,
        "t_hit_median": 10.0,
        "t_hit_p75": 17.0,
        "mdd_p25": -1.3144,
        "mdd_median": -0.55295,
        "mdd_p75": -0.16935
      },
      "36": {
        "n_total": 1685,
        "n_hit": 558,
        "p_hit": 0.331157,
        "t_hit_p25": 6.0,
        "t_hit_median": 15.0,
        "t_hit_p75": 25.0,
        "mdd_p25": -1.5432750000000002,
        "mdd_median": -0.6429499999999999,
        "mdd_p75": -0.207325
      },
      "48": {
        "n_total": 1685,
        "n_hit": 675,
        "p_hit": 0.400593,
        "t_hit_p25": 7.0,
        "t_hit_median": 20.0,
        "t_hit_p75": 32.0,
        "mdd_p25": -1.6421000000000001,
        "mdd_median": -0.7144,
        "mdd_p75": -0.2654
      },
      "60": {
        "n_total": 1685,