{
  "schema": "baseline_probs_v1",
  "source_labels": "data/labels/labels_v1.csv",
  "n_rows_labels": 3198,
  "thresholds": [
    0.5,
    1.0,
    2.0,
    3.0,
    5.0
  ],
  "horizons": [
    12,
    24,
    36,
    48,
    60,
    72,
    84,
    96
  ],
  "results": {
    "0.5": {
      "12": {
        "n_total": 3198,
        "n_hit": 2256,
        "p_hit": 0.705441,
        "t_hit_p25": 1.0,
        "t_hit_median": 2.0,
        "t_hit_p75": 5.0,
        "mdd_p25": -0.7282749999999999,
        "mdd_median": -0.29555,
        "mdd_p75": -0.049125
      },
      "24": {
        "n_total": 3198,
        "n_hit": 2565,
        "p_hit": 0.802064,
        "t_hit_p25": 1.0,
        "t_hit_median": 3.0,
        "t_hit_p75": 7.0,
        "mdd_p25": -0.9087,
        "mdd_median": -0.3628,
        "mdd_p75": -0.0789
      },
      "36": {
        "n_total": 3198,
        "n_hit": 2710,
        "p_hit": 0.847405,
        "t_hit_p25": 1.0,
        "t_hit_median": 3.0,
        "t_hit_p75": 8.0,
        "mdd_p25": -1.0077,
        "mdd_median": -0.40545,
        "mdd_p75": -0.0924
      },
      "48": {
        "n_total": 3198,
        "n_hit": 2774,
        "p_hit": 0.867417,
        "t_hit_p25": 1.0,
        "t_hit_median": 3.0,
        "t_hit_p75": 9.0,
        "mdd_p25": -1.1079249999999998,
        "mdd_median": -0.42115,
        "mdd_p75": -0.10067499999999999
      },
      "60": {
        "n_total": 3198,
        "n_hit": 2806,
        "p_hit": 0.877423,
        "t_hit_p25": 1.0,
        "t_hit_median": 3.0,
        "t_hit_p75": 9.0,
        "mdd_p25": -1.149975,
        "mdd_median": -0.42855,
        "mdd_p75": -0.10297500000000001
      },
      "72": {
        "n_total": 3198,
        "n_hit": 2850,
        "p_hit": 0.891182,
        "t_hit_p25": 1.0,
        "t_hit_median": 3.0,
        "t_hit_p75": 10.0,
        "mdd_p25": -1.2056,
        "mdd_median": -0.44075,
        "mdd_p75": -0.1057
      },
      "84": {
        "n_total": 3198,
        "n_hit": 2896,
        "p_hit": 0.905566,
        "t_hit_p25": 1.0,
        "t_hit_median": 3.0,
        "t_hit_p75": 10.0,
        "mdd_p25": -1.2886,
        "mdd_median": -0.45735,
        "mdd_p75": -0.10965
      },
      "96": {
        "n_total": 3198,
        "n_hit": 2927,
        "p_hit": 0.91526,
        "t_hit_p25": 1.0,
        "t_hit_median": 3.0,
        "t_hit_p75": 11.0,
        "mdd_p25": -1.3416,
        "mdd_median": -0.4717,
        "mdd_p75": -0.11405
      }
    },
    "1.0": {
      "12": {
        "n_total": 3198,
        "n_hit": 1646,
        "p_hit": 0.514697,
        "t_hit_p25": 2.0,
        "t_hit_median": 4.0,
        "t_hit_p75": 7.0,
        "mdd_p25": -0.93865,
        "mdd_median": -0.36305,
        "mdd_p75": -0.07755
      },
      "24": {
        "n_total": 3198,
        "n_hit": 2077,
        "p_hit": 0.649468,
        "t_hit_p25": 2.0,
        "t_hit_median": 5.0,
        "t_hit_p75": 11.0,
        "mdd_p25": -1.1102,
        "mdd_median": -0.4695,
        "mdd_p75": -0.1257
      },
      "36": {
        "n_total": 3198,
        "n_hit": 2322,
        "p_hit": 0.726079,
        "t_hit_p25": 3.0,
        "t_hit_median": 6.0,
        "t_hit_p75": 15.0,
        "mdd_p25": -1.330725,
        "mdd_median": -0.53485,
        "mdd_p75": -0.1558
      },
      "48": {
        "n_total": 3198,
        "n_hit": 2441,
        "p_hit": 0.76329,
        "t_hit_p25": 3.0,
        "t_hit_median": 7.0,
        "t_hit_p75": 17.0,
        "mdd_p25": -1.3966,
        "mdd_median": -0.5546,
        "mdd_p75": -0.1699
      },
      "60": {
        "n_total": 3198,
        "n_hit": 2526,
        "p_hit": 0.789869,
        "t_hit_p25": 3.0,
        "t_hit_median": 7.0,
        "t_hit_p75": 18.0,
        "mdd_p25": -1.4865749999999998,
        "mdd_median": -0.5957,
        "mdd_p75": -0.17685
      },
      "72": {
        "n_total": 3198,
        "n_hit": 2599,
        "p_hit": 0.812695,
        "t_hit_p25": 3.0,
        "t_hit_median": 8.0,
        "t_hit_p75": 20.0,
        "mdd_p25": -1.58865,
        "mdd_median": -0.6216,
        "mdd_p75": -0.1879
      },
      "84": {
        "n_total": 3198,
        "n_hit": 2660,
        "p_hit": 0.83177,
        "t_hit_p25": 3.0,
        "t_hit_median": 8.0,
        "t_hit_p75": 22.0,
        "mdd_p25": -1.6856250000000002,
        "mdd_median": -0.65985,
        "mdd_p75": -0.195725
      },
      "96": {
        "n_total": 3198,
        "n_hit": 2703,
        "p_hit": 0.845216,
        "t_hit_p25": 3.0,
        "t_hit_median": 8.0,
        "t_hit_p75": 23.0,
        "mdd_p25": -1.76155,
        "mdd_median": -0.6805,
        "mdd_p75": -0.20465
      }
    },
    "2.0": {
      "12": {
        "n_total": 3198,
        "n_hit": 784,
        "p_hit": 0.245153,
        "t_hit_p25": 3.0,
        "t_hit_median": 5.0,
        "t_hit_p75": 9.0,
        "mdd_p25": -0.9604249999999999,
        "mdd_median": -0.39705,
        "mdd_p75": -0.080325
      },
      "24": {
        "n_total": 3198,
        "n_hit": 1278,
        "p_hit": 0.399625,
        "t_hit_p25": 4.0,
        "t_hit_median": 9.0,
        "t_hit_p75": 16.0,
        "mdd_p25": -1.24795,
        "mdd_median": -0.5615,
        "mdd_p75": -0.172425
      },
      "36": {
        "n_total": 3198,
        "n_hit": 1618,
        "p_hit": 0.505941,
        "t_hit_p25": 5.0,
        "t_hit_median": 13.0,
        "t_hit_p75": 23.0,
        "mdd_p25": -1.4502499999999998,
        "mdd_median": -0.6770499999999999,
        "mdd_p75": -0.208875
      },
      "48": {
        "n_total": 3198,
        "n_hit": 1847,
        "p_hit": 0.577548,
        "t_hit_p25": 6.0,
        "t_hit_median": 16.0,
        "t_hit_p75": 28.0,
        "mdd_p25": -1.57355,
        "mdd_median": -0.7588,
        "mdd_p75": -0.25775
      },
      "60": {
        "n_total": 3198,
        "n_hit": 1996,
        "p_hit": 0.62414,
        "t_hit_p25": 7.0,
        "t_hit_median": 17.0,
        "t_hit_p75": 32.0,
        "mdd_p25": -1.651875,
        "mdd_median": -0.81565,
        "mdd_p75": -0.28005
      },
      "72": {
        "n_total": 3198,
        "n_hit": 2127,
        "p_hit": 0.665103,
        "t_hit_p25": 7.0,
        "t_hit_median": 18.0,
        "t_hit_p75": 36.0,
        "mdd_p25": -1.81395,
        "mdd_median": -0.9049,
        "mdd_p75": -0.308
      },
      "84": {
        "n_total": 3198,
        "n_hit": 2215,
        "p_hit": 0.69262,
        "t_hit_p25": 8.0,
        "t_hit_median": 20.0,
        "t_hit_p75": 39.0,
        "mdd_p25": -1.96525,
        "mdd_median": -0.9599,
        "mdd_p75": -0.3284
      },
      "96": {
        "n_total": 3198,
        "n_hit": 2300,
        "p_hit": 0.719199,
        "t_hit_p25": 8.0,
        "t_hit_median": 21.0,
        "t_hit_p75": 42.0,
        "mdd_p25": -2.1026,
        "mdd_median": -1.00285,
        "mdd_p75": -0.3454
      }
    },
    "3.0": {
      "12": {
        "n_total": 3198,
        "n_hit": 419,
        "p_hit": 0.131019,
        "t_hit_p25": 3.0,
        "t_hit_median": 6.0,
        "t_hit_p75": 9.0,
        "mdd_p25": -0.92355,
        "mdd_median": -0.3594,
        "mdd_p75": -0.08510000000000001
      },
      "24": {
        "n_total": 3198,
        "n_hit": 746,
        "p_hit": 0.233271,
        "t_hit_p25": 5.0,
        "t_hit_median": 11.0,
        "t_hit_p75": 17.0,
        "mdd_p25": -1.3144,
        "mdd_median": -0.5520499999999999,
        "mdd_p75": -0.155925
      },
      "36": {
        "n_total": 3198,
        "n_hit": 1048,
        "p_hit": 0.327705,
        "t_hit_p25": 7.0,
        "t_hit_median": 16.0,
        "t_hit_p75": 26.0,
        "mdd_p25": -1.579425,
        "mdd_median": -0.6838,
        "mdd_p75": -0.206625
      },
      "48": {
        "n_total": 3198,
        "n_hit": 1292,
        "p_hit": 0.404003,
        "t_hit_p25": 9.0,
        "t_hit_median": 21.0,
        "t_hit_p75": 33.0,
        "mdd_p25": -1.713875,
        "mdd_median": -0.8176,
        "mdd_p75": -0.2719
      },