{
  "schema": "baseline_probs_v1",
  "source_labels": "data/labels/labels_v1.csv",
  "n_rows_labels": 875,
  "thresholds": [
    0.5,
    1.0,
    2.0,
    3.0,
    5.0
  ],
  "horizons": [
    12,
    24,
    36,
    48,
    60,
    72,
    84,
    96
  ],
  "results": {
    "0.5": {
      "12": {
        "n_total": 875,
        "n_hit": 587,
        "p_hit": 0.670857,
        "t_hit_p25": 1.0,
        "t_hit_median": 3.0,
        "t_hit_p75": 6.0,
        "mdd_p25": -0.6295999999999999,
        "mdd_median": -0.2448,
        "mdd_p75": -0.055349999999999996
      },
      "24": {
        "n_total": 875,
        "n_hit": 698,
        "p_hit": 0.797714,
        "t_hit_p25": 2.0,
        "t_hit_median": 4.0,
        "t_hit_p75": 9.0,
        "mdd_p25": -0.795075,
        "mdd_median": -0.32599999999999996,
        "mdd_p75": -0.091525
      },
      "36": {
        "n_total": 875,
        "n_hit": 740,
        "p_hit": 0.845714,
        "t_hit_p25": 2.0,
        "t_hit_median": 4.0,
        "t_hit_p75": 10.0,
        "mdd_p25": -0.8417749999999999,
        "mdd_median": -0.36660000000000004,
        "mdd_p75": -0.101725
      },
      "48": {
        "n_total": 875,
        "n_hit": 750,
        "p_hit": 0.857143,
        "t_hit_p25": 2.0,
        "t_hit_median": 4.0,
        "t_hit_p75": 11.0,
        "mdd_p25": -0.88035,
        "mdd_median": -0.37105,
        "mdd_p75": -0.10415
      },
      "60": {
        "n_total": 875,
        "n_hit": 764,
        "p_hit": 0.873143,
        "t_hit_p25": 2.0,
        "t_hit_median": 5.0,
        "t_hit_p75": 12.0,
        "mdd_p25": -0.9517,
        "mdd_median": -0.38375000000000004,
        "mdd_p75": -0.10567499999999999
      },
      "72": {
        "n_total": 875,
        "n_hit": 786,
        "p_hit": 0.898286,
        "t_hit_p25": 2.0,
        "t_hit_median": 5.0,
        "t_hit_p75": 13.0,
        "mdd_p25": -1.0616,
        "mdd_median": -0.4065,
        "mdd_p75": -0.108975
      },
      "84": {
        "n_total": 875,
        "n_hit": 802,
        "p_hit": 0.916571,
        "t_hit_p25": 2.0,
        "t_hit_median": 5.0,
        "t_hit_p75": 14.0,
        "mdd_p25": -1.166575,
        "mdd_median": -0.42264999999999997,
        "mdd_p75": -0.114
      },
      "96": {
        "n_total": 875,
        "n_hit": 808,
        "p_hit": 0.923429,
        "t_hit_p25": 2.0,
        "t_hit_median": 5.0,
        "t_hit_p75": 14.0,
        "mdd_p25": -1.189025,
        "mdd_median": -0.4289,
        "mdd_p75": -0.11647500000000001
      }
    },
    "1.0": {
      "12": {
        "n_total": 875,
        "n_hit": 407,
        "p_hit": 0.465143,
        "t_hit_p25": 3.0,
        "t_hit_median": 5.0,
        "t_hit_p75": 8.0,
        "mdd_p25": -0.73645,
        "mdd_median": -0.2629,
        "mdd_p75": -0.0701
      },
      "24": {
        "n_total": 875,
        "n_hit": 548,
        "p_hit": 0.626286,
        "t_hit_p25": 4.0,
        "t_hit_median": 7.0,
        "t_hit_p75": 13.0,
        "mdd_p25": -0.9323499999999999,
        "mdd_median": -0.38134999999999997,
        "mdd_p75": -0.10395
      },
      "36": {
        "n_total": 875,
        "n_hit": 629,
        "p_hit": 0.718857,
        "t_hit_p25": 4.0,
        "t_hit_median": 8.0,
        "t_hit_p75": 18.0,
        "mdd_p25": -1.0637,
        "mdd_median": -0.4355,
        "mdd_p75": -0.1312
      },
      "48": {
        "n_total": 875,
        "n_hit": 664,
        "p_hit": 0.758857,
        "t_hit_p25": 4.0,
        "t_hit_median": 9.0,
        "t_hit_p75": 19.25,
        "mdd_p25": -1.1131250000000001,
        "mdd_median": -0.44715,
        "mdd_p75": -0.14385
      },
      "60": {
        "n_total": 875,
        "n_hit": 700,
        "p_hit": 0.8,
        "t_hit_p25": 4.0,
        "t_hit_median": 10.0,
        "t_hit_p75": 22.0,
        "mdd_p25": -1.2461,
        "mdd_median": -0.4769,
        "mdd_p75": -0.15815
      },
      "72": {
        "n_total": 875,
        "n_hit": 731,
        "p_hit": 0.835429,
        "t_hit_p25": 5.0,
        "t_hit_median": 10.0,
        "t_hit_p75": 24.5,
        "mdd_p25": -1.35805,
        "mdd_median": -0.5071,
        "mdd_p75": -0.1679
      },
      "84": {
        "n_total": 875,
        "n_hit": 752,
        "p_hit": 0.859429,
        "t_hit_p25": 5.0,
        "t_hit_median": 11.0,
        "t_hit_p75": 26.25,
        "mdd_p25": -1.422675,
        "mdd_median": -0.54275,
        "mdd_p75": -0.170925
      },
      "96": {
        "n_total": 875,
        "n_hit": 763,
        "p_hit": 0.872,
        "t_hit_p25": 5.0,
        "t_hit_median": 11.0,
        "t_hit_p75": 27.0,
        "mdd_p25": -1.49145,
        "mdd_median": -0.5477,
        "mdd_p75": -0.1719
      }
    },
    "2.0": {
      "12": {
        "n_total": 875,
        "n_hit": 179,
        "p_hit": 0.204571,
        "t_hit_p25": 4.0,
        "t_hit_median": 7.0,
        "t_hit_p75": 9.0,
        "mdd_p25": -0.71765,
        "mdd_median": -0.352,
        "mdd_p75": -0.10250000000000001
      },
      "24": {
        "n_total": 875,
        "n_hit": 320,
        "p_hit": 0.365714,
        "t_hit_p25": 6.0,
        "t_hit_median": 11.0,
        "t_hit_p75": 17.0,
        "mdd_p25": -1.0322,
        "mdd_median": -0.50685,
        "mdd_p75": -0.16535
      },
      "36": {
        "n_total": 875,
        "n_hit": 409,
        "p_hit": 0.467429,
        "t_hit_p25": 7.0,
        "t_hit_median": 15.0,
        "t_hit_p75": 23.0,
        "mdd_p25": -1.014,
        "mdd_median": -0.4696,
        "mdd_p75": -0.1577
      },
      "48": {
        "n_total": 875,
        "n_hit": 491,
        "p_hit": 0.561143,
        "t_hit_p25": 9.0,
        "t_hit_median": 17.0,
        "t_hit_p75": 31.0,
        "mdd_p25": -1.1661000000000001,
        "mdd_median": -0.4818,
        "mdd_p75": -0.17745
      },
      "60": {
        "n_total": 875,
        "n_hit": 551,
        "p_hit": 0.629714,
        "t_hit_p25": 9.0,
        "t_hit_median": 20.0,
        "t_hit_p75": 37.0,
        "mdd_p25": -1.2598,
        "mdd_median": -0.5429,
        "mdd_p75": -0.20745
      },
      "72": {
        "n_total": 875,
        "n_hit": 594,
        "p_hit": 0.678857,
        "t_hit_p25": 10.0,
        "t_hit_median": 21.5,
        "t_hit_p75": 42.0,
        "mdd_p25": -1.3401,
        "mdd_median": -0.5879000000000001,
        "mdd_p75": -0.23885
      },
      "84": {
        "n_total": 875,
        "n_hit": 619,
        "p_hit": 0.707429,
        "t_hit_p25": 10.5,
        "t_hit_median": 23.0,
        "t_hit_p75": 45.0,
        "mdd_p25": -1.4039,
        "mdd_median": -0.6178,
        "mdd_p75": -0.2532
      },
      "96": {
        "n_total": 875,
        "n_hit": 641,
        "p_hit": 0.732571,
        "t_hit_p25": 11.0,
        "t_hit_median": 25.0,
        "t_hit_p75": 47.0,
        "mdd_p25": -1.4842,
        "mdd_median": -0.6536,
        "mdd_p75": -0.2656
      }
    },
    "3.0": {
      "12": {
        "n_total": 875,
        "n_hit": 83,
        "p_hit": 0.094857,
        "t_hit_p25": 5.0,
        "t_hit_median": 7.0,
        "t_hit_p75": 10.0,
        "mdd_p25": -0.85395,
        "mdd_median": -0.3402,
        "mdd_p75": -0.14429999999999998
      },
      "24": {
        "n_total": 875,
        "n_hit": 153,
        "p_hit": 0.174857,
        "t_hit_p25": 7.0,
        "t_hit_median": 12.0,
        "t_hit_p75": 18.0,
        "mdd_p25": -0.7081,
        "mdd_median": -0.3594,
        "mdd_p75": -0.1176
      },
      "36": {
        "n_total": 875,
        "n_hit": 230,
        "p_hit": 0.262857,
        "t_hit_p25": 10.0,
        "t_hit_median": 18.5,
        "t_hit_p75": 28.75,
        "mdd_p25": -0.8334250000000001,
        "mdd_median": -0.41295000000000004,
        "mdd_p75": -0.1341
      },
      "48": {
        "n_total": 875,
        "n_hit": 302,
        "p_hit": 0.345143,
        "t_hit_p25": 11.25,
        "t_hit_median": 24.0,
        "t_hit_p75": 36.0,
        "mdd_p25": -0.9700000000000001,
        "mdd_median": -0.4723,