{
  "schema": "baseline_probs_v1",
  "source_labels": "data/labels/labels_v1.csv",
  "n_rows_labels": 2852,
  "thresholds": [
    0.5,
    1.0,
    2.0,
    3.0,
    5.0
  ],
  "horizons": [
    12,
    24,
    36,
    48,
    60,
    72,
    84,
    96
  ],
  "results": {
    "0.5": {
      "12": {
        "n_total": 2852,
        "n_hit": 2001,
        "p_hit": 0.701613,
        "t_hit_p25": 1.0,
        "t_hit_median": 2.0,
        "t_hit_p75": 4.0,
        "mdd_p25": -0.7273,
        "mdd_median": -0.2918,
        "mdd_p75": -0.0492
      },
      "24": {
        "n_total": 2852,
        "n_hit": 2276,
        "p_hit": 0.798036,
        "t_hit_p25": 1.0,
        "t_hit_median": 3.0,
        "t_hit_p75": 7.0,
        "mdd_p25": -0.915125,
        "mdd_median": -0.3595,
        "mdd_p75": -0.079975
      },
      "36": {
        "n_total": 2852,
        "n_hit": 2414,
        "p_hit": 0.846424,
        "t_hit_p25": 1.0,
        "t_hit_median": 3.0,
        "t_hit_p75": 8.0,
        "mdd_p25": -1.014525,
        "mdd_median": -0.40965,
        "mdd_p75": -0.096375
      },
      "48": {
        "n_total": 2852,
        "n_hit": 2467,
        "p_hit": 0.865007,
        "t_hit_p25": 1.0,
        "t_hit_median": 3.0,
        "t_hit_p75": 9.0,
        "mdd_p25": -1.1164,
        "mdd_median": -0.4228,
        "mdd_p75": -0.10239999999999999
      },
      "60": {
        "n_total": 2852,
        "n_hit": 2490,
        "p_hit": 0.873072,
        "t_hit_p25": 1.0,
        "t_hit_median": 3.0,
        "t_hit_p75": 9.0,
        "mdd_p25": -1.148325,
        "mdd_median": -0.4294,
        "mdd_p75": -0.10412500000000001
      },
      "72": {
        "n_total": 2852,
        "n_hit": 2529,
        "p_hit": 0.886746,
        "t_hit_p25": 1.0,
        "t_hit_median": 3.0,
        "t_hit_p75": 10.0,
        "mdd_p25": -1.2048,
        "mdd_median": -0.4433,
        "mdd_p75": -0.1066
      },
      "84": {
        "n_total": 2852,
        "n_hit": 2572,
        "p_hit": 0.901823,
        "t_hit_p25": 1.0,
        "t_hit_median": 3.0,
        "t_hit_p75": 10.25,
        "mdd_p25": -1.2755,
        "mdd_median": -0.46130000000000004,
        "mdd_p75": -0.11132500000000001
      },
      "96": {
        "n_total": 2852,
        "n_hit": 2601,
        "p_hit": 0.911992,
        "t_hit_p25": 1.0,
        "t_hit_median": 3.0,
        "t_hit_p75": 11.0,
        "mdd_p25": -1.3343,
        "mdd_median": -0.4736,
        "mdd_p75": -0.1162
      }
    },
    "1.0": {
      "12": {
        "n_total": 2852,
        "n_hit": 1448,
        "p_hit": 0.507714,
        "t_hit_p25": 2.0,
        "t_hit_median": 4.0,
        "t_hit_p75": 7.0,
        "mdd_p25": -0.951625,
        "mdd_median": -0.36795,
        "mdd_p75": -0.08035
      },
      "24": {
        "n_total": 2852,
        "n_hit": 1818,
        "p_hit": 0.637447,
        "t_hit_p25": 2.0,
        "t_hit_median": 5.0,
        "t_hit_p75": 11.0,
        "mdd_p25": -1.10865,
        "mdd_median": -0.4732,
        "mdd_p75": -0.12755
      },
      "36": {
        "n_total": 2852,
        "n_hit": 2045,
        "p_hit": 0.717041,
        "t_hit_p25": 3.0,
        "t_hit_median": 6.0,
        "t_hit_p75": 15.0,
        "mdd_p25": -1.3232,
        "mdd_median": -0.5372,
        "mdd_p75": -0.1589
      },
      "48": {
        "n_total": 2852,
        "n_hit": 2151,
        "p_hit": 0.754208,
        "t_hit_p25": 3.0,
        "t_hit_median": 7.0,
        "t_hit_p75": 17.0,
        "mdd_p25": -1.38125,
        "mdd_median": -0.5546,
        "mdd_p75": -0.1718
      },
      "60": {
        "n_total": 2852,
        "n_hit": 2230,
        "p_hit": 0.781907,
        "t_hit_p25": 3.0,
        "t_hit_median": 7.0,
        "t_hit_p75": 19.0,
        "mdd_p25": -1.4827,
        "mdd_median": -0.5957,
        "mdd_p75": -0.18365
      },
      "72": {
        "n_total": 2852,
        "n_hit": 2295,
        "p_hit": 0.804698,
        "t_hit_p25": 3.0,
        "t_hit_median": 8.0,
        "t_hit_p75": 21.0,
        "mdd_p25": -1.5838,
        "mdd_median": -0.6197,
        "mdd_p75": -0.1944
      },
      "84": {
        "n_total": 2852,
        "n_hit": 2353,
        "p_hit": 0.825035,
        "t_hit_p25": 3.0,
        "t_hit_median": 8.0,
        "t_hit_p75": 22.0,
        "mdd_p25": -1.6866,
        "mdd_median": -0.6584,
        "mdd_p75": -0.2049
      },
      "96": {
        "n_total": 2852,
        "n_hit": 2390,
        "p_hit": 0.838008,
        "t_hit_p25": 3.0,
        "t_hit_median": 8.0,
        "t_hit_p75": 23.75,
        "mdd_p25": -1.756525,
        "mdd_median": -0.6801999999999999,
        "mdd_p75": -0.21487499999999998
      }
    },
    "2.0": {
      "12": {
        "n_total": 2852,
        "n_hit": 693,
        "p_hit": 0.242987,
        "t_hit_p25": 3.0,
        "t_hit_median": 5.0,
        "t_hit_p75": 9.0,
        "mdd_p25": -0.9727,
        "mdd_median": -0.4153,
        "mdd_p75": -0.1009
      },
      "24": {
        "n_total": 2852,
        "n_hit": 1126,
        "p_hit": 0.394811,
        "t_hit_p25": 4.0,
        "t_hit_median": 9.0,
        "t_hit_p75": 16.0,
        "mdd_p25": -1.271725,
        "mdd_median": -0.58005,
        "mdd_p75": -0.17524999999999996
      },
      "36": {
        "n_total": 2852,
        "n_hit": 1427,
        "p_hit": 0.500351,
        "t_hit_p25": 5.0,
        "t_hit_median": 13.0,
        "t_hit_p75": 23.0,
        "mdd_p25": -1.4668,
        "mdd_median": -0.6792,
        "mdd_p75": -0.22139999999999999
      },
      "48": {
        "n_total": 2852,
        "n_hit": 1617,
        "p_hit": 0.566971,
        "t_hit_p25": 6.0,
        "t_hit_median": 15.0,
        "t_hit_p75": 28.0,
        "mdd_p25": -1.5587,
        "mdd_median": -0.7369,
        "mdd_p75": -0.2654
      },
      "60": {
        "n_total": 2852,
        "n_hit": 1744,
        "p_hit": 0.611501,
        "t_hit_p25": 7.0,
        "t_hit_median": 17.0,
        "t_hit_p75": 32.0,
        "mdd_p25": -1.61725,
        "mdd_median": -0.802,
        "mdd_p75": -0.283825
      },
      "72": {
        "n_total": 2852,
        "n_hit": 1857,
        "p_hit": 0.651122,
        "t_hit_p25": 7.0,
        "t_hit_median": 18.0,
        "t_hit_p75": 35.0,
        "mdd_p25": -1.7758,
        "mdd_median": -0.8884,
        "mdd_p75": -0.312
      },
      "84": {
        "n_total": 2852,
        "n_hit": 1938,
        "p_hit": 0.679523,
        "t_hit_p25": 8.0,
        "t_hit_median": 20.0,
        "t_hit_p75": 38.0,
        "mdd_p25": -1.943,
        "mdd_median": -0.94945,
        "mdd_p75": -0.329675
      },
      "96": {
        "n_total": 2852,
        "n_hit": 2013,
        "p_hit": 0.70582,
        "t_hit_p25": 8.0,
        "t_hit_median": 21.0,
        "t_hit_p75": 41.0,
        "mdd_p25": -2.1314,
        "mdd_median": -0.9907,
        "mdd_p75": -0.3477
      }
    },
    "3.0": {
      "12": {
        "n_total": 2852,
        "n_hit": 376,
        "p_hit": 0.131837,
        "t_hit_p25": 3.0,
        "t_hit_median": 6.0,
        "t_hit_p75": 9.0,
        "mdd_p25": -0.925775,
        "mdd_median": -0.37295,
        "mdd_p75": -0.1031
      },
      "24": {
        "n_total": 2852,
        "n_hit": 654,
        "p_hit": 0.229313,
        "t_hit_p25": 5.0,
        "t_hit_median": 10.0,
        "t_hit_p75": 17.0,
        "mdd_p25": -1.3294249999999999,
        "mdd_median": -0.55165,
        "mdd_p75": -0.1593
      },
      "36": {
        "n_total": 2852,
        "n_hit": 921,
        "p_hit": 0.322931,
        "t_hit_p25": 7.0,
        "t_hit_median": 16.0,
        "t_hit_p75": 26.0,
        "mdd_p25": -1.6042,
        "mdd_median": -0.6767,
        "mdd_p75": -0.2074
      },
      "48": {
        "n_total": 2852,
        "n_hit": 1137,
        "p_hit": 0.398668,
        "t_hit_p25": 9.0,
        "t_hit_median": 21.0,
        "t_hit_p75": 33.0,
        "mdd_p25": -1.7133,
        "mdd_median": -0.8007,
        "mdd_p75": -0.2723
      },
      "60": {
        "n_total": 2852,
        "n_hit": 1297,