{
  "schema": "baseline_probs_v1",
  "source_labels": "data/labels/labels_v1.csv",
  "n_rows_labels": 790,
  "thresholds": [
    0.5,
    1.0,
    2.0,
    3.0,
    5.0
  ],
  "horizons": [
    12,
    24,
    36,
    48,
    60,
    72,
    84,
    96
  ],
  "results": {
    "0.5": {
      "12": {
        "n_total": 790,
        "n_hit": 553,
        "p_hit": 0.7,
        "t_hit_p25": 1.0,
        "t_hit_median": 3.0,
        "t_hit_p75": 6.0,
        "mdd_p25": -0.6094,
        "mdd_median": -0.2357,
        "mdd_p75": -0.0527
      },
      "24": {
        "n_total": 790,
        "n_hit": 660,
        "p_hit": 0.835443,
        "t_hit_p25": 2.0,
        "t_hit_median": 4.0,
        "t_hit_p75": 9.0,
        "mdd_p25": -0.717125,
        "mdd_median": -0.31715000000000004,
        "mdd_p75": -0.08925
      },
      "36": {
        "n_total": 790,
        "n_hit": 698,
        "p_hit": 0.883544,
        "t_hit_p25": 2.0,
        "t_hit_median": 4.0,
        "t_hit_p75": 10.0,
        "mdd_p25": -0.80855,
        "mdd_median": -0.3479,
        "mdd_p75": -0.096775
      },
      "48": {
        "n_total": 790,
        "n_hit": 705,
        "p_hit": 0.892405,
        "t_hit_p25": 2.0,
        "t_hit_median": 4.0,
        "t_hit_p75": 11.0,
        "mdd_p25": -0.8307,
        "mdd_median": -0.3594,
        "mdd_p75": -0.1006
      },
      "60": {
        "n_total": 790,
        "n_hit": 714,
        "p_hit": 0.903797,
        "t_hit_p25": 2.0,
        "t_hit_median": 5.0,
        "t_hit_p75": 11.0,
        "mdd_p25": -0.847725,
        "mdd_median": -0.36819999999999997,
        "mdd_p75": -0.102375
      },
      "72": {
        "n_total": 790,
        "n_hit": 727,
        "p_hit": 0.920253,
        "t_hit_p25": 2.0,
        "t_hit_median": 5.0,
        "t_hit_p75": 12.0,
        "mdd_p25": -0.933,
        "mdd_median": -0.3775,
        "mdd_p75": -0.10455
      },
      "84": {
        "n_total": 790,
        "n_hit": 730,
        "p_hit": 0.924051,
        "t_hit_p25": 2.0,
        "t_hit_median": 5.0,
        "t_hit_p75": 12.0,
        "mdd_p25": -0.9359999999999999,
        "mdd_median": -0.3797,
        "mdd_p75": -0.10500000000000001
      },
      "96": {
        "n_total": 790,
        "n_hit": 733,
        "p_hit": 0.927848,
        "t_hit_p25": 2.0,
        "t_hit_median": 5.0,
        "t_hit_p75": 12.0,
        "mdd_p25": -0.9448,
        "mdd_median": -0.3825,
        "mdd_p75": -0.1056
      }
    },
    "1.0": {
      "12": {
        "n_total": 790,
        "n_hit": 386,
        "p_hit": 0.488608,
        "t_hit_p25": 3.0,
        "t_hit_median": 5.0,
        "t_hit_p75": 8.0,
        "mdd_p25": -0.679675,
        "mdd_median": -0.24755,
        "mdd_p75": -0.06835
      },
      "24": {
        "n_total": 790,
        "n_hit": 519,
        "p_hit": 0.656962,
        "t_hit_p25": 4.0,
        "t_hit_median": 7.0,
        "t_hit_p75": 13.0,
        "mdd_p25": -0.8400000000000001,
        "mdd_median": -0.3641,
        "mdd_p75": -0.10075
      },
      "36": {
        "n_total": 790,
        "n_hit": 598,
        "p_hit": 0.756962,
        "t_hit_p25": 4.0,
        "t_hit_median": 8.0,
        "t_hit_p75": 18.0,
        "mdd_p25": -0.98855,
        "mdd_median": -0.40995000000000004,
        "mdd_p75": -0.12755
      },
      "48": {
        "n_total": 790,
        "n_hit": 633,
        "p_hit": 0.801266,
        "t_hit_p25": 4.0,
        "t_hit_median": 9.0,
        "t_hit_p75": 20.0,
        "mdd_p25": -1.0607,
        "mdd_median": -0.428,
        "mdd_p75": -0.1402
      },
      "60": {
        "n_total": 790,
        "n_hit": 657,
        "p_hit": 0.831646,
        "t_hit_p25": 4.0,
        "t_hit_median": 9.0,
        "t_hit_p75": 21.0,
        "mdd_p25": -1.1668,
        "mdd_median": -0.4582,
        "mdd_p75": -0.1454
      },
      "72": {
        "n_total": 790,
        "n_hit": 679,
        "p_hit": 0.859494,
        "t_hit_p25": 4.0,
        "t_hit_median": 10.0,
        "t_hit_p75": 23.0,
        "mdd_p25": -1.22845,
        "mdd_median": -0.4738,
        "mdd_p75": -0.158
      },
      "84": {
        "n_total": 790,
        "n_hit": 687,
        "p_hit": 0.86962,
        "t_hit_p25": 4.0,
        "t_hit_median": 10.0,
        "t_hit_p75": 24.0,
        "mdd_p25": -1.2614999999999998,
        "mdd_median": -0.4788,
        "mdd_p75": -0.15965000000000001
      },
      "96": {
        "n_total": 790,
        "n_hit": 693,
        "p_hit": 0.877215,
        "t_hit_p25": 5.0,
        "t_hit_median": 10.0,
        "t_hit_p75": 25.0,
        "mdd_p25": -1.2785,
        "mdd_median": -0.4839,
        "mdd_p75": -0.1614
      }
    },
    "2.0": {
      "12": {
        "n_total": 790,
        "n_hit": 169,
        "p_hit": 0.213924,
        "t_hit_p25": 4.0,
        "t_hit_median": 7.0,
        "t_hit_p75": 9.0,
        "mdd_p25": -0.6474,
        "mdd_median": -0.3402,
        "mdd_p75": -0.1009
      },
      "24": {
        "n_total": 790,
        "n_hit": 303,
        "p_hit": 0.383544,
        "t_hit_p25": 6.0,
        "t_hit_median": 11.0,
        "t_hit_p75": 17.0,
        "mdd_p25": -0.9628000000000001,
        "mdd_median": -0.4791,
        "mdd_p75": -0.14955000000000002
      },
      "36": {
        "n_total": 790,
        "n_hit": 391,
        "p_hit": 0.494937,
        "t_hit_p25": 7.0,
        "t_hit_median": 15.0,
        "t_hit_p75": 23.0,
        "mdd_p25": -0.9742999999999999,
        "mdd_median": -0.4466,
        "mdd_p75": -0.1545
      },
      "48": {
        "n_total": 790,
        "n_hit": 473,
        "p_hit": 0.598734,
        "t_hit_p25": 9.0,
        "t_hit_median": 17.0,
        "t_hit_p75": 32.0,
        "mdd_p25": -1.0394,
        "mdd_median": -0.4726,
        "mdd_p75": -0.1725
      },
      "60": {
        "n_total": 790,
        "n_hit": 525,
        "p_hit": 0.664557,
        "t_hit_p25": 10.0,
        "t_hit_median": 20.0,
        "t_hit_p75": 37.0,
        "mdd_p25": -1.1819,
        "mdd_median": -0.4986,
        "mdd_p75": -0.2025
      },
      "72": {
        "n_total": 790,
        "n_hit": 559,
        "p_hit": 0.707595,
        "t_hit_p25": 10.0,
        "t_hit_median": 21.0,
        "t_hit_p75": 41.0,
        "mdd_p25": -1.22155,
        "mdd_median": -0.5524,
        "mdd_p75": -0.22139999999999999
      },
      "84": {
        "n_total": 790,
        "n_hit": 572,
        "p_hit": 0.724051,
        "t_hit_p25": 10.0,
        "t_hit_median": 22.0,
        "t_hit_p75": 43.0,
        "mdd_p25": -1.270425,
        "mdd_median": -0.57655,
        "mdd_p75": -0.224725
      },
      "96": {
        "n_total": 790,
        "n_hit": 584,
        "p_hit": 0.739241,
        "t_hit_p25": 10.75,
        "t_hit_median": 23.0,
        "t_hit_p75": 44.0,
        "mdd_p25": -1.307475,
        "mdd_median": -0.5850500000000001,
        "mdd_p75": -0.237575
      }
    },
    "3.0": {
      "12": {
        "n_total": 790,
        "n_hit": 80,
        "p_hit": 0.101266,
        "t_hit_p25": 5.0,
        "t_hit_median": 7.0,
        "t_hit_p75": 10.0,
        "mdd_p25": -0.832875,
        "mdd_median": -0.3498,
        "mdd_p75": -0.14435
      },
      "24": {
        "n_total": 790,
        "n_hit": 149,
        "p_hit": 0.188608,
        "t_hit_p25": 7.0,
        "t_hit_median": 12.0,
        "t_hit_p75": 19.0,
        "mdd_p25": -0.7065,
        "mdd_median": -0.3594,
        "mdd_p75": -0.1176
      },
      "36": {
        "n_total": 790,
        "n_hit": 226,
        "p_hit": 0.286076,
        "t_hit_p25": 10.0,
        "t_hit_median": 19.0,
        "t_hit_p75": 29.0,
        "mdd_p25": -0.8168249999999999,
        "mdd_median": -0.41295000000000004,
        "mdd_p75": -0.1341
      },
      "48": {
        "n_total": 790,
        "n_hit": 296,
        "p_hit": 0.374684,
        "t_hit_p25": 11.75,
        "t_hit_median": 24.0,
        "t_hit_p75": 36.0,
        "mdd_p25": -0.9542750000000001,
        "mdd_median": -0.4707,
        "mdd_p75": -0.1807
      },