{
  "schema": "baseline_probs_v1",
  "source_labels": "data/labels/labels_v1.csv",
  "n_rows_labels": 1609,
  "thresholds": [
    0.5,
    1.0,
    2.0,
    3.0,
    5.0
  ],
  "horizons": [
    12,
    24,
    36,
    48,
    60,
    72,
    84,
    96
  ],
  "results": {
    "0.5": {
      "12": {
        "n_total": 1609,
        "n_hit": 1144,
        "p_hit": 0.711001,
        "t_hit_p25": 1.0,
        "t_hit_median": 2.0,
        "t_hit_p75": 5.0,
        "mdd_p25": -0.8322499999999999,
        "mdd_median": -0.29874999999999996,
        "mdd_p75": -0.055775
      },
      "24": {
        "n_total": 1609,
        "n_hit": 1293,
        "p_hit": 0.803605,
        "t_hit_p25": 1.0,
        "t_hit_median": 3.0,
        "t_hit_p75": 6.0,
        "mdd_p25": -0.9742,
        "mdd_median": -0.373,
        "mdd_p75": -0.0869
      },
      "36": {
        "n_total": 1609,
        "n_hit": 1355,
        "p_hit": 0.842138,
        "t_hit_p25": 1.0,
        "t_hit_median": 3.0,
        "t_hit_p75": 8.0,
        "mdd_p25": -1.0608,
        "mdd_median": -0.4058,
        "mdd_p75": -0.09755
      },
      "48": {
        "n_total": 1609,
        "n_hit": 1374,
        "p_hit": 0.853947,
        "t_hit_p25": 1.0,
        "t_hit_median": 3.0,
        "t_hit_p75": 8.0,
        "mdd_p25": -1.1079249999999998,
        "mdd_median": -0.41645,
        "mdd_p75": -0.10177499999999999
      },
      "60": {
        "n_total": 1609,
        "n_hit": 1388,
        "p_hit": 0.862648,
        "t_hit_p25": 1.0,
        "t_hit_median": 3.0,
        "t_hit_p75": 8.0,
        "mdd_p25": -1.1494499999999999,
        "mdd_median": -0.42505000000000004,
        "mdd_p75": -0.1033
      },
      "72": {
        "n_total": 1609,
        "n_hit": 1417,
        "p_hit": 0.880671,
        "t_hit_p25": 1.0,
        "t_hit_median": 3.0,
        "t_hit_p75": 9.0,
        "mdd_p25": -1.2354,
        "mdd_median": -0.4427,
        "mdd_p75": -0.1057
      },
      "84": {
        "n_total": 1609,
        "n_hit": 1444,
        "p_hit": 0.897452,
        "t_hit_p25": 1.0,
        "t_hit_median": 3.0,
        "t_hit_p75": 10.0,
        "mdd_p25": -1.308375,
        "mdd_median": -0.4659,
        "mdd_p75": -0.10995
      },
      "96": {
        "n_total": 1609,
        "n_hit": 1463,
        "p_hit": 0.90926,
        "t_hit_p25": 1.0,
        "t_hit_median": 3.0,
        "t_hit_p75": 10.0,
        "mdd_p25": -1.3533,
        "mdd_median": -0.4738,
        "mdd_p75": -0.11565
      }
    },
    "1.0": {
      "12": {
        "n_total": 1609,
        "n_hit": 846,
        "p_hit": 0.525792,
        "t_hit_p25": 2.0,
        "t_hit_median": 4.0,
        "t_hit_p75": 7.0,
        "mdd_p25": -1.0125,
        "mdd_median": -0.40015,
        "mdd_p75": -0.08107500000000001
      },
      "24": {
        "n_total": 1609,
        "n_hit": 1031,
        "p_hit": 0.640771,
        "t_hit_p25": 2.0,
        "t_hit_median": 5.0,
        "t_hit_p75": 10.0,
        "mdd_p25": -1.17775,
        "mdd_median": -0.4754,
        "mdd_p75": -0.11935
      },
      "36": {
        "n_total": 1609,
        "n_hit": 1147,
        "p_hit": 0.712865,
        "t_hit_p25": 2.0,
        "t_hit_median": 6.0,
        "t_hit_p75": 13.0,
        "mdd_p25": -1.3382999999999998,
        "mdd_median": -0.5128,
        "mdd_p75": -0.14865
      },
      "48": {
        "n_total": 1609,
        "n_hit": 1197,
        "p_hit": 0.74394,
        "t_hit_p25": 2.0,
        "t_hit_median": 6.0,
        "t_hit_p75": 16.0,
        "mdd_p25": -1.3588,
        "mdd_median": -0.5364,
        "mdd_p75": -0.1589
      },
      "60": {
        "n_total": 1609,
        "n_hit": 1246,
        "p_hit": 0.774394,
        "t_hit_p25": 3.0,
        "t_hit_median": 7.0,
        "t_hit_p75": 18.0,
        "mdd_p25": -1.42475,
        "mdd_median": -0.55965,
        "mdd_p75": -0.1687
      },
      "72": {
        "n_total": 1609,
        "n_hit": 1295,
        "p_hit": 0.804848,
        "t_hit_p25": 3.0,
        "t_hit_median": 7.0,
        "t_hit_p75": 20.0,
        "mdd_p25": -1.5819999999999999,
        "mdd_median": -0.5977,
        "mdd_p75": -0.173
      },
      "84": {
        "n_total": 1609,
        "n_hit": 1329,
        "p_hit": 0.825979,
        "t_hit_p25": 3.0,
        "t_hit_median": 7.0,
        "t_hit_p75": 21.0,
        "mdd_p25": -1.6758,
        "mdd_median": -0.6217,
        "mdd_p75": -0.1808
      },
      "96": {
        "n_total": 1609,
        "n_hit": 1349,
        "p_hit": 0.838409,
        "t_hit_p25": 3.0,
        "t_hit_median": 7.0,
        "t_hit_p75": 23.0,
        "mdd_p25": -1.7411,
        "mdd_median": -0.6474,
        "mdd_p75": -0.186
      }
    },
    "2.0": {
      "12": {
        "n_total": 1609,
        "n_hit": 431,
        "p_hit": 0.267868,
        "t_hit_p25": 2.0,
        "t_hit_median": 5.0,
        "t_hit_p75": 8.0,
        "mdd_p25": -1.0958,
        "mdd_median": -0.4322,
        "mdd_p75": -0.1169
      },
      "24": {
        "n_total": 1609,
        "n_hit": 653,
        "p_hit": 0.405842,
        "t_hit_p25": 4.0,
        "t_hit_median": 8.0,
        "t_hit_p75": 15.0,
        "mdd_p25": -1.3315,
        "mdd_median": -0.5846,
        "mdd_p75": -0.1724
      },
      "36": {
        "n_total": 1609,
        "n_hit": 796,
        "p_hit": 0.494717,
        "t_hit_p25": 4.75,
        "t_hit_median": 11.0,
        "t_hit_p75": 21.0,
        "mdd_p25": -1.462375,
        "mdd_median": -0.6115,
        "mdd_p75": -0.18295
      },
      "48": {
        "n_total": 1609,
        "n_hit": 903,
        "p_hit": 0.561218,
        "t_hit_p25": 5.0,
        "t_hit_median": 13.0,
        "t_hit_p75": 27.0,
        "mdd_p25": -1.5008,
        "mdd_median": -0.635,
        "mdd_p75": -0.22139999999999999
      },
      "60": {
        "n_total": 1609,
        "n_hit": 979,
        "p_hit": 0.608452,
        "t_hit_p25": 6.0,
        "t_hit_median": 15.0,
        "t_hit_p75": 31.0,
        "mdd_p25": -1.5563500000000001,
        "mdd_median": -0.702,
        "mdd_p75": -0.2493
      },
      "72": {
        "n_total": 1609,
        "n_hit": 1049,
        "p_hit": 0.651958,
        "t_hit_p25": 6.0,
        "t_hit_median": 17.0,
        "t_hit_p75": 36.0,
        "mdd_p25": -1.6884,
        "mdd_median": -0.834,
        "mdd_p75": -0.2745
      },
      "84": {
        "n_total": 1609,
        "n_hit": 1092,
        "p_hit": 0.678682,
        "t_hit_p25": 6.0,
        "t_hit_median": 18.0,
        "t_hit_p75": 39.0,
        "mdd_p25": -1.851225,
        "mdd_median": -0.8994,
        "mdd_p75": -0.2927
      },
      "96": {
        "n_total": 1609,
        "n_hit": 1129,
        "p_hit": 0.701678,
        "t_hit_p25": 7.0,
        "t_hit_median": 19.0,
        "t_hit_p75": 42.0,
        "mdd_p25": -2.0047,
        "mdd_median": -0.9575,
        "mdd_p75": -0.3028
      }
    },
    "3.0": {
      "12": {
        "n_total": 1609,
        "n_hit": 241,
        "p_hit": 0.149782,
        "t_hit_p25": 3.0,
        "t_hit_median": 5.0,
        "t_hit_p75": 8.0,
        "mdd_p25": -1.0609,
        "mdd_median": -0.4653,
        "mdd_p75": -0.1442
      },
      "24": {
        "n_total": 1609,
        "n_hit": 380,
        "p_hit": 0.236172,
        "t_hit_p25": 4.0,
        "t_hit_median": 9.0,
        "t_hit_p75": 17.0,
        "mdd_p25": -1.2542499999999999,
        "mdd_median": -0.5374,
        "mdd_p75": -0.15535
      },
      "36": {
        "n_total": 1609,
        "n_hit": 514,
        "p_hit": 0.319453,
        "t_hit_p25": 6.0,
        "t_hit_median": 14.0,
        "t_hit_p75": 25.0,
        "mdd_p25": -1.4657,
        "mdd_median": -0.6010500000000001,
        "mdd_p75": -0.193225
      },
      "48": {
        "n_total": 1609,
        "n_hit": 623,
        "p_hit": 0.387197,
        "t_hit_p25": 7.0,
        "t_hit_median": 19.0,
        "t_hit_p75": 32.0,
        "mdd_p25": -1.58765,
        "mdd_median": -0.66,
        "mdd_p75": -0.2462
      },
      "60": {
        "n_total": 1609,