{
  "schema": "baseline_probs_v1",
  "source_labels": "data/labels/labels_v1.csv",
  "n_rows_labels": 2992,
  "thresholds": [
    0.5,
    1.0,
    2.0,
    3.0,
    5.0
  ],
  "horizons": [
    12,
    24,
    36,
    48,
    60,
    72,
    84,
    96
  ],
  "results": {
    "0.5": {
      "12": {
        "n_total": 2992,
        "n_hit": 2114,
        "p_hit": 0.706551,
        "t_hit_p25": 1.0,
        "t_hit_median": 2.0,
        "t_hit_p75": 4.0,
        "mdd_p25": -0.730775,
        "mdd_median": -0.293,
        "mdd_p75": -0.05045
      },
      "24": {
        "n_total": 2992,
        "n_hit": 2399,
        "p_hit": 0.801805,
        "t_hit_p25": 1.0,
        "t_hit_median": 3.0,
        "t_hit_p75": 7.0,
        "mdd_p25": -0.92005,
        "mdd_median": -0.3625,
        "mdd_p75": -0.07894999999999999
      },
      "36": {
        "n_total": 2992,
        "n_hit": 2540,
        "p_hit": 0.84893,
        "t_hit_p25": 1.0,
        "t_hit_median": 3.0,
        "t_hit_p75": 8.0,
        "mdd_p25": -1.014375,
        "mdd_median": -0.4096,
        "mdd_p75": -0.093775
      },
      "48": {
        "n_total": 2992,
        "n_hit": 2593,
        "p_hit": 0.866644,
        "t_hit_p25": 1.0,
        "t_hit_median": 3.0,
        "t_hit_p75": 9.0,
        "mdd_p25": -1.109,
        "mdd_median": -0.4227,
        "mdd_p75": -0.1009
      },
      "60": {
        "n_total": 2992,
        "n_hit": 2620,
        "p_hit": 0.875668,
        "t_hit_p25": 1.0,
        "t_hit_median": 3.0,
        "t_hit_p75": 9.0,
        "mdd_p25": -1.1494499999999999,
        "mdd_median": -0.43005000000000004,
        "mdd_p75": -0.10287500000000001
      },
      "72": {
        "n_total": 2992,
        "n_hit": 2659,
        "p_hit": 0.888703,
        "t_hit_p25": 1.0,
        "t_hit_median": 3.0,
        "t_hit_p75": 10.0,
        "mdd_p25": -1.20485,
        "mdd_median": -0.4404,
        "mdd_p75": -0.10565
      },
      "84": {
        "n_total": 2992,
        "n_hit": 2702,
        "p_hit": 0.903075,
        "t_hit_p25": 1.0,
        "t_hit_median": 3.0,
        "t_hit_p75": 10.0,
        "mdd_p25": -1.27435,
        "mdd_median": -0.45589999999999997,
        "mdd_p75": -0.10905000000000001
      },
      "96": {
        "n_total": 2992,
        "n_hit": 2731,
        "p_hit": 0.912767,
        "t_hit_p25": 1.0,
        "t_hit_median": 3.0,
        "t_hit_p75": 11.0,
        "mdd_p25": -1.334,
        "mdd_median": -0.4704,
        "mdd_p75": -0.11285
      }
    },
    "1.0": {
      "12": {
        "n_total": 2992,
        "n_hit": 1534,
        "p_hit": 0.512701,
        "t_hit_p25": 2.0,
        "t_hit_median": 4.0,
        "t_hit_p75": 7.0,
        "mdd_p25": -0.9411250000000001,
        "mdd_median": -0.36795,
        "mdd_p75": -0.07865
      },
      "24": {
        "n_total": 2992,
        "n_hit": 1925,
        "p_hit": 0.643382,
        "t_hit_p25": 2.0,
        "t_hit_median": 5.0,
        "t_hit_p75": 11.0,
        "mdd_p25": -1.1263,
        "mdd_median": -0.4747,
        "mdd_p75": -0.1274
      },
      "36": {
        "n_total": 2992,
        "n_hit": 2161,
        "p_hit": 0.722259,
        "t_hit_p25": 3.0,
        "t_hit_median": 6.0,
        "t_hit_p75": 15.0,
        "mdd_p25": -1.3343,
        "mdd_median": -0.539,
        "mdd_p75": -0.1583
      },
      "48": {
        "n_total": 2992,
        "n_hit": 2267,
        "p_hit": 0.757687,
        "t_hit_p25": 3.0,
        "t_hit_median": 7.0,
        "t_hit_p75": 17.0,
        "mdd_p25": -1.39115,
        "mdd_median": -0.5576,
        "mdd_p75": -0.171
      },
      "60": {
        "n_total": 2992,
        "n_hit": 2346,
        "p_hit": 0.784091,
        "t_hit_p25": 3.0,
        "t_hit_median": 7.0,
        "t_hit_p75": 18.0,
        "mdd_p25": -1.485925,
        "mdd_median": -0.5961000000000001,
        "mdd_p75": -0.17839999999999998
      },
      "72": {
        "n_total": 2992,
        "n_hit": 2412,
        "p_hit": 0.80615,
        "t_hit_p25": 3.0,
        "t_hit_median": 8.0,
        "t_hit_p75": 20.0,
        "mdd_p25": -1.58315,
        "mdd_median": -0.6211500000000001,
        "mdd_p75": -0.1894
      },
      "84": {
        "n_total": 2992,
        "n_hit": 2472,
        "p_hit": 0.826203,
        "t_hit_p25": 3.0,
        "t_hit_median": 8.0,
        "t_hit_p75": 22.0,
        "mdd_p25": -1.6839499999999998,
        "mdd_median": -0.6590499999999999,
        "mdd_p75": -0.200025
      },
      "96": {
        "n_total": 2992,
        "n_hit": 2510,
        "p_hit": 0.838904,
        "t_hit_p25": 3.0,
        "t_hit_median": 8.0,
        "t_hit_p75": 23.0,
        "mdd_p25": -1.75555,
        "mdd_median": -0.67985,
        "mdd_p75": -0.20617500000000002
      }
    },
    "2.0": {
      "12": {
        "n_total": 2992,
        "n_hit": 733,
        "p_hit": 0.244987,
        "t_hit_p25": 3.0,
        "t_hit_median": 5.0,
        "t_hit_p75": 9.0,
        "mdd_p25": -0.9712,
        "mdd_median": -0.4055,
        "mdd_p75": -0.0889
      },
      "24": {
        "n_total": 2992,
        "n_hit": 1187,
        "p_hit": 0.396725,
        "t_hit_p25": 4.0,
        "t_hit_median": 9.0,
        "t_hit_p75": 16.0,
        "mdd_p25": -1.2716500000000002,
        "mdd_median": -0.5723,
        "mdd_p75": -0.17245
      },
      "36": {
        "n_total": 2992,
        "n_hit": 1499,
        "p_hit": 0.501003,
        "t_hit_p25": 5.0,
        "t_hit_median": 13.0,
        "t_hit_p75": 23.0,
        "mdd_p25": -1.4614,
        "mdd_median": -0.6769,
        "mdd_p75": -0.21255000000000002
      },
      "48": {
        "n_total": 2992,
        "n_hit": 1706,
        "p_hit": 0.570187,
        "t_hit_p25": 6.0,
        "t_hit_median": 15.0,
        "t_hit_p75": 28.0,
        "mdd_p25": -1.5632,
        "mdd_median": -0.74545,
        "mdd_p75": -0.2597
      },
      "60": {
        "n_total": 2992,
        "n_hit": 1839,
        "p_hit": 0.614639,
        "t_hit_p25": 7.0,
        "t_hit_median": 17.0,
        "t_hit_p75": 32.0,
        "mdd_p25": -1.6179000000000001,
        "mdd_median": -0.805,
        "mdd_p75": -0.2796
      },
      "72": {
        "n_total": 2992,
        "n_hit": 1955,
        "p_hit": 0.653409,
        "t_hit_p25": 7.0,
        "t_hit_median": 18.0,
        "t_hit_p75": 35.0,
        "mdd_p25": -1.76765,
        "mdd_median": -0.8891,
        "mdd_p75": -0.30675
      },
      "84": {
        "n_total": 2992,
        "n_hit": 2037,
        "p_hit": 0.680816,
        "t_hit_p25": 8.0,
        "t_hit_median": 19.0,
        "t_hit_p75": 38.0,
        "mdd_p25": -1.9096,
        "mdd_median": -0.9492,
        "mdd_p75": -0.3247
      },
      "96": {
        "n_total": 2992,
        "n_hit": 2113,
        "p_hit": 0.706217,
        "t_hit_p25": 8.0,
        "t_hit_median": 21.0,
        "t_hit_p75": 41.0,
        "mdd_p25": -2.0525,
        "mdd_median": -0.9906,
        "mdd_p75": -0.3443
      }
    },
    "3.0": {
      "12": {
        "n_total": 2992,
        "n_hit": 395,
        "p_hit": 0.132019,
        "t_hit_p25": 3.0,
        "t_hit_median": 6.0,
        "t_hit_p75": 9.0,
        "mdd_p25": -0.9269499999999999,
        "mdd_median": -0.3641,
        "mdd_p75": -0.09645
      },
      "24": {
        "n_total": 2992,
        "n_hit": 685,
        "p_hit": 0.228944,
        "t_hit_p25": 5.0,
        "t_hit_median": 10.0,
        "t_hit_p75": 17.0,
        "mdd_p25": -1.3396,
        "mdd_median": -0.5517,
        "mdd_p75": -0.1559
      },
      "36": {
        "n_total": 2992,
        "n_hit": 963,
        "p_hit": 0.321858,
        "t_hit_p25": 7.0,
        "t_hit_median": 16.0,
        "t_hit_p75": 26.0,
        "mdd_p25": -1.58665,
        "mdd_median": -0.6769,
        "mdd_p75": -0.20635
      },
      "48": {
        "n_total": 2992,
        "n_hit": 1186,
        "p_hit": 0.39639,
        "t_hit_p25": 9.0,
        "t_hit_median": 21.0,
        "t_hit_p75": 33.0,
        "mdd_p25": -1.693325,
        "mdd_median": -0.8027500000000001,