{
  "schema": "baseline_probs_v1",
  "source_labels": "data/labels/labels_v1.csv",
  "n_rows_labels": 2957,
  "thresholds": [
    0.5,
    1.0,
    2.0,
    3.0,
    5.0
  ],
  "horizons": [
    12,
    24,
    36,
    48,
    60,
    72,
    84,
    96
  ],
  "results": {
    "0.5": {
      "12": {
        "n_total": 2957,
        "n_hit": 2085,
        "p_hit": 0.705107,
        "t_hit_p25": 1.0,
        "t_hit_median": 2.0,
        "t_hit_p75": 4.0,
        "mdd_p25": -0.7309,
        "mdd_median": -0.2907,
        "mdd_p75": -0.0492
      },
      "24": {
        "n_total": 2957,
        "n_hit": 2369,
        "p_hit": 0.80115,
        "t_hit_p25": 1.0,
        "t_hit_median": 3.0,
        "t_hit_p75": 7.0,
        "mdd_p25": -0.9225,
        "mdd_median": -0.3596,
        "mdd_p75": -0.0788
      },
      "36": {
        "n_total": 2957,
        "n_hit": 2510,
        "p_hit": 0.848833,
        "t_hit_p25": 1.0,
        "t_hit_median": 3.0,
        "t_hit_p75": 8.0,
        "mdd_p25": -1.019725,
        "mdd_median": -0.40965,
        "mdd_p75": -0.092725
      },
      "48": {
        "n_total": 2957,
        "n_hit": 2563,
        "p_hit": 0.866757,
        "t_hit_p25": 1.0,
        "t_hit_median": 3.0,
        "t_hit_p75": 9.0,
        "mdd_p25": -1.1242999999999999,
        "mdd_median": -0.4228,
        "mdd_p75": -0.10035
      },
      "60": {
        "n_total": 2957,
        "n_hit": 2590,
        "p_hit": 0.875888,
        "t_hit_p25": 1.0,
        "t_hit_median": 3.0,
        "t_hit_p75": 9.0,
        "mdd_p25": -1.151525,
        "mdd_median": -0.431,
        "mdd_p75": -0.102725
      },
      "72": {
        "n_total": 2957,
        "n_hit": 2629,
        "p_hit": 0.889077,
        "t_hit_p25": 1.0,
        "t_hit_median": 3.0,
        "t_hit_p75": 10.0,
        "mdd_p25": -1.2057,
        "mdd_median": -0.4427,
        "mdd_p75": -0.1048
      },
      "84": {
        "n_total": 2957,
        "n_hit": 2672,
        "p_hit": 0.903619,
        "t_hit_p25": 1.0,
        "t_hit_median": 3.0,
        "t_hit_p75": 10.0,
        "mdd_p25": -1.28295,
        "mdd_median": -0.45965,
        "mdd_p75": -0.10885
      },
      "96": {
        "n_total": 2957,
        "n_hit": 2701,
        "p_hit": 0.913426,
        "t_hit_p25": 1.0,
        "t_hit_median": 3.0,
        "t_hit_p75": 11.0,
        "mdd_p25": -1.3396,
        "mdd_median": -0.4726,
        "mdd_p75": -0.1117
      }
    },
    "1.0": {
      "12": {
        "n_total": 2957,
        "n_hit": 1512,
        "p_hit": 0.511329,
        "t_hit_p25": 2.0,
        "t_hit_median": 4.0,
        "t_hit_p75": 7.0,
        "mdd_p25": -0.93535,
        "mdd_median": -0.3674,
        "mdd_p75": -0.078475
      },
      "24": {
        "n_total": 2957,
        "n_hit": 1899,
        "p_hit": 0.642205,
        "t_hit_p25": 2.0,
        "t_hit_median": 5.0,
        "t_hit_p75": 11.0,
        "mdd_p25": -1.12135,
        "mdd_median": -0.4726,
        "mdd_p75": -0.1271
      },
      "36": {
        "n_total": 2957,
        "n_hit": 2134,
        "p_hit": 0.721677,
        "t_hit_p25": 3.0,
        "t_hit_median": 6.0,
        "t_hit_p75": 15.0,
        "mdd_p25": -1.33335,
        "mdd_median": -0.53755,
        "mdd_p75": -0.15785
      },
      "48": {
        "n_total": 2957,
        "n_hit": 2240,
        "p_hit": 0.757525,
        "t_hit_p25": 3.0,
        "t_hit_median": 7.0,
        "t_hit_p75": 17.0,
        "mdd_p25": -1.38775,
        "mdd_median": -0.5544,
        "mdd_p75": -0.170925
      },
      "60": {
        "n_total": 2957,
        "n_hit": 2319,
        "p_hit": 0.784241,
        "t_hit_p25": 3.0,
        "t_hit_median": 7.0,
        "t_hit_p75": 18.0,
        "mdd_p25": -1.48385,
        "mdd_median": -0.5954,
        "mdd_p75": -0.17814999999999998
      },
      "72": {
        "n_total": 2957,
        "n_hit": 2385,
        "p_hit": 0.806561,
        "t_hit_p25": 3.0,
        "t_hit_median": 8.0,
        "t_hit_p75": 20.0,
        "mdd_p25": -1.5825,
        "mdd_median": -0.619,
        "mdd_p75": -0.1897
      },
      "84": {
        "n_total": 2957,
        "n_hit": 2445,
        "p_hit": 0.826852,
        "t_hit_p25": 3.0,
        "t_hit_median": 8.0,
        "t_hit_p75": 22.0,
        "mdd_p25": -1.6835,
        "mdd_median": -0.6564,
        "mdd_p75": -0.2002
      },
      "96": {
        "n_total": 2957,
        "n_hit": 2483,
        "p_hit": 0.839702,
        "t_hit_p25": 3.0,
        "t_hit_median": 8.0,
        "t_hit_p75": 23.0,
        "mdd_p25": -1.7551,
        "mdd_median": -0.6799,
        "mdd_p75": -0.20655
      }
    },
    "2.0": {
      "12": {
        "n_total": 2957,
        "n_hit": 724,
        "p_hit": 0.244843,
        "t_hit_p25": 3.0,
        "t_hit_median": 5.0,
        "t_hit_p75": 9.0,
        "mdd_p25": -0.972325,
        "mdd_median": -0.41000000000000003,
        "mdd_p75": -0.09182499999999999
      },
      "24": {
        "n_total": 2957,
        "n_hit": 1172,
        "p_hit": 0.396348,
        "t_hit_p25": 4.0,
        "t_hit_median": 9.0,
        "t_hit_p75": 16.0,
        "mdd_p25": -1.2715750000000001,
        "mdd_median": -0.5724,
        "mdd_p75": -0.17325
      },
      "36": {
        "n_total": 2957,
        "n_hit": 1483,
        "p_hit": 0.501522,
        "t_hit_p25": 5.0,
        "t_hit_median": 13.0,
        "t_hit_p75": 23.0,
        "mdd_p25": -1.46435,
        "mdd_median": -0.6792,
        "mdd_p75": -0.21525
      },
      "48": {
        "n_total": 2957,
        "n_hit": 1686,
        "p_hit": 0.570172,
        "t_hit_p25": 6.0,
        "t_hit_median": 15.0,
        "t_hit_p75": 28.0,
        "mdd_p25": -1.5583749999999998,
        "mdd_median": -0.75225,
        "mdd_p75": -0.261825
      },
      "60": {
        "n_total": 2957,
        "n_hit": 1818,
        "p_hit": 0.614812,
        "t_hit_p25": 7.0,
        "t_hit_median": 17.0,
        "t_hit_p75": 32.0,
        "mdd_p25": -1.616825,
        "mdd_median": -0.80805,
        "mdd_p75": -0.28264999999999996
      },
      "72": {
        "n_total": 2957,
        "n_hit": 1934,
        "p_hit": 0.654041,
        "t_hit_p25": 7.0,
        "t_hit_median": 18.0,
        "t_hit_p75": 35.0,
        "mdd_p25": -1.757525,
        "mdd_median": -0.8906000000000001,
        "mdd_p75": -0.310675
      },
      "84": {
        "n_total": 2957,
        "n_hit": 2016,
        "p_hit": 0.681772,
        "t_hit_p25": 8.0,
        "t_hit_median": 19.0,
        "t_hit_p75": 38.0,
        "mdd_p25": -1.9100249999999999,
        "mdd_median": -0.95045,
        "mdd_p75": -0.32865000000000005
      },
      "96": {
        "n_total": 2957,
        "n_hit": 2092,
        "p_hit": 0.707474,
        "t_hit_p25": 8.0,
        "t_hit_median": 21.0,
        "t_hit_p75": 41.0,
        "mdd_p25": -2.053125,
        "mdd_median": -0.991,
        "mdd_p75": -0.34575
      }
    },
    "3.0": {
      "12": {
        "n_total": 2957,
        "n_hit": 392,
        "p_hit": 0.132567,
        "t_hit_p25": 3.0,
        "t_hit_median": 6.0,
        "t_hit_p75": 9.0,
        "mdd_p25": -0.925775,
        "mdd_median": -0.36624999999999996,
        "mdd_p75": -0.1031
      },
      "24": {
        "n_total": 2957,
        "n_hit": 680,
        "p_hit": 0.229963,
        "t_hit_p25": 5.0,
        "t_hit_median": 10.0,
        "t_hit_p75": 17.0,
        "mdd_p25": -1.334125,
        "mdd_median": -0.5512999999999999,
        "mdd_p75": -0.158075
      },
      "36": {
        "n_total": 2957,
        "n_hit": 957,
        "p_hit": 0.323639,
        "t_hit_p25": 7.0,
        "t_hit_median": 16.0,
        "t_hit_p75": 26.0,
        "mdd_p25": -1.5856,
        "mdd_median": -0.6769,
        "mdd_p75": -0.2069
      },
      "48": {
        "n_total": 2957,
        "n_hit": 1180,
        "p_hit": 0.399053,
        "t_hit_p25": 9.0,
        "t_hit_median": 21.0,
        "t_hit_p75": 33.0,
        "mdd_p25": -1.693175,
        "mdd_median": -0.8027500000000001,
        "mdd_p75": -0.2705
      },