{
  "schema": "baseline_probs_v1",
  "source_labels": "data/labels/labels_v1.csv",
  "n_rows_labels": 1670,
  "thresholds": [
    0.5,
    1.0,
    2.0,
    3.0,
    5.0
  ],
  "horizons": [
    12,
    24,
    36,
    48,
    60,
    72,
    84,
    96
  ],
  "results": {
    "0.5": {
      "12": {
        "n_total": 1670,
        "n_hit": 1196,
        "p_hit": 0.716168,
        "t_hit_p25": 1.0,
        "t_hit_median": 2.0,
        "t_hit_p75": 4.0,
        "mdd_p25": -0.83715,
        "mdd_median": -0.3043,
        "mdd_p75": -0.058175000000000004
      },
      "24": {
        "n_total": 1670,
        "n_hit": 1346,
        "p_hit": 0.805988,
        "t_hit_p25": 1.0,
        "t_hit_median": 3.0,
        "t_hit_p75": 6.0,
        "mdd_p25": -0.9744999999999999,
        "mdd_median": -0.37315,
        "mdd_p75": -0.090025
      },
      "36": {
        "n_total": 1670,
        "n_hit": 1414,
        "p_hit": 0.846707,
        "t_hit_p25": 1.0,
        "t_hit_median": 3.0,
        "t_hit_p75": 7.0,
        "mdd_p25": -1.06325,
        "mdd_median": -0.4097,
        "mdd_p75": -0.10117500000000001
      },
      "48": {
        "n_total": 1670,
        "n_hit": 1435,
        "p_hit": 0.859281,
        "t_hit_p25": 1.0,
        "t_hit_median": 3.0,
        "t_hit_p75": 8.0,
        "mdd_p25": -1.1278000000000001,
        "mdd_median": -0.4191,
        "mdd_p75": -0.1038
      },
      "60": {
        "n_total": 1670,
        "n_hit": 1449,
        "p_hit": 0.867665,
        "t_hit_p25": 1.0,
        "t_hit_median": 3.0,
        "t_hit_p75": 8.0,
        "mdd_p25": -1.1553,
        "mdd_median": -0.4261,
        "mdd_p75": -0.1048
      },
      "72": {
        "n_total": 1670,
        "n_hit": 1478,
        "p_hit": 0.88503,
        "t_hit_p25": 1.0,
        "t_hit_median": 3.0,
        "t_hit_p75": 9.0,
        "mdd_p25": -1.245975,
        "mdd_median": -0.445,
        "mdd_p75": -0.108775
      },
      "84": {
        "n_total": 1670,
        "n_hit": 1505,
        "p_hit": 0.901198,
        "t_hit_p25": 1.0,
        "t_hit_median": 3.0,
        "t_hit_p75": 10.0,
        "mdd_p25": -1.3245,
        "mdd_median": -0.4671,
        "mdd_p75": -0.1149
      },
      "96": {
        "n_total": 1670,
        "n_hit": 1524,
        "p_hit": 0.912575,
        "t_hit_p25": 1.0,
        "t_hit_median": 3.0,
        "t_hit_p75": 10.0,
        "mdd_p25": -1.3597249999999999,
        "mdd_median": -0.4748,
        "mdd_p75": -0.1175
      }
    },
    "1.0": {
      "12": {
        "n_total": 1670,
        "n_hit": 889,
        "p_hit": 0.532335,
        "t_hit_p25": 2.0,
        "t_hit_median": 4.0,
        "t_hit_p75": 7.0,
        "mdd_p25": -1.0607,
        "mdd_median": -0.4058,
        "mdd_p75": -0.0869
      },
      "24": {
        "n_total": 1670,
        "n_hit": 1078,
        "p_hit": 0.645509,
        "t_hit_p25": 2.0,
        "t_hit_median": 5.0,
        "t_hit_p75": 10.0,
        "mdd_p25": -1.1973250000000002,
        "mdd_median": -0.47945000000000004,
        "mdd_p75": -0.12755
      },
      "36": {
        "n_total": 1670,
        "n_hit": 1200,
        "p_hit": 0.718563,
        "t_hit_p25": 2.0,
        "t_hit_median": 6.0,
        "t_hit_p75": 13.0,
        "mdd_p25": -1.3548,
        "mdd_median": -0.5272,
        "mdd_p75": -0.15512499999999999
      },
      "48": {
        "n_total": 1670,
        "n_hit": 1255,
        "p_hit": 0.751497,
        "t_hit_p25": 2.0,
        "t_hit_median": 6.0,
        "t_hit_p75": 15.5,
        "mdd_p25": -1.3844500000000002,
        "mdd_median": -0.5427,
        "mdd_p75": -0.16194999999999998
      },
      "60": {
        "n_total": 1670,
        "n_hit": 1307,
        "p_hit": 0.782635,
        "t_hit_p25": 3.0,
        "t_hit_median": 6.0,
        "t_hit_p75": 18.0,
        "mdd_p25": -1.49745,
        "mdd_median": -0.5768,
        "mdd_p75": -0.17135
      },
      "72": {
        "n_total": 1670,
        "n_hit": 1356,
        "p_hit": 0.811976,
        "t_hit_p25": 3.0,
        "t_hit_median": 7.0,
        "t_hit_p75": 20.0,
        "mdd_p25": -1.6292749999999998,
        "mdd_median": -0.60675,
        "mdd_p75": -0.179875
      },
      "84": {
        "n_total": 1670,
        "n_hit": 1390,
        "p_hit": 0.832335,
        "t_hit_p25": 3.0,
        "t_hit_median": 7.0,
        "t_hit_p75": 21.0,
        "mdd_p25": -1.7203,
        "mdd_median": -0.6327499999999999,
        "mdd_p75": -0.188525
      },
      "96": {
        "n_total": 1670,
        "n_hit": 1410,
        "p_hit": 0.844311,
        "t_hit_p25": 3.0,
        "t_hit_median": 7.0,
        "t_hit_p75": 23.0,
        "mdd_p25": -1.7923499999999999,
        "mdd_median": -0.6630499999999999,
        "mdd_p75": -0.196075
      }
    },
    "2.0": {
      "12": {
        "n_total": 1670,
        "n_hit": 453,
        "p_hit": 0.271257,
        "t_hit_p25": 3.0,
        "t_hit_median": 5.0,
        "t_hit_p75": 8.0,
        "mdd_p25": -1.1694,
        "mdd_median": -0.4545,
        "mdd_p75": -0.1274
      },
      "24": {
        "n_total": 1670,
        "n_hit": 692,
        "p_hit": 0.414371,
        "t_hit_p25": 4.0,
        "t_hit_median": 9.0,
        "t_hit_p75": 16.0,
        "mdd_p25": -1.403375,
        "mdd_median": -0.60675,
        "mdd_p75": -0.18295
      },
      "36": {
        "n_total": 1670,
        "n_hit": 842,
        "p_hit": 0.504192,
        "t_hit_p25": 5.0,
        "t_hit_median": 11.0,
        "t_hit_p75": 21.0,
        "mdd_p25": -1.5493000000000001,
        "mdd_median": -0.66505,
        "mdd_p75": -0.20452499999999998
      },
      "48": {
        "n_total": 1670,
        "n_hit": 954,
        "p_hit": 0.571257,
        "t_hit_p25": 5.0,
        "t_hit_median": 13.5,
        "t_hit_p75": 26.75,
        "mdd_p25": -1.5822500000000002,
        "mdd_median": -0.7,
        "mdd_p75": -0.24109999999999998
      },
      "60": {
        "n_total": 1670,
        "n_hit": 1036,
        "p_hit": 0.620359,
        "t_hit_p25": 6.0,
        "t_hit_median": 15.5,
        "t_hit_p75": 31.25,
        "mdd_p25": -1.63635,
        "mdd_median": -0.76405,
        "mdd_p75": -0.26875
      },
      "72": {
        "n_total": 1670,
        "n_hit": 1110,
        "p_hit": 0.664671,
        "t_hit_p25": 6.0,
        "t_hit_median": 17.0,
        "t_hit_p75": 36.0,
        "mdd_p25": -1.8035999999999999,
        "mdd_median": -0.8994,
        "mdd_p75": -0.293075
      },
      "84": {
        "n_total": 1670,
        "n_hit": 1153,
        "p_hit": 0.690419,
        "t_hit_p25": 7.0,
        "t_hit_median": 18.0,
        "t_hit_p75": 39.0,
        "mdd_p25": -1.9945,
        "mdd_median": -0.9628,
        "mdd_p75": -0.3046
      },
      "96": {
        "n_total": 1670,
        "n_hit": 1190,
        "p_hit": 0.712575,
        "t_hit_p25": 7.0,
        "t_hit_median": 19.0,
        "t_hit_p75": 42.0,
        "mdd_p25": -2.159,
        "mdd_median": -0.99515,
        "mdd_p75": -0.318325
      }
    },
    "3.0": {
      "12": {
        "n_total": 1670,
        "n_hit": 248,
        "p_hit": 0.148503,
        "t_hit_p25": 3.0,
        "t_hit_median": 5.0,
        "t_hit_p75": 9.0,
        "mdd_p25": -1.0609499999999998,
        "mdd_median": -0.4978,
        "mdd_p75": -0.144475
      },
      "24": {
        "n_total": 1670,
        "n_hit": 409,
        "p_hit": 0.24491,
        "t_hit_p25": 5.0,
        "t_hit_median": 10.0,
        "t_hit_p75": 17.0,
        "mdd_p25": -1.3232,
        "mdd_median": -0.56,
        "mdd_p75": -0.1691
      },
      "36": {
        "n_total": 1670,
        "n_hit": 550,
        "p_hit": 0.329341,
        "t_hit_p25": 6.0,
        "t_hit_median": 15.0,
        "t_hit_p75": 25.0,
        "mdd_p25": -1.550275,
        "mdd_median": -0.6537,
        "mdd_p75": -0.20700000000000002
      },
      "48": {
        "n_total": 1670,
        "n_hit": 664,
        "p_hit": 0.397605,
        "t_hit_p25": 7.0,
        "t_hit_median": 19.0,
        "t_hit_p75": 32.0,