{
  "schema": "baseline_probs_v1",
  "source_labels": "data/labels/labels_v1.csv",
  "n_rows_labels": 1209,
  "thresholds": [
    0.5,
    1.0,
    2.0,
    3.0,
    5.0
  ],
  "horizons": [
    12,
    24,
    36,
    48,
    60,
    72,
    84,
    96
  ],
  "results": {
    "0.5": {
      "12": {
        "n_total": 1209,
        "n_hit": 852,
        "p_hit": 0.704715,
        "t_hit_p25": 1.0,
        "t_hit_median": 2.0,
        "t_hit_p75": 5.0,
        "mdd_p25": -0.8417749999999999,
        "mdd_median": -0.2924,
        "mdd_p75": -0.06334999999999999
      },
      "24": {
        "n_total": 1209,
        "n_hit": 975,
        "p_hit": 0.806452,
        "t_hit_p25": 1.0,
        "t_hit_median": 3.0,
        "t_hit_p75": 7.0,
        "mdd_p25": -0.9740500000000001,
        "mdd_median": -0.3733,
        "mdd_p75": -0.09225
      },
      "36": {
        "n_total": 1209,
        "n_hit": 1022,
        "p_hit": 0.845327,
        "t_hit_p25": 1.0,
        "t_hit_median": 3.0,
        "t_hit_p75": 8.75,
        "mdd_p25": -1.002075,
        "mdd_median": -0.40459999999999996,
        "mdd_p75": -0.10289999999999999
      },
      "48": {
        "n_total": 1209,
        "n_hit": 1032,
        "p_hit": 0.853598,
        "t_hit_p25": 1.0,
        "t_hit_median": 3.0,
        "t_hit_p75": 9.0,
        "mdd_p25": -1.0563,
        "mdd_median": -0.41100000000000003,
        "mdd_p75": -0.10425000000000001
      },
      "60": {
        "n_total": 1209,
        "n_hit": 1046,
        "p_hit": 0.865178,
        "t_hit_p25": 1.0,
        "t_hit_median": 3.0,
        "t_hit_p75": 9.0,
        "mdd_p25": -1.0982750000000001,
        "mdd_median": -0.42005,
        "mdd_p75": -0.1057
      },
      "72": {
        "n_total": 1209,
        "n_hit": 1068,
        "p_hit": 0.883375,
        "t_hit_p25": 1.0,
        "t_hit_median": 3.0,
        "t_hit_p75": 10.0,
        "mdd_p25": -1.174725,
        "mdd_median": -0.43895,
        "mdd_p75": -0.10892500000000001
      },
      "84": {
        "n_total": 1209,
        "n_hit": 1086,
        "p_hit": 0.898263,
        "t_hit_p25": 1.0,
        "t_hit_median": 4.0,
        "t_hit_p75": 10.0,
        "mdd_p25": -1.247925,
        "mdd_median": -0.44884999999999997,
        "mdd_p75": -0.114
      },
      "96": {
        "n_total": 1209,
        "n_hit": 1092,
        "p_hit": 0.903226,
        "t_hit_p25": 1.0,
        "t_hit_median": 4.0,
        "t_hit_p75": 11.0,
        "mdd_p25": -1.2658,
        "mdd_median": -0.46099999999999997,
        "mdd_p75": -0.11647500000000001
      }
    },
    "1.0": {
      "12": {
        "n_total": 1209,
        "n_hit": 621,
        "p_hit": 0.513648,
        "t_hit_p25": 2.0,
        "t_hit_median": 4.0,
        "t_hit_p75": 7.0,
        "mdd_p25": -0.9913,
        "mdd_median": -0.3782,
        "mdd_p75": -0.0809
      },
      "24": {
        "n_total": 1209,
        "n_hit": 781,
        "p_hit": 0.645988,
        "t_hit_p25": 2.0,
        "t_hit_median": 5.0,
        "t_hit_p75": 11.0,
        "mdd_p25": -1.1351,
        "mdd_median": -0.4685,
        "mdd_p75": -0.121
      },
      "36": {
        "n_total": 1209,
        "n_hit": 867,
        "p_hit": 0.717122,
        "t_hit_p25": 3.0,
        "t_hit_median": 6.0,
        "t_hit_p75": 14.5,
        "mdd_p25": -1.2121499999999998,
        "mdd_median": -0.4798,
        "mdd_p75": -0.14634999999999998
      },
      "48": {
        "n_total": 1209,
        "n_hit": 903,
        "p_hit": 0.746898,
        "t_hit_p25": 3.0,
        "t_hit_median": 7.0,
        "t_hit_p75": 16.5,
        "mdd_p25": -1.2457500000000001,
        "mdd_median": -0.4872,
        "mdd_p75": -0.158
      },
      "60": {
        "n_total": 1209,
        "n_hit": 940,
        "p_hit": 0.777502,
        "t_hit_p25": 3.0,
        "t_hit_median": 7.0,
        "t_hit_p75": 18.0,
        "mdd_p25": -1.350525,
        "mdd_median": -0.52395,
        "mdd_p75": -0.16472499999999998
      },
      "72": {
        "n_total": 1209,
        "n_hit": 974,
        "p_hit": 0.805624,
        "t_hit_p25": 3.0,
        "t_hit_median": 7.5,
        "t_hit_p75": 20.0,
        "mdd_p25": -1.423475,
        "mdd_median": -0.54965,
        "mdd_p75": -0.171175
      },
      "84": {
        "n_total": 1209,
        "n_hit": 996,
        "p_hit": 0.823821,
        "t_hit_p25": 3.0,
        "t_hit_median": 8.0,
        "t_hit_p75": 21.0,
        "mdd_p25": -1.530875,
        "mdd_median": -0.57655,
        "mdd_p75": -0.17325
      },
      "96": {
        "n_total": 1209,
        "n_hit": 1007,
        "p_hit": 0.83292,
        "t_hit_p25": 3.0,
        "t_hit_median": 8.0,
        "t_hit_p75": 22.0,
        "mdd_p25": -1.55735,
        "mdd_median": -0.5846,
        "mdd_p75": -0.1757
      }
    },
    "2.0": {
      "12": {
        "n_total": 1209,
        "n_hit": 313,
        "p_hit": 0.258892,
        "t_hit_p25": 3.0,
        "t_hit_median": 5.0,
        "t_hit_p75": 8.0,
        "mdd_p25": -1.0937,
        "mdd_median": -0.4477,
        "mdd_p75": -0.1444
      },
      "24": {
        "n_total": 1209,
        "n_hit": 491,
        "p_hit": 0.406121,
        "t_hit_p25": 4.0,
        "t_hit_median": 9.0,
        "t_hit_p75": 16.0,
        "mdd_p25": -1.3171,
        "mdd_median": -0.5803,
        "mdd_p75": -0.1791
      },
      "36": {
        "n_total": 1209,
        "n_hit": 596,
        "p_hit": 0.492969,
        "t_hit_p25": 5.0,
        "t_hit_median": 11.0,
        "t_hit_p75": 21.0,
        "mdd_p25": -1.323525,
        "mdd_median": -0.5724,
        "mdd_p75": -0.17787499999999998
      },
      "48": {
        "n_total": 1209,
        "n_hit": 680,
        "p_hit": 0.562448,
        "t_hit_p25": 6.0,
        "t_hit_median": 14.0,
        "t_hit_p75": 27.0,
        "mdd_p25": -1.3373499999999998,
        "mdd_median": -0.57655,
        "mdd_p75": -0.205575
      },
      "60": {
        "n_total": 1209,
        "n_hit": 743,
        "p_hit": 0.614557,
        "t_hit_p25": 6.0,
        "t_hit_median": 16.0,
        "t_hit_p75": 32.0,
        "mdd_p25": -1.3941,
        "mdd_median": -0.5981,
        "mdd_p75": -0.235
      },
      "72": {
        "n_total": 1209,
        "n_hit": 792,
        "p_hit": 0.655087,
        "t_hit_p25": 7.0,
        "t_hit_median": 17.0,
        "t_hit_p75": 36.0,
        "mdd_p25": -1.475,
        "mdd_median": -0.6745,
        "mdd_p75": -0.259125
      },
      "84": {
        "n_total": 1209,
        "n_hit": 823,
        "p_hit": 0.680728,
        "t_hit_p25": 7.0,
        "t_hit_median": 18.0,
        "t_hit_p75": 40.0,
        "mdd_p25": -1.5536,
        "mdd_median": -0.7369,
        "mdd_p75": -0.26990000000000003
      },
      "96": {
        "n_total": 1209,
        "n_hit": 845,
        "p_hit": 0.698925,
        "t_hit_p25": 7.0,
        "t_hit_median": 19.0,
        "t_hit_p75": 42.0,
        "mdd_p25": -1.5904,
        "mdd_median": -0.7982,
        "mdd_p75": -0.2762
      }
    },
    "3.0": {
      "12": {
        "n_total": 1209,
        "n_hit": 164,
        "p_hit": 0.135649,
        "t_hit_p25": 3.0,
        "t_hit_median": 5.5,
        "t_hit_p75": 9.0,
        "mdd_p25": -1.0413999999999999,
        "mdd_median": -0.44155,
        "mdd_p75": -0.1525
      },
      "24": {
        "n_total": 1209,
        "n_hit": 265,
        "p_hit": 0.219189,
        "t_hit_p25": 5.0,
        "t_hit_median": 10.0,
        "t_hit_p75": 17.0,
        "mdd_p25": -1.086,
        "mdd_median": -0.4696,
        "mdd_p75": -0.1537
      },
      "36": {
        "n_total": 1209,
        "n_hit": 366,
        "p_hit": 0.30273,
        "t_hit_p25": 6.0,
        "t_hit_median": 15.5,
        "t_hit_p75": 26.0,
        "mdd_p25": -1.14725,
        "mdd_median": -0.54275,
        "mdd_p75": -0.17615
      },
      "48": {
        "n_total": 1209,
        "n_hit": 450,
        "p_hit": 0.372208,
        "t_hit_p25": 8.0,
        "t_hit_median": 20.0,
        "t_hit_p75": 33.0,
        "mdd_p25": -1.239175,