{
  "schema": "baseline_probs_v1",
  "source_labels": "data/labels/labels_v1.csv",
  "n_rows_labels": 1633,
  "thresholds": [
    0.5,
    1.0,
    2.0,
    3.0,
    5.0
  ],
  "horizons": [
    12,
    24,
    36,
    48,
    60,
    72,
    84,
    96
  ],
  "results": {
    "0.5": {
      "12": {
        "n_total": 1633,
        "n_hit": 1161,
        "p_hit": 0.710961,
        "t_hit_p25": 1.0,
        "t_hit_median": 2.0,
        "t_hit_p75": 5.0,
        "mdd_p25": -0.8169,
        "mdd_median": -0.3,
        "mdd_p75": -0.0565
      },
      "24": {
        "n_total": 1633,
        "n_hit": 1311,
        "p_hit": 0.802817,
        "t_hit_p25": 1.0,
        "t_hit_median": 3.0,
        "t_hit_p75": 6.0,
        "mdd_p25": -0.97245,
        "mdd_median": -0.3693,
        "mdd_p75": -0.08795
      },
      "36": {
        "n_total": 1633,
        "n_hit": 1378,
        "p_hit": 0.843846,
        "t_hit_p25": 1.0,
        "t_hit_median": 3.0,
        "t_hit_p75": 8.0,
        "mdd_p25": -1.06165,
        "mdd_median": -0.4077,
        "mdd_p75": -0.10092500000000001
      },
      "48": {
        "n_total": 1633,
        "n_hit": 1398,
        "p_hit": 0.856093,
        "t_hit_p25": 1.0,
        "t_hit_median": 3.0,
        "t_hit_p75": 8.0,
        "mdd_p25": -1.12205,
        "mdd_median": -0.41765,
        "mdd_p75": -0.10289999999999999
      },
      "60": {
        "n_total": 1633,
        "n_hit": 1412,
        "p_hit": 0.864666,
        "t_hit_p25": 1.0,
        "t_hit_median": 3.0,
        "t_hit_p75": 8.0,
        "mdd_p25": -1.15085,
        "mdd_median": -0.4259,
        "mdd_p75": -0.10452499999999999
      },
      "72": {
        "n_total": 1633,
        "n_hit": 1441,
        "p_hit": 0.882425,
        "t_hit_p25": 1.0,
        "t_hit_median": 3.0,
        "t_hit_p75": 9.0,
        "mdd_p25": -1.2453,
        "mdd_median": -0.4427,
        "mdd_p75": -0.1076
      },
      "84": {
        "n_total": 1633,
        "n_hit": 1468,
        "p_hit": 0.898959,
        "t_hit_p25": 1.0,
        "t_hit_median": 3.0,
        "t_hit_p75": 10.0,
        "mdd_p25": -1.323525,
        "mdd_median": -0.4659,
        "mdd_p75": -0.113025
      },
      "96": {
        "n_total": 1633,
        "n_hit": 1487,
        "p_hit": 0.910594,
        "t_hit_p25": 1.0,
        "t_hit_median": 3.0,
        "t_hit_p75": 10.0,
        "mdd_p25": -1.3587500000000001,
        "mdd_median": -0.4738,
        "mdd_p75": -0.1169
      }
    },
    "1.0": {
      "12": {
        "n_total": 1633,
        "n_hit": 856,
        "p_hit": 0.524189,
        "t_hit_p25": 2.0,
        "t_hit_median": 4.0,
        "t_hit_p75": 7.0,
        "mdd_p25": -1.0054500000000002,
        "mdd_median": -0.3938,
        "mdd_p75": -0.08272499999999999
      },
      "24": {
        "n_total": 1633,
        "n_hit": 1045,
        "p_hit": 0.639927,
        "t_hit_p25": 2.0,
        "t_hit_median": 5.0,
        "t_hit_p75": 10.0,
        "mdd_p25": -1.1802,
        "mdd_median": -0.4764,
        "mdd_p75": -0.1258
      },
      "36": {
        "n_total": 1633,
        "n_hit": 1167,
        "p_hit": 0.714636,
        "t_hit_p25": 2.0,
        "t_hit_median": 6.0,
        "t_hit_p75": 13.0,
        "mdd_p25": -1.35065,
        "mdd_median": -0.5252,
        "mdd_p75": -0.15365
      },
      "48": {
        "n_total": 1633,
        "n_hit": 1221,
        "p_hit": 0.747704,
        "t_hit_p25": 2.0,
        "t_hit_median": 6.0,
        "t_hit_p75": 16.0,
        "mdd_p25": -1.3766,
        "mdd_median": -0.5418,
        "mdd_p75": -0.1608
      },
      "60": {
        "n_total": 1633,
        "n_hit": 1270,
        "p_hit": 0.77771,
        "t_hit_p25": 3.0,
        "t_hit_median": 7.0,
        "t_hit_p75": 18.0,
        "mdd_p25": -1.474725,
        "mdd_median": -0.57225,
        "mdd_p75": -0.16995000000000002
      },
      "72": {
        "n_total": 1633,
        "n_hit": 1319,
        "p_hit": 0.807716,
        "t_hit_p25": 3.0,
        "t_hit_median": 7.0,
        "t_hit_p75": 20.0,
        "mdd_p25": -1.6055000000000001,
        "mdd_median": -0.6018,
        "mdd_p75": -0.1763
      },
      "84": {
        "n_total": 1633,
        "n_hit": 1353,
        "p_hit": 0.828536,
        "t_hit_p25": 3.0,
        "t_hit_median": 7.0,
        "t_hit_p75": 22.0,
        "mdd_p25": -1.7116,
        "mdd_median": -0.6287,
        "mdd_p75": -0.185
      },
      "96": {
        "n_total": 1633,
        "n_hit": 1373,
        "p_hit": 0.840784,
        "t_hit_p25": 3.0,
        "t_hit_median": 8.0,
        "t_hit_p75": 23.0,
        "mdd_p25": -1.7768,
        "mdd_median": -0.66,
        "mdd_p75": -0.1939
      }
    },
    "2.0": {
      "12": {
        "n_total": 1633,
        "n_hit": 433,
        "p_hit": 0.265156,
        "t_hit_p25": 2.0,
        "t_hit_median": 5.0,
        "t_hit_p75": 8.0,
        "mdd_p25": -1.1263,
        "mdd_median": -0.4383,
        "mdd_p75": -0.1172
      },
      "24": {
        "n_total": 1633,
        "n_hit": 665,
        "p_hit": 0.407226,
        "t_hit_p25": 4.0,
        "t_hit_median": 8.0,
        "t_hit_p75": 16.0,
        "mdd_p25": -1.3828,
        "mdd_median": -0.5955,
        "mdd_p75": -0.1749
      },
      "36": {
        "n_total": 1633,
        "n_hit": 815,
        "p_hit": 0.499081,
        "t_hit_p25": 5.0,
        "t_hit_median": 11.0,
        "t_hit_p75": 21.0,
        "mdd_p25": -1.5372,
        "mdd_median": -0.6305,
        "mdd_p75": -0.19895000000000002
      },
      "48": {
        "n_total": 1633,
        "n_hit": 927,
        "p_hit": 0.567667,
        "t_hit_p25": 5.0,
        "t_hit_median": 14.0,
        "t_hit_p75": 27.0,
        "mdd_p25": -1.5764,
        "mdd_median": -0.6772,
        "mdd_p75": -0.23509999999999998
      },
      "60": {
        "n_total": 1633,
        "n_hit": 1003,
        "p_hit": 0.614207,
        "t_hit_p25": 6.0,
        "t_hit_median": 16.0,
        "t_hit_p75": 32.0,
        "mdd_p25": -1.6140500000000002,
        "mdd_median": -0.7369,
        "mdd_p75": -0.26249999999999996
      },
      "72": {
        "n_total": 1633,
        "n_hit": 1073,
        "p_hit": 0.657073,
        "t_hit_p25": 6.0,
        "t_hit_median": 17.0,
        "t_hit_p75": 36.0,
        "mdd_p25": -1.7758,
        "mdd_median": -0.8626,
        "mdd_p75": -0.2787
      },
      "84": {
        "n_total": 1633,
        "n_hit": 1116,
        "p_hit": 0.683405,
        "t_hit_p25": 7.0,
        "t_hit_median": 18.0,
        "t_hit_p75": 39.0,
        "mdd_p25": -1.963725,
        "mdd_median": -0.94175,
        "mdd_p75": -0.297875
      },
      "96": {
        "n_total": 1633,
        "n_hit": 1153,
        "p_hit": 0.706062,
        "t_hit_p25": 7.0,
        "t_hit_median": 19.0,
        "t_hit_p75": 42.0,
        "mdd_p25": -2.1554,
        "mdd_median": -0.9755,
        "mdd_p75": -0.3087
      }
    },
    "3.0": {
      "12": {
        "n_total": 1633,
        "n_hit": 241,
        "p_hit": 0.147581,
        "t_hit_p25": 3.0,
        "t_hit_median": 5.0,
        "t_hit_p75": 8.0,
        "mdd_p25": -1.0609,
        "mdd_median": -0.4653,
        "mdd_p75": -0.1442
      },
      "24": {
        "n_total": 1633,
        "n_hit": 387,
        "p_hit": 0.236987,
        "t_hit_p25": 4.5,
        "t_hit_median": 9.0,
        "t_hit_p75": 17.0,
        "mdd_p25": -1.32015,
        "mdd_median": -0.5429,
        "mdd_p75": -0.1598
      },
      "36": {
        "n_total": 1633,
        "n_hit": 528,
        "p_hit": 0.323331,
        "t_hit_p25": 6.0,
        "t_hit_median": 15.0,
        "t_hit_p75": 25.0,
        "mdd_p25": -1.552775,
        "mdd_median": -0.61975,
        "mdd_p75": -0.20370000000000002
      },
      "48": {
        "n_total": 1633,
        "n_hit": 642,
        "p_hit": 0.393141,
        "t_hit_p25": 7.0,
        "t_hit_median": 20.0,
        "t_hit_p75": 32.0,
        "mdd_p25": -1.6649249999999998,
        "mdd_median": -0.7011000000000001,
        "mdd_p75": -0.25134999999999996
      },