{
  "schema": "baseline_probs_v1",
  "source_labels": "data/labels/labels_v1.csv",
  "n_rows_labels": 1347,
  "thresholds": [
    0.5,
    1.0,
    2.0,
    3.0,
    5.0
  ],
  "horizons": [
    12,
    24,
    36,
    48,
    60,
    72,
    84,
    96
  ],
  "results": {
    "0.5": {
      "12": {
        "n_total": 1347,
        "n_hit": 956,
        "p_hit": 0.709725,
        "t_hit_p25": 1.0,
        "t_hit_median": 2.0,
        "t_hit_p75": 5.0,
        "mdd_p25": -0.8322499999999999,
        "mdd_median": -0.28700000000000003,
        "mdd_p75": -0.056425
      },
      "24": {
        "n_total": 1347,
        "n_hit": 1097,
        "p_hit": 0.814402,
        "t_hit_p25": 1.0,
        "t_hit_median": 3.0,
        "t_hit_p75": 7.0,
        "mdd_p25": -0.9774,
        "mdd_median": -0.373,
        "mdd_p75": -0.0877
      },
      "36": {
        "n_total": 1347,
        "n_hit": 1145,
        "p_hit": 0.850037,
        "t_hit_p25": 1.0,
        "t_hit_median": 3.0,
        "t_hit_p75": 8.0,
        "mdd_p25": -1.0056,
        "mdd_median": -0.3954,
        "mdd_p75": -0.0966
      },
      "48": {
        "n_total": 1347,
        "n_hit": 1155,
        "p_hit": 0.857461,
        "t_hit_p25": 1.0,
        "t_hit_median": 3.0,
        "t_hit_p75": 9.0,
        "mdd_p25": -1.0588,
        "mdd_median": -0.4058,
        "mdd_p75": -0.10075
      },
      "60": {
        "n_total": 1347,
        "n_hit": 1169,
        "p_hit": 0.867854,
        "t_hit_p25": 1.0,
        "t_hit_median": 3.0,
        "t_hit_p75": 9.0,
        "mdd_p25": -1.0998,
        "mdd_median": -0.4142,
        "mdd_p75": -0.102
      },
      "72": {
        "n_total": 1347,
        "n_hit": 1193,
        "p_hit": 0.885672,
        "t_hit_p25": 1.0,
        "t_hit_median": 3.0,
        "t_hit_p75": 10.0,
        "mdd_p25": -1.1687,
        "mdd_median": -0.4298,
        "mdd_p75": -0.1046
      },
      "84": {
        "n_total": 1347,
        "n_hit": 1212,
        "p_hit": 0.899777,
        "t_hit_p25": 1.0,
        "t_hit_median": 3.0,
        "t_hit_p75": 10.0,
        "mdd_p25": -1.245525,
        "mdd_median": -0.44205,
        "mdd_p75": -0.10615000000000001
      },
      "96": {
        "n_total": 1347,
        "n_hit": 1218,
        "p_hit": 0.904232,
        "t_hit_p25": 1.0,
        "t_hit_median": 3.0,
        "t_hit_p75": 10.0,
        "mdd_p25": -1.2605,
        "mdd_median": -0.44684999999999997,
        "mdd_p75": -0.10685
      }
    },
    "1.0": {
      "12": {
        "n_total": 1347,
        "n_hit": 706,
        "p_hit": 0.524128,
        "t_hit_p25": 2.0,
        "t_hit_median": 4.0,
        "t_hit_p75": 7.0,
        "mdd_p25": -0.9984500000000001,
        "mdd_median": -0.37895,
        "mdd_p75": -0.08145
      },
      "24": {
        "n_total": 1347,
        "n_hit": 879,
        "p_hit": 0.652561,
        "t_hit_p25": 2.0,
        "t_hit_median": 5.0,
        "t_hit_p75": 11.0,
        "mdd_p25": -1.13765,
        "mdd_median": -0.469,
        "mdd_p75": -0.123
      },
      "36": {
        "n_total": 1347,
        "n_hit": 971,
        "p_hit": 0.720861,
        "t_hit_p25": 2.5,
        "t_hit_median": 6.0,
        "t_hit_p75": 14.0,
        "mdd_p25": -1.22845,
        "mdd_median": -0.4842,
        "mdd_p75": -0.14634999999999998
      },
      "48": {
        "n_total": 1347,
        "n_hit": 1007,
        "p_hit": 0.747587,
        "t_hit_p25": 3.0,
        "t_hit_median": 7.0,
        "t_hit_p75": 16.0,
        "mdd_p25": -1.25105,
        "mdd_median": -0.4923,
        "mdd_p75": -0.1568
      },
      "60": {
        "n_total": 1347,
        "n_hit": 1047,
        "p_hit": 0.777283,
        "t_hit_p25": 3.0,
        "t_hit_median": 7.0,
        "t_hit_p75": 17.0,
        "mdd_p25": -1.3416,
        "mdd_median": -0.5283,
        "mdd_p75": -0.16194999999999998
      },
      "72": {
        "n_total": 1347,
        "n_hit": 1086,
        "p_hit": 0.806236,
        "t_hit_p25": 3.0,
        "t_hit_median": 7.0,
        "t_hit_p75": 19.0,
        "mdd_p25": -1.40885,
        "mdd_median": -0.5540499999999999,
        "mdd_p75": -0.17024999999999998
      },
      "84": {
        "n_total": 1347,
        "n_hit": 1108,
        "p_hit": 0.822569,
        "t_hit_p25": 3.0,
        "t_hit_median": 8.0,
        "t_hit_p75": 20.0,
        "mdd_p25": -1.4968249999999999,
        "mdd_median": -0.58175,
        "mdd_p75": -0.172275
      },
      "96": {
        "n_total": 1347,
        "n_hit": 1119,
        "p_hit": 0.830735,
        "t_hit_p25": 3.0,
        "t_hit_median": 8.0,
        "t_hit_p75": 21.0,
        "mdd_p25": -1.54305,
        "mdd_median": -0.5896,
        "mdd_p75": -0.1742
      }
    },
    "2.0": {
      "12": {
        "n_total": 1347,
        "n_hit": 340,
        "p_hit": 0.252413,
        "t_hit_p25": 3.0,
        "t_hit_median": 5.0,
        "t_hit_p75": 9.0,
        "mdd_p25": -1.0827,
        "mdd_median": -0.40785,
        "mdd_p75": -0.12455000000000001
      },
      "24": {
        "n_total": 1347,
        "n_hit": 544,
        "p_hit": 0.40386,
        "t_hit_p25": 4.0,
        "t_hit_median": 9.0,
        "t_hit_p75": 16.0,
        "mdd_p25": -1.2530000000000001,
        "mdd_median": -0.57155,
        "mdd_p75": -0.172475
      },
      "36": {
        "n_total": 1347,
        "n_hit": 660,
        "p_hit": 0.489978,
        "t_hit_p25": 5.0,
        "t_hit_median": 12.0,
        "t_hit_p75": 21.0,
        "mdd_p25": -1.307475,
        "mdd_median": -0.5744,
        "mdd_p75": -0.17572500000000002
      },
      "48": {
        "n_total": 1347,
        "n_hit": 754,
        "p_hit": 0.559762,
        "t_hit_p25": 6.0,
        "t_hit_median": 15.0,
        "t_hit_p75": 27.0,
        "mdd_p25": -1.340525,
        "mdd_median": -0.58585,
        "mdd_p75": -0.20617500000000002
      },
      "60": {
        "n_total": 1347,
        "n_hit": 818,
        "p_hit": 0.607275,
        "t_hit_p25": 6.25,
        "t_hit_median": 16.0,
        "t_hit_p75": 32.0,
        "mdd_p25": -1.3904249999999998,
        "mdd_median": -0.60675,
        "mdd_p75": -0.2348
      },
      "72": {
        "n_total": 1347,
        "n_hit": 870,
        "p_hit": 0.64588,
        "t_hit_p25": 7.0,
        "t_hit_median": 17.0,
        "t_hit_p75": 36.0,
        "mdd_p25": -1.473,
        "mdd_median": -0.70335,
        "mdd_p75": -0.258575
      },
      "84": {
        "n_total": 1347,
        "n_hit": 901,
        "p_hit": 0.668894,
        "t_hit_p25": 7.0,
        "t_hit_median": 18.0,
        "t_hit_p75": 39.0,
        "mdd_p25": -1.5517,
        "mdd_median": -0.7615,
        "mdd_p75": -0.2698
      },
      "96": {
        "n_total": 1347,
        "n_hit": 923,
        "p_hit": 0.685226,
        "t_hit_p25": 7.0,
        "t_hit_median": 19.0,
        "t_hit_p75": 41.0,
        "mdd_p25": -1.5901,
        "mdd_median": -0.809,
        "mdd_p75": -0.27535
      }
    },
    "3.0": {
      "12": {
        "n_total": 1347,
        "n_hit": 168,
        "p_hit": 0.124722,
        "t_hit_p25": 3.0,
        "t_hit_median": 5.5,
        "t_hit_p75": 9.0,
        "mdd_p25": -0.9993749999999999,
        "mdd_median": -0.42374999999999996,
        "mdd_p75": -0.144475
      },
      "24": {
        "n_total": 1347,
        "n_hit": 283,
        "p_hit": 0.210097,
        "t_hit_p25": 5.0,
        "t_hit_median": 10.0,
        "t_hit_p75": 17.5,
        "mdd_p25": -1.10615,
        "mdd_median": -0.4653,
        "mdd_p75": -0.1467
      },
      "36": {
        "n_total": 1347,
        "n_hit": 387,
        "p_hit": 0.287305,
        "t_hit_p25": 6.0,
        "t_hit_median": 16.0,
        "t_hit_p75": 25.0,
        "mdd_p25": -1.1640000000000001,
        "mdd_median": -0.5351,
        "mdd_p75": -0.16935
      },
      "48": {
        "n_total": 1347,
        "n_hit": 481,
        "p_hit": 0.35709,
        "t_hit_p25": 8.0,
        "t_hit_median": 21.0,
        "t_hit_p75": 33.0,
        "mdd_p25": -1.2711,
        "mdd_median": -0.5708,