{
  "schema": "baseline_probs_v1",
  "source_labels": "data/labels/labels_v1.csv",
  "n_rows_labels": 1909,
  "thresholds": [
    0.5,
    1.0,
    2.0,
    3.0,
    5.0
  ],
  "horizons": [
    12,
    24,
    36,
    48,
    60,
    72,
    84,
    96
  ],
  "results": {
    "0.5": {
      "12": {
        "n_total": 1909,
        "n_hit": 1373,
        "p_hit": 0.719225,
        "t_hit_p25": 1.0,
        "t_hit_median": 2.0,
        "t_hit_p75": 4.0,
        "mdd_p25": -0.81,
        "mdd_median": -0.3018,
        "mdd_p75": -0.0569
      },
      "24": {
        "n_total": 1909,
        "n_hit": 1544,
        "p_hit": 0.8088,
        "t_hit_p25": 1.0,
        "t_hit_median": 2.0,
        "t_hit_p75": 6.0,
        "mdd_p25": -0.9709,
        "mdd_median": -0.3698,
        "mdd_p75": -0.088075
      },
      "36": {
        "n_total": 1909,
        "n_hit": 1620,
        "p_hit": 0.848612,
        "t_hit_p25": 1.0,
        "t_hit_median": 3.0,
        "t_hit_p75": 7.0,
        "mdd_p25": -1.0623500000000001,
        "mdd_median": -0.40565,
        "mdd_p75": -0.10097500000000001
      },
      "48": {
        "n_total": 1909,
        "n_hit": 1654,
        "p_hit": 0.866422,
        "t_hit_p25": 1.0,
        "t_hit_median": 3.0,
        "t_hit_p75": 8.0,
        "mdd_p25": -1.151525,
        "mdd_median": -0.42005,
        "mdd_p75": -0.104375
      },
      "60": {
        "n_total": 1909,
        "n_hit": 1671,
        "p_hit": 0.875327,
        "t_hit_p25": 1.0,
        "t_hit_median": 3.0,
        "t_hit_p75": 8.0,
        "mdd_p25": -1.18365,
        "mdd_median": -0.4269,
        "mdd_p75": -0.1057
      },
      "72": {
        "n_total": 1909,
        "n_hit": 1700,
        "p_hit": 0.890519,
        "t_hit_p25": 1.0,
        "t_hit_median": 3.0,
        "t_hit_p75": 9.0,
        "mdd_p25": -1.2601,
        "mdd_median": -0.44205,
        "mdd_p75": -0.10965
      },
      "84": {
        "n_total": 1909,
        "n_hit": 1728,
        "p_hit": 0.905186,
        "t_hit_p25": 1.0,
        "t_hit_median": 3.0,
        "t_hit_p75": 10.0,
        "mdd_p25": -1.340075,
        "mdd_median": -0.4659,
        "mdd_p75": -0.11647500000000001
      },
      "96": {
        "n_total": 1909,
        "n_hit": 1747,
        "p_hit": 0.915139,
        "t_hit_p25": 1.0,
        "t_hit_median": 3.0,
        "t_hit_p75": 10.0,
        "mdd_p25": -1.36895,
        "mdd_median": -0.4738,
        "mdd_p75": -0.11775
      }
    },
    "1.0": {
      "12": {
        "n_total": 1909,
        "n_hit": 1017,
        "p_hit": 0.53274,
        "t_hit_p25": 2.0,
        "t_hit_median": 4.0,
        "t_hit_p75": 7.0,
        "mdd_p25": -1.0008,
        "mdd_median": -0.3935,
        "mdd_p75": -0.0869
      },
      "24": {
        "n_total": 1909,
        "n_hit": 1241,
        "p_hit": 0.650079,
        "t_hit_p25": 2.0,
        "t_hit_median": 5.0,
        "t_hit_p75": 10.0,
        "mdd_p25": -1.2247,
        "mdd_median": -0.4848,
        "mdd_p75": -0.13
      },
      "36": {
        "n_total": 1909,
        "n_hit": 1378,
        "p_hit": 0.721844,
        "t_hit_p25": 2.0,
        "t_hit_median": 6.0,
        "t_hit_p75": 13.0,
        "mdd_p25": -1.378375,
        "mdd_median": -0.5390999999999999,
        "mdd_p75": -0.1558
      },
      "48": {
        "n_total": 1909,
        "n_hit": 1450,
        "p_hit": 0.75956,
        "t_hit_p25": 2.0,
        "t_hit_median": 6.0,
        "t_hit_p75": 16.0,
        "mdd_p25": -1.4447750000000001,
        "mdd_median": -0.5628500000000001,
        "mdd_p75": -0.16749999999999998
      },
      "60": {
        "n_total": 1909,
        "n_hit": 1515,
        "p_hit": 0.793609,
        "t_hit_p25": 3.0,
        "t_hit_median": 7.0,
        "t_hit_p75": 18.0,
        "mdd_p25": -1.5838,
        "mdd_median": -0.6018,
        "mdd_p75": -0.17485
      },
      "72": {
        "n_total": 1909,
        "n_hit": 1567,
        "p_hit": 0.820849,
        "t_hit_p25": 3.0,
        "t_hit_median": 7.0,
        "t_hit_p75": 20.0,
        "mdd_p25": -1.701,
        "mdd_median": -0.6436,
        "mdd_p75": -0.1855
      },
      "84": {
        "n_total": 1909,
        "n_hit": 1603,
        "p_hit": 0.839707,
        "t_hit_p25": 3.0,
        "t_hit_median": 7.0,
        "t_hit_p75": 21.5,
        "mdd_p25": -1.8045,
        "mdd_median": -0.6798,
        "mdd_p75": -0.19319999999999998
      },
      "96": {
        "n_total": 1909,
        "n_hit": 1623,
        "p_hit": 0.850183,
        "t_hit_p25": 3.0,
        "t_hit_median": 7.0,
        "t_hit_p75": 23.0,
        "mdd_p25": -1.8334,
        "mdd_median": -0.6975,
        "mdd_p75": -0.20135
      }
    },
    "2.0": {
      "12": {
        "n_total": 1909,
        "n_hit": 519,
        "p_hit": 0.27187,
        "t_hit_p25": 3.0,
        "t_hit_median": 5.0,
        "t_hit_p75": 8.0,
        "mdd_p25": -1.0835,
        "mdd_median": -0.4404,
        "mdd_p75": -0.1176
      },
      "24": {
        "n_total": 1909,
        "n_hit": 803,
        "p_hit": 0.420639,
        "t_hit_p25": 4.0,
        "t_hit_median": 9.0,
        "t_hit_p75": 16.0,
        "mdd_p25": -1.3882,
        "mdd_median": -0.5996,
        "mdd_p75": -0.17545
      },
      "36": {
        "n_total": 1909,
        "n_hit": 974,
        "p_hit": 0.510215,
        "t_hit_p25": 5.0,
        "t_hit_median": 11.0,
        "t_hit_p75": 21.0,
        "mdd_p25": -1.5582,
        "mdd_median": -0.6769499999999999,
        "mdd_p75": -0.20290000000000002
      },
      "48": {
        "n_total": 1909,
        "n_hit": 1097,
        "p_hit": 0.574646,
        "t_hit_p25": 5.0,
        "t_hit_median": 14.0,
        "t_hit_p75": 26.0,
        "mdd_p25": -1.5891,
        "mdd_median": -0.7193,
        "mdd_p75": -0.2363
      },
      "60": {
        "n_total": 1909,
        "n_hit": 1187,
        "p_hit": 0.621792,
        "t_hit_p25": 6.0,
        "t_hit_median": 15.0,
        "t_hit_p75": 31.0,
        "mdd_p25": -1.67115,
        "mdd_median": -0.8007,
        "mdd_p75": -0.2655
      },
      "72": {
        "n_total": 1909,
        "n_hit": 1271,
        "p_hit": 0.665794,
        "t_hit_p25": 6.0,
        "t_hit_median": 17.0,
        "t_hit_p75": 35.0,
        "mdd_p25": -1.8409499999999999,
        "mdd_median": -0.9225,
        "mdd_p75": -0.2879
      },
      "84": {
        "n_total": 1909,
        "n_hit": 1320,
        "p_hit": 0.691461,
        "t_hit_p25": 6.75,
        "t_hit_median": 17.0,
        "t_hit_p75": 38.0,
        "mdd_p25": -2.0307500000000003,
        "mdd_median": -0.97275,
        "mdd_p75": -0.3044
      },
      "96": {
        "n_total": 1909,
        "n_hit": 1365,
        "p_hit": 0.715034,
        "t_hit_p25": 7.0,
        "t_hit_median": 18.0,
        "t_hit_p75": 41.0,
        "mdd_p25": -2.2103,
        "mdd_median": -1.0045,
        "mdd_p75": -0.3184
      }
    },
    "3.0": {
      "12": {
        "n_total": 1909,
        "n_hit": 296,
        "p_hit": 0.155055,
        "t_hit_p25": 3.0,
        "t_hit_median": 6.0,
        "t_hit_p75": 9.0,
        "mdd_p25": -0.990225,
        "mdd_median": -0.43525,
        "mdd_p75": -0.135025
      },
      "24": {
        "n_total": 1909,
        "n_hit": 485,
        "p_hit": 0.25406,
        "t_hit_p25": 5.0,
        "t_hit_median": 10.0,
        "t_hit_p75": 17.0,
        "mdd_p25": -1.3396,
        "mdd_median": -0.5546,
        "mdd_p75": -0.1687
      },
      "36": {
        "n_total": 1909,
        "n_hit": 659,
        "p_hit": 0.345207,
        "t_hit_p25": 6.0,
        "t_hit_median": 15.0,
        "t_hit_p75": 25.0,
        "mdd_p25": -1.5851,
        "mdd_median": -0.6474,
        "mdd_p75": -0.2033
      },
      "48": {
        "n_total": 1909,
        "n_hit": 783,
        "p_hit": 0.410162,
        "t_hit_p25": 7.0,
        "t_hit_median": 19.0,
        "t_hit_p75": 31.0,
        "mdd_p25": -1.66105,
        "mdd_median": -0.7243,
        "mdd_p75": -0.248
      },
      "60": {
        "n_total": 1909,