{
  "schema": "baseline_probs_v1",
  "source_labels": "data/labels/labels_v1.csv",
  "n_rows_labels": 399,
  "thresholds": [
    0.5,
    1.0,
    2.0,
    3.0,
    5.0
  ],
  "horizons": [
    12,
    24,
    36,
    48,
    60,
    72,
    84,
    96
  ],
  "results": {
    "0.5": {
      "12": {
        "n_total": 399,
        "n_hit": 286,
        "p_hit": 0.716792,
        "t_hit_p25": 1.0,
        "t_hit_median": 3.0,
        "t_hit_p75": 6.0,
        "mdd_p25": -0.599175,
        "mdd_median": -0.2538,
        "mdd_p75": -0.055
      },
      "24": {
        "n_total": 399,
        "n_hit": 348,
        "p_hit": 0.87218,
        "t_hit_p25": 2.0,
        "t_hit_median": 4.0,
        "t_hit_p75": 10.0,
        "mdd_p25": -0.717125,
        "mdd_median": -0.33925,
        "mdd_p75": -0.09087500000000001
      },
      "36": {
        "n_total": 399,
        "n_hit": 369,
        "p_hit": 0.924812,
        "t_hit_p25": 2.0,
        "t_hit_median": 5.0,
        "t_hit_p75": 11.0,
        "mdd_p25": -0.7882,
        "mdd_median": -0.3728,
        "mdd_p75": -0.1048
      },
      "48": {
        "n_total": 399,
        "n_hit": 370,
        "p_hit": 0.927318,
        "t_hit_p25": 2.0,
        "t_hit_median": 5.0,
        "t_hit_p75": 11.75,
        "mdd_p25": -0.8059000000000001,
        "mdd_median": -0.37305,
        "mdd_p75": -0.10502500000000001
      },
      "60": {
        "n_total": 399,
        "n_hit": 376,
        "p_hit": 0.942356,
        "t_hit_p25": 2.0,
        "t_hit_median": 5.0,
        "t_hit_p75": 12.0,
        "mdd_p25": -0.831525,
        "mdd_median": -0.3786,
        "mdd_p75": -0.10615000000000001
      },
      "72": {
        "n_total": 399,
        "n_hit": 388,
        "p_hit": 0.972431,
        "t_hit_p25": 2.0,
        "t_hit_median": 5.0,
        "t_hit_p75": 13.0,
        "mdd_p25": -0.93465,
        "mdd_median": -0.4065,
        "mdd_p75": -0.11235
      },
      "84": {
        "n_total": 399,
        "n_hit": 388,
        "p_hit": 0.972431,
        "t_hit_p25": 2.0,
        "t_hit_median": 5.0,
        "t_hit_p75": 13.0,
        "mdd_p25": -0.93465,
        "mdd_median": -0.4065,
        "mdd_p75": -0.11235
      },
      "96": {
        "n_total": 399,
        "n_hit": 390,
        "p_hit": 0.977444,
        "t_hit_p25": 2.0,
        "t_hit_median": 5.0,
        "t_hit_p75": 13.0,
        "mdd_p25": -0.963225,
        "mdd_median": -0.40995000000000004,
        "mdd_p75": -0.114
      }
    },
    "1.0": {
      "12": {
        "n_total": 399,
        "n_hit": 195,
        "p_hit": 0.488722,
        "t_hit_p25": 3.0,
        "t_hit_median": 5.0,
        "t_hit_p75": 7.0,
        "mdd_p25": -0.68155,
        "mdd_median": -0.2933,
        "mdd_p75": -0.0689
      },
      "24": {
        "n_total": 399,
        "n_hit": 276,
        "p_hit": 0.691729,
        "t_hit_p25": 4.0,
        "t_hit_median": 7.0,
        "t_hit_p75": 14.25,
        "mdd_p25": -0.943825,
        "mdd_median": -0.41759999999999997,
        "mdd_p75": -0.10425000000000001
      },
      "36": {
        "n_total": 399,
        "n_hit": 326,
        "p_hit": 0.817043,
        "t_hit_p25": 4.0,
        "t_hit_median": 9.0,
        "t_hit_p75": 19.0,
        "mdd_p25": -1.164975,
        "mdd_median": -0.4514,
        "mdd_p75": -0.14285
      },
      "48": {
        "n_total": 399,
        "n_hit": 348,
        "p_hit": 0.87218,
        "t_hit_p25": 4.0,
        "t_hit_median": 10.0,
        "t_hit_p75": 21.0,
        "mdd_p25": -1.1986750000000002,
        "mdd_median": -0.4693,
        "mdd_p75": -0.161775
      },
      "60": {
        "n_total": 399,
        "n_hit": 360,
        "p_hit": 0.902256,
        "t_hit_p25": 4.0,
        "t_hit_median": 11.0,
        "t_hit_p75": 23.0,
        "mdd_p25": -1.236525,
        "mdd_median": -0.4746,
        "mdd_p75": -0.16897500000000001
      },
      "72": {
        "n_total": 399,
        "n_hit": 375,
        "p_hit": 0.93985,
        "t_hit_p25": 5.0,
        "t_hit_median": 12.0,
        "t_hit_p75": 25.0,
        "mdd_p25": -1.3517000000000001,
        "mdd_median": -0.4923,
        "mdd_p75": -0.17215
      },
      "84": {
        "n_total": 399,
        "n_hit": 376,
        "p_hit": 0.942356,
        "t_hit_p25": 5.0,
        "t_hit_median": 12.0,
        "t_hit_p75": 25.25,
        "mdd_p25": -1.35315,
        "mdd_median": -0.49375,
        "mdd_p75": -0.172275
      },
      "96": {
        "n_total": 399,
        "n_hit": 376,
        "p_hit": 0.942356,
        "t_hit_p25": 5.0,
        "t_hit_median": 12.0,
        "t_hit_p75": 25.25,
        "mdd_p25": -1.35315,
        "mdd_median": -0.49375,
        "mdd_p75": -0.172275
      }
    },
    "2.0": {
      "12": {
        "n_total": 399,
        "n_hit": 91,
        "p_hit": 0.22807,
        "t_hit_p25": 4.0,
        "t_hit_median": 7.0,
        "t_hit_p75": 9.0,
        "mdd_p25": -0.71765,
        "mdd_median": -0.4034,
        "mdd_p75": -0.1628
      },
      "24": {
        "n_total": 399,
        "n_hit": 168,
        "p_hit": 0.421053,
        "t_hit_p25": 6.0,
        "t_hit_median": 11.0,
        "t_hit_p75": 17.25,
        "mdd_p25": -0.9904,
        "mdd_median": -0.5206500000000001,
        "mdd_p75": -0.19069999999999998
      },
      "36": {
        "n_total": 399,
        "n_hit": 217,
        "p_hit": 0.54386,
        "t_hit_p25": 8.0,
        "t_hit_median": 15.0,
        "t_hit_p75": 23.0,
        "mdd_p25": -1.0025,
        "mdd_median": -0.5071,
        "mdd_p75": -0.2025
      },
      "48": {
        "n_total": 399,
        "n_hit": 265,
        "p_hit": 0.66416,
        "t_hit_p25": 9.0,
        "t_hit_median": 18.0,
        "t_hit_p75": 32.0,
        "mdd_p25": -1.1694,
        "mdd_median": -0.5454,
        "mdd_p75": -0.2613
      },
      "60": {
        "n_total": 399,
        "n_hit": 303,
        "p_hit": 0.759398,
        "t_hit_p25": 10.0,
        "t_hit_median": 21.0,
        "t_hit_p75": 40.0,
        "mdd_p25": -1.2184,
        "mdd_median": -0.5593,
        "mdd_p75": -0.2735
      },
      "72": {
        "n_total": 399,
        "n_hit": 326,
        "p_hit": 0.817043,
        "t_hit_p25": 11.0,
        "t_hit_median": 23.0,
        "t_hit_p75": 44.0,
        "mdd_p25": -1.303575,
        "mdd_median": -0.6257,
        "mdd_p75": -0.29375
      },
      "84": {
        "n_total": 399,
        "n_hit": 336,
        "p_hit": 0.842105,
        "t_hit_p25": 11.0,
        "t_hit_median": 24.5,
        "t_hit_p75": 45.0,
        "mdd_p25": -1.3510499999999999,
        "mdd_median": -0.67885,
        "mdd_p75": -0.30560000000000004
      },
      "96": {
        "n_total": 399,
        "n_hit": 343,
        "p_hit": 0.859649,
        "t_hit_p25": 12.0,
        "t_hit_median": 26.0,
        "t_hit_p75": 46.0,
        "mdd_p25": -1.3827500000000001,
        "mdd_median": -0.7144,
        "mdd_p75": -0.3104
      }
    },
    "3.0": {
      "12": {
        "n_total": 399,
        "n_hit": 56,
        "p_hit": 0.140351,
        "t_hit_p25": 5.0,
        "t_hit_median": 8.0,
        "t_hit_p75": 10.0,
        "mdd_p25": -0.976825,
        "mdd_median": -0.36845,
        "mdd_p75": -0.16735
      },
      "24": {
        "n_total": 399,
        "n_hit": 95,
        "p_hit": 0.238095,
        "t_hit_p25": 7.0,
        "t_hit_median": 10.0,
        "t_hit_p75": 18.0,
        "mdd_p25": -0.7617,
        "mdd_median": -0.4448,
        "mdd_p75": -0.1396
      },
      "36": {
        "n_total": 399,
        "n_hit": 137,
        "p_hit": 0.343358,
        "t_hit_p25": 9.0,
        "t_hit_median": 17.0,
        "t_hit_p75": 28.0,
        "mdd_p25": -0.9249,
        "mdd_median": -0.4448,
        "mdd_p75": -0.135
      },
      "48": {
        "n_total": 399,
        "n_hit": 187,
        "p_hit": 0.468672,
        "t_hit_p25": 10.0,
        "t_hit_median": 24.0,
        "t_hit_p75": 38.0,
        "mdd_p25": -0.95535,
        "mdd_median": -0.4718,
        "mdd_p75": -0.21565
      },