{
  "schema": "baseline_probs_v1",
  "source_labels": "data/labels/labels_v1.csv",
  "n_rows_labels": 1382,
  "thresholds": [
    0.5,
    1.0,
    2.0,
    3.0,
    5.0
  ],
  "horizons": [
    12,
    24,
    36,
    48,
    60,
    72,
    84,
    96
  ],
  "results": {
    "0.5": {
      "12": {
        "n_total": 1382,
        "n_hit": 970,
        "p_hit": 0.701881,
        "t_hit_p25": 1.0,
        "t_hit_median": 2.0,
        "t_hit_p75": 5.0,
        "mdd_p25": -0.80855,
        "mdd_median": -0.27880000000000005,
        "mdd_p75": -0.052724999999999994
      },
      "24": {
        "n_total": 1382,
        "n_hit": 1111,
        "p_hit": 0.803907,
        "t_hit_p25": 1.0,
        "t_hit_median": 3.0,
        "t_hit_p75": 7.0,
        "mdd_p25": -0.9718,
        "mdd_median": -0.3665,
        "mdd_p75": -0.08315
      },
      "36": {
        "n_total": 1382,
        "n_hit": 1159,
        "p_hit": 0.83864,
        "t_hit_p25": 1.0,
        "t_hit_median": 3.0,
        "t_hit_p75": 8.0,
        "mdd_p25": -1.0000499999999999,
        "mdd_median": -0.389,
        "mdd_p75": -0.0925
      },
      "48": {
        "n_total": 1382,
        "n_hit": 1169,
        "p_hit": 0.845876,
        "t_hit_p25": 1.0,
        "t_hit_median": 3.0,
        "t_hit_p75": 9.0,
        "mdd_p25": -1.0204,
        "mdd_median": -0.3925,
        "mdd_p75": -0.0944
      },
      "60": {
        "n_total": 1382,
        "n_hit": 1183,
        "p_hit": 0.856006,
        "t_hit_p25": 1.0,
        "t_hit_median": 3.0,
        "t_hit_p75": 9.0,
        "mdd_p25": -1.0819,
        "mdd_median": -0.4096,
        "mdd_p75": -0.09895
      },
      "72": {
        "n_total": 1382,
        "n_hit": 1211,
        "p_hit": 0.876266,
        "t_hit_p25": 1.0,
        "t_hit_median": 3.0,
        "t_hit_p75": 10.0,
        "mdd_p25": -1.16775,
        "mdd_median": -0.4243,
        "mdd_p75": -0.1031
      },
      "84": {
        "n_total": 1382,
        "n_hit": 1237,
        "p_hit": 0.89508,
        "t_hit_p25": 1.0,
        "t_hit_median": 3.0,
        "t_hit_p75": 10.0,
        "mdd_p25": -1.2628,
        "mdd_median": -0.4414,
        "mdd_p75": -0.1057
      },
      "96": {
        "n_total": 1382,
        "n_hit": 1253,
        "p_hit": 0.906657,
        "t_hit_p25": 1.0,
        "t_hit_median": 3.0,
        "t_hit_p75": 11.0,
        "mdd_p25": -1.3232,
        "mdd_median": -0.4492,
        "mdd_p75": -0.1076
      }
    },
    "1.0": {
      "12": {
        "n_total": 1382,
        "n_hit": 713,
        "p_hit": 0.515919,
        "t_hit_p25": 2.0,
        "t_hit_median": 4.0,
        "t_hit_p75": 7.0,
        "mdd_p25": -0.9948,
        "mdd_median": -0.3684,
        "mdd_p75": -0.0786
      },
      "24": {
        "n_total": 1382,
        "n_hit": 886,
        "p_hit": 0.6411,
        "t_hit_p25": 2.0,
        "t_hit_median": 5.0,
        "t_hit_p75": 10.0,
        "mdd_p25": -1.1285500000000002,
        "mdd_median": -0.46640000000000004,
        "mdd_p75": -0.11685
      },
      "36": {
        "n_total": 1382,
        "n_hit": 978,
        "p_hit": 0.70767,
        "t_hit_p25": 3.0,
        "t_hit_median": 6.0,
        "t_hit_p75": 14.0,
        "mdd_p25": -1.21635,
        "mdd_median": -0.47945000000000004,
        "mdd_p75": -0.144425
      },
      "48": {
        "n_total": 1382,
        "n_hit": 1014,
        "p_hit": 0.733719,
        "t_hit_p25": 3.0,
        "t_hit_median": 6.5,
        "t_hit_p75": 15.0,
        "mdd_p25": -1.245975,
        "mdd_median": -0.48450000000000004,
        "mdd_p75": -0.15542499999999998
      },
      "60": {
        "n_total": 1382,
        "n_hit": 1054,
        "p_hit": 0.762663,
        "t_hit_p25": 3.0,
        "t_hit_median": 7.0,
        "t_hit_p75": 17.0,
        "mdd_p25": -1.336325,
        "mdd_median": -0.52105,
        "mdd_p75": -0.16035
      },
      "72": {
        "n_total": 1382,
        "n_hit": 1101,
        "p_hit": 0.796671,
        "t_hit_p25": 3.0,
        "t_hit_median": 7.0,
        "t_hit_p75": 19.0,
        "mdd_p25": -1.424,
        "mdd_median": -0.5546,
        "mdd_p75": -0.1699
      },
      "84": {
        "n_total": 1382,
        "n_hit": 1132,
        "p_hit": 0.819103,
        "t_hit_p25": 3.0,
        "t_hit_median": 8.0,
        "t_hit_p75": 21.0,
        "mdd_p25": -1.55265,
        "mdd_median": -0.5885,
        "mdd_p75": -0.172475
      },
      "96": {
        "n_total": 1382,
        "n_hit": 1151,
        "p_hit": 0.832851,
        "t_hit_p25": 3.0,
        "t_hit_median": 8.0,
        "t_hit_p75": 22.0,
        "mdd_p25": -1.6165500000000002,
        "mdd_median": -0.5981,
        "mdd_p75": -0.1763
      }
    },
    "2.0": {
      "12": {
        "n_total": 1382,
        "n_hit": 340,
        "p_hit": 0.24602,
        "t_hit_p25": 3.0,
        "t_hit_median": 5.0,
        "t_hit_p75": 9.0,
        "mdd_p25": -1.0827,
        "mdd_median": -0.40785,
        "mdd_p75": -0.12455000000000001
      },
      "24": {
        "n_total": 1382,
        "n_hit": 544,
        "p_hit": 0.393632,
        "t_hit_p25": 4.0,
        "t_hit_median": 9.0,
        "t_hit_p75": 16.0,
        "mdd_p25": -1.2530000000000001,
        "mdd_median": -0.57155,
        "mdd_p75": -0.172475
      },
      "36": {
        "n_total": 1382,
        "n_hit": 660,
        "p_hit": 0.477569,
        "t_hit_p25": 5.0,
        "t_hit_median": 12.0,
        "t_hit_p75": 21.0,
        "mdd_p25": -1.307475,
        "mdd_median": -0.5744,
        "mdd_p75": -0.17572500000000002
      },
      "48": {
        "n_total": 1382,
        "n_hit": 754,
        "p_hit": 0.545586,
        "t_hit_p25": 6.0,
        "t_hit_median": 15.0,
        "t_hit_p75": 27.0,
        "mdd_p25": -1.340525,
        "mdd_median": -0.58585,
        "mdd_p75": -0.20617500000000002
      },
      "60": {
        "n_total": 1382,
        "n_hit": 818,
        "p_hit": 0.591896,
        "t_hit_p25": 6.25,
        "t_hit_median": 16.0,
        "t_hit_p75": 32.0,
        "mdd_p25": -1.3904249999999998,
        "mdd_median": -0.60675,
        "mdd_p75": -0.2348
      },
      "72": {
        "n_total": 1382,
        "n_hit": 879,
        "p_hit": 0.636035,
        "t_hit_p25": 7.0,
        "t_hit_median": 17.0,
        "t_hit_p75": 36.0,
        "mdd_p25": -1.4943499999999998,
        "mdd_median": -0.7164,
        "mdd_p75": -0.26249999999999996
      },
      "84": {
        "n_total": 1382,
        "n_hit": 918,
        "p_hit": 0.664255,
        "t_hit_p25": 7.0,
        "t_hit_median": 18.0,
        "t_hit_p75": 40.75,
        "mdd_p25": -1.5902500000000002,
        "mdd_median": -0.7985,
        "mdd_p75": -0.27345
      },
      "96": {
        "n_total": 1382,
        "n_hit": 948,
        "p_hit": 0.685962,
        "t_hit_p25": 8.0,
        "t_hit_median": 19.0,
        "t_hit_p75": 43.0,
        "mdd_p25": -1.6700249999999999,
        "mdd_median": -0.85195,
        "mdd_p75": -0.28005
      }
    },
    "3.0": {
      "12": {
        "n_total": 1382,
        "n_hit": 168,
        "p_hit": 0.121563,
        "t_hit_p25": 3.0,
        "t_hit_median": 5.5,
        "t_hit_p75": 9.0,
        "mdd_p25": -0.9993749999999999,
        "mdd_median": -0.42374999999999996,
        "mdd_p75": -0.144475
      },
      "24": {
        "n_total": 1382,
        "n_hit": 283,
        "p_hit": 0.204776,
        "t_hit_p25": 5.0,
        "t_hit_median": 10.0,
        "t_hit_p75": 17.5,
        "mdd_p25": -1.10615,
        "mdd_median": -0.4653,
        "mdd_p75": -0.1467
      },
      "36": {
        "n_total": 1382,
        "n_hit": 387,
        "p_hit": 0.280029,
        "t_hit_p25": 6.0,
        "t_hit_median": 16.0,
        "t_hit_p75": 25.0,
        "mdd_p25": -1.1640000000000001,
        "mdd_median": -0.5351,
        "mdd_p75": -0.16935
      },
      "48": {
        "n_total": 1382,
        "n_hit": 481,
        "p_hit": 0.348046,
        "t_hit_p25": 8.0,
        "t_hit_median": 21.0,
        "t_hit_p75": 33.0,