{
  "schema": "baseline_probs_v1",
  "source_labels": "data/labels/labels_v1.csv",
  "n_rows_labels": 2749,
  "thresholds": [
    0.5,
    1.0,
    2.0,
    3.0,
    5.0
  ],
  "horizons": [
    12,
    24,
    36,
    48,
    60,
    72,
    84,
    96
  ],
  "results": {
    "0.5": {
      "12": {
        "n_total": 2749,
        "n_hit": 1937,
        "p_hit": 0.70462,
        "t_hit_p25": 1.0,
        "t_hit_median": 2.0,
        "t_hit_p75": 4.0,
        "mdd_p25": -0.7214,
        "mdd_median": -0.293,
        "mdd_p75": -0.0509
      },
      "24": {
        "n_total": 2749,
        "n_hit": 2203,
        "p_hit": 0.801382,
        "t_hit_p25": 1.0,
        "t_hit_median": 3.0,
        "t_hit_p75": 7.0,
        "mdd_p25": -0.8955,
        "mdd_median": -0.3594,
        "mdd_p75": -0.08095
      },
      "36": {
        "n_total": 2749,
        "n_hit": 2336,
        "p_hit": 0.849764,
        "t_hit_p25": 1.0,
        "t_hit_median": 3.0,
        "t_hit_p75": 8.0,
        "mdd_p25": -0.997925,
        "mdd_median": -0.4096,
        "mdd_p75": -0.09775
      },
      "48": {
        "n_total": 2749,
        "n_hit": 2387,
        "p_hit": 0.868316,
        "t_hit_p25": 1.0,
        "t_hit_median": 3.0,
        "t_hit_p75": 9.0,
        "mdd_p25": -1.0842999999999998,
        "mdd_median": -0.4218,
        "mdd_p75": -0.10305
      },
      "60": {
        "n_total": 2749,
        "n_hit": 2410,
        "p_hit": 0.876682,
        "t_hit_p25": 1.0,
        "t_hit_median": 3.0,
        "t_hit_p75": 9.0,
        "mdd_p25": -1.136075,
        "mdd_median": -0.42805,
        "mdd_p75": -0.10464999999999999
      },
      "72": {
        "n_total": 2749,
        "n_hit": 2449,
        "p_hit": 0.890869,
        "t_hit_p25": 1.0,
        "t_hit_median": 3.0,
        "t_hit_p75": 10.0,
        "mdd_p25": -1.1857,
        "mdd_median": -0.4427,
        "mdd_p75": -0.1087
      },
      "84": {
        "n_total": 2749,
        "n_hit": 2492,
        "p_hit": 0.906511,
        "t_hit_p25": 1.0,
        "t_hit_median": 3.0,
        "t_hit_p75": 11.0,
        "mdd_p25": -1.27225,
        "mdd_median": -0.46130000000000004,
        "mdd_p75": -0.1132
      },
      "96": {
        "n_total": 2749,
        "n_hit": 2521,
        "p_hit": 0.917061,
        "t_hit_p25": 1.0,
        "t_hit_median": 3.0,
        "t_hit_p75": 11.0,
        "mdd_p25": -1.3323,
        "mdd_median": -0.4736,
        "mdd_p75": -0.1169
      }
    },
    "1.0": {
      "12": {
        "n_total": 2749,
        "n_hit": 1417,
        "p_hit": 0.51546,
        "t_hit_p25": 2.0,
        "t_hit_median": 4.0,
        "t_hit_p75": 7.0,
        "mdd_p25": -0.9312,
        "mdd_median": -0.3684,
        "mdd_p75": -0.0808
      },
      "24": {
        "n_total": 2749,
        "n_hit": 1770,
        "p_hit": 0.64387,
        "t_hit_p25": 2.0,
        "t_hit_median": 5.0,
        "t_hit_p75": 11.0,
        "mdd_p25": -1.0905,
        "mdd_median": -0.47004999999999997,
        "mdd_p75": -0.12940000000000002
      },
      "36": {
        "n_total": 2749,
        "n_hit": 1993,
        "p_hit": 0.724991,
        "t_hit_p25": 3.0,
        "t_hit_median": 6.0,
        "t_hit_p75": 15.0,
        "mdd_p25": -1.3114,
        "mdd_median": -0.5345,
        "mdd_p75": -0.1608
      },
      "48": {
        "n_total": 2749,
        "n_hit": 2098,
        "p_hit": 0.763187,
        "t_hit_p25": 3.0,
        "t_hit_median": 7.0,
        "t_hit_p75": 17.0,
        "mdd_p25": -1.377425,
        "mdd_median": -0.5527,
        "mdd_p75": -0.17275
      },
      "60": {
        "n_total": 2749,
        "n_hit": 2176,
        "p_hit": 0.791561,
        "t_hit_p25": 3.0,
        "t_hit_median": 7.0,
        "t_hit_p75": 19.0,
        "mdd_p25": -1.47655,
        "mdd_median": -0.59215,
        "mdd_p75": -0.18582500000000002
      },
      "72": {
        "n_total": 2749,
        "n_hit": 2241,
        "p_hit": 0.815206,
        "t_hit_p25": 3.0,
        "t_hit_median": 8.0,
        "t_hit_p75": 21.0,
        "mdd_p25": -1.5825,
        "mdd_median": -0.6172,
        "mdd_p75": -0.197
      },
      "84": {
        "n_total": 2749,
        "n_hit": 2299,
        "p_hit": 0.836304,
        "t_hit_p25": 3.0,
        "t_hit_median": 8.0,
        "t_hit_p75": 23.0,
        "mdd_p25": -1.6869,
        "mdd_median": -0.6502,
        "mdd_p75": -0.20805
      },
      "96": {
        "n_total": 2749,
        "n_hit": 2336,
        "p_hit": 0.849764,
        "t_hit_p25": 3.0,
        "t_hit_median": 8.0,
        "t_hit_p75": 24.0,
        "mdd_p25": -1.7569249999999998,
        "mdd_median": -0.6768,
        "mdd_p75": -0.218525
      }
    },
    "2.0": {
      "12": {
        "n_total": 2749,
        "n_hit": 685,
        "p_hit": 0.249182,
        "t_hit_p25": 3.0,
        "t_hit_median": 5.0,
        "t_hit_p75": 9.0,
        "mdd_p25": -0.9742,
        "mdd_median": -0.4163,
        "mdd_p75": -0.1062
      },
      "24": {
        "n_total": 2749,
        "n_hit": 1109,
        "p_hit": 0.403419,
        "t_hit_p25": 4.0,
        "t_hit_median": 9.0,
        "t_hit_p75": 16.0,
        "mdd_p25": -1.2782,
        "mdd_median": -0.5798,
        "mdd_p75": -0.1787
      },
      "36": {
        "n_total": 2749,
        "n_hit": 1404,
        "p_hit": 0.510731,
        "t_hit_p25": 5.0,
        "t_hit_median": 13.0,
        "t_hit_p75": 23.0,
        "mdd_p25": -1.466925,
        "mdd_median": -0.67575,
        "mdd_p75": -0.22355
      },
      "48": {
        "n_total": 2749,
        "n_hit": 1594,
        "p_hit": 0.579847,
        "t_hit_p25": 6.0,
        "t_hit_median": 15.0,
        "t_hit_p75": 28.0,
        "mdd_p25": -1.562225,
        "mdd_median": -0.7302500000000001,
        "mdd_p75": -0.26545
      },
      "60": {
        "n_total": 2749,
        "n_hit": 1721,
        "p_hit": 0.626046,
        "t_hit_p25": 7.0,
        "t_hit_median": 17.0,
        "t_hit_p75": 32.0,
        "mdd_p25": -1.6177,
        "mdd_median": -0.7982,
        "mdd_p75": -0.2854
      },
      "72": {
        "n_total": 2749,
        "n_hit": 1832,
        "p_hit": 0.666424,
        "t_hit_p25": 7.0,
        "t_hit_median": 18.0,
        "t_hit_p75": 35.0,
        "mdd_p25": -1.775125,
        "mdd_median": -0.88215,
        "mdd_p75": -0.312075
      },
      "84": {
        "n_total": 2749,
        "n_hit": 1913,
        "p_hit": 0.695889,
        "t_hit_p25": 8.0,
        "t_hit_median": 20.0,
        "t_hit_p75": 38.0,
        "mdd_p25": -1.9412,
        "mdd_median": -0.9448,
        "mdd_p75": -0.3308
      },
      "96": {
        "n_total": 2749,
        "n_hit": 1988,
        "p_hit": 0.723172,
        "t_hit_p25": 8.0,
        "t_hit_median": 21.0,
        "t_hit_p75": 42.0,
        "mdd_p25": -2.1319250000000003,
        "mdd_median": -0.9885999999999999,
        "mdd_p75": -0.34814999999999996
      }
    },
    "3.0": {
      "12": {
        "n_total": 2749,
        "n_hit": 373,
        "p_hit": 0.135686,
        "t_hit_p25": 3.0,
        "t_hit_median": 6.0,
        "t_hit_p75": 9.0,
        "mdd_p25": -0.9293,
        "mdd_median": -0.3777,
        "mdd_p75": -0.1062
      },
      "24": {
        "n_total": 2749,
        "n_hit": 646,
        "p_hit": 0.234995,
        "t_hit_p25": 5.0,
        "t_hit_median": 10.0,
        "t_hit_p75": 17.0,
        "mdd_p25": -1.3294249999999999,
        "mdd_median": -0.55085,
        "mdd_p75": -0.1612
      },
      "36": {
        "n_total": 2749,
        "n_hit": 909,
        "p_hit": 0.330666,
        "t_hit_p25": 7.0,
        "t_hit_median": 16.0,
        "t_hit_p75": 26.0,
        "mdd_p25": -1.5889,
        "mdd_median": -0.6742,
        "mdd_p75": -0.2074
      },
      "48": {
        "n_total": 2749,
        "n_hit": 1124,
        "p_hit": 0.408876,
        "t_hit_p25": 9.0,
        "t_hit_median": 21.0,
        "t_hit_p75": 33.0,
        "mdd_p25": -1.709725,
        "mdd_median": -0.79705,
        "mdd_p75": -0.2719
      },