{
  "schema": "baseline_probs_v1",
  "source_labels": "data/labels/labels_v1.csv",
  "n_rows_labels": 260,
  "thresholds": [
    0.5,
    1.0,
    2.0,
    3.0,
    5.0
  ],
  "horizons": [
    12,
    24,
    36,
    48,
    60,
    72,
    84,
    96
  ],
  "results": {
    "0.5": {
      "12": {
        "n_total": 260,
        "n_hit": 182,
        "p_hit": 0.7,
        "t_hit_p25": 1.0,
        "t_hit_median": 3.0,
        "t_hit_p75": 5.0,
        "mdd_p25": -0.717975,
        "mdd_median": -0.2918,
        "mdd_p75": -0.07932499999999999
      },
      "24": {
        "n_total": 260,
        "n_hit": 222,
        "p_hit": 0.853846,
        "t_hit_p25": 1.0,
        "t_hit_median": 4.0,
        "t_hit_p75": 10.0,
        "mdd_p25": -0.8924750000000001,
        "mdd_median": -0.38745,
        "mdd_p75": -0.106725
      },
      "36": {
        "n_total": 260,
        "n_hit": 237,
        "p_hit": 0.911538,
        "t_hit_p25": 2.0,
        "t_hit_median": 4.0,
        "t_hit_p75": 12.0,
        "mdd_p25": -0.8852,
        "mdd_median": -0.4191,
        "mdd_p75": -0.1212
      },
      "48": {
        "n_total": 260,
        "n_hit": 237,
        "p_hit": 0.911538,
        "t_hit_p25": 2.0,
        "t_hit_median": 4.0,
        "t_hit_p75": 12.0,
        "mdd_p25": -0.8852,
        "mdd_median": -0.4191,
        "mdd_p75": -0.1212
      },
      "60": {
        "n_total": 260,
        "n_hit": 243,
        "p_hit": 0.934615,
        "t_hit_p25": 2.0,
        "t_hit_median": 4.0,
        "t_hit_p75": 12.5,
        "mdd_p25": -0.98065,
        "mdd_median": -0.439,
        "mdd_p75": -0.12585000000000002
      },
      "72": {
        "n_total": 260,
        "n_hit": 255,
        "p_hit": 0.980769,
        "t_hit_p25": 2.0,
        "t_hit_median": 5.0,
        "t_hit_p75": 14.0,
        "mdd_p25": -1.16175,
        "mdd_median": -0.4728,
        "mdd_p75": -0.1422
      },
      "84": {
        "n_total": 260,
        "n_hit": 255,
        "p_hit": 0.980769,
        "t_hit_p25": 2.0,
        "t_hit_median": 5.0,
        "t_hit_p75": 14.0,
        "mdd_p25": -1.16175,
        "mdd_median": -0.4728,
        "mdd_p75": -0.1422
      },
      "96": {
        "n_total": 260,
        "n_hit": 255,
        "p_hit": 0.980769,
        "t_hit_p25": 2.0,
        "t_hit_median": 5.0,
        "t_hit_p75": 14.0,
        "mdd_p25": -1.16175,
        "mdd_median": -0.4728,
        "mdd_p75": -0.1422
      }
    },
    "1.0": {
      "12": {
        "n_total": 260,
        "n_hit": 133,
        "p_hit": 0.511538,
        "t_hit_p25": 3.0,
        "t_hit_median": 5.0,
        "t_hit_p75": 7.0,
        "mdd_p25": -0.9839,
        "mdd_median": -0.3402,
        "mdd_p75": -0.1041
      },
      "24": {
        "n_total": 260,
        "n_hit": 168,
        "p_hit": 0.646154,
        "t_hit_p25": 3.0,
        "t_hit_median": 6.0,
        "t_hit_p75": 11.0,
        "mdd_p25": -1.3559999999999999,
        "mdd_median": -0.48405,
        "mdd_p75": -0.12285
      },
      "36": {
        "n_total": 260,
        "n_hit": 197,
        "p_hit": 0.757692,
        "t_hit_p25": 4.0,
        "t_hit_median": 7.0,
        "t_hit_p75": 18.0,
        "mdd_p25": -1.3966,
        "mdd_median": -0.4872,
        "mdd_p75": -0.1651
      },
      "48": {
        "n_total": 260,
        "n_hit": 218,
        "p_hit": 0.838462,
        "t_hit_p25": 4.0,
        "t_hit_median": 7.5,
        "t_hit_p75": 22.75,
        "mdd_p25": -1.3719000000000001,
        "mdd_median": -0.4969,
        "mdd_p75": -0.17302499999999998
      },
      "60": {
        "n_total": 260,
        "n_hit": 227,
        "p_hit": 0.873077,
        "t_hit_p25": 4.0,
        "t_hit_median": 8.0,
        "t_hit_p75": 25.5,
        "mdd_p25": -1.39815,
        "mdd_median": -0.5252,
        "mdd_p75": -0.19319999999999998
      },
      "72": {
        "n_total": 260,
        "n_hit": 242,
        "p_hit": 0.930769,
        "t_hit_p25": 4.0,
        "t_hit_median": 9.5,
        "t_hit_p75": 28.75,
        "mdd_p25": -1.611125,
        "mdd_median": -0.5540499999999999,
        "mdd_p75": -0.23165000000000002
      },
      "84": {
        "n_total": 260,
        "n_hit": 243,
        "p_hit": 0.934615,
        "t_hit_p25": 4.0,
        "t_hit_median": 10.0,
        "t_hit_p75": 29.0,
        "mdd_p25": -1.61995,
        "mdd_median": -0.5546,
        "mdd_p75": -0.2323
      },
      "96": {
        "n_total": 260,
        "n_hit": 243,
        "p_hit": 0.934615,
        "t_hit_p25": 4.0,
        "t_hit_median": 10.0,
        "t_hit_p75": 29.0,
        "mdd_p25": -1.61995,
        "mdd_median": -0.5546,
        "mdd_p75": -0.2323
      }
    },
    "2.0": {
      "12": {
        "n_total": 260,
        "n_hit": 58,
        "p_hit": 0.223077,
        "t_hit_p25": 4.0,
        "t_hit_median": 6.0,
        "t_hit_p75": 9.0,
        "mdd_p25": -1.280275,
        "mdd_median": -0.41225,
        "mdd_p75": -0.180025
      },
      "24": {
        "n_total": 260,
        "n_hit": 98,
        "p_hit": 0.376923,
        "t_hit_p25": 6.0,
        "t_hit_median": 10.0,
        "t_hit_p75": 17.0,
        "mdd_p25": -1.465325,
        "mdd_median": -0.8105,
        "mdd_p75": -0.29955
      },
      "36": {
        "n_total": 260,
        "n_hit": 131,
        "p_hit": 0.503846,
        "t_hit_p25": 7.0,
        "t_hit_median": 15.0,
        "t_hit_p75": 24.5,
        "mdd_p25": -1.4039,
        "mdd_median": -0.8642,
        "mdd_p75": -0.3058
      },
      "48": {
        "n_total": 260,
        "n_hit": 160,
        "p_hit": 0.615385,
        "t_hit_p25": 8.75,
        "t_hit_median": 19.0,
        "t_hit_p75": 32.25,
        "mdd_p25": -1.3769750000000003,
        "mdd_median": -0.93705,
        "mdd_p75": -0.35855000000000004
      },
      "60": {
        "n_total": 260,
        "n_hit": 183,
        "p_hit": 0.703846,
        "t_hit_p25": 9.5,
        "t_hit_median": 21.0,
        "t_hit_p75": 38.5,
        "mdd_p25": -1.3717000000000001,
        "mdd_median": -0.8755,
        "mdd_p75": -0.3577
      },
      "72": {
        "n_total": 260,
        "n_hit": 197,
        "p_hit": 0.757692,
        "t_hit_p25": 10.0,
        "t_hit_median": 25.0,
        "t_hit_p75": 42.0,
        "mdd_p25": -1.4668,
        "mdd_median": -0.9684,
        "mdd_p75": -0.3728
      },
      "84": {
        "n_total": 260,
        "n_hit": 206,
        "p_hit": 0.792308,
        "t_hit_p25": 10.0,
        "t_hit_median": 27.0,
        "t_hit_p75": 45.0,
        "mdd_p25": -1.57995,
        "mdd_median": -0.98425,
        "mdd_p75": -0.38667500000000005
      },
      "96": {
        "n_total": 260,
        "n_hit": 211,
        "p_hit": 0.811538,
        "t_hit_p25": 10.5,
        "t_hit_median": 28.0,
        "t_hit_p75": 46.0,
        "mdd_p25": -1.6146,
        "mdd_median": -1.0037,
        "mdd_p75": -0.39239999999999997
      }
    },
    "3.0": {
      "12": {
        "n_total": 260,
        "n_hit": 35,
        "p_hit": 0.134615,
        "t_hit_p25": 5.0,
        "t_hit_median": 8.0,
        "t_hit_p75": 10.0,
        "mdd_p25": -1.3489499999999999,
        "mdd_median": -0.4383,
        "mdd_p75": -0.18364999999999998
      },
      "24": {
        "n_total": 260,
        "n_hit": 52,
        "p_hit": 0.2,
        "t_hit_p25": 6.0,
        "t_hit_median": 10.0,
        "t_hit_p75": 16.25,
        "mdd_p25": -1.4018,
        "mdd_median": -0.5026,
        "mdd_p75": -0.204475
      },
      "36": {
        "n_total": 260,
        "n_hit": 80,
        "p_hit": 0.307692,
        "t_hit_p25": 9.0,
        "t_hit_median": 17.5,
        "t_hit_p75": 30.0,
        "mdd_p25": -1.3136999999999999,
        "mdd_median": -0.5775,
        "mdd_p75": -0.23835
      },
      "48": {
        "n_total": 260,
        "n_hit": 104,
        "p_hit": 0.4,
        "t_hit_p25": 10.0,
        "t_hit_median": 24.5,
        "t_hit_p75": 34.25,
        "mdd_p25": -1.2031999999999998,
        "mdd_median": -0.57985,
        "mdd_p75": -0.287875
      },