{
  "schema": "baseline_probs_v1",
  "source_labels": "data/labels/labels_v1.csv",
  "n_rows_labels": 1727,
  "thresholds": [
    0.5,
    1.0,
    2.0,
    3.0,
    5.0
  ],
  "horizons": [
    12,
    24,
    36,
    48,
    60,
    72,
    84,
    96
  ],
  "results": {
    "0.5": {
      "12": {
        "n_total": 1727,
        "n_hit": 1245,
        "p_hit": 0.720903,
        "t_hit_p25": 1.0,
        "t_hit_median": 2.0,
        "t_hit_p75": 4.0,
        "mdd_p25": -0.8307,
        "mdd_median": -0.3073,
        "mdd_p75": -0.0572
      },
      "24": {
        "n_total": 1727,
        "n_hit": 1401,
        "p_hit": 0.811233,
        "t_hit_p25": 1.0,
        "t_hit_median": 2.0,
        "t_hit_p75": 6.0,
        "mdd_p25": -0.9735,
        "mdd_median": -0.373,
        "mdd_p75": -0.0913
      },
      "36": {
        "n_total": 1727,
        "n_hit": 1469,
        "p_hit": 0.850608,
        "t_hit_p25": 1.0,
        "t_hit_median": 3.0,
        "t_hit_p75": 7.0,
        "mdd_p25": -1.0609,
        "mdd_median": -0.4096,
        "mdd_p75": -0.1017
      },
      "48": {
        "n_total": 1727,
        "n_hit": 1491,
        "p_hit": 0.863347,
        "t_hit_p25": 1.0,
        "t_hit_median": 3.0,
        "t_hit_p75": 8.0,
        "mdd_p25": -1.12615,
        "mdd_median": -0.4172,
        "mdd_p75": -0.1042
      },
      "60": {
        "n_total": 1727,
        "n_hit": 1506,
        "p_hit": 0.872032,
        "t_hit_p25": 1.0,
        "t_hit_median": 3.0,
        "t_hit_p75": 8.0,
        "mdd_p25": -1.152825,
        "mdd_median": -0.42505000000000004,
        "mdd_p75": -0.105625
      },
      "72": {
        "n_total": 1727,
        "n_hit": 1535,
        "p_hit": 0.888825,
        "t_hit_p25": 1.0,
        "t_hit_median": 3.0,
        "t_hit_p75": 9.0,
        "mdd_p25": -1.23875,
        "mdd_median": -0.439,
        "mdd_p75": -0.1094
      },
      "84": {
        "n_total": 1727,
        "n_hit": 1562,
        "p_hit": 0.904459,
        "t_hit_p25": 1.0,
        "t_hit_median": 3.0,
        "t_hit_p75": 9.0,
        "mdd_p25": -1.310125,
        "mdd_median": -0.45985,
        "mdd_p75": -0.116425
      },
      "96": {
        "n_total": 1727,
        "n_hit": 1581,
        "p_hit": 0.91546,
        "t_hit_p25": 1.0,
        "t_hit_median": 3.0,
        "t_hit_p75": 10.0,
        "mdd_p25": -1.353,
        "mdd_median": -0.4726,
        "mdd_p75": -0.1177
      }
    },
    "1.0": {
      "12": {
        "n_total": 1727,
        "n_hit": 926,
        "p_hit": 0.53619,
        "t_hit_p25": 2.0,
        "t_hit_median": 4.0,
        "t_hit_p75": 7.0,
        "mdd_p25": -1.0046750000000002,
        "mdd_median": -0.40565,
        "mdd_p75": -0.0923
      },
      "24": {
        "n_total": 1727,
        "n_hit": 1127,
        "p_hit": 0.652577,
        "t_hit_p25": 2.0,
        "t_hit_median": 5.0,
        "t_hit_p75": 10.0,
        "mdd_p25": -1.2015500000000001,
        "mdd_median": -0.4798,
        "mdd_p75": -0.13195
      },
      "36": {
        "n_total": 1727,
        "n_hit": 1251,
        "p_hit": 0.724378,
        "t_hit_p25": 2.0,
        "t_hit_median": 6.0,
        "t_hit_p75": 13.0,
        "mdd_p25": -1.3559999999999999,
        "mdd_median": -0.5342,
        "mdd_p75": -0.1568
      },
      "48": {
        "n_total": 1727,
        "n_hit": 1309,
        "p_hit": 0.757962,
        "t_hit_p25": 2.0,
        "t_hit_median": 6.0,
        "t_hit_p75": 16.0,
        "mdd_p25": -1.3907,
        "mdd_median": -0.5431,
        "mdd_p75": -0.1671
      },
      "60": {
        "n_total": 1727,
        "n_hit": 1364,
        "p_hit": 0.789809,
        "t_hit_p25": 3.0,
        "t_hit_median": 6.0,
        "t_hit_p75": 18.0,
        "mdd_p25": -1.53035,
        "mdd_median": -0.5839000000000001,
        "mdd_p75": -0.17325
      },
      "72": {
        "n_total": 1727,
        "n_hit": 1413,
        "p_hit": 0.818182,
        "t_hit_p25": 3.0,
        "t_hit_median": 7.0,
        "t_hit_p75": 19.0,
        "mdd_p25": -1.652,
        "mdd_median": -0.6162,
        "mdd_p75": -0.1844
      },
      "84": {
        "n_total": 1727,
        "n_hit": 1447,
        "p_hit": 0.837869,
        "t_hit_p25": 3.0,
        "t_hit_median": 7.0,
        "t_hit_p75": 21.0,
        "mdd_p25": -1.7247,
        "mdd_median": -0.6502,
        "mdd_p75": -0.19319999999999998
      },
      "96": {
        "n_total": 1727,
        "n_hit": 1467,
        "p_hit": 0.84945,
        "t_hit_p25": 3.0,
        "t_hit_median": 7.0,
        "t_hit_p75": 22.0,
        "mdd_p25": -1.79485,
        "mdd_median": -0.6716,
        "mdd_p75": -0.20135
      }
    },
    "2.0": {
      "12": {
        "n_total": 1727,
        "n_hit": 482,
        "p_hit": 0.279097,
        "t_hit_p25": 3.0,
        "t_hit_median": 5.0,
        "t_hit_p75": 8.0,
        "mdd_p25": -1.085775,
        "mdd_median": -0.44405,
        "mdd_p75": -0.133475
      },
      "24": {
        "n_total": 1727,
        "n_hit": 730,
        "p_hit": 0.422698,
        "t_hit_p25": 4.0,
        "t_hit_median": 8.0,
        "t_hit_p75": 15.0,
        "mdd_p25": -1.3678499999999998,
        "mdd_median": -0.60135,
        "mdd_p75": -0.186925
      },
      "36": {
        "n_total": 1727,
        "n_hit": 890,
        "p_hit": 0.515345,
        "t_hit_p25": 5.0,
        "t_hit_median": 11.0,
        "t_hit_p75": 21.0,
        "mdd_p25": -1.5493000000000001,
        "mdd_median": -0.67575,
        "mdd_p75": -0.207325
      },
      "48": {
        "n_total": 1727,
        "n_hit": 1003,
        "p_hit": 0.580776,
        "t_hit_p25": 5.0,
        "t_hit_median": 13.0,
        "t_hit_p75": 26.0,
        "mdd_p25": -1.5819999999999999,
        "mdd_median": -0.7064,
        "mdd_p75": -0.24359999999999998
      },
      "60": {
        "n_total": 1727,
        "n_hit": 1092,
        "p_hit": 0.63231,
        "t_hit_p25": 6.0,
        "t_hit_median": 15.0,
        "t_hit_p75": 31.0,
        "mdd_p25": -1.651875,
        "mdd_median": -0.7783500000000001,
        "mdd_p75": -0.270525
      },
      "72": {
        "n_total": 1727,
        "n_hit": 1167,
        "p_hit": 0.675738,
        "t_hit_p25": 6.0,
        "t_hit_median": 17.0,
        "t_hit_p75": 35.0,
        "mdd_p25": -1.80525,
        "mdd_median": -0.9073,
        "mdd_p75": -0.2954
      },
      "84": {
        "n_total": 1727,
        "n_hit": 1210,
        "p_hit": 0.700637,
        "t_hit_p25": 6.0,
        "t_hit_median": 17.5,
        "t_hit_p75": 38.0,
        "mdd_p25": -1.975175,
        "mdd_median": -0.9612499999999999,
        "mdd_p75": -0.30647500000000005
      },
      "96": {
        "n_total": 1727,
        "n_hit": 1247,
        "p_hit": 0.722061,
        "t_hit_p25": 7.0,
        "t_hit_median": 18.0,
        "t_hit_p75": 41.0,
        "mdd_p25": -2.1518,
        "mdd_median": -0.9924,
        "mdd_p75": -0.3185
      }
    },
    "3.0": {
      "12": {
        "n_total": 1727,
        "n_hit": 272,
        "p_hit": 0.157499,
        "t_hit_p25": 3.0,
        "t_hit_median": 5.0,
        "t_hit_p75": 9.0,
        "mdd_p25": -0.990775,
        "mdd_median": -0.4426,
        "mdd_p75": -0.14435
      },
      "24": {
        "n_total": 1727,
        "n_hit": 439,
        "p_hit": 0.254198,
        "t_hit_p25": 5.0,
        "t_hit_median": 9.0,
        "t_hit_p75": 17.0,
        "mdd_p25": -1.2774999999999999,
        "mdd_median": -0.5437,
        "mdd_p75": -0.1696
      },
      "36": {
        "n_total": 1727,
        "n_hit": 592,
        "p_hit": 0.342791,
        "t_hit_p25": 6.0,
        "t_hit_median": 14.0,
        "t_hit_p75": 25.0,
        "mdd_p25": -1.552775,
        "mdd_median": -0.6537,
        "mdd_p75": -0.207375
      },
      "48": {
        "n_total": 1727,
        "n_hit": 709,
        "p_hit": 0.410539,
        "t_hit_p25": 7.0,
        "t_hit_median": 19.0,
        "t_hit_p75": 31.0,
        "mdd_p25": -1.6495,
        "mdd_median": -0.7144,
        "mdd_p75": -0.265
      },