{
  "schema": "baseline_probs_v1",
  "source_labels": "data/labels/labels_v1.csv",
  "n_rows_labels": 2514,
  "thresholds": [
    0.5,
    1.0,
    2.0,
    3.0,
    5.0
  ],
  "horizons": [
    12,
    24,
    36,
    48,
    60,
    72,
    84,
    96
  ],
  "results": {
    "0.5": {
      "12": {
        "n_total": 2514,
        "n_hit": 1807,
        "p_hit": 0.718775,
        "t_hit_p25": 1.0,
        "t_hit_median": 2.0,
        "t_hit_p75": 4.0,
        "mdd_p25": -0.7295,
        "mdd_median": -0.2933,
        "mdd_p75": -0.0514
      },
      "24": {
        "n_total": 2514,
        "n_hit": 2040,
        "p_hit": 0.811456,
        "t_hit_p25": 1.0,
        "t_hit_median": 3.0,
        "t_hit_p75": 6.0,
        "mdd_p25": -0.9101499999999999,
        "mdd_median": -0.3558,
        "mdd_p75": -0.08097499999999999
      },
      "36": {
        "n_total": 2514,
        "n_hit": 2154,
        "p_hit": 0.856802,
        "t_hit_p25": 1.0,
        "t_hit_median": 3.0,
        "t_hit_p75": 8.0,
        "mdd_p25": -0.993625,
        "mdd_median": -0.39875,
        "mdd_p75": -0.096775
      },
      "48": {
        "n_total": 2514,
        "n_hit": 2199,
        "p_hit": 0.874702,
        "t_hit_p25": 1.0,
        "t_hit_median": 3.0,
        "t_hit_p75": 8.0,
        "mdd_p25": -1.0678,
        "mdd_median": -0.4154,
        "mdd_p75": -0.10205
      },
      "60": {
        "n_total": 2514,
        "n_hit": 2222,
        "p_hit": 0.88385,
        "t_hit_p25": 1.0,
        "t_hit_median": 3.0,
        "t_hit_p75": 9.0,
        "mdd_p25": -1.1285500000000002,
        "mdd_median": -0.42145,
        "mdd_p75": -0.10412500000000001
      },
      "72": {
        "n_total": 2514,
        "n_hit": 2261,
        "p_hit": 0.899364,
        "t_hit_p25": 1.0,
        "t_hit_median": 3.0,
        "t_hit_p75": 10.0,
        "mdd_p25": -1.1846,
        "mdd_median": -0.4383,
        "mdd_p75": -0.1076
      },
      "84": {
        "n_total": 2514,
        "n_hit": 2302,
        "p_hit": 0.915672,
        "t_hit_p25": 1.0,
        "t_hit_median": 3.0,
        "t_hit_p75": 10.0,
        "mdd_p25": -1.27435,
        "mdd_median": -0.45105,
        "mdd_p75": -0.11189999999999999
      },
      "96": {
        "n_total": 2514,
        "n_hit": 2326,
        "p_hit": 0.925219,
        "t_hit_p25": 1.0,
        "t_hit_median": 3.0,
        "t_hit_p75": 10.0,
        "mdd_p25": -1.3311,
        "mdd_median": -0.46875,
        "mdd_p75": -0.116425
      }
    },
    "1.0": {
      "12": {
        "n_total": 2514,
        "n_hit": 1337,
        "p_hit": 0.531822,
        "t_hit_p25": 2.0,
        "t_hit_median": 4.0,
        "t_hit_p75": 7.0,
        "mdd_p25": -0.9724,
        "mdd_median": -0.3691,
        "mdd_p75": -0.079
      },
      "24": {
        "n_total": 2514,
        "n_hit": 1647,
        "p_hit": 0.655131,
        "t_hit_p25": 2.0,
        "t_hit_median": 5.0,
        "t_hit_p75": 10.0,
        "mdd_p25": -1.1244,
        "mdd_median": -0.4697,
        "mdd_p75": -0.1277
      },
      "36": {
        "n_total": 2514,
        "n_hit": 1850,
        "p_hit": 0.735879,
        "t_hit_p25": 3.0,
        "t_hit_median": 6.0,
        "t_hit_p75": 14.0,
        "mdd_p25": -1.33335,
        "mdd_median": -0.53435,
        "mdd_p75": -0.15842499999999998
      },
      "48": {
        "n_total": 2514,
        "n_hit": 1950,
        "p_hit": 0.775656,
        "t_hit_p25": 3.0,
        "t_hit_median": 7.0,
        "t_hit_p75": 17.0,
        "mdd_p25": -1.394225,
        "mdd_median": -0.5540499999999999,
        "mdd_p75": -0.171
      },
      "60": {
        "n_total": 2514,
        "n_hit": 2026,
        "p_hit": 0.805887,
        "t_hit_p25": 3.0,
        "t_hit_median": 7.0,
        "t_hit_p75": 18.0,
        "mdd_p25": -1.5254,
        "mdd_median": -0.5979,
        "mdd_p75": -0.1805
      },
      "72": {
        "n_total": 2514,
        "n_hit": 2091,
        "p_hit": 0.831742,
        "t_hit_p25": 3.0,
        "t_hit_median": 7.0,
        "t_hit_p75": 21.0,
        "mdd_p25": -1.63055,
        "mdd_median": -0.6223,
        "mdd_p75": -0.19195
      },
      "84": {
        "n_total": 2514,
        "n_hit": 2146,
        "p_hit": 0.85362,
        "t_hit_p25": 3.0,
        "t_hit_median": 8.0,
        "t_hit_p75": 23.0,
        "mdd_p25": -1.72315,
        "mdd_median": -0.66785,
        "mdd_p75": -0.20417500000000002
      },
      "96": {
        "n_total": 2514,
        "n_hit": 2180,
        "p_hit": 0.867144,
        "t_hit_p25": 3.0,
        "t_hit_median": 8.0,
        "t_hit_p75": 24.0,
        "mdd_p25": -1.8073,
        "mdd_median": -0.6870499999999999,
        "mdd_p75": -0.21355000000000002
      }
    },
    "2.0": {
      "12": {
        "n_total": 2514,
        "n_hit": 656,
        "p_hit": 0.260939,
        "t_hit_p25": 3.0,
        "t_hit_median": 5.0,
        "t_hit_p75": 8.25,
        "mdd_p25": -0.990225,
        "mdd_median": -0.4137,
        "mdd_p75": -0.103775
      },
      "24": {
        "n_total": 2514,
        "n_hit": 1053,
        "p_hit": 0.418854,
        "t_hit_p25": 4.0,
        "t_hit_median": 9.0,
        "t_hit_p75": 16.0,
        "mdd_p25": -1.3171,
        "mdd_median": -0.5763,
        "mdd_p75": -0.176
      },
      "36": {
        "n_total": 2514,
        "n_hit": 1326,
        "p_hit": 0.527446,
        "t_hit_p25": 5.0,
        "t_hit_median": 13.0,
        "t_hit_p75": 22.75,
        "mdd_p25": -1.5363499999999999,
        "mdd_median": -0.6801999999999999,
        "mdd_p75": -0.21910000000000002
      },
      "48": {
        "n_total": 2514,
        "n_hit": 1504,
        "p_hit": 0.59825,
        "t_hit_p25": 6.0,
        "t_hit_median": 15.0,
        "t_hit_p75": 27.25,
        "mdd_p25": -1.5973000000000002,
        "mdd_median": -0.7621,
        "mdd_p75": -0.26097499999999996
      },
      "60": {
        "n_total": 2514,
        "n_hit": 1626,
        "p_hit": 0.646778,
        "t_hit_p25": 7.0,
        "t_hit_median": 16.0,
        "t_hit_p75": 32.0,
        "mdd_p25": -1.66245,
        "mdd_median": -0.8303499999999999,
        "mdd_p75": -0.2784
      },
      "72": {
        "n_total": 2514,
        "n_hit": 1736,
        "p_hit": 0.690533,
        "t_hit_p25": 7.0,
        "t_hit_median": 18.0,
        "t_hit_p75": 35.0,
        "mdd_p25": -1.831,
        "mdd_median": -0.92625,
        "mdd_p75": -0.305875
      },
      "84": {
        "n_total": 2514,
        "n_hit": 1816,
        "p_hit": 0.722355,
        "t_hit_p25": 7.0,
        "t_hit_median": 19.5,
        "t_hit_p75": 39.0,
        "mdd_p25": -2.0074750000000003,
        "mdd_median": -0.98215,
        "mdd_p75": -0.32865000000000005
      },
      "96": {
        "n_total": 2514,
        "n_hit": 1887,
        "p_hit": 0.750597,
        "t_hit_p25": 8.0,
        "t_hit_median": 21.0,
        "t_hit_p75": 42.0,
        "mdd_p25": -2.1731499999999997,
        "mdd_median": -1.039,
        "mdd_p75": -0.3457
      }
    },
    "3.0": {
      "12": {
        "n_total": 2514,
        "n_hit": 365,
        "p_hit": 0.145187,
        "t_hit_p25": 3.0,
        "t_hit_median": 6.0,
        "t_hit_p75": 9.0,
        "mdd_p25": -0.9599,
        "mdd_median": -0.3885,
        "mdd_p75": -0.1092
      },
      "24": {
        "n_total": 2514,
        "n_hit": 632,
        "p_hit": 0.251392,
        "t_hit_p25": 5.0,
        "t_hit_median": 10.0,
        "t_hit_p75": 17.0,
        "mdd_p25": -1.322525,
        "mdd_median": -0.55295,
        "mdd_p75": -0.165325
      },
      "36": {
        "n_total": 2514,
        "n_hit": 893,
        "p_hit": 0.355211,
        "t_hit_p25": 7.0,
        "t_hit_median": 16.0,
        "t_hit_p75": 26.0,
        "mdd_p25": -1.5882,
        "mdd_median": -0.6769,
        "mdd_p75": -0.2148
      },
      "48": {
        "n_total": 2514,
        "n_hit": 1097,
        "p_hit": 0.436356,
        "t_hit_p25": 9.0,
        "t_hit_median": 21.0,
        "t_hit_p75": 33.0,
        "mdd_p25": -1.7133,