{
  "schema": "baseline_probs_v1",
  "source_labels": "data/labels/labels_v1.csv",
  "n_rows_labels": 2874,
  "thresholds": [
    0.5,
    1.0,
    2.0,
    3.0,
    5.0
  ],
  "horizons": [
    12,
    24,
    36,
    48,
    60,
    72,
    84,
    96
  ],
  "results": {
    "0.5": {
      "12": {
        "n_total": 2874,
        "n_hit": 2019,
        "p_hit": 0.702505,
        "t_hit_p25": 1.0,
        "t_hit_median": 2.0,
        "t_hit_p75": 4.0,
        "mdd_p25": -0.72855,
        "mdd_median": -0.293,
        "mdd_p75": -0.049049999999999996
      },
      "24": {
        "n_total": 2874,
        "n_hit": 2295,
        "p_hit": 0.798539,
        "t_hit_p25": 1.0,
        "t_hit_median": 3.0,
        "t_hit_p75": 7.0,
        "mdd_p25": -0.9174500000000001,
        "mdd_median": -0.3625,
        "mdd_p75": -0.07894999999999999
      },
      "36": {
        "n_total": 2874,
        "n_hit": 2433,
        "p_hit": 0.846555,
        "t_hit_p25": 1.0,
        "t_hit_median": 3.0,
        "t_hit_p75": 8.0,
        "mdd_p25": -1.0146,
        "mdd_median": -0.4097,
        "mdd_p75": -0.0955
      },
      "48": {
        "n_total": 2874,
        "n_hit": 2486,
        "p_hit": 0.864997,
        "t_hit_p25": 1.0,
        "t_hit_median": 3.0,
        "t_hit_p75": 9.0,
        "mdd_p25": -1.1195,
        "mdd_median": -0.42310000000000003,
        "mdd_p75": -0.102025
      },
      "60": {
        "n_total": 2874,
        "n_hit": 2510,
        "p_hit": 0.873347,
        "t_hit_p25": 1.0,
        "t_hit_median": 3.0,
        "t_hit_p75": 9.0,
        "mdd_p25": -1.149175,
        "mdd_median": -0.43005000000000004,
        "mdd_p75": -0.10364999999999999
      },
      "72": {
        "n_total": 2874,
        "n_hit": 2549,
        "p_hit": 0.886917,
        "t_hit_p25": 1.0,
        "t_hit_median": 3.0,
        "t_hit_p75": 10.0,
        "mdd_p25": -1.2049,
        "mdd_median": -0.4433,
        "mdd_p75": -0.1063
      },
      "84": {
        "n_total": 2874,
        "n_hit": 2592,
        "p_hit": 0.901879,
        "t_hit_p25": 1.0,
        "t_hit_median": 3.0,
        "t_hit_p75": 10.0,
        "mdd_p25": -1.2755,
        "mdd_median": -0.46130000000000004,
        "mdd_p75": -0.11059999999999999
      },
      "96": {
        "n_total": 2874,
        "n_hit": 2621,
        "p_hit": 0.911969,
        "t_hit_p25": 1.0,
        "t_hit_median": 3.0,
        "t_hit_p75": 11.0,
        "mdd_p25": -1.3343,
        "mdd_median": -0.4736,
        "mdd_p75": -0.115
      }
    },
    "1.0": {
      "12": {
        "n_total": 2874,
        "n_hit": 1464,
        "p_hit": 0.509395,
        "t_hit_p25": 2.0,
        "t_hit_median": 4.0,
        "t_hit_p75": 7.0,
        "mdd_p25": -0.951625,
        "mdd_median": -0.36795,
        "mdd_p75": -0.07875
      },
      "24": {
        "n_total": 2874,
        "n_hit": 1837,
        "p_hit": 0.639179,
        "t_hit_p25": 2.0,
        "t_hit_median": 5.0,
        "t_hit_p75": 11.0,
        "mdd_p25": -1.1102,
        "mdd_median": -0.4726,
        "mdd_p75": -0.1272
      },
      "36": {
        "n_total": 2874,
        "n_hit": 2064,
        "p_hit": 0.718163,
        "t_hit_p25": 3.0,
        "t_hit_median": 6.0,
        "t_hit_p75": 15.0,
        "mdd_p25": -1.325,
        "mdd_median": -0.5367999999999999,
        "mdd_p75": -0.15815
      },
      "48": {
        "n_total": 2874,
        "n_hit": 2170,
        "p_hit": 0.755045,
        "t_hit_p25": 3.0,
        "t_hit_median": 7.0,
        "t_hit_p75": 17.0,
        "mdd_p25": -1.3826500000000002,
        "mdd_median": -0.55385,
        "mdd_p75": -0.171
      },
      "60": {
        "n_total": 2874,
        "n_hit": 2249,
        "p_hit": 0.782533,
        "t_hit_p25": 3.0,
        "t_hit_median": 7.0,
        "t_hit_p75": 19.0,
        "mdd_p25": -1.4842,
        "mdd_median": -0.5954,
        "mdd_p75": -0.1804
      },
      "72": {
        "n_total": 2874,
        "n_hit": 2314,
        "p_hit": 0.80515,
        "t_hit_p25": 3.0,
        "t_hit_median": 8.0,
        "t_hit_p75": 20.0,
        "mdd_p25": -1.58445,
        "mdd_median": -0.6189,
        "mdd_p75": -0.19182500000000002
      },
      "84": {
        "n_total": 2874,
        "n_hit": 2372,
        "p_hit": 0.825331,
        "t_hit_p25": 3.0,
        "t_hit_median": 8.0,
        "t_hit_p75": 22.0,
        "mdd_p25": -1.6856250000000002,
        "mdd_median": -0.655,
        "mdd_p75": -0.20370000000000002
      },
      "96": {
        "n_total": 2874,
        "n_hit": 2409,
        "p_hit": 0.838205,
        "t_hit_p25": 3.0,
        "t_hit_median": 8.0,
        "t_hit_p75": 23.0,
        "mdd_p25": -1.756,
        "mdd_median": -0.6798,
        "mdd_p75": -0.2097
      }
    },
    "2.0": {
      "12": {
        "n_total": 2874,
        "n_hit": 704,
        "p_hit": 0.244955,
        "t_hit_p25": 3.0,
        "t_hit_median": 5.0,
        "t_hit_p75": 9.0,
        "mdd_p25": -0.9730749999999999,
        "mdd_median": -0.41475,
        "mdd_p75": -0.102325
      },
      "24": {
        "n_total": 2874,
        "n_hit": 1138,
        "p_hit": 0.395964,
        "t_hit_p25": 4.0,
        "t_hit_median": 9.0,
        "t_hit_p75": 16.0,
        "mdd_p25": -1.27315,
        "mdd_median": -0.5789,
        "mdd_p75": -0.17524999999999996
      },
      "36": {
        "n_total": 2874,
        "n_hit": 1439,
        "p_hit": 0.500696,
        "t_hit_p25": 5.0,
        "t_hit_median": 13.0,
        "t_hit_p75": 23.0,
        "mdd_p25": -1.46705,
        "mdd_median": -0.6772,
        "mdd_p75": -0.21985
      },
      "48": {
        "n_total": 2874,
        "n_hit": 1629,
        "p_hit": 0.566806,
        "t_hit_p25": 6.0,
        "t_hit_median": 15.0,
        "t_hit_p75": 27.0,
        "mdd_p25": -1.5587,
        "mdd_median": -0.7315,
        "mdd_p75": -0.2637
      },
      "60": {
        "n_total": 2874,
        "n_hit": 1756,
        "p_hit": 0.610995,
        "t_hit_p25": 7.0,
        "t_hit_median": 16.5,
        "t_hit_p75": 31.0,
        "mdd_p25": -1.61725,
        "mdd_median": -0.8010999999999999,
        "mdd_p75": -0.28295000000000003
      },
      "72": {
        "n_total": 2874,
        "n_hit": 1869,
        "p_hit": 0.650313,
        "t_hit_p25": 7.0,
        "t_hit_median": 18.0,
        "t_hit_p75": 35.0,
        "mdd_p25": -1.7749,
        "mdd_median": -0.8861,
        "mdd_p75": -0.3105
      },
      "84": {
        "n_total": 2874,
        "n_hit": 1950,
        "p_hit": 0.678497,
        "t_hit_p25": 8.0,
        "t_hit_median": 19.0,
        "t_hit_p75": 38.0,
        "mdd_p25": -1.91825,
        "mdd_median": -0.9464,
        "mdd_p75": -0.32815
      },
      "96": {
        "n_total": 2874,
        "n_hit": 2025,
        "p_hit": 0.704593,
        "t_hit_p25": 8.0,
        "t_hit_median": 21.0,
        "t_hit_p75": 41.0,
        "mdd_p25": -2.1001,
        "mdd_median": -0.9901,
        "mdd_p75": -0.3456
      }
    },
    "3.0": {
      "12": {
        "n_total": 2874,
        "n_hit": 384,
        "p_hit": 0.133612,
        "t_hit_p25": 3.0,
        "t_hit_median": 6.0,
        "t_hit_p75": 9.0,
        "mdd_p25": -0.932175,
        "mdd_median": -0.3776,
        "mdd_p75": -0.1031
      },
      "24": {
        "n_total": 2874,
        "n_hit": 665,
        "p_hit": 0.231385,
        "t_hit_p25": 5.0,
        "t_hit_median": 10.0,
        "t_hit_p75": 17.0,
        "mdd_p25": -1.3323,
        "mdd_median": -0.5509,
        "mdd_p75": -0.1588
      },
      "36": {
        "n_total": 2874,
        "n_hit": 932,
        "p_hit": 0.324287,
        "t_hit_p25": 7.0,
        "t_hit_median": 16.0,
        "t_hit_p75": 26.0,
        "mdd_p25": -1.6055249999999999,
        "mdd_median": -0.67575,
        "mdd_p75": -0.2072
      },
      "48": {
        "n_total": 2874,
        "n_hit": 1148,
        "p_hit": 0.399443,
        "t_hit_p25": 9.0,
        "t_hit_median": 21.0,
        "t_hit_p75": 33.0,
        "mdd_p25": -1.7120250000000001,