{
  "schema": "baseline_probs_v1",
  "source_labels": "data/labels/labels_v1.csv",
  "n_rows_labels": 2953,
  "thresholds": [
    0.5,
    1.0,
    2.0,
    3.0,
    5.0
  ],
  "horizons": [
    12,
    24,
    36,
    48,
    60,
    72,
    84,
    96
  ],
  "results": {
    "0.5": {
      "12": {
        "n_total": 2953,
        "n_hit": 2085,
        "p_hit": 0.706062,
        "t_hit_p25": 1.0,
        "t_hit_median": 2.0,
        "t_hit_p75": 4.0,
        "mdd_p25": -0.7309,
        "mdd_median": -0.2907,
        "mdd_p75": -0.0492
      },
      "24": {
        "n_total": 2953,
        "n_hit": 2367,
        "p_hit": 0.801558,
        "t_hit_p25": 1.0,
        "t_hit_median": 3.0,
        "t_hit_p75": 7.0,
        "mdd_p25": -0.92005,
        "mdd_median": -0.3594,
        "mdd_p75": -0.07844999999999999
      },
      "36": {
        "n_total": 2953,
        "n_hit": 2506,
        "p_hit": 0.848629,
        "t_hit_p25": 1.0,
        "t_hit_median": 3.0,
        "t_hit_p75": 8.0,
        "mdd_p25": -1.013375,
        "mdd_median": -0.4096,
        "mdd_p75": -0.0927
      },
      "48": {
        "n_total": 2953,
        "n_hit": 2559,
        "p_hit": 0.866576,
        "t_hit_p25": 1.0,
        "t_hit_median": 3.0,
        "t_hit_p75": 9.0,
        "mdd_p25": -1.10895,
        "mdd_median": -0.4218,
        "mdd_p75": -0.09914999999999999
      },
      "60": {
        "n_total": 2953,
        "n_hit": 2586,
        "p_hit": 0.87572,
        "t_hit_p25": 1.0,
        "t_hit_median": 3.0,
        "t_hit_p75": 9.0,
        "mdd_p25": -1.149175,
        "mdd_median": -0.4294,
        "mdd_p75": -0.10225000000000001
      },
      "72": {
        "n_total": 2953,
        "n_hit": 2625,
        "p_hit": 0.888927,
        "t_hit_p25": 1.0,
        "t_hit_median": 3.0,
        "t_hit_p75": 10.0,
        "mdd_p25": -1.2048,
        "mdd_median": -0.4404,
        "mdd_p75": -0.1047
      },
      "84": {
        "n_total": 2953,
        "n_hit": 2668,
        "p_hit": 0.903488,
        "t_hit_p25": 1.0,
        "t_hit_median": 3.0,
        "t_hit_p75": 10.0,
        "mdd_p25": -1.27385,
        "mdd_median": -0.45735,
        "mdd_p75": -0.1087
      },
      "96": {
        "n_total": 2953,
        "n_hit": 2697,
        "p_hit": 0.913308,
        "t_hit_p25": 1.0,
        "t_hit_median": 3.0,
        "t_hit_p75": 11.0,
        "mdd_p25": -1.3337,
        "mdd_median": -0.4717,
        "mdd_p75": -0.1115
      }
    },
    "1.0": {
      "12": {
        "n_total": 2953,
        "n_hit": 1512,
        "p_hit": 0.512022,
        "t_hit_p25": 2.0,
        "t_hit_median": 4.0,
        "t_hit_p75": 7.0,
        "mdd_p25": -0.93535,
        "mdd_median": -0.3674,
        "mdd_p75": -0.078475
      },
      "24": {
        "n_total": 2953,
        "n_hit": 1897,
        "p_hit": 0.642398,
        "t_hit_p25": 2.0,
        "t_hit_median": 5.0,
        "t_hit_p75": 11.0,
        "mdd_p25": -1.1103,
        "mdd_median": -0.4717,
        "mdd_p75": -0.127
      },
      "36": {
        "n_total": 2953,
        "n_hit": 2130,
        "p_hit": 0.7213,
        "t_hit_p25": 3.0,
        "t_hit_median": 6.0,
        "t_hit_p75": 15.0,
        "mdd_p25": -1.330725,
        "mdd_median": -0.5372,
        "mdd_p75": -0.156725
      },
      "48": {
        "n_total": 2953,
        "n_hit": 2236,
        "p_hit": 0.757196,
        "t_hit_p25": 3.0,
        "t_hit_median": 7.0,
        "t_hit_p75": 17.0,
        "mdd_p25": -1.383625,
        "mdd_median": -0.5534,
        "mdd_p75": -0.17055
      },
      "60": {
        "n_total": 2953,
        "n_hit": 2315,
        "p_hit": 0.783949,
        "t_hit_p25": 3.0,
        "t_hit_median": 7.0,
        "t_hit_p75": 18.0,
        "mdd_p25": -1.47925,
        "mdd_median": -0.5938,
        "mdd_p75": -0.1775
      },
      "72": {
        "n_total": 2953,
        "n_hit": 2381,
        "p_hit": 0.806299,
        "t_hit_p25": 3.0,
        "t_hit_median": 8.0,
        "t_hit_p75": 20.0,
        "mdd_p25": -1.5784,
        "mdd_median": -0.6178,
        "mdd_p75": -0.1885
      },
      "84": {
        "n_total": 2953,
        "n_hit": 2441,
        "p_hit": 0.826617,
        "t_hit_p25": 3.0,
        "t_hit_median": 8.0,
        "t_hit_p75": 22.0,
        "mdd_p25": -1.6817,
        "mdd_median": -0.6522,
        "mdd_p75": -0.1995
      },
      "96": {
        "n_total": 2953,
        "n_hit": 2479,
        "p_hit": 0.839485,
        "t_hit_p25": 3.0,
        "t_hit_median": 8.0,
        "t_hit_p75": 23.0,
        "mdd_p25": -1.7497,
        "mdd_median": -0.6772,
        "mdd_p75": -0.2057
      }
    },
    "2.0": {
      "12": {
        "n_total": 2953,
        "n_hit": 724,
        "p_hit": 0.245174,
        "t_hit_p25": 3.0,
        "t_hit_median": 5.0,
        "t_hit_p75": 9.0,
        "mdd_p25": -0.972325,
        "mdd_median": -0.41000000000000003,
        "mdd_p75": -0.09182499999999999
      },
      "24": {
        "n_total": 2953,
        "n_hit": 1172,
        "p_hit": 0.396885,
        "t_hit_p25": 4.0,
        "t_hit_median": 9.0,
        "t_hit_p75": 16.0,
        "mdd_p25": -1.2715750000000001,
        "mdd_median": -0.5724,
        "mdd_p75": -0.17325
      },
      "36": {
        "n_total": 2953,
        "n_hit": 1480,
        "p_hit": 0.501185,
        "t_hit_p25": 5.0,
        "t_hit_median": 13.0,
        "t_hit_p75": 23.0,
        "mdd_p25": -1.4587249999999998,
        "mdd_median": -0.6770499999999999,
        "mdd_p75": -0.21437499999999998
      },
      "48": {
        "n_total": 2953,
        "n_hit": 1682,
        "p_hit": 0.56959,
        "t_hit_p25": 6.0,
        "t_hit_median": 15.0,
        "t_hit_p75": 28.0,
        "mdd_p25": -1.5549250000000001,
        "mdd_median": -0.74515,
        "mdd_p75": -0.26032500000000003
      },
      "60": {
        "n_total": 2953,
        "n_hit": 1814,
        "p_hit": 0.614291,
        "t_hit_p25": 7.0,
        "t_hit_median": 17.0,
        "t_hit_p75": 32.0,
        "mdd_p25": -1.61145,
        "mdd_median": -0.8045500000000001,
        "mdd_p75": -0.281
      },
      "72": {
        "n_total": 2953,
        "n_hit": 1930,
        "p_hit": 0.653573,
        "t_hit_p25": 7.0,
        "t_hit_median": 18.0,
        "t_hit_p75": 35.0,
        "mdd_p25": -1.7540499999999999,
        "mdd_median": -0.8887499999999999,
        "mdd_p75": -0.30915
      },
      "84": {
        "n_total": 2953,
        "n_hit": 2012,
        "p_hit": 0.681341,
        "t_hit_p25": 8.0,
        "t_hit_median": 19.0,
        "t_hit_p75": 38.0,
        "mdd_p25": -1.906275,
        "mdd_median": -0.9482,
        "mdd_p75": -0.32775
      },
      "96": {
        "n_total": 2953,
        "n_hit": 2088,
        "p_hit": 0.707078,
        "t_hit_p25": 8.0,
        "t_hit_median": 21.0,
        "t_hit_p75": 41.0,
        "mdd_p25": -2.05315,
        "mdd_median": -0.9903500000000001,
        "mdd_p75": -0.3454
      }
    },
    "3.0": {
      "12": {
        "n_total": 2953,
        "n_hit": 392,
        "p_hit": 0.132746,
        "t_hit_p25": 3.0,
        "t_hit_median": 6.0,
        "t_hit_p75": 9.0,
        "mdd_p25": -0.925775,
        "mdd_median": -0.36624999999999996,
        "mdd_p75": -0.1031
      },
      "24": {
        "n_total": 2953,
        "n_hit": 680,
        "p_hit": 0.230274,
        "t_hit_p25": 5.0,
        "t_hit_median": 10.0,
        "t_hit_p75": 17.0,
        "mdd_p25": -1.334125,
        "mdd_median": -0.5512999999999999,
        "mdd_p75": -0.158075
      },
      "36": {
        "n_total": 2953,
        "n_hit": 957,
        "p_hit": 0.324077,
        "t_hit_p25": 7.0,
        "t_hit_median": 16.0,
        "t_hit_p75": 26.0,
        "mdd_p25": -1.5856,
        "mdd_median": -0.6769,
        "mdd_p75": -0.2069
      },
      "48": {
        "n_total": 2953,
        "n_hit": 1180,
        "p_hit": 0.399594,
        "t_hit_p25": 9.0,
        "t_hit_median": 21.0,
        "t_hit_p75": 33.0,
        "mdd_p25": -1.693175,