{
  "schema": "baseline_probs_v1",
  "source_labels": "data/labels/labels_v1.csv",
  "n_rows_labels": 2879,
  "thresholds": [
    0.5,
    1.0,
    2.0,
    3.0,
    5.0
  ],
  "horizons": [
    12,
    24,
    36,
    48,
    60,
    72,
    84,
    96
  ],
  "results": {
    "0.5": {
      "12": {
        "n_total": 2879,
        "n_hit": 2022,
        "p_hit": 0.702327,
        "t_hit_p25": 1.0,
        "t_hit_median": 2.0,
        "t_hit_p75": 4.0,
        "mdd_p25": -0.7284250000000001,
        "mdd_median": -0.29125,
        "mdd_p75": -0.04875
      },
      "24": {
        "n_total": 2879,
        "n_hit": 2299,
        "p_hit": 0.798541,
        "t_hit_p25": 1.0,
        "t_hit_median": 3.0,
        "t_hit_p75": 7.0,
        "mdd_p25": -0.9174500000000001,
        "mdd_median": -0.3596,
        "mdd_p75": -0.07885
      },
      "36": {
        "n_total": 2879,
        "n_hit": 2437,
        "p_hit": 0.846474,
        "t_hit_p25": 1.0,
        "t_hit_median": 3.0,
        "t_hit_p75": 8.0,
        "mdd_p25": -1.0146,
        "mdd_median": -0.4096,
        "mdd_p75": -0.0953
      },
      "48": {
        "n_total": 2879,
        "n_hit": 2490,
        "p_hit": 0.864884,
        "t_hit_p25": 1.0,
        "t_hit_median": 3.0,
        "t_hit_p75": 9.0,
        "mdd_p25": -1.1195,
        "mdd_median": -0.42275,
        "mdd_p75": -0.10177499999999999
      },
      "60": {
        "n_total": 2879,
        "n_hit": 2515,
        "p_hit": 0.873567,
        "t_hit_p25": 1.0,
        "t_hit_median": 3.0,
        "t_hit_p75": 9.0,
        "mdd_p25": -1.1495,
        "mdd_median": -0.4298,
        "mdd_p75": -0.10335
      },
      "72": {
        "n_total": 2879,
        "n_hit": 2554,
        "p_hit": 0.887114,
        "t_hit_p25": 1.0,
        "t_hit_median": 3.0,
        "t_hit_p75": 10.0,
        "mdd_p25": -1.2052,
        "mdd_median": -0.443,
        "mdd_p75": -0.10585
      },
      "84": {
        "n_total": 2879,
        "n_hit": 2597,
        "p_hit": 0.902049,
        "t_hit_p25": 1.0,
        "t_hit_median": 3.0,
        "t_hit_p75": 10.0,
        "mdd_p25": -1.2782,
        "mdd_median": -0.4611,
        "mdd_p75": -0.11
      },
      "96": {
        "n_total": 2879,
        "n_hit": 2626,
        "p_hit": 0.912122,
        "t_hit_p25": 1.0,
        "t_hit_median": 3.0,
        "t_hit_p75": 11.0,
        "mdd_p25": -1.336325,
        "mdd_median": -0.4732,
        "mdd_p75": -0.114925
      }
    },
    "1.0": {
      "12": {
        "n_total": 2879,
        "n_hit": 1465,
        "p_hit": 0.508857,
        "t_hit_p25": 2.0,
        "t_hit_median": 4.0,
        "t_hit_p75": 7.0,
        "mdd_p25": -0.9512,
        "mdd_median": -0.3675,
        "mdd_p75": -0.0786
      },
      "24": {
        "n_total": 2879,
        "n_hit": 1841,
        "p_hit": 0.639458,
        "t_hit_p25": 2.0,
        "t_hit_median": 5.0,
        "t_hit_p75": 11.0,
        "mdd_p25": -1.1202,
        "mdd_median": -0.4738,
        "mdd_p75": -0.1272
      },
      "36": {
        "n_total": 2879,
        "n_hit": 2068,
        "p_hit": 0.718305,
        "t_hit_p25": 3.0,
        "t_hit_median": 6.0,
        "t_hit_p75": 15.0,
        "mdd_p25": -1.330575,
        "mdd_median": -0.5372,
        "mdd_p75": -0.15815
      },
      "48": {
        "n_total": 2879,
        "n_hit": 2174,
        "p_hit": 0.755123,
        "t_hit_p25": 3.0,
        "t_hit_median": 7.0,
        "t_hit_p75": 17.0,
        "mdd_p25": -1.3867,
        "mdd_median": -0.5544,
        "mdd_p75": -0.171
      },
      "60": {
        "n_total": 2879,
        "n_hit": 2253,
        "p_hit": 0.782563,
        "t_hit_p25": 3.0,
        "t_hit_median": 7.0,
        "t_hit_p75": 19.0,
        "mdd_p25": -1.4866,
        "mdd_median": -0.5955,
        "mdd_p75": -0.1804
      },
      "72": {
        "n_total": 2879,
        "n_hit": 2318,
        "p_hit": 0.805141,
        "t_hit_p25": 3.0,
        "t_hit_median": 8.0,
        "t_hit_p75": 20.0,
        "mdd_p25": -1.588075,
        "mdd_median": -0.6193500000000001,
        "mdd_p75": -0.19182500000000002
      },
      "84": {
        "n_total": 2879,
        "n_hit": 2376,
        "p_hit": 0.825287,
        "t_hit_p25": 3.0,
        "t_hit_median": 8.0,
        "t_hit_p75": 22.0,
        "mdd_p25": -1.68675,
        "mdd_median": -0.6574,
        "mdd_p75": -0.20370000000000002
      },
      "96": {
        "n_total": 2879,
        "n_hit": 2413,
        "p_hit": 0.838138,
        "t_hit_p25": 3.0,
        "t_hit_median": 8.0,
        "t_hit_p75": 23.0,
        "mdd_p25": -1.7567,
        "mdd_median": -0.6799,
        "mdd_p75": -0.2097
      }
    },
    "2.0": {
      "12": {
        "n_total": 2879,
        "n_hit": 705,
        "p_hit": 0.244877,
        "t_hit_p25": 3.0,
        "t_hit_median": 5.0,
        "t_hit_p75": 9.0,
        "mdd_p25": -0.9727,
        "mdd_median": -0.4142,
        "mdd_p75": -0.1009
      },
      "24": {
        "n_total": 2879,
        "n_hit": 1140,
        "p_hit": 0.395971,
        "t_hit_p25": 4.0,
        "t_hit_median": 9.0,
        "t_hit_p75": 16.0,
        "mdd_p25": -1.27475,
        "mdd_median": -0.5789,
        "mdd_p75": -0.174975
      },
      "36": {
        "n_total": 2879,
        "n_hit": 1441,
        "p_hit": 0.500521,
        "t_hit_p25": 5.0,
        "t_hit_median": 13.0,
        "t_hit_p75": 23.0,
        "mdd_p25": -1.4673,
        "mdd_median": -0.6772,
        "mdd_p75": -0.2197
      },
      "48": {
        "n_total": 2879,
        "n_hit": 1633,
        "p_hit": 0.567211,
        "t_hit_p25": 6.0,
        "t_hit_median": 15.0,
        "t_hit_p75": 27.0,
        "mdd_p25": -1.5636,
        "mdd_median": -0.7369,
        "mdd_p75": -0.2637
      },
      "60": {
        "n_total": 2879,
        "n_hit": 1760,
        "p_hit": 0.611323,
        "t_hit_p25": 7.0,
        "t_hit_median": 16.5,
        "t_hit_p75": 31.0,
        "mdd_p25": -1.6183750000000001,
        "mdd_median": -0.802,
        "mdd_p75": -0.28295000000000003
      },
      "72": {
        "n_total": 2879,
        "n_hit": 1873,
        "p_hit": 0.650573,
        "t_hit_p25": 7.0,
        "t_hit_median": 18.0,
        "t_hit_p75": 35.0,
        "mdd_p25": -1.7758,
        "mdd_median": -0.8878,
        "mdd_p75": -0.3105
      },
      "84": {
        "n_total": 2879,
        "n_hit": 1954,
        "p_hit": 0.678708,
        "t_hit_p25": 8.0,
        "t_hit_median": 19.0,
        "t_hit_p75": 38.0,
        "mdd_p25": -1.9356,
        "mdd_median": -0.9482,
        "mdd_p75": -0.32815
      },
      "96": {
        "n_total": 2879,
        "n_hit": 2029,
        "p_hit": 0.704759,
        "t_hit_p25": 8.0,
        "t_hit_median": 21.0,
        "t_hit_p75": 41.0,
        "mdd_p25": -2.1014,
        "mdd_median": -0.9906,
        "mdd_p75": -0.3456
      }
    },
    "3.0": {
      "12": {
        "n_total": 2879,
        "n_hit": 384,
        "p_hit": 0.13338,
        "t_hit_p25": 3.0,
        "t_hit_median": 6.0,
        "t_hit_p75": 9.0,
        "mdd_p25": -0.932175,
        "mdd_median": -0.3776,
        "mdd_p75": -0.1031
      },
      "24": {
        "n_total": 2879,
        "n_hit": 665,
        "p_hit": 0.230983,
        "t_hit_p25": 5.0,
        "t_hit_median": 10.0,
        "t_hit_p75": 17.0,
        "mdd_p25": -1.3323,
        "mdd_median": -0.5509,
        "mdd_p75": -0.1588
      },
      "36": {
        "n_total": 2879,
        "n_hit": 932,
        "p_hit": 0.323724,
        "t_hit_p25": 7.0,
        "t_hit_median": 16.0,
        "t_hit_p75": 26.0,
        "mdd_p25": -1.6055249999999999,
        "mdd_median": -0.67575,
        "mdd_p75": -0.2072
      },
      "48": {
        "n_total": 2879,
        "n_hit": 1149,
        "p_hit": 0.399097,
        "t_hit_p25": 9.0,
        "t_hit_median": 21.0,
        "t_hit_p75": 33.0,
        "mdd_p25": -1.7133,
        "mdd_median": -0.8007,
        "mdd_p75": -0.2707
      },
      "60": {
        "n_total": 2879,
        "n_hit": 1310,