{
  "schema": "baseline_probs_v1",
  "source_labels": "data/labels/labels_v1.csv",
  "n_rows_labels": 218,
  "thresholds": [
    0.5,
    1.0,
    2.0,
    3.0,
    5.0
  ],
  "horizons": [
    12,
    24,
    36,
    48,
    60,
    72,
    84,
    96
  ],
  "results": {
    "0.5": {
      "12": {
        "n_total": 218,
        "n_hit": 167,
        "p_hit": 0.766055,
        "t_hit_p25": 1.0,
        "t_hit_median": 2.0,
        "t_hit_p75": 5.0,
        "mdd_p25": -0.84825,
        "mdd_median": -0.3284,
        "mdd_p75": -0.08335000000000001
      },
      "24": {
        "n_total": 218,
        "n_hit": 191,
        "p_hit": 0.876147,
        "t_hit_p25": 1.0,
        "t_hit_median": 3.0,
        "t_hit_p75": 7.0,
        "mdd_p25": -1.0664,
        "mdd_median": -0.4638,
        "mdd_p75": -0.1148
      },
      "36": {
        "n_total": 218,
        "n_hit": 202,
        "p_hit": 0.926606,
        "t_hit_p25": 1.0,
        "t_hit_median": 3.0,
        "t_hit_p75": 9.0,
        "mdd_p25": -1.0167,
        "mdd_median": -0.49545,
        "mdd_p75": -0.125425
      },
      "48": {
        "n_total": 218,
        "n_hit": 202,
        "p_hit": 0.926606,
        "t_hit_p25": 1.0,
        "t_hit_median": 3.0,
        "t_hit_p75": 9.0,
        "mdd_p25": -1.0167,
        "mdd_median": -0.49545,
        "mdd_p75": -0.125425
      },
      "60": {
        "n_total": 218,
        "n_hit": 207,
        "p_hit": 0.949541,
        "t_hit_p25": 1.0,
        "t_hit_median": 3.0,
        "t_hit_p75": 10.0,
        "mdd_p25": -1.1019999999999999,
        "mdd_median": -0.5066,
        "mdd_p75": -0.12835000000000002
      },
      "72": {
        "n_total": 218,
        "n_hit": 213,
        "p_hit": 0.977064,
        "t_hit_p25": 1.0,
        "t_hit_median": 4.0,
        "t_hit_p75": 11.0,
        "mdd_p25": -1.2718,
        "mdd_median": -0.5253,
        "mdd_p75": -0.1402
      },
      "84": {
        "n_total": 218,
        "n_hit": 213,
        "p_hit": 0.977064,
        "t_hit_p25": 1.0,
        "t_hit_median": 4.0,
        "t_hit_p75": 11.0,
        "mdd_p25": -1.2718,
        "mdd_median": -0.5253,
        "mdd_p75": -0.1402
      },
      "96": {
        "n_total": 218,
        "n_hit": 213,
        "p_hit": 0.977064,
        "t_hit_p25": 1.0,
        "t_hit_median": 4.0,
        "t_hit_p75": 11.0,
        "mdd_p25": -1.2718,
        "mdd_median": -0.5253,
        "mdd_p75": -0.1402
      }
    },
    "1.0": {
      "12": {
        "n_total": 218,
        "n_hit": 132,
        "p_hit": 0.605505,
        "t_hit_p25": 3.0,
        "t_hit_median": 5.0,
        "t_hit_p75": 7.0,
        "mdd_p25": -0.9877499999999999,
        "mdd_median": -0.3498,
        "mdd_p75": -0.098875
      },
      "24": {
        "n_total": 218,
        "n_hit": 161,
        "p_hit": 0.738532,
        "t_hit_p25": 3.0,
        "t_hit_median": 6.0,
        "t_hit_p75": 10.0,
        "mdd_p25": -1.3713,
        "mdd_median": -0.4923,
        "mdd_p75": -0.1442
      },
      "36": {
        "n_total": 218,
        "n_hit": 175,
        "p_hit": 0.802752,
        "t_hit_p25": 3.0,
        "t_hit_median": 6.0,
        "t_hit_p75": 12.0,
        "mdd_p25": -1.56345,
        "mdd_median": -0.5418,
        "mdd_p75": -0.1661
      },
      "48": {
        "n_total": 218,
        "n_hit": 186,
        "p_hit": 0.853211,
        "t_hit_p25": 3.25,
        "t_hit_median": 6.5,
        "t_hit_p75": 15.75,
        "mdd_p25": -1.54575,
        "mdd_median": -0.61055,
        "mdd_p75": -0.17302499999999998
      },
      "60": {
        "n_total": 218,
        "n_hit": 193,
        "p_hit": 0.885321,
        "t_hit_p25": 4.0,
        "t_hit_median": 7.0,
        "t_hit_p75": 18.0,
        "mdd_p25": -1.5681,
        "mdd_median": -0.6772,
        "mdd_p75": -0.191
      },
      "72": {
        "n_total": 218,
        "n_hit": 200,
        "p_hit": 0.917431,
        "t_hit_p25": 4.0,
        "t_hit_median": 7.0,
        "t_hit_p75": 19.25,
        "mdd_p25": -1.630125,
        "mdd_median": -0.71045,
        "mdd_p75": -0.204475
      },
      "84": {
        "n_total": 218,
        "n_hit": 201,
        "p_hit": 0.922018,
        "t_hit_p25": 4.0,
        "t_hit_median": 7.0,
        "t_hit_p75": 20.0,
        "mdd_p25": -1.6521,
        "mdd_median": -0.7144,
        "mdd_p75": -0.2075
      },
      "96": {
        "n_total": 218,
        "n_hit": 201,
        "p_hit": 0.922018,
        "t_hit_p25": 4.0,
        "t_hit_median": 7.0,
        "t_hit_p75": 20.0,
        "mdd_p25": -1.6521,
        "mdd_median": -0.7144,
        "mdd_p75": -0.2075
      }
    },
    "2.0": {
      "12": {
        "n_total": 218,
        "n_hit": 58,
        "p_hit": 0.266055,
        "t_hit_p25": 4.0,
        "t_hit_median": 6.0,
        "t_hit_p75": 9.0,
        "mdd_p25": -1.280275,
        "mdd_median": -0.41225,
        "mdd_p75": -0.180025
      },
      "24": {
        "n_total": 218,
        "n_hit": 97,
        "p_hit": 0.444954,
        "t_hit_p25": 6.0,
        "t_hit_median": 10.0,
        "t_hit_p75": 17.0,
        "mdd_p25": -1.4668,
        "mdd_median": -0.8025,
        "mdd_p75": -0.2933
      },
      "36": {
        "n_total": 218,
        "n_hit": 120,
        "p_hit": 0.550459,
        "t_hit_p25": 6.75,
        "t_hit_median": 13.0,
        "t_hit_p75": 21.0,
        "mdd_p25": -1.466925,
        "mdd_median": -0.95535,
        "mdd_p75": -0.372975
      },
      "48": {
        "n_total": 218,
        "n_hit": 137,
        "p_hit": 0.62844,
        "t_hit_p25": 8.0,
        "t_hit_median": 16.0,
        "t_hit_p75": 28.0,
        "mdd_p25": -1.4601,
        "mdd_median": -1.0037,
        "mdd_p75": -0.4383
      },
      "60": {
        "n_total": 218,
        "n_hit": 150,
        "p_hit": 0.688073,
        "t_hit_p25": 8.0,
        "t_hit_median": 17.5,
        "t_hit_p75": 32.75,
        "mdd_p25": -1.4606999999999999,
        "mdd_median": -1.03775,
        "mdd_p75": -0.5135000000000001
      },
      "72": {
        "n_total": 218,
        "n_hit": 155,
        "p_hit": 0.711009,
        "t_hit_p25": 8.0,
        "t_hit_median": 18.0,
        "t_hit_p75": 34.5,
        "mdd_p25": -1.4757500000000001,
        "mdd_median": -1.0987,
        "mdd_p75": -0.5385
      },
      "84": {
        "n_total": 218,
        "n_hit": 164,
        "p_hit": 0.752294,
        "t_hit_p25": 9.0,
        "t_hit_median": 20.0,
        "t_hit_p75": 38.25,
        "mdd_p25": -1.5948499999999999,
        "mdd_median": -1.15725,
        "mdd_p75": -0.554325
      },
      "96": {
        "n_total": 218,
        "n_hit": 169,
        "p_hit": 0.775229,
        "t_hit_p25": 9.0,
        "t_hit_median": 20.0,
        "t_hit_p75": 40.0,
        "mdd_p25": -1.6228,
        "mdd_median": -1.1896,
        "mdd_p75": -0.6004
      }
    },
    "3.0": {
      "12": {
        "n_total": 218,
        "n_hit": 35,
        "p_hit": 0.16055,
        "t_hit_p25": 5.0,
        "t_hit_median": 8.0,
        "t_hit_p75": 10.0,
        "mdd_p25": -1.3489499999999999,
        "mdd_median": -0.4383,
        "mdd_p75": -0.18364999999999998
      },
      "24": {
        "n_total": 218,
        "n_hit": 52,
        "p_hit": 0.238532,
        "t_hit_p25": 6.0,
        "t_hit_median": 10.0,
        "t_hit_p75": 16.25,
        "mdd_p25": -1.4018,
        "mdd_median": -0.5026,
        "mdd_p75": -0.204475
      },
      "36": {
        "n_total": 218,
        "n_hit": 69,
        "p_hit": 0.316514,
        "t_hit_p25": 8.0,
        "t_hit_median": 12.0,
        "t_hit_p75": 24.0,
        "mdd_p25": -1.3997,
        "mdd_median": -0.8025,
        "mdd_p75": -0.2933
      },
      "48": {
        "n_total": 218,
        "n_hit": 81,
        "p_hit": 0.37156,
        "t_hit_p25": 9.0,
        "t_hit_median": 18.0,
        "t_hit_p75": 32.0,
        "mdd_p25": -1.3359,
        "mdd_median": -0.9492,
        "mdd_p75": -0.3594
      },
      "60": {
        "n_total": 218,
        "n_hit": 93,
        "p_hit": 0.426606,